<?xml version="1.0" encoding="UTF-8"?>
<scenario>
    <world>
        <region name="KEPCO">
            <supplysector name="delivered coal">
                <relative-cost-logit>
                    <logit-exponent fillout="1" year="1975">-3</logit-exponent>
                </relative-cost-logit>
                <output-unit>EJ</output-unit>
                <input-unit>EJ</input-unit>
                <price-unit>1975$/GJ</price-unit>
                <subsector name="delivered coal">
                    <share-weight fillout="1" year="1975">1</share-weight>
                    <relative-cost-logit>
                        <logit-exponent fillout="1" year="1975">-3</logit-exponent>
                    </relative-cost-logit>
                    <technology name="delivered coal">
                        <period year="1975">
                            <share-weight>1</share-weight>
                            <CO2 name="CO2"/>
                            <minicam-energy-input name="delivered coal">
                                <coefficient>1</coefficient>
                                <market-name>South Korea</market-name>
                            </minicam-energy-input>
                            <minicam-non-energy-input name="regional price adjustment">
                                <input-cost>0.14</input-cost>
                            </minicam-non-energy-input>
                        </period>
                        <period year="1990">
                            <share-weight>1</share-weight>
                            <CO2 name="CO2"/>
                            <minicam-energy-input name="delivered coal">
                                <coefficient>1</coefficient>
                                <market-name>South Korea</market-name>
                            </minicam-energy-input>
                            <minicam-non-energy-input name="regional price adjustment">
                                <input-cost>0.14</input-cost>
                            </minicam-non-energy-input>
                        </period>
                        <period year="2005">
                            <share-weight>1</share-weight>
                            <CO2 name="CO2"/>
                            <minicam-energy-input name="delivered coal">
                                <coefficient>1</coefficient>
                                <market-name>South Korea</market-name>
                            </minicam-energy-input>
                            <minicam-non-energy-input name="regional price adjustment">
                                <input-cost>0.14</input-cost>
                            </minicam-non-energy-input>
                        </period>
                        <period year="2010">
                            <share-weight>1</share-weight>
                            <CO2 name="CO2"/>
                            <minicam-energy-input name="delivered coal">
                                <coefficient>1</coefficient>
                                <market-name>South Korea</market-name>
                            </minicam-energy-input>
                            <minicam-non-energy-input name="regional price adjustment">
                                <input-cost>0.14</input-cost>
                            </minicam-non-energy-input>
                        </period>
                        <period year="2015">
                            <share-weight>1</share-weight>
                            <CO2 name="CO2"/>
                            <minicam-energy-input name="delivered coal">
                                <coefficient>1</coefficient>
                                <market-name>South Korea</market-name>
                            </minicam-energy-input>
                            <minicam-non-energy-input name="regional price adjustment">
                                <input-cost>0.14</input-cost>
                            </minicam-non-energy-input>
                        </period>
                        <period year="2020">
                            <share-weight>1</share-weight>
                            <CO2 name="CO2"/>
                            <minicam-energy-input name="delivered coal">
                                <coefficient>1</coefficient>
                                <market-name>South Korea</market-name>
                            </minicam-energy-input>
                            <minicam-non-energy-input name="regional price adjustment">
                                <input-cost>0.14</input-cost>
                            </minicam-non-energy-input>
                        </period>
                        <period year="2025">
                            <share-weight>1</share-weight>
                            <CO2 name="CO2"/>
                            <minicam-energy-input name="delivered coal">
                                <coefficient>1</coefficient>
                                <market-name>South Korea</market-name>
                            </minicam-energy-input>
                            <minicam-non-energy-input name="regional price adjustment">
                                <input-cost>0.14</input-cost>
                            </minicam-non-energy-input>
                        </period>
                        <period year="2030">
                            <share-weight>1</share-weight>
                            <CO2 name="CO2"/>
                            <minicam-energy-input name="delivered coal">
                                <coefficient>1</coefficient>
                                <market-name>South Korea</market-name>
                            </minicam-energy-input>
                            <minicam-non-energy-input name="regional price adjustment">
                                <input-cost>0.14</input-cost>
                            </minicam-non-energy-input>
                        </period>
                        <period year="2035">
                            <share-weight>1</share-weight>
                            <CO2 name="CO2"/>
                            <minicam-energy-input name="delivered coal">
                                <coefficient>1</coefficient>
                                <market-name>South Korea</market-name>
                            </minicam-energy-input>
                            <minicam-non-energy-input name="regional price adjustment">
                                <input-cost>0.14</input-cost>
                            </minicam-non-energy-input>
                        </period>
                        <period year="2040">
                            <share-weight>1</share-weight>
                            <CO2 name="CO2"/>
                            <minicam-energy-input name="delivered coal">
                                <coefficient>1</coefficient>
                                <market-name>South Korea</market-name>
                            </minicam-energy-input>
                            <minicam-non-energy-input name="regional price adjustment">
                                <input-cost>0.14</input-cost>
                            </minicam-non-energy-input>
                        </period>
                        <period year="2045">
                            <share-weight>1</share-weight>
                            <CO2 name="CO2"/>
                            <minicam-energy-input name="delivered coal">
                                <coefficient>1</coefficient>
                                <market-name>South Korea</market-name>
                            </minicam-energy-input>
                            <minicam-non-energy-input name="regional price adjustment">
                                <input-cost>0.14</input-cost>
                            </minicam-non-energy-input>
                        </period>
                        <period year="2050">
                            <share-weight>1</share-weight>
                            <CO2 name="CO2"/>
                            <minicam-energy-input name="delivered coal">
                                <coefficient>1</coefficient>
                                <market-name>South Korea</market-name>
                            </minicam-energy-input>
                            <minicam-non-energy-input name="regional price adjustment">
                                <input-cost>0.14</input-cost>
                            </minicam-non-energy-input>
                        </period>
                        <period year="2055">
                            <share-weight>1</share-weight>
                            <CO2 name="CO2"/>
                            <minicam-energy-input name="delivered coal">
                                <coefficient>1</coefficient>
                                <market-name>South Korea</market-name>
                            </minicam-energy-input>
                            <minicam-non-energy-input name="regional price adjustment">
                                <input-cost>0.14</input-cost>
                            </minicam-non-energy-input>
                        </period>
                        <period year="2060">
                            <share-weight>1</share-weight>
                            <CO2 name="CO2"/>
                            <minicam-energy-input name="delivered coal">
                                <coefficient>1</coefficient>
                                <market-name>South Korea</market-name>
                            </minicam-energy-input>
                            <minicam-non-energy-input name="regional price adjustment">
                                <input-cost>0.14</input-cost>
                            </minicam-non-energy-input>
                        </period>
                        <period year="2065">
                            <share-weight>1</share-weight>
                            <CO2 name="CO2"/>
                            <minicam-energy-input name="delivered coal">
                                <coefficient>1</coefficient>
                                <market-name>South Korea</market-name>
                            </minicam-energy-input>
                            <minicam-non-energy-input name="regional price adjustment">
                                <input-cost>0.14</input-cost>
                            </minicam-non-energy-input>
                        </period>
                        <period year="2070">
                            <share-weight>1</share-weight>
                            <CO2 name="CO2"/>
                            <minicam-energy-input name="delivered coal">
                                <coefficient>1</coefficient>
                                <market-name>South Korea</market-name>
                            </minicam-energy-input>
                            <minicam-non-energy-input name="regional price adjustment">
                                <input-cost>0.14</input-cost>
                            </minicam-non-energy-input>
                        </period>
                        <period year="2075">
                            <share-weight>1</share-weight>
                            <CO2 name="CO2"/>
                            <minicam-energy-input name="delivered coal">
                                <coefficient>1</coefficient>
                                <market-name>South Korea</market-name>
                            </minicam-energy-input>
                            <minicam-non-energy-input name="regional price adjustment">
                                <input-cost>0.14</input-cost>
                            </minicam-non-energy-input>
                        </period>
                        <period year="2080">
                            <share-weight>1</share-weight>
                            <CO2 name="CO2"/>
                            <minicam-energy-input name="delivered coal">
                                <coefficient>1</coefficient>
                                <market-name>South Korea</market-name>
                            </minicam-energy-input>
                            <minicam-non-energy-input name="regional price adjustment">
                                <input-cost>0.14</input-cost>
                            </minicam-non-energy-input>
                        </period>
                        <period year="2085">
                            <share-weight>1</share-weight>
                            <CO2 name="CO2"/>
                            <minicam-energy-input name="delivered coal">
                                <coefficient>1</coefficient>
                                <market-name>South Korea</market-name>
                            </minicam-energy-input>
                            <minicam-non-energy-input name="regional price adjustment">
                                <input-cost>0.14</input-cost>
                            </minicam-non-energy-input>
                        </period>
                        <period year="2090">
                            <share-weight>1</share-weight>
                            <CO2 name="CO2"/>
                            <minicam-energy-input name="delivered coal">
                                <coefficient>1</coefficient>
                                <market-name>South Korea</market-name>
                            </minicam-energy-input>
                            <minicam-non-energy-input name="regional price adjustment">
                                <input-cost>0.14</input-cost>
                            </minicam-non-energy-input>
                        </period>
                        <period year="2095">
                            <share-weight>1</share-weight>
                            <CO2 name="CO2"/>
                            <minicam-energy-input name="delivered coal">
                                <coefficient>1</coefficient>
                                <market-name>South Korea</market-name>
                            </minicam-energy-input>
                            <minicam-non-energy-input name="regional price adjustment">
                                <input-cost>0.14</input-cost>
                            </minicam-non-energy-input>
                        </period>
                        <period year="2100">
                            <share-weight>1</share-weight>
                            <CO2 name="CO2"/>
                            <minicam-energy-input name="delivered coal">
                                <coefficient>1</coefficient>
                                <market-name>South Korea</market-name>
                            </minicam-energy-input>
                            <minicam-non-energy-input name="regional price adjustment">
                                <input-cost>0.14</input-cost>
                            </minicam-non-energy-input>
                        </period>
                    </technology>
                </subsector>
            </supplysector>
            <supplysector name="wholesale gas">
                <relative-cost-logit>
                    <logit-exponent fillout="1" year="1975">-3</logit-exponent>
                </relative-cost-logit>
                <output-unit>EJ</output-unit>
                <input-unit>EJ</input-unit>
                <price-unit>1975$/GJ</price-unit>
                <subsector name="wholesale gas">
                    <share-weight fillout="1" year="1975">1</share-weight>
                    <relative-cost-logit>
                        <logit-exponent fillout="1" year="1975">-3</logit-exponent>
                    </relative-cost-logit>
                    <technology name="wholesale gas">
                        <period year="1975">
                            <share-weight>1</share-weight>
                            <CO2 name="CO2"/>
                            <minicam-energy-input name="wholesale gas">
                                <coefficient>1</coefficient>
                                <market-name>South Korea</market-name>
                            </minicam-energy-input>
                            <minicam-non-energy-input name="regional price adjustment">
                                <input-cost>1.25</input-cost>
                            </minicam-non-energy-input>
                        </period>
                        <period year="1990">
                            <share-weight>1</share-weight>
                            <CO2 name="CO2"/>
                            <minicam-energy-input name="wholesale gas">
                                <coefficient>1</coefficient>
                                <market-name>South Korea</market-name>
                            </minicam-energy-input>
                            <minicam-non-energy-input name="regional price adjustment">
                                <input-cost>1.25</input-cost>
                            </minicam-non-energy-input>
                        </period>
                        <period year="2005">
                            <share-weight>1</share-weight>
                            <CO2 name="CO2"/>
                            <minicam-energy-input name="wholesale gas">
                                <coefficient>1</coefficient>
                                <market-name>South Korea</market-name>
                            </minicam-energy-input>
                            <minicam-non-energy-input name="regional price adjustment">
                                <input-cost>1.25</input-cost>
                            </minicam-non-energy-input>
                        </period>
                        <period year="2010">
                            <share-weight>1</share-weight>
                            <CO2 name="CO2"/>
                            <minicam-energy-input name="wholesale gas">
                                <coefficient>1</coefficient>
                                <market-name>South Korea</market-name>
                            </minicam-energy-input>
                            <minicam-non-energy-input name="regional price adjustment">
                                <input-cost>1.25</input-cost>
                            </minicam-non-energy-input>
                        </period>
                        <period year="2015">
                            <share-weight>1</share-weight>
                            <CO2 name="CO2"/>
                            <minicam-energy-input name="wholesale gas">
                                <coefficient>1</coefficient>
                                <market-name>South Korea</market-name>
                            </minicam-energy-input>
                            <minicam-non-energy-input name="regional price adjustment">
                                <input-cost>1.25</input-cost>
                            </minicam-non-energy-input>
                        </period>
                        <period year="2020">
                            <share-weight>1</share-weight>
                            <CO2 name="CO2"/>
                            <minicam-energy-input name="wholesale gas">
                                <coefficient>1</coefficient>
                                <market-name>South Korea</market-name>
                            </minicam-energy-input>
                            <minicam-non-energy-input name="regional price adjustment">
                                <input-cost>1.25</input-cost>
                            </minicam-non-energy-input>
                        </period>
                        <period year="2025">
                            <share-weight>1</share-weight>
                            <CO2 name="CO2"/>
                            <minicam-energy-input name="wholesale gas">
                                <coefficient>1</coefficient>
                                <market-name>South Korea</market-name>
                            </minicam-energy-input>
                            <minicam-non-energy-input name="regional price adjustment">
                                <input-cost>1.25</input-cost>
                            </minicam-non-energy-input>
                        </period>
                        <period year="2030">
                            <share-weight>1</share-weight>
                            <CO2 name="CO2"/>
                            <minicam-energy-input name="wholesale gas">
                                <coefficient>1</coefficient>
                                <market-name>South Korea</market-name>
                            </minicam-energy-input>
                            <minicam-non-energy-input name="regional price adjustment">
                                <input-cost>1.25</input-cost>
                            </minicam-non-energy-input>
                        </period>
                        <period year="2035">
                            <share-weight>1</share-weight>
                            <CO2 name="CO2"/>
                            <minicam-energy-input name="wholesale gas">
                                <coefficient>1</coefficient>
                                <market-name>South Korea</market-name>
                            </minicam-energy-input>
                            <minicam-non-energy-input name="regional price adjustment">
                                <input-cost>1.25</input-cost>
                            </minicam-non-energy-input>
                        </period>
                        <period year="2040">
                            <share-weight>1</share-weight>
                            <CO2 name="CO2"/>
                            <minicam-energy-input name="wholesale gas">
                                <coefficient>1</coefficient>
                                <market-name>South Korea</market-name>
                            </minicam-energy-input>
                            <minicam-non-energy-input name="regional price adjustment">
                                <input-cost>1.25</input-cost>
                            </minicam-non-energy-input>
                        </period>
                        <period year="2045">
                            <share-weight>1</share-weight>
                            <CO2 name="CO2"/>
                            <minicam-energy-input name="wholesale gas">
                                <coefficient>1</coefficient>
                                <market-name>South Korea</market-name>
                            </minicam-energy-input>
                            <minicam-non-energy-input name="regional price adjustment">
                                <input-cost>1.25</input-cost>
                            </minicam-non-energy-input>
                        </period>
                        <period year="2050">
                            <share-weight>1</share-weight>
                            <CO2 name="CO2"/>
                            <minicam-energy-input name="wholesale gas">
                                <coefficient>1</coefficient>
                                <market-name>South Korea</market-name>
                            </minicam-energy-input>
                            <minicam-non-energy-input name="regional price adjustment">
                                <input-cost>1.25</input-cost>
                            </minicam-non-energy-input>
                        </period>
                        <period year="2055">
                            <share-weight>1</share-weight>
                            <CO2 name="CO2"/>
                            <minicam-energy-input name="wholesale gas">
                                <coefficient>1</coefficient>
                                <market-name>South Korea</market-name>
                            </minicam-energy-input>
                            <minicam-non-energy-input name="regional price adjustment">
                                <input-cost>1.25</input-cost>
                            </minicam-non-energy-input>
                        </period>
                        <period year="2060">
                            <share-weight>1</share-weight>
                            <CO2 name="CO2"/>
                            <minicam-energy-input name="wholesale gas">
                                <coefficient>1</coefficient>
                                <market-name>South Korea</market-name>
                            </minicam-energy-input>
                            <minicam-non-energy-input name="regional price adjustment">
                                <input-cost>1.25</input-cost>
                            </minicam-non-energy-input>
                        </period>
                        <period year="2065">
                            <share-weight>1</share-weight>
                            <CO2 name="CO2"/>
                            <minicam-energy-input name="wholesale gas">
                                <coefficient>1</coefficient>
                                <market-name>South Korea</market-name>
                            </minicam-energy-input>
                            <minicam-non-energy-input name="regional price adjustment">
                                <input-cost>1.25</input-cost>
                            </minicam-non-energy-input>
                        </period>
                        <period year="2070">
                            <share-weight>1</share-weight>
                            <CO2 name="CO2"/>
                            <minicam-energy-input name="wholesale gas">
                                <coefficient>1</coefficient>
                                <market-name>South Korea</market-name>
                            </minicam-energy-input>
                            <minicam-non-energy-input name="regional price adjustment">
                                <input-cost>1.25</input-cost>
                            </minicam-non-energy-input>
                        </period>
                        <period year="2075">
                            <share-weight>1</share-weight>
                            <CO2 name="CO2"/>
                            <minicam-energy-input name="wholesale gas">
                                <coefficient>1</coefficient>
                                <market-name>South Korea</market-name>
                            </minicam-energy-input>
                            <minicam-non-energy-input name="regional price adjustment">
                                <input-cost>1.25</input-cost>
                            </minicam-non-energy-input>
                        </period>
                        <period year="2080">
                            <share-weight>1</share-weight>
                            <CO2 name="CO2"/>
                            <minicam-energy-input name="wholesale gas">
                                <coefficient>1</coefficient>
                                <market-name>South Korea</market-name>
                            </minicam-energy-input>
                            <minicam-non-energy-input name="regional price adjustment">
                                <input-cost>1.25</input-cost>
                            </minicam-non-energy-input>
                        </period>
                        <period year="2085">
                            <share-weight>1</share-weight>
                            <CO2 name="CO2"/>
                            <minicam-energy-input name="wholesale gas">
                                <coefficient>1</coefficient>
                                <market-name>South Korea</market-name>
                            </minicam-energy-input>
                            <minicam-non-energy-input name="regional price adjustment">
                                <input-cost>1.25</input-cost>
                            </minicam-non-energy-input>
                        </period>
                        <period year="2090">
                            <share-weight>1</share-weight>
                            <CO2 name="CO2"/>
                            <minicam-energy-input name="wholesale gas">
                                <coefficient>1</coefficient>
                                <market-name>South Korea</market-name>
                            </minicam-energy-input>
                            <minicam-non-energy-input name="regional price adjustment">
                                <input-cost>1.25</input-cost>
                            </minicam-non-energy-input>
                        </period>
                        <period year="2095">
                            <share-weight>1</share-weight>
                            <CO2 name="CO2"/>
                            <minicam-energy-input name="wholesale gas">
                                <coefficient>1</coefficient>
                                <market-name>South Korea</market-name>
                            </minicam-energy-input>
                            <minicam-non-energy-input name="regional price adjustment">
                                <input-cost>1.25</input-cost>
                            </minicam-non-energy-input>
                        </period>
                        <period year="2100">
                            <share-weight>1</share-weight>
                            <CO2 name="CO2"/>
                            <minicam-energy-input name="wholesale gas">
                                <coefficient>1</coefficient>
                                <market-name>South Korea</market-name>
                            </minicam-energy-input>
                            <minicam-non-energy-input name="regional price adjustment">
                                <input-cost>1.25</input-cost>
                            </minicam-non-energy-input>
                        </period>
                    </technology>
                </subsector>
            </supplysector>
            <supplysector name="delivered gas">
                <relative-cost-logit>
                    <logit-exponent fillout="1" year="1975">-3</logit-exponent>
                </relative-cost-logit>
                <output-unit>EJ</output-unit>
                <input-unit>EJ</input-unit>
                <price-unit>1975$/GJ</price-unit>
                <subsector name="delivered gas">
                    <share-weight fillout="1" year="1975">1</share-weight>
                    <relative-cost-logit>
                        <logit-exponent fillout="1" year="1975">-3</logit-exponent>
                    </relative-cost-logit>
                    <technology name="delivered gas">
                        <period year="1975">
                            <share-weight>1</share-weight>
                            <CO2 name="CO2"/>
                            <minicam-energy-input name="delivered gas">
                                <coefficient>1</coefficient>
                                <market-name>South Korea</market-name>
                            </minicam-energy-input>
                            <minicam-non-energy-input name="regional price adjustment">
                                <input-cost>1.25</input-cost>
                            </minicam-non-energy-input>
                        </period>
                        <period year="1990">
                            <share-weight>1</share-weight>
                            <CO2 name="CO2"/>
                            <minicam-energy-input name="delivered gas">
                                <coefficient>1</coefficient>
                                <market-name>South Korea</market-name>
                            </minicam-energy-input>
                            <minicam-non-energy-input name="regional price adjustment">
                                <input-cost>1.25</input-cost>
                            </minicam-non-energy-input>
                        </period>
                        <period year="2005">
                            <share-weight>1</share-weight>
                            <CO2 name="CO2"/>
                            <minicam-energy-input name="delivered gas">
                                <coefficient>1</coefficient>
                                <market-name>South Korea</market-name>
                            </minicam-energy-input>
                            <minicam-non-energy-input name="regional price adjustment">
                                <input-cost>1.25</input-cost>
                            </minicam-non-energy-input>
                        </period>
                        <period year="2010">
                            <share-weight>1</share-weight>
                            <CO2 name="CO2"/>
                            <minicam-energy-input name="delivered gas">
                                <coefficient>1</coefficient>
                                <market-name>South Korea</market-name>
                            </minicam-energy-input>
                            <minicam-non-energy-input name="regional price adjustment">
                                <input-cost>1.25</input-cost>
                            </minicam-non-energy-input>
                        </period>
                        <period year="2015">
                            <share-weight>1</share-weight>
                            <CO2 name="CO2"/>
                            <minicam-energy-input name="delivered gas">
                                <coefficient>1</coefficient>
                                <market-name>South Korea</market-name>
                            </minicam-energy-input>
                            <minicam-non-energy-input name="regional price adjustment">
                                <input-cost>1.25</input-cost>
                            </minicam-non-energy-input>
                        </period>
                        <period year="2020">
                            <share-weight>1</share-weight>
                            <CO2 name="CO2"/>
                            <minicam-energy-input name="delivered gas">
                                <coefficient>1</coefficient>
                                <market-name>South Korea</market-name>
                            </minicam-energy-input>
                            <minicam-non-energy-input name="regional price adjustment">
                                <input-cost>1.25</input-cost>
                            </minicam-non-energy-input>
                        </period>
                        <period year="2025">
                            <share-weight>1</share-weight>
                            <CO2 name="CO2"/>
                            <minicam-energy-input name="delivered gas">
                                <coefficient>1</coefficient>
                                <market-name>South Korea</market-name>
                            </minicam-energy-input>
                            <minicam-non-energy-input name="regional price adjustment">
                                <input-cost>1.25</input-cost>
                            </minicam-non-energy-input>
                        </period>
                        <period year="2030">
                            <share-weight>1</share-weight>
                            <CO2 name="CO2"/>
                            <minicam-energy-input name="delivered gas">
                                <coefficient>1</coefficient>
                                <market-name>South Korea</market-name>
                            </minicam-energy-input>
                            <minicam-non-energy-input name="regional price adjustment">
                                <input-cost>1.25</input-cost>
                            </minicam-non-energy-input>
                        </period>
                        <period year="2035">
                            <share-weight>1</share-weight>
                            <CO2 name="CO2"/>
                            <minicam-energy-input name="delivered gas">
                                <coefficient>1</coefficient>
                                <market-name>South Korea</market-name>
                            </minicam-energy-input>
                            <minicam-non-energy-input name="regional price adjustment">
                                <input-cost>1.25</input-cost>
                            </minicam-non-energy-input>
                        </period>
                        <period year="2040">
                            <share-weight>1</share-weight>
                            <CO2 name="CO2"/>
                            <minicam-energy-input name="delivered gas">
                                <coefficient>1</coefficient>
                                <market-name>South Korea</market-name>
                            </minicam-energy-input>
                            <minicam-non-energy-input name="regional price adjustment">
                                <input-cost>1.25</input-cost>
                            </minicam-non-energy-input>
                        </period>
                        <period year="2045">
                            <share-weight>1</share-weight>
                            <CO2 name="CO2"/>
                            <minicam-energy-input name="delivered gas">
                                <coefficient>1</coefficient>
                                <market-name>South Korea</market-name>
                            </minicam-energy-input>
                            <minicam-non-energy-input name="regional price adjustment">
                                <input-cost>1.25</input-cost>
                            </minicam-non-energy-input>
                        </period>
                        <period year="2050">
                            <share-weight>1</share-weight>
                            <CO2 name="CO2"/>
                            <minicam-energy-input name="delivered gas">
                                <coefficient>1</coefficient>
                                <market-name>South Korea</market-name>
                            </minicam-energy-input>
                            <minicam-non-energy-input name="regional price adjustment">
                                <input-cost>1.25</input-cost>
                            </minicam-non-energy-input>
                        </period>
                        <period year="2055">
                            <share-weight>1</share-weight>
                            <CO2 name="CO2"/>
                            <minicam-energy-input name="delivered gas">
                                <coefficient>1</coefficient>
                                <market-name>South Korea</market-name>
                            </minicam-energy-input>
                            <minicam-non-energy-input name="regional price adjustment">
                                <input-cost>1.25</input-cost>
                            </minicam-non-energy-input>
                        </period>
                        <period year="2060">
                            <share-weight>1</share-weight>
                            <CO2 name="CO2"/>
                            <minicam-energy-input name="delivered gas">
                                <coefficient>1</coefficient>
                                <market-name>South Korea</market-name>
                            </minicam-energy-input>
                            <minicam-non-energy-input name="regional price adjustment">
                                <input-cost>1.25</input-cost>
                            </minicam-non-energy-input>
                        </period>
                        <period year="2065">
                            <share-weight>1</share-weight>
                            <CO2 name="CO2"/>
                            <minicam-energy-input name="delivered gas">
                                <coefficient>1</coefficient>
                                <market-name>South Korea</market-name>
                            </minicam-energy-input>
                            <minicam-non-energy-input name="regional price adjustment">
                                <input-cost>1.25</input-cost>
                            </minicam-non-energy-input>
                        </period>
                        <period year="2070">
                            <share-weight>1</share-weight>
                            <CO2 name="CO2"/>
                            <minicam-energy-input name="delivered gas">
                                <coefficient>1</coefficient>
                                <market-name>South Korea</market-name>
                            </minicam-energy-input>
                            <minicam-non-energy-input name="regional price adjustment">
                                <input-cost>1.25</input-cost>
                            </minicam-non-energy-input>
                        </period>
                        <period year="2075">
                            <share-weight>1</share-weight>
                            <CO2 name="CO2"/>
                            <minicam-energy-input name="delivered gas">
                                <coefficient>1</coefficient>
                                <market-name>South Korea</market-name>
                            </minicam-energy-input>
                            <minicam-non-energy-input name="regional price adjustment">
                                <input-cost>1.25</input-cost>
                            </minicam-non-energy-input>
                        </period>
                        <period year="2080">
                            <share-weight>1</share-weight>
                            <CO2 name="CO2"/>
                            <minicam-energy-input name="delivered gas">
                                <coefficient>1</coefficient>
                                <market-name>South Korea</market-name>
                            </minicam-energy-input>
                            <minicam-non-energy-input name="regional price adjustment">
                                <input-cost>1.25</input-cost>
                            </minicam-non-energy-input>
                        </period>
                        <period year="2085">
                            <share-weight>1</share-weight>
                            <CO2 name="CO2"/>
                            <minicam-energy-input name="delivered gas">
                                <coefficient>1</coefficient>
                                <market-name>South Korea</market-name>
                            </minicam-energy-input>
                            <minicam-non-energy-input name="regional price adjustment">
                                <input-cost>1.25</input-cost>
                            </minicam-non-energy-input>
                        </period>
                        <period year="2090">
                            <share-weight>1</share-weight>
                            <CO2 name="CO2"/>
                            <minicam-energy-input name="delivered gas">
                                <coefficient>1</coefficient>
                                <market-name>South Korea</market-name>
                            </minicam-energy-input>
                            <minicam-non-energy-input name="regional price adjustment">
                                <input-cost>1.25</input-cost>
                            </minicam-non-energy-input>
                        </period>
                        <period year="2095">
                            <share-weight>1</share-weight>
                            <CO2 name="CO2"/>
                            <minicam-energy-input name="delivered gas">
                                <coefficient>1</coefficient>
                                <market-name>South Korea</market-name>
                            </minicam-energy-input>
                            <minicam-non-energy-input name="regional price adjustment">
                                <input-cost>1.25</input-cost>
                            </minicam-non-energy-input>
                        </period>
                        <period year="2100">
                            <share-weight>1</share-weight>
                            <CO2 name="CO2"/>
                            <minicam-energy-input name="delivered gas">
                                <coefficient>1</coefficient>
                                <market-name>South Korea</market-name>
                            </minicam-energy-input>
                            <minicam-non-energy-input name="regional price adjustment">
                                <input-cost>1.25</input-cost>
                            </minicam-non-energy-input>
                        </period>
                    </technology>
                </subsector>
            </supplysector>
            <supplysector name="refined liquids enduse">
                <relative-cost-logit>
                    <logit-exponent fillout="1" year="1975">-3</logit-exponent>
                </relative-cost-logit>
                <output-unit>EJ</output-unit>
                <input-unit>EJ</input-unit>
                <price-unit>1975$/GJ</price-unit>
                <subsector name="refined liquids enduse">
                    <share-weight fillout="1" year="1975">1</share-weight>
                    <relative-cost-logit>
                        <logit-exponent fillout="1" year="1975">-3</logit-exponent>
                    </relative-cost-logit>
                    <technology name="refined liquids enduse">
                        <period year="1975">
                            <share-weight>1</share-weight>
                            <CO2 name="CO2"/>
                            <minicam-energy-input name="refined liquids enduse">
                                <coefficient>1</coefficient>
                                <market-name>South Korea</market-name>
                            </minicam-energy-input>
                            <minicam-non-energy-input name="regional price adjustment">
                                <input-cost>1.1</input-cost>
                            </minicam-non-energy-input>
                        </period>
                        <period year="1990">
                            <share-weight>1</share-weight>
                            <CO2 name="CO2"/>
                            <minicam-energy-input name="refined liquids enduse">
                                <coefficient>1</coefficient>
                                <market-name>South Korea</market-name>
                            </minicam-energy-input>
                            <minicam-non-energy-input name="regional price adjustment">
                                <input-cost>1.1</input-cost>
                            </minicam-non-energy-input>
                        </period>
                        <period year="2005">
                            <share-weight>1</share-weight>
                            <CO2 name="CO2"/>
                            <minicam-energy-input name="refined liquids enduse">
                                <coefficient>1</coefficient>
                                <market-name>South Korea</market-name>
                            </minicam-energy-input>
                            <minicam-non-energy-input name="regional price adjustment">
                                <input-cost>1.1</input-cost>
                            </minicam-non-energy-input>
                        </period>
                        <period year="2010">
                            <share-weight>1</share-weight>
                            <CO2 name="CO2"/>
                            <minicam-energy-input name="refined liquids enduse">
                                <coefficient>1</coefficient>
                                <market-name>South Korea</market-name>
                            </minicam-energy-input>
                            <minicam-non-energy-input name="regional price adjustment">
                                <input-cost>1.1</input-cost>
                            </minicam-non-energy-input>
                        </period>
                        <period year="2015">
                            <share-weight>1</share-weight>
                            <CO2 name="CO2"/>
                            <minicam-energy-input name="refined liquids enduse">
                                <coefficient>1</coefficient>
                                <market-name>South Korea</market-name>
                            </minicam-energy-input>
                            <minicam-non-energy-input name="regional price adjustment">
                                <input-cost>1.1</input-cost>
                            </minicam-non-energy-input>
                        </period>
                        <period year="2020">
                            <share-weight>1</share-weight>
                            <CO2 name="CO2"/>
                            <minicam-energy-input name="refined liquids enduse">
                                <coefficient>1</coefficient>
                                <market-name>South Korea</market-name>
                            </minicam-energy-input>
                            <minicam-non-energy-input name="regional price adjustment">
                                <input-cost>1.1</input-cost>
                            </minicam-non-energy-input>
                        </period>
                        <period year="2025">
                            <share-weight>1</share-weight>
                            <CO2 name="CO2"/>
                            <minicam-energy-input name="refined liquids enduse">
                                <coefficient>1</coefficient>
                                <market-name>South Korea</market-name>
                            </minicam-energy-input>
                            <minicam-non-energy-input name="regional price adjustment">
                                <input-cost>1.1</input-cost>
                            </minicam-non-energy-input>
                        </period>
                        <period year="2030">
                            <share-weight>1</share-weight>
                            <CO2 name="CO2"/>
                            <minicam-energy-input name="refined liquids enduse">
                                <coefficient>1</coefficient>
                                <market-name>South Korea</market-name>
                            </minicam-energy-input>
                            <minicam-non-energy-input name="regional price adjustment">
                                <input-cost>1.1</input-cost>
                            </minicam-non-energy-input>
                        </period>
                        <period year="2035">
                            <share-weight>1</share-weight>
                            <CO2 name="CO2"/>
                            <minicam-energy-input name="refined liquids enduse">
                                <coefficient>1</coefficient>
                                <market-name>South Korea</market-name>
                            </minicam-energy-input>
                            <minicam-non-energy-input name="regional price adjustment">
                                <input-cost>1.1</input-cost>
                            </minicam-non-energy-input>
                        </period>
                        <period year="2040">
                            <share-weight>1</share-weight>
                            <CO2 name="CO2"/>
                            <minicam-energy-input name="refined liquids enduse">
                                <coefficient>1</coefficient>
                                <market-name>South Korea</market-name>
                            </minicam-energy-input>
                            <minicam-non-energy-input name="regional price adjustment">
                                <input-cost>1.1</input-cost>
                            </minicam-non-energy-input>
                        </period>
                        <period year="2045">
                            <share-weight>1</share-weight>
                            <CO2 name="CO2"/>
                            <minicam-energy-input name="refined liquids enduse">
                                <coefficient>1</coefficient>
                                <market-name>South Korea</market-name>
                            </minicam-energy-input>
                            <minicam-non-energy-input name="regional price adjustment">
                                <input-cost>1.1</input-cost>
                            </minicam-non-energy-input>
                        </period>
                        <period year="2050">
                            <share-weight>1</share-weight>
                            <CO2 name="CO2"/>
                            <minicam-energy-input name="refined liquids enduse">
                                <coefficient>1</coefficient>
                                <market-name>South Korea</market-name>
                            </minicam-energy-input>
                            <minicam-non-energy-input name="regional price adjustment">
                                <input-cost>1.1</input-cost>
                            </minicam-non-energy-input>
                        </period>
                        <period year="2055">
                            <share-weight>1</share-weight>
                            <CO2 name="CO2"/>
                            <minicam-energy-input name="refined liquids enduse">
                                <coefficient>1</coefficient>
                                <market-name>South Korea</market-name>
                            </minicam-energy-input>
                            <minicam-non-energy-input name="regional price adjustment">
                                <input-cost>1.1</input-cost>
                            </minicam-non-energy-input>
                        </period>
                        <period year="2060">
                            <share-weight>1</share-weight>
                            <CO2 name="CO2"/>
                            <minicam-energy-input name="refined liquids enduse">
                                <coefficient>1</coefficient>
                                <market-name>South Korea</market-name>
                            </minicam-energy-input>
                            <minicam-non-energy-input name="regional price adjustment">
                                <input-cost>1.1</input-cost>
                            </minicam-non-energy-input>
                        </period>
                        <period year="2065">
                            <share-weight>1</share-weight>
                            <CO2 name="CO2"/>
                            <minicam-energy-input name="refined liquids enduse">
                                <coefficient>1</coefficient>
                                <market-name>South Korea</market-name>
                            </minicam-energy-input>
                            <minicam-non-energy-input name="regional price adjustment">
                                <input-cost>1.1</input-cost>
                            </minicam-non-energy-input>
                        </period>
                        <period year="2070">
                            <share-weight>1</share-weight>
                            <CO2 name="CO2"/>
                            <minicam-energy-input name="refined liquids enduse">
                                <coefficient>1</coefficient>
                                <market-name>South Korea</market-name>
                            </minicam-energy-input>
                            <minicam-non-energy-input name="regional price adjustment">
                                <input-cost>1.1</input-cost>
                            </minicam-non-energy-input>
                        </period>
                        <period year="2075">
                            <share-weight>1</share-weight>
                            <CO2 name="CO2"/>
                            <minicam-energy-input name="refined liquids enduse">
                                <coefficient>1</coefficient>
                                <market-name>South Korea</market-name>
                            </minicam-energy-input>
                            <minicam-non-energy-input name="regional price adjustment">
                                <input-cost>1.1</input-cost>
                            </minicam-non-energy-input>
                        </period>
                        <period year="2080">
                            <share-weight>1</share-weight>
                            <CO2 name="CO2"/>
                            <minicam-energy-input name="refined liquids enduse">
                                <coefficient>1</coefficient>
                                <market-name>South Korea</market-name>
                            </minicam-energy-input>
                            <minicam-non-energy-input name="regional price adjustment">
                                <input-cost>1.1</input-cost>
                            </minicam-non-energy-input>
                        </period>
                        <period year="2085">
                            <share-weight>1</share-weight>
                            <CO2 name="CO2"/>
                            <minicam-energy-input name="refined liquids enduse">
                                <coefficient>1</coefficient>
                                <market-name>South Korea</market-name>
                            </minicam-energy-input>
                            <minicam-non-energy-input name="regional price adjustment">
                                <input-cost>1.1</input-cost>
                            </minicam-non-energy-input>
                        </period>
                        <period year="2090">
                            <share-weight>1</share-weight>
                            <CO2 name="CO2"/>
                            <minicam-energy-input name="refined liquids enduse">
                                <coefficient>1</coefficient>
                                <market-name>South Korea</market-name>
                            </minicam-energy-input>
                            <minicam-non-energy-input name="regional price adjustment">
                                <input-cost>1.1</input-cost>
                            </minicam-non-energy-input>
                        </period>
                        <period year="2095">
                            <share-weight>1</share-weight>
                            <CO2 name="CO2"/>
                            <minicam-energy-input name="refined liquids enduse">
                                <coefficient>1</coefficient>
                                <market-name>South Korea</market-name>
                            </minicam-energy-input>
                            <minicam-non-energy-input name="regional price adjustment">
                                <input-cost>1.1</input-cost>
                            </minicam-non-energy-input>
                        </period>
                        <period year="2100">
                            <share-weight>1</share-weight>
                            <CO2 name="CO2"/>
                            <minicam-energy-input name="refined liquids enduse">
                                <coefficient>1</coefficient>
                                <market-name>South Korea</market-name>
                            </minicam-energy-input>
                            <minicam-non-energy-input name="regional price adjustment">
                                <input-cost>1.1</input-cost>
                            </minicam-non-energy-input>
                        </period>
                    </technology>
                </subsector>
            </supplysector>
            <supplysector name="refined liquids industrial">
                <relative-cost-logit>
                    <logit-exponent fillout="1" year="1975">-3</logit-exponent>
                </relative-cost-logit>
                <output-unit>EJ</output-unit>
                <input-unit>EJ</input-unit>
                <price-unit>1975$/GJ</price-unit>
                <subsector name="refined liquids industrial">
                    <share-weight fillout="1" year="1975">1</share-weight>
                    <relative-cost-logit>
                        <logit-exponent fillout="1" year="1975">-3</logit-exponent>
                    </relative-cost-logit>
                    <technology name="refined liquids industrial">
                        <period year="1975">
                            <share-weight>1</share-weight>
                            <CO2 name="CO2"/>
                            <minicam-energy-input name="refined liquids industrial">
                                <coefficient>1</coefficient>
                                <market-name>South Korea</market-name>
                            </minicam-energy-input>
                            <minicam-non-energy-input name="regional price adjustment">
                                <input-cost>1.1</input-cost>
                            </minicam-non-energy-input>
                        </period>
                        <period year="1990">
                            <share-weight>1</share-weight>
                            <CO2 name="CO2"/>
                            <minicam-energy-input name="refined liquids industrial">
                                <coefficient>1</coefficient>
                                <market-name>South Korea</market-name>
                            </minicam-energy-input>
                            <minicam-non-energy-input name="regional price adjustment">
                                <input-cost>1.1</input-cost>
                            </minicam-non-energy-input>
                        </period>
                        <period year="2005">
                            <share-weight>1</share-weight>
                            <CO2 name="CO2"/>
                            <minicam-energy-input name="refined liquids industrial">
                                <coefficient>1</coefficient>
                                <market-name>South Korea</market-name>
                            </minicam-energy-input>
                            <minicam-non-energy-input name="regional price adjustment">
                                <input-cost>1.1</input-cost>
                            </minicam-non-energy-input>
                        </period>
                        <period year="2010">
                            <share-weight>1</share-weight>
                            <CO2 name="CO2"/>
                            <minicam-energy-input name="refined liquids industrial">
                                <coefficient>1</coefficient>
                                <market-name>South Korea</market-name>
                            </minicam-energy-input>
                            <minicam-non-energy-input name="regional price adjustment">
                                <input-cost>1.1</input-cost>
                            </minicam-non-energy-input>
                        </period>
                        <period year="2015">
                            <share-weight>1</share-weight>
                            <CO2 name="CO2"/>
                            <minicam-energy-input name="refined liquids industrial">
                                <coefficient>1</coefficient>
                                <market-name>South Korea</market-name>
                            </minicam-energy-input>
                            <minicam-non-energy-input name="regional price adjustment">
                                <input-cost>1.1</input-cost>
                            </minicam-non-energy-input>
                        </period>
                        <period year="2020">
                            <share-weight>1</share-weight>
                            <CO2 name="CO2"/>
                            <minicam-energy-input name="refined liquids industrial">
                                <coefficient>1</coefficient>
                                <market-name>South Korea</market-name>
                            </minicam-energy-input>
                            <minicam-non-energy-input name="regional price adjustment">
                                <input-cost>1.1</input-cost>
                            </minicam-non-energy-input>
                        </period>
                        <period year="2025">
                            <share-weight>1</share-weight>
                            <CO2 name="CO2"/>
                            <minicam-energy-input name="refined liquids industrial">
                                <coefficient>1</coefficient>
                                <market-name>South Korea</market-name>
                            </minicam-energy-input>
                            <minicam-non-energy-input name="regional price adjustment">
                                <input-cost>1.1</input-cost>
                            </minicam-non-energy-input>
                        </period>
                        <period year="2030">
                            <share-weight>1</share-weight>
                            <CO2 name="CO2"/>
                            <minicam-energy-input name="refined liquids industrial">
                                <coefficient>1</coefficient>
                                <market-name>South Korea</market-name>
                            </minicam-energy-input>
                            <minicam-non-energy-input name="regional price adjustment">
                                <input-cost>1.1</input-cost>
                            </minicam-non-energy-input>
                        </period>
                        <period year="2035">
                            <share-weight>1</share-weight>
                            <CO2 name="CO2"/>
                            <minicam-energy-input name="refined liquids industrial">
                                <coefficient>1</coefficient>
                                <market-name>South Korea</market-name>
                            </minicam-energy-input>
                            <minicam-non-energy-input name="regional price adjustment">
                                <input-cost>1.1</input-cost>
                            </minicam-non-energy-input>
                        </period>
                        <period year="2040">
                            <share-weight>1</share-weight>
                            <CO2 name="CO2"/>
                            <minicam-energy-input name="refined liquids industrial">
                                <coefficient>1</coefficient>
                                <market-name>South Korea</market-name>
                            </minicam-energy-input>
                            <minicam-non-energy-input name="regional price adjustment">
                                <input-cost>1.1</input-cost>
                            </minicam-non-energy-input>
                        </period>
                        <period year="2045">
                            <share-weight>1</share-weight>
                            <CO2 name="CO2"/>
                            <minicam-energy-input name="refined liquids industrial">
                                <coefficient>1</coefficient>
                                <market-name>South Korea</market-name>
                            </minicam-energy-input>
                            <minicam-non-energy-input name="regional price adjustment">
                                <input-cost>1.1</input-cost>
                            </minicam-non-energy-input>
                        </period>
                        <period year="2050">
                            <share-weight>1</share-weight>
                            <CO2 name="CO2"/>
                            <minicam-energy-input name="refined liquids industrial">
                                <coefficient>1</coefficient>
                                <market-name>South Korea</market-name>
                            </minicam-energy-input>
                            <minicam-non-energy-input name="regional price adjustment">
                                <input-cost>1.1</input-cost>
                            </minicam-non-energy-input>
                        </period>
                        <period year="2055">
                            <share-weight>1</share-weight>
                            <CO2 name="CO2"/>
                            <minicam-energy-input name="refined liquids industrial">
                                <coefficient>1</coefficient>
                                <market-name>South Korea</market-name>
                            </minicam-energy-input>
                            <minicam-non-energy-input name="regional price adjustment">
                                <input-cost>1.1</input-cost>
                            </minicam-non-energy-input>
                        </period>
                        <period year="2060">
                            <share-weight>1</share-weight>
                            <CO2 name="CO2"/>
                            <minicam-energy-input name="refined liquids industrial">
                                <coefficient>1</coefficient>
                                <market-name>South Korea</market-name>
                            </minicam-energy-input>
                            <minicam-non-energy-input name="regional price adjustment">
                                <input-cost>1.1</input-cost>
                            </minicam-non-energy-input>
                        </period>
                        <period year="2065">
                            <share-weight>1</share-weight>
                            <CO2 name="CO2"/>
                            <minicam-energy-input name="refined liquids industrial">
                                <coefficient>1</coefficient>
                                <market-name>South Korea</market-name>
                            </minicam-energy-input>
                            <minicam-non-energy-input name="regional price adjustment">
                                <input-cost>1.1</input-cost>
                            </minicam-non-energy-input>
                        </period>
                        <period year="2070">
                            <share-weight>1</share-weight>
                            <CO2 name="CO2"/>
                            <minicam-energy-input name="refined liquids industrial">
                                <coefficient>1</coefficient>
                                <market-name>South Korea</market-name>
                            </minicam-energy-input>
                            <minicam-non-energy-input name="regional price adjustment">
                                <input-cost>1.1</input-cost>
                            </minicam-non-energy-input>
                        </period>
                        <period year="2075">
                            <share-weight>1</share-weight>
                            <CO2 name="CO2"/>
                            <minicam-energy-input name="refined liquids industrial">
                                <coefficient>1</coefficient>
                                <market-name>South Korea</market-name>
                            </minicam-energy-input>
                            <minicam-non-energy-input name="regional price adjustment">
                                <input-cost>1.1</input-cost>
                            </minicam-non-energy-input>
                        </period>
                        <period year="2080">
                            <share-weight>1</share-weight>
                            <CO2 name="CO2"/>
                            <minicam-energy-input name="refined liquids industrial">
                                <coefficient>1</coefficient>
                                <market-name>South Korea</market-name>
                            </minicam-energy-input>
                            <minicam-non-energy-input name="regional price adjustment">
                                <input-cost>1.1</input-cost>
                            </minicam-non-energy-input>
                        </period>
                        <period year="2085">
                            <share-weight>1</share-weight>
                            <CO2 name="CO2"/>
                            <minicam-energy-input name="refined liquids industrial">
                                <coefficient>1</coefficient>
                                <market-name>South Korea</market-name>
                            </minicam-energy-input>
                            <minicam-non-energy-input name="regional price adjustment">
                                <input-cost>1.1</input-cost>
                            </minicam-non-energy-input>
                        </period>
                        <period year="2090">
                            <share-weight>1</share-weight>
                            <CO2 name="CO2"/>
                            <minicam-energy-input name="refined liquids industrial">
                                <coefficient>1</coefficient>
                                <market-name>South Korea</market-name>
                            </minicam-energy-input>
                            <minicam-non-energy-input name="regional price adjustment">
                                <input-cost>1.1</input-cost>
                            </minicam-non-energy-input>
                        </period>
                        <period year="2095">
                            <share-weight>1</share-weight>
                            <CO2 name="CO2"/>
                            <minicam-energy-input name="refined liquids industrial">
                                <coefficient>1</coefficient>
                                <market-name>South Korea</market-name>
                            </minicam-energy-input>
                            <minicam-non-energy-input name="regional price adjustment">
                                <input-cost>1.1</input-cost>
                            </minicam-non-energy-input>
                        </period>
                        <period year="2100">
                            <share-weight>1</share-weight>
                            <CO2 name="CO2"/>
                            <minicam-energy-input name="refined liquids industrial">
                                <coefficient>1</coefficient>
                                <market-name>South Korea</market-name>
                            </minicam-energy-input>
                            <minicam-non-energy-input name="regional price adjustment">
                                <input-cost>1.1</input-cost>
                            </minicam-non-energy-input>
                        </period>
                    </technology>
                </subsector>
            </supplysector>
            <supplysector name="regional coal">
                <relative-cost-logit>
                    <logit-exponent fillout="1" year="1975">-3</logit-exponent>
                </relative-cost-logit>
                <output-unit>EJ</output-unit>
                <input-unit>EJ</input-unit>
                <price-unit>1975$/GJ</price-unit>
                <subsector name="regional coal">
                    <share-weight fillout="1" year="1975">1</share-weight>
                    <relative-cost-logit>
                        <logit-exponent fillout="1" year="1975">-3</logit-exponent>
                    </relative-cost-logit>
                    <technology name="regional coal">
                        <period year="1975">
                            <share-weight>1</share-weight>
                            <CO2 name="CO2"/>
                            <minicam-energy-input name="regional coal">
                                <coefficient>1</coefficient>
                                <market-name>South Korea</market-name>
                            </minicam-energy-input>
                            <minicam-non-energy-input name="regional price adjustment">
                                <input-cost>0.14</input-cost>
                            </minicam-non-energy-input>
                        </period>
                        <period year="1990">
                            <share-weight>1</share-weight>
                            <CO2 name="CO2"/>
                            <minicam-energy-input name="regional coal">
                                <coefficient>1</coefficient>
                                <market-name>South Korea</market-name>
                            </minicam-energy-input>
                            <minicam-non-energy-input name="regional price adjustment">
                                <input-cost>0.14</input-cost>
                            </minicam-non-energy-input>
                        </period>
                        <period year="2005">
                            <share-weight>1</share-weight>
                            <CO2 name="CO2"/>
                            <minicam-energy-input name="regional coal">
                                <coefficient>1</coefficient>
                                <market-name>South Korea</market-name>
                            </minicam-energy-input>
                            <minicam-non-energy-input name="regional price adjustment">
                                <input-cost>0.14</input-cost>
                            </minicam-non-energy-input>
                        </period>
                        <period year="2010">
                            <share-weight>1</share-weight>
                            <CO2 name="CO2"/>
                            <minicam-energy-input name="regional coal">
                                <coefficient>1</coefficient>
                                <market-name>South Korea</market-name>
                            </minicam-energy-input>
                            <minicam-non-energy-input name="regional price adjustment">
                                <input-cost>0.14</input-cost>
                            </minicam-non-energy-input>
                        </period>
                        <period year="2015">
                            <share-weight>1</share-weight>
                            <CO2 name="CO2"/>
                            <minicam-energy-input name="regional coal">
                                <coefficient>1</coefficient>
                                <market-name>South Korea</market-name>
                            </minicam-energy-input>
                            <minicam-non-energy-input name="regional price adjustment">
                                <input-cost>0.14</input-cost>
                            </minicam-non-energy-input>
                        </period>
                        <period year="2020">
                            <share-weight>1</share-weight>
                            <CO2 name="CO2"/>
                            <minicam-energy-input name="regional coal">
                                <coefficient>1</coefficient>
                                <market-name>South Korea</market-name>
                            </minicam-energy-input>
                            <minicam-non-energy-input name="regional price adjustment">
                                <input-cost>0.14</input-cost>
                            </minicam-non-energy-input>
                        </period>
                        <period year="2025">
                            <share-weight>1</share-weight>
                            <CO2 name="CO2"/>
                            <minicam-energy-input name="regional coal">
                                <coefficient>1</coefficient>
                                <market-name>South Korea</market-name>
                            </minicam-energy-input>
                            <minicam-non-energy-input name="regional price adjustment">
                                <input-cost>0.14</input-cost>
                            </minicam-non-energy-input>
                        </period>
                        <period year="2030">
                            <share-weight>1</share-weight>
                            <CO2 name="CO2"/>
                            <minicam-energy-input name="regional coal">
                                <coefficient>1</coefficient>
                                <market-name>South Korea</market-name>
                            </minicam-energy-input>
                            <minicam-non-energy-input name="regional price adjustment">
                                <input-cost>0.14</input-cost>
                            </minicam-non-energy-input>
                        </period>
                        <period year="2035">
                            <share-weight>1</share-weight>
                            <CO2 name="CO2"/>
                            <minicam-energy-input name="regional coal">
                                <coefficient>1</coefficient>
                                <market-name>South Korea</market-name>
                            </minicam-energy-input>
                            <minicam-non-energy-input name="regional price adjustment">
                                <input-cost>0.14</input-cost>
                            </minicam-non-energy-input>
                        </period>
                        <period year="2040">
                            <share-weight>1</share-weight>
                            <CO2 name="CO2"/>
                            <minicam-energy-input name="regional coal">
                                <coefficient>1</coefficient>
                                <market-name>South Korea</market-name>
                            </minicam-energy-input>
                            <minicam-non-energy-input name="regional price adjustment">
                                <input-cost>0.14</input-cost>
                            </minicam-non-energy-input>
                        </period>
                        <period year="2045">
                            <share-weight>1</share-weight>
                            <CO2 name="CO2"/>
                            <minicam-energy-input name="regional coal">
                                <coefficient>1</coefficient>
                                <market-name>South Korea</market-name>
                            </minicam-energy-input>
                            <minicam-non-energy-input name="regional price adjustment">
                                <input-cost>0.14</input-cost>
                            </minicam-non-energy-input>
                        </period>
                        <period year="2050">
                            <share-weight>1</share-weight>
                            <CO2 name="CO2"/>
                            <minicam-energy-input name="regional coal">
                                <coefficient>1</coefficient>
                                <market-name>South Korea</market-name>
                            </minicam-energy-input>
                            <minicam-non-energy-input name="regional price adjustment">
                                <input-cost>0.14</input-cost>
                            </minicam-non-energy-input>
                        </period>
                        <period year="2055">
                            <share-weight>1</share-weight>
                            <CO2 name="CO2"/>
                            <minicam-energy-input name="regional coal">
                                <coefficient>1</coefficient>
                                <market-name>South Korea</market-name>
                            </minicam-energy-input>
                            <minicam-non-energy-input name="regional price adjustment">
                                <input-cost>0.14</input-cost>
                            </minicam-non-energy-input>
                        </period>
                        <period year="2060">
                            <share-weight>1</share-weight>
                            <CO2 name="CO2"/>
                            <minicam-energy-input name="regional coal">
                                <coefficient>1</coefficient>
                                <market-name>South Korea</market-name>
                            </minicam-energy-input>
                            <minicam-non-energy-input name="regional price adjustment">
                                <input-cost>0.14</input-cost>
                            </minicam-non-energy-input>
                        </period>
                        <period year="2065">
                            <share-weight>1</share-weight>
                            <CO2 name="CO2"/>
                            <minicam-energy-input name="regional coal">
                                <coefficient>1</coefficient>
                                <market-name>South Korea</market-name>
                            </minicam-energy-input>
                            <minicam-non-energy-input name="regional price adjustment">
                                <input-cost>0.14</input-cost>
                            </minicam-non-energy-input>
                        </period>
                        <period year="2070">
                            <share-weight>1</share-weight>
                            <CO2 name="CO2"/>
                            <minicam-energy-input name="regional coal">
                                <coefficient>1</coefficient>
                                <market-name>South Korea</market-name>
                            </minicam-energy-input>
                            <minicam-non-energy-input name="regional price adjustment">
                                <input-cost>0.14</input-cost>
                            </minicam-non-energy-input>
                        </period>
                        <period year="2075">
                            <share-weight>1</share-weight>
                            <CO2 name="CO2"/>
                            <minicam-energy-input name="regional coal">
                                <coefficient>1</coefficient>
                                <market-name>South Korea</market-name>
                            </minicam-energy-input>
                            <minicam-non-energy-input name="regional price adjustment">
                                <input-cost>0.14</input-cost>
                            </minicam-non-energy-input>
                        </period>
                        <period year="2080">
                            <share-weight>1</share-weight>
                            <CO2 name="CO2"/>
                            <minicam-energy-input name="regional coal">
                                <coefficient>1</coefficient>
                                <market-name>South Korea</market-name>
                            </minicam-energy-input>
                            <minicam-non-energy-input name="regional price adjustment">
                                <input-cost>0.14</input-cost>
                            </minicam-non-energy-input>
                        </period>
                        <period year="2085">
                            <share-weight>1</share-weight>
                            <CO2 name="CO2"/>
                            <minicam-energy-input name="regional coal">
                                <coefficient>1</coefficient>
                                <market-name>South Korea</market-name>
                            </minicam-energy-input>
                            <minicam-non-energy-input name="regional price adjustment">
                                <input-cost>0.14</input-cost>
                            </minicam-non-energy-input>
                        </period>
                        <period year="2090">
                            <share-weight>1</share-weight>
                            <CO2 name="CO2"/>
                            <minicam-energy-input name="regional coal">
                                <coefficient>1</coefficient>
                                <market-name>South Korea</market-name>
                            </minicam-energy-input>
                            <minicam-non-energy-input name="regional price adjustment">
                                <input-cost>0.14</input-cost>
                            </minicam-non-energy-input>
                        </period>
                        <period year="2095">
                            <share-weight>1</share-weight>
                            <CO2 name="CO2"/>
                            <minicam-energy-input name="regional coal">
                                <coefficient>1</coefficient>
                                <market-name>South Korea</market-name>
                            </minicam-energy-input>
                            <minicam-non-energy-input name="regional price adjustment">
                                <input-cost>0.14</input-cost>
                            </minicam-non-energy-input>
                        </period>
                        <period year="2100">
                            <share-weight>1</share-weight>
                            <CO2 name="CO2"/>
                            <minicam-energy-input name="regional coal">
                                <coefficient>1</coefficient>
                                <market-name>South Korea</market-name>
                            </minicam-energy-input>
                            <minicam-non-energy-input name="regional price adjustment">
                                <input-cost>0.14</input-cost>
                            </minicam-non-energy-input>
                        </period>
                    </technology>
                </subsector>
            </supplysector>
            <PrimaryFuelCO2Coef name="delivered coal">27.3</PrimaryFuelCO2Coef>
            <PrimaryFuelCO2Coef name="regional coal">27.3</PrimaryFuelCO2Coef>
            <PrimaryFuelCO2Coef name="wholesale gas">14.2</PrimaryFuelCO2Coef>
            <PrimaryFuelCO2Coef name="delivered gas">14.2</PrimaryFuelCO2Coef>
            <PrimaryFuelCO2Coef name="refined liquids enduse">19.6</PrimaryFuelCO2Coef>
            <PrimaryFuelCO2Coef name="refined liquids industrial">19.6</PrimaryFuelCO2Coef>
        </region>
    </world>
</scenario>
