<?xml version="1.0" encoding="UTF-8"?>
<scenario>
    <world>
        <region name="USA">
            <energy-final-demand name="building">
                <income-elasticity year="2015">0.293</income-elasticity>
                <income-elasticity year="2020">0.266</income-elasticity>
                <income-elasticity year="2025">0.237</income-elasticity>
                <income-elasticity year="2030">0.207</income-elasticity>
                <income-elasticity year="2035">0.184</income-elasticity>
                <income-elasticity year="2040">0.156</income-elasticity>
                <income-elasticity year="2045">0.13</income-elasticity>
                <income-elasticity year="2050">0.097</income-elasticity>
                <income-elasticity year="2055">0.067</income-elasticity>
                <income-elasticity year="2060">0.032</income-elasticity>
                <income-elasticity year="2065">0</income-elasticity>
                <income-elasticity year="2070">0</income-elasticity>
                <income-elasticity year="2075">0</income-elasticity>
                <income-elasticity year="2080">0</income-elasticity>
                <income-elasticity year="2085">0</income-elasticity>
                <income-elasticity year="2090">0</income-elasticity>
                <income-elasticity year="2095">0</income-elasticity>
                <income-elasticity year="2100">0</income-elasticity>
            </energy-final-demand>
        </region>
        <region name="Africa_Eastern">
            <energy-final-demand name="building">
                <income-elasticity year="2015">1.19</income-elasticity>
                <income-elasticity year="2020">1.182</income-elasticity>
                <income-elasticity year="2025">1.174</income-elasticity>
                <income-elasticity year="2030">1.165</income-elasticity>
                <income-elasticity year="2035">1.155</income-elasticity>
                <income-elasticity year="2040">1.141</income-elasticity>
                <income-elasticity year="2045">1.123</income-elasticity>
                <income-elasticity year="2050">1.1</income-elasticity>
                <income-elasticity year="2055">1.071</income-elasticity>
                <income-elasticity year="2060">1.034</income-elasticity>
                <income-elasticity year="2065">0.993</income-elasticity>
                <income-elasticity year="2070">0.958</income-elasticity>
                <income-elasticity year="2075">0.917</income-elasticity>
                <income-elasticity year="2080">0.868</income-elasticity>
                <income-elasticity year="2085">0.831</income-elasticity>
                <income-elasticity year="2090">0.797</income-elasticity>
                <income-elasticity year="2095">0.757</income-elasticity>
                <income-elasticity year="2100">0.714</income-elasticity>
            </energy-final-demand>
        </region>
        <region name="Africa_Northern">
            <energy-final-demand name="building">
                <income-elasticity year="2015">0.967</income-elasticity>
                <income-elasticity year="2020">0.946</income-elasticity>
                <income-elasticity year="2025">0.923</income-elasticity>
                <income-elasticity year="2030">0.901</income-elasticity>
                <income-elasticity year="2035">0.881</income-elasticity>
                <income-elasticity year="2040">0.859</income-elasticity>
                <income-elasticity year="2045">0.843</income-elasticity>
                <income-elasticity year="2050">0.83</income-elasticity>
                <income-elasticity year="2055">0.815</income-elasticity>
                <income-elasticity year="2060">0.796</income-elasticity>
                <income-elasticity year="2065">0.774</income-elasticity>
                <income-elasticity year="2070">0.747</income-elasticity>
                <income-elasticity year="2075">0.719</income-elasticity>
                <income-elasticity year="2080">0.692</income-elasticity>
                <income-elasticity year="2085">0.671</income-elasticity>
                <income-elasticity year="2090">0.647</income-elasticity>
                <income-elasticity year="2095">0.619</income-elasticity>
                <income-elasticity year="2100">0.593</income-elasticity>
            </energy-final-demand>
        </region>
        <region name="Africa_Southern">
            <energy-final-demand name="building">
                <income-elasticity year="2015">1.154</income-elasticity>
                <income-elasticity year="2020">1.144</income-elasticity>
                <income-elasticity year="2025">1.138</income-elasticity>
                <income-elasticity year="2030">1.133</income-elasticity>
                <income-elasticity year="2035">1.127</income-elasticity>
                <income-elasticity year="2040">1.117</income-elasticity>
                <income-elasticity year="2045">1.103</income-elasticity>
                <income-elasticity year="2050">1.081</income-elasticity>
                <income-elasticity year="2055">1.054</income-elasticity>
                <income-elasticity year="2060">1.018</income-elasticity>
                <income-elasticity year="2065">0.984</income-elasticity>
                <income-elasticity year="2070">0.95</income-elasticity>
                <income-elasticity year="2075">0.909</income-elasticity>
                <income-elasticity year="2080">0.862</income-elasticity>
                <income-elasticity year="2085">0.829</income-elasticity>
                <income-elasticity year="2090">0.796</income-elasticity>
                <income-elasticity year="2095">0.757</income-elasticity>
                <income-elasticity year="2100">0.716</income-elasticity>
            </energy-final-demand>
        </region>
        <region name="Africa_Western">
            <energy-final-demand name="building">
                <income-elasticity year="2015">1.167</income-elasticity>
                <income-elasticity year="2020">1.158</income-elasticity>
                <income-elasticity year="2025">1.146</income-elasticity>
                <income-elasticity year="2030">1.133</income-elasticity>
                <income-elasticity year="2035">1.118</income-elasticity>
                <income-elasticity year="2040">1.1</income-elasticity>
                <income-elasticity year="2045">1.078</income-elasticity>
                <income-elasticity year="2050">1.05</income-elasticity>
                <income-elasticity year="2055">1.015</income-elasticity>
                <income-elasticity year="2060">0.982</income-elasticity>
                <income-elasticity year="2065">0.949</income-elasticity>
                <income-elasticity year="2070">0.908</income-elasticity>
                <income-elasticity year="2075">0.86</income-elasticity>
                <income-elasticity year="2080">0.827</income-elasticity>
                <income-elasticity year="2085">0.796</income-elasticity>
                <income-elasticity year="2090">0.759</income-elasticity>
                <income-elasticity year="2095">0.715</income-elasticity>
                <income-elasticity year="2100">0.681</income-elasticity>
            </energy-final-demand>
        </region>
        <region name="Australia_NZ">
            <energy-final-demand name="building">
                <income-elasticity year="2015">0.268</income-elasticity>
                <income-elasticity year="2020">0.236</income-elasticity>
                <income-elasticity year="2025">0.204</income-elasticity>
                <income-elasticity year="2030">0.178</income-elasticity>
                <income-elasticity year="2035">0.153</income-elasticity>
                <income-elasticity year="2040">0.123</income-elasticity>
                <income-elasticity year="2045">0.092</income-elasticity>
                <income-elasticity year="2050">0.058</income-elasticity>
                <income-elasticity year="2055">0.023</income-elasticity>
                <income-elasticity year="2060">0</income-elasticity>
                <income-elasticity year="2065">0</income-elasticity>
                <income-elasticity year="2070">0</income-elasticity>
                <income-elasticity year="2075">0</income-elasticity>
                <income-elasticity year="2080">0</income-elasticity>
                <income-elasticity year="2085">0</income-elasticity>
                <income-elasticity year="2090">0</income-elasticity>
                <income-elasticity year="2095">0</income-elasticity>
                <income-elasticity year="2100">0</income-elasticity>
            </energy-final-demand>
        </region>
        <region name="Brazil">
            <energy-final-demand name="building">
                <income-elasticity year="2015">0.812</income-elasticity>
                <income-elasticity year="2020">0.791</income-elasticity>
                <income-elasticity year="2025">0.772</income-elasticity>
                <income-elasticity year="2030">0.754</income-elasticity>
                <income-elasticity year="2035">0.738</income-elasticity>
                <income-elasticity year="2040">0.717</income-elasticity>
                <income-elasticity year="2045">0.698</income-elasticity>
                <income-elasticity year="2050">0.68</income-elasticity>
                <income-elasticity year="2055">0.663</income-elasticity>
                <income-elasticity year="2060">0.639</income-elasticity>
                <income-elasticity year="2065">0.611</income-elasticity>
                <income-elasticity year="2070">0.573</income-elasticity>
                <income-elasticity year="2075">0.529</income-elasticity>
                <income-elasticity year="2080">0.476</income-elasticity>
                <income-elasticity year="2085">0.417</income-elasticity>
                <income-elasticity year="2090">0.367</income-elasticity>
                <income-elasticity year="2095">0.323</income-elasticity>
                <income-elasticity year="2100">0.279</income-elasticity>
            </energy-final-demand>
        </region>
        <region name="Canada">
            <energy-final-demand name="building">
                <income-elasticity year="2015">0.282</income-elasticity>
                <income-elasticity year="2020">0.252</income-elasticity>
                <income-elasticity year="2025">0.222</income-elasticity>
                <income-elasticity year="2030">0.194</income-elasticity>
                <income-elasticity year="2035">0.171</income-elasticity>
                <income-elasticity year="2040">0.142</income-elasticity>
                <income-elasticity year="2045">0.113</income-elasticity>
                <income-elasticity year="2050">0.077</income-elasticity>
                <income-elasticity year="2055">0.043</income-elasticity>
                <income-elasticity year="2060">0.003</income-elasticity>
                <income-elasticity year="2065">0</income-elasticity>
                <income-elasticity year="2070">0</income-elasticity>
                <income-elasticity year="2075">0</income-elasticity>
                <income-elasticity year="2080">0</income-elasticity>
                <income-elasticity year="2085">0</income-elasticity>
                <income-elasticity year="2090">0</income-elasticity>
                <income-elasticity year="2095">0</income-elasticity>
                <income-elasticity year="2100">0</income-elasticity>
            </energy-final-demand>
        </region>
        <region name="Central America and Caribbean">
            <energy-final-demand name="building">
                <income-elasticity year="2015">0.934</income-elasticity>
                <income-elasticity year="2020">0.915</income-elasticity>
                <income-elasticity year="2025">0.891</income-elasticity>
                <income-elasticity year="2030">0.863</income-elasticity>
                <income-elasticity year="2035">0.841</income-elasticity>
                <income-elasticity year="2040">0.821</income-elasticity>
                <income-elasticity year="2045">0.799</income-elasticity>
                <income-elasticity year="2050">0.77</income-elasticity>
                <income-elasticity year="2055">0.739</income-elasticity>
                <income-elasticity year="2060">0.699</income-elasticity>
                <income-elasticity year="2065">0.666</income-elasticity>
                <income-elasticity year="2070">0.624</income-elasticity>
                <income-elasticity year="2075">0.573</income-elasticity>
                <income-elasticity year="2080">0.511</income-elasticity>
                <income-elasticity year="2085">0.44</income-elasticity>
                <income-elasticity year="2090">0.372</income-elasticity>
                <income-elasticity year="2095">0.316</income-elasticity>
                <income-elasticity year="2100">0.257</income-elasticity>
            </energy-final-demand>
        </region>
        <region name="Central Asia">
            <energy-final-demand name="building">
                <income-elasticity year="2015">0.956</income-elasticity>
                <income-elasticity year="2020">0.911</income-elasticity>
                <income-elasticity year="2025">0.859</income-elasticity>
                <income-elasticity year="2030">0.826</income-elasticity>
                <income-elasticity year="2035">0.796</income-elasticity>
                <income-elasticity year="2040">0.759</income-elasticity>
                <income-elasticity year="2045">0.716</income-elasticity>
                <income-elasticity year="2050">0.678</income-elasticity>
                <income-elasticity year="2055">0.642</income-elasticity>
                <income-elasticity year="2060">0.602</income-elasticity>
                <income-elasticity year="2065">0.556</income-elasticity>
                <income-elasticity year="2070">0.501</income-elasticity>
                <income-elasticity year="2075">0.439</income-elasticity>
                <income-elasticity year="2080">0.378</income-elasticity>
                <income-elasticity year="2085">0.321</income-elasticity>
                <income-elasticity year="2090">0.265</income-elasticity>
                <income-elasticity year="2095">0.193</income-elasticity>
                <income-elasticity year="2100">0.135</income-elasticity>
            </energy-final-demand>
        </region>
        <region name="China">
            <energy-final-demand name="building">
                <income-elasticity year="2015">0.901</income-elasticity>
                <income-elasticity year="2020">0.834</income-elasticity>
                <income-elasticity year="2025">0.786</income-elasticity>
                <income-elasticity year="2030">0.73</income-elasticity>
                <income-elasticity year="2035">0.677</income-elasticity>
                <income-elasticity year="2040">0.629</income-elasticity>
                <income-elasticity year="2045">0.576</income-elasticity>
                <income-elasticity year="2050">0.517</income-elasticity>
                <income-elasticity year="2055">0.454</income-elasticity>
                <income-elasticity year="2060">0.389</income-elasticity>
                <income-elasticity year="2065">0.335</income-elasticity>
                <income-elasticity year="2070">0.279</income-elasticity>
                <income-elasticity year="2075">0.207</income-elasticity>
                <income-elasticity year="2080">0.144</income-elasticity>
                <income-elasticity year="2085">0.077</income-elasticity>
                <income-elasticity year="2090">0.009</income-elasticity>
                <income-elasticity year="2095">0</income-elasticity>
                <income-elasticity year="2100">0</income-elasticity>
            </energy-final-demand>
        </region>
        <region name="EU-12">
            <energy-final-demand name="building">
                <income-elasticity year="2015">0.718</income-elasticity>
                <income-elasticity year="2020">0.68</income-elasticity>
                <income-elasticity year="2025">0.65</income-elasticity>
                <income-elasticity year="2030">0.614</income-elasticity>
                <income-elasticity year="2035">0.577</income-elasticity>
                <income-elasticity year="2040">0.524</income-elasticity>
                <income-elasticity year="2045">0.468</income-elasticity>
                <income-elasticity year="2050">0.396</income-elasticity>
                <income-elasticity year="2055">0.348</income-elasticity>
                <income-elasticity year="2060">0.291</income-elasticity>
                <income-elasticity year="2065">0.229</income-elasticity>
                <income-elasticity year="2070">0.161</income-elasticity>
                <income-elasticity year="2075">0.097</income-elasticity>
                <income-elasticity year="2080">0.026</income-elasticity>
                <income-elasticity year="2085">0</income-elasticity>
                <income-elasticity year="2090">0</income-elasticity>
                <income-elasticity year="2095">0</income-elasticity>
                <income-elasticity year="2100">0</income-elasticity>
            </energy-final-demand>
        </region>
        <region name="EU-15">
            <energy-final-demand name="building">
                <income-elasticity year="2015">0.382</income-elasticity>
                <income-elasticity year="2020">0.359</income-elasticity>
                <income-elasticity year="2025">0.335</income-elasticity>
                <income-elasticity year="2030">0.313</income-elasticity>
                <income-elasticity year="2035">0.293</income-elasticity>
                <income-elasticity year="2040">0.269</income-elasticity>
                <income-elasticity year="2045">0.241</income-elasticity>
                <income-elasticity year="2050">0.209</income-elasticity>
                <income-elasticity year="2055">0.184</income-elasticity>
                <income-elasticity year="2060">0.157</income-elasticity>
                <income-elasticity year="2065">0.13</income-elasticity>
                <income-elasticity year="2070">0.096</income-elasticity>
                <income-elasticity year="2075">0.064</income-elasticity>
                <income-elasticity year="2080">0.029</income-elasticity>
                <income-elasticity year="2085">0</income-elasticity>
                <income-elasticity year="2090">0</income-elasticity>
                <income-elasticity year="2095">0</income-elasticity>
                <income-elasticity year="2100">0</income-elasticity>
            </energy-final-demand>
        </region>
        <region name="Europe_Eastern">
            <energy-final-demand name="building">
                <income-elasticity year="2015">0.913</income-elasticity>
                <income-elasticity year="2020">0.867</income-elasticity>
                <income-elasticity year="2025">0.833</income-elasticity>
                <income-elasticity year="2030">0.802</income-elasticity>
                <income-elasticity year="2035">0.766</income-elasticity>
                <income-elasticity year="2040">0.721</income-elasticity>
                <income-elasticity year="2045">0.677</income-elasticity>
                <income-elasticity year="2050">0.633</income-elasticity>
                <income-elasticity year="2055">0.582</income-elasticity>
                <income-elasticity year="2060">0.523</income-elasticity>
                <income-elasticity year="2065">0.457</income-elasticity>
                <income-elasticity year="2070">0.386</income-elasticity>
                <income-elasticity year="2075">0.326</income-elasticity>
                <income-elasticity year="2080">0.266</income-elasticity>
                <income-elasticity year="2085">0.191</income-elasticity>
                <income-elasticity year="2090">0.127</income-elasticity>
                <income-elasticity year="2095">0.053</income-elasticity>
                <income-elasticity year="2100">0</income-elasticity>
            </energy-final-demand>
        </region>
        <region name="Europe_Non_EU">
            <energy-final-demand name="building">
                <income-elasticity year="2015">0.691</income-elasticity>
                <income-elasticity year="2020">0.656</income-elasticity>
                <income-elasticity year="2025">0.62</income-elasticity>
                <income-elasticity year="2030">0.583</income-elasticity>
                <income-elasticity year="2035">0.549</income-elasticity>
                <income-elasticity year="2040">0.511</income-elasticity>
                <income-elasticity year="2045">0.472</income-elasticity>
                <income-elasticity year="2050">0.427</income-elasticity>
                <income-elasticity year="2055">0.388</income-elasticity>
                <income-elasticity year="2060">0.352</income-elasticity>
                <income-elasticity year="2065">0.319</income-elasticity>
                <income-elasticity year="2070">0.282</income-elasticity>
                <income-elasticity year="2075">0.241</income-elasticity>
                <income-elasticity year="2080">0.196</income-elasticity>
                <income-elasticity year="2085">0.162</income-elasticity>
                <income-elasticity year="2090">0.124</income-elasticity>
                <income-elasticity year="2095">0.081</income-elasticity>
                <income-elasticity year="2100">0.05</income-elasticity>
            </energy-final-demand>
        </region>
        <region name="European Free Trade Association">
            <energy-final-demand name="building">
                <income-elasticity year="2015">0.256</income-elasticity>
                <income-elasticity year="2020">0.221</income-elasticity>
                <income-elasticity year="2025">0.197</income-elasticity>
                <income-elasticity year="2030">0.18</income-elasticity>
                <income-elasticity year="2035">0.165</income-elasticity>
                <income-elasticity year="2040">0.146</income-elasticity>
                <income-elasticity year="2045">0.127</income-elasticity>
                <income-elasticity year="2050">0.101</income-elasticity>
                <income-elasticity year="2055">0.075</income-elasticity>
                <income-elasticity year="2060">0.044</income-elasticity>
                <income-elasticity year="2065">0.013</income-elasticity>
                <income-elasticity year="2070">0</income-elasticity>
                <income-elasticity year="2075">0</income-elasticity>
                <income-elasticity year="2080">0</income-elasticity>
                <income-elasticity year="2085">0</income-elasticity>
                <income-elasticity year="2090">0</income-elasticity>
                <income-elasticity year="2095">0</income-elasticity>
                <income-elasticity year="2100">0</income-elasticity>
            </energy-final-demand>
        </region>
        <region name="India">
            <energy-final-demand name="building">
                <income-elasticity year="2015">1.131</income-elasticity>
                <income-elasticity year="2020">1.097</income-elasticity>
                <income-elasticity year="2025">1.054</income-elasticity>
                <income-elasticity year="2030">1.002</income-elasticity>
                <income-elasticity year="2035">0.964</income-elasticity>
                <income-elasticity year="2040">0.918</income-elasticity>
                <income-elasticity year="2045">0.864</income-elasticity>
                <income-elasticity year="2050">0.826</income-elasticity>
                <income-elasticity year="2055">0.788</income-elasticity>
                <income-elasticity year="2060">0.745</income-elasticity>
                <income-elasticity year="2065">0.697</income-elasticity>
                <income-elasticity year="2070">0.659</income-elasticity>
                <income-elasticity year="2075">0.616</income-elasticity>
                <income-elasticity year="2080">0.567</income-elasticity>
                <income-elasticity year="2085">0.51</income-elasticity>
                <income-elasticity year="2090">0.443</income-elasticity>
                <income-elasticity year="2095">0.375</income-elasticity>
                <income-elasticity year="2100">0.316</income-elasticity>
            </energy-final-demand>
        </region>
        <region name="Indonesia">
            <energy-final-demand name="building">
                <income-elasticity year="2015">1.027</income-elasticity>
                <income-elasticity year="2020">0.969</income-elasticity>
                <income-elasticity year="2025">0.908</income-elasticity>
                <income-elasticity year="2030">0.843</income-elasticity>
                <income-elasticity year="2035">0.802</income-elasticity>
                <income-elasticity year="2040">0.754</income-elasticity>
                <income-elasticity year="2045">0.699</income-elasticity>
                <income-elasticity year="2050">0.657</income-elasticity>
                <income-elasticity year="2055">0.608</income-elasticity>
                <income-elasticity year="2060">0.552</income-elasticity>
                <income-elasticity year="2065">0.488</income-elasticity>
                <income-elasticity year="2070">0.423</income-elasticity>
                <income-elasticity year="2075">0.363</income-elasticity>
                <income-elasticity year="2080">0.31</income-elasticity>
                <income-elasticity year="2085">0.252</income-elasticity>
                <income-elasticity year="2090">0.187</income-elasticity>
                <income-elasticity year="2095">0.131</income-elasticity>
                <income-elasticity year="2100">0.072</income-elasticity>
            </energy-final-demand>
        </region>
        <region name="Japan">
            <energy-final-demand name="building">
                <income-elasticity year="2015">0.328</income-elasticity>
                <income-elasticity year="2020">0.308</income-elasticity>
                <income-elasticity year="2025">0.286</income-elasticity>
                <income-elasticity year="2030">0.26</income-elasticity>
                <income-elasticity year="2035">0.23</income-elasticity>
                <income-elasticity year="2040">0.198</income-elasticity>
                <income-elasticity year="2045">0.172</income-elasticity>
                <income-elasticity year="2050">0.143</income-elasticity>
                <income-elasticity year="2055">0.112</income-elasticity>
                <income-elasticity year="2060">0.079</income-elasticity>
                <income-elasticity year="2065">0.042</income-elasticity>
                <income-elasticity year="2070">0.003</income-elasticity>
                <income-elasticity year="2075">0</income-elasticity>
                <income-elasticity year="2080">0</income-elasticity>
                <income-elasticity year="2085">0</income-elasticity>
                <income-elasticity year="2090">0</income-elasticity>
                <income-elasticity year="2095">0</income-elasticity>
                <income-elasticity year="2100">0</income-elasticity>
            </energy-final-demand>
        </region>
        <region name="Mexico">
            <energy-final-demand name="building">
                <income-elasticity year="2015">0.769</income-elasticity>
                <income-elasticity year="2020">0.755</income-elasticity>
                <income-elasticity year="2025">0.738</income-elasticity>
                <income-elasticity year="2030">0.716</income-elasticity>
                <income-elasticity year="2035">0.696</income-elasticity>
                <income-elasticity year="2040">0.678</income-elasticity>
                <income-elasticity year="2045">0.657</income-elasticity>
                <income-elasticity year="2050">0.63</income-elasticity>
                <income-elasticity year="2055">0.602</income-elasticity>
                <income-elasticity year="2060">0.566</income-elasticity>
                <income-elasticity year="2065">0.522</income-elasticity>
                <income-elasticity year="2070">0.465</income-elasticity>
                <income-elasticity year="2075">0.399</income-elasticity>
                <income-elasticity year="2080">0.343</income-elasticity>
                <income-elasticity year="2085">0.288</income-elasticity>
                <income-elasticity year="2090">0.222</income-elasticity>
                <income-elasticity year="2095">0.166</income-elasticity>
                <income-elasticity year="2100">0.109</income-elasticity>
            </energy-final-demand>
        </region>
        <region name="Middle East">
            <energy-final-demand name="building">
                <income-elasticity year="2015">0.795</income-elasticity>
                <income-elasticity year="2020">0.773</income-elasticity>
                <income-elasticity year="2025">0.751</income-elasticity>
                <income-elasticity year="2030">0.727</income-elasticity>
                <income-elasticity year="2035">0.704</income-elasticity>
                <income-elasticity year="2040">0.684</income-elasticity>
                <income-elasticity year="2045">0.666</income-elasticity>
                <income-elasticity year="2050">0.645</income-elasticity>
                <income-elasticity year="2055">0.625</income-elasticity>
                <income-elasticity year="2060">0.602</income-elasticity>
                <income-elasticity year="2065">0.578</income-elasticity>
                <income-elasticity year="2070">0.547</income-elasticity>
                <income-elasticity year="2075">0.516</income-elasticity>
                <income-elasticity year="2080">0.478</income-elasticity>
                <income-elasticity year="2085">0.439</income-elasticity>
                <income-elasticity year="2090">0.397</income-elasticity>
                <income-elasticity year="2095">0.366</income-elasticity>
                <income-elasticity year="2100">0.332</income-elasticity>
            </energy-final-demand>
        </region>
        <region name="Pakistan">
            <energy-final-demand name="building">
                <income-elasticity year="2015">1.136</income-elasticity>
                <income-elasticity year="2020">1.119</income-elasticity>
                <income-elasticity year="2025">1.093</income-elasticity>
                <income-elasticity year="2030">1.057</income-elasticity>
                <income-elasticity year="2035">1.011</income-elasticity>
                <income-elasticity year="2040">0.971</income-elasticity>
                <income-elasticity year="2045">0.926</income-elasticity>
                <income-elasticity year="2050">0.87</income-elasticity>
                <income-elasticity year="2055">0.824</income-elasticity>
                <income-elasticity year="2060">0.78</income-elasticity>
                <income-elasticity year="2065">0.726</income-elasticity>
                <income-elasticity year="2070">0.675</income-elasticity>
                <income-elasticity year="2075">0.624</income-elasticity>
                <income-elasticity year="2080">0.568</income-elasticity>
                <income-elasticity year="2085">0.502</income-elasticity>
                <income-elasticity year="2090">0.427</income-elasticity>
                <income-elasticity year="2095">0.358</income-elasticity>
                <income-elasticity year="2100">0.297</income-elasticity>
            </energy-final-demand>
        </region>
        <region name="Russia">
            <energy-final-demand name="building">
                <income-elasticity year="2015">0.763</income-elasticity>
                <income-elasticity year="2020">0.723</income-elasticity>
                <income-elasticity year="2025">0.688</income-elasticity>
                <income-elasticity year="2030">0.656</income-elasticity>
                <income-elasticity year="2035">0.622</income-elasticity>
                <income-elasticity year="2040">0.582</income-elasticity>
                <income-elasticity year="2045">0.538</income-elasticity>
                <income-elasticity year="2050">0.488</income-elasticity>
                <income-elasticity year="2055">0.433</income-elasticity>
                <income-elasticity year="2060">0.379</income-elasticity>
                <income-elasticity year="2065">0.33</income-elasticity>
                <income-elasticity year="2070">0.282</income-elasticity>
                <income-elasticity year="2075">0.223</income-elasticity>
                <income-elasticity year="2080">0.169</income-elasticity>
                <income-elasticity year="2085">0.115</income-elasticity>
                <income-elasticity year="2090">0.054</income-elasticity>
                <income-elasticity year="2095">0</income-elasticity>
                <income-elasticity year="2100">0</income-elasticity>
            </energy-final-demand>
        </region>
        <region name="South Africa">
            <energy-final-demand name="building">
                <income-elasticity year="2015">0.866</income-elasticity>
                <income-elasticity year="2020">0.845</income-elasticity>
                <income-elasticity year="2025">0.834</income-elasticity>
                <income-elasticity year="2030">0.825</income-elasticity>
                <income-elasticity year="2035">0.817</income-elasticity>
                <income-elasticity year="2040">0.809</income-elasticity>
                <income-elasticity year="2045">0.801</income-elasticity>
                <income-elasticity year="2050">0.791</income-elasticity>
                <income-elasticity year="2055">0.781</income-elasticity>
                <income-elasticity year="2060">0.766</income-elasticity>
                <income-elasticity year="2065">0.749</income-elasticity>
                <income-elasticity year="2070">0.728</income-elasticity>
                <income-elasticity year="2075">0.705</income-elasticity>
                <income-elasticity year="2080">0.686</income-elasticity>
                <income-elasticity year="2085">0.669</income-elasticity>
                <income-elasticity year="2090">0.649</income-elasticity>
                <income-elasticity year="2095">0.626</income-elasticity>
                <income-elasticity year="2100">0.605</income-elasticity>
            </energy-final-demand>
        </region>
        <region name="South America_Northern">
            <energy-final-demand name="building">
                <income-elasticity year="2015">0.803</income-elasticity>
                <income-elasticity year="2020">0.796</income-elasticity>
                <income-elasticity year="2025">0.783</income-elasticity>
                <income-elasticity year="2030">0.766</income-elasticity>
                <income-elasticity year="2035">0.748</income-elasticity>
                <income-elasticity year="2040">0.724</income-elasticity>
                <income-elasticity year="2045">0.699</income-elasticity>
                <income-elasticity year="2050">0.677</income-elasticity>
                <income-elasticity year="2055">0.655</income-elasticity>
                <income-elasticity year="2060">0.625</income-elasticity>
                <income-elasticity year="2065">0.59</income-elasticity>
                <income-elasticity year="2070">0.545</income-elasticity>
                <income-elasticity year="2075">0.493</income-elasticity>
                <income-elasticity year="2080">0.43</income-elasticity>
                <income-elasticity year="2085">0.372</income-elasticity>
                <income-elasticity year="2090">0.32</income-elasticity>
                <income-elasticity year="2095">0.273</income-elasticity>
                <income-elasticity year="2100">0.213</income-elasticity>
            </energy-final-demand>
        </region>
        <region name="South America_Southern">
            <energy-final-demand name="building">
                <income-elasticity year="2015">0.825</income-elasticity>
                <income-elasticity year="2020">0.8</income-elasticity>
                <income-elasticity year="2025">0.775</income-elasticity>
                <income-elasticity year="2030">0.748</income-elasticity>
                <income-elasticity year="2035">0.721</income-elasticity>
                <income-elasticity year="2040">0.693</income-elasticity>
                <income-elasticity year="2045">0.669</income-elasticity>
                <income-elasticity year="2050">0.64</income-elasticity>
                <income-elasticity year="2055">0.61</income-elasticity>
                <income-elasticity year="2060">0.572</income-elasticity>
                <income-elasticity year="2065">0.528</income-elasticity>
                <income-elasticity year="2070">0.47</income-elasticity>
                <income-elasticity year="2075">0.402</income-elasticity>
                <income-elasticity year="2080">0.345</income-elasticity>
                <income-elasticity year="2085">0.289</income-elasticity>
                <income-elasticity year="2090">0.223</income-elasticity>
                <income-elasticity year="2095">0.167</income-elasticity>
                <income-elasticity year="2100">0.111</income-elasticity>
            </energy-final-demand>
        </region>
        <region name="South Asia">
            <energy-final-demand name="building">
                <income-elasticity year="2015">1.156</income-elasticity>
                <income-elasticity year="2020">1.126</income-elasticity>
                <income-elasticity year="2025">1.091</income-elasticity>
                <income-elasticity year="2030">1.049</income-elasticity>
                <income-elasticity year="2035">1.001</income-elasticity>
                <income-elasticity year="2040">0.966</income-elasticity>
                <income-elasticity year="2045">0.923</income-elasticity>
                <income-elasticity year="2050">0.871</income-elasticity>
                <income-elasticity year="2055">0.827</income-elasticity>
                <income-elasticity year="2060">0.788</income-elasticity>
                <income-elasticity year="2065">0.739</income-elasticity>
                <income-elasticity year="2070">0.689</income-elasticity>
                <income-elasticity year="2075">0.644</income-elasticity>
                <income-elasticity year="2080">0.592</income-elasticity>
                <income-elasticity year="2085">0.531</income-elasticity>
                <income-elasticity year="2090">0.46</income-elasticity>
                <income-elasticity year="2095">0.383</income-elasticity>
                <income-elasticity year="2100">0.319</income-elasticity>
            </energy-final-demand>
        </region>
        <region name="South Korea">
            <energy-final-demand name="building">
                <income-elasticity year="2015">0.58</income-elasticity>
                <income-elasticity year="2020">0.556</income-elasticity>
                <income-elasticity year="2025">0.53</income-elasticity>
                <income-elasticity year="2030">0.5</income-elasticity>
                <income-elasticity year="2035">0.468</income-elasticity>
                <income-elasticity year="2040">0.429</income-elasticity>
                <income-elasticity year="2045">0.39</income-elasticity>
                <income-elasticity year="2050">0.356</income-elasticity>
                <income-elasticity year="2055">0.323</income-elasticity>
                <income-elasticity year="2060">0.288</income-elasticity>
                <income-elasticity year="2065">0.25</income-elasticity>
                <income-elasticity year="2070">0.202</income-elasticity>
                <income-elasticity year="2075">0.167</income-elasticity>
                <income-elasticity year="2080">0.129</income-elasticity>
                <income-elasticity year="2085">0.09</income-elasticity>
                <income-elasticity year="2090">0.045</income-elasticity>
                <income-elasticity year="2095">0</income-elasticity>
                <income-elasticity year="2100">0</income-elasticity>
            </energy-final-demand>
        </region>
        <region name="Southeast Asia">
            <energy-final-demand name="building">
                <income-elasticity year="2015">0.995</income-elasticity>
                <income-elasticity year="2020">0.96</income-elasticity>
                <income-elasticity year="2025">0.918</income-elasticity>
                <income-elasticity year="2030">0.868</income-elasticity>
                <income-elasticity year="2035">0.83</income-elasticity>
                <income-elasticity year="2040">0.796</income-elasticity>
                <income-elasticity year="2045">0.757</income-elasticity>
                <income-elasticity year="2050">0.71</income-elasticity>
                <income-elasticity year="2055">0.669</income-elasticity>
                <income-elasticity year="2060">0.626</income-elasticity>
                <income-elasticity year="2065">0.576</income-elasticity>
                <income-elasticity year="2070">0.522</income-elasticity>
                <income-elasticity year="2075">0.457</income-elasticity>
                <income-elasticity year="2080">0.39</income-elasticity>
                <income-elasticity year="2085">0.333</income-elasticity>
                <income-elasticity year="2090">0.279</income-elasticity>
                <income-elasticity year="2095">0.212</income-elasticity>
                <income-elasticity year="2100">0.156</income-elasticity>
            </energy-final-demand>
        </region>
        <region name="Taiwan">
            <energy-final-demand name="building">
                <income-elasticity year="2015">0.562</income-elasticity>
                <income-elasticity year="2020">0.483</income-elasticity>
                <income-elasticity year="2025">0.42</income-elasticity>
                <income-elasticity year="2030">0.372</income-elasticity>
                <income-elasticity year="2035">0.329</income-elasticity>
                <income-elasticity year="2040">0.292</income-elasticity>
                <income-elasticity year="2045">0.255</income-elasticity>
                <income-elasticity year="2050">0.221</income-elasticity>
                <income-elasticity year="2055">0.19</income-elasticity>
                <income-elasticity year="2060">0.166</income-elasticity>
                <income-elasticity year="2065">0.125</income-elasticity>
                <income-elasticity year="2070">0.087</income-elasticity>
                <income-elasticity year="2075">0.046</income-elasticity>
                <income-elasticity year="2080">0.009</income-elasticity>
                <income-elasticity year="2085">0</income-elasticity>
                <income-elasticity year="2090">0</income-elasticity>
                <income-elasticity year="2095">0</income-elasticity>
                <income-elasticity year="2100">0</income-elasticity>
            </energy-final-demand>
        </region>
        <region name="Argentina">
            <energy-final-demand name="building">
                <income-elasticity year="2015">0.717</income-elasticity>
                <income-elasticity year="2020">0.692</income-elasticity>
                <income-elasticity year="2025">0.671</income-elasticity>
                <income-elasticity year="2030">0.648</income-elasticity>
                <income-elasticity year="2035">0.626</income-elasticity>
                <income-elasticity year="2040">0.602</income-elasticity>
                <income-elasticity year="2045">0.578</income-elasticity>
                <income-elasticity year="2050">0.549</income-elasticity>
                <income-elasticity year="2055">0.52</income-elasticity>
                <income-elasticity year="2060">0.482</income-elasticity>
                <income-elasticity year="2065">0.438</income-elasticity>
                <income-elasticity year="2070">0.386</income-elasticity>
                <income-elasticity year="2075">0.341</income-elasticity>
                <income-elasticity year="2080">0.293</income-elasticity>
                <income-elasticity year="2085">0.238</income-elasticity>
                <income-elasticity year="2090">0.183</income-elasticity>
                <income-elasticity year="2095">0.14</income-elasticity>
                <income-elasticity year="2100">0.093</income-elasticity>
            </energy-final-demand>
        </region>
        <region name="Colombia">
            <energy-final-demand name="building">
                <income-elasticity year="2015">0.834</income-elasticity>
                <income-elasticity year="2020">0.818</income-elasticity>
                <income-elasticity year="2025">0.807</income-elasticity>
                <income-elasticity year="2030">0.79</income-elasticity>
                <income-elasticity year="2035">0.771</income-elasticity>
                <income-elasticity year="2040">0.746</income-elasticity>
                <income-elasticity year="2045">0.719</income-elasticity>
                <income-elasticity year="2050">0.689</income-elasticity>
                <income-elasticity year="2055">0.665</income-elasticity>
                <income-elasticity year="2060">0.634</income-elasticity>
                <income-elasticity year="2065">0.597</income-elasticity>
                <income-elasticity year="2070">0.549</income-elasticity>
                <income-elasticity year="2075">0.492</income-elasticity>
                <income-elasticity year="2080">0.423</income-elasticity>
                <income-elasticity year="2085">0.362</income-elasticity>
                <income-elasticity year="2090">0.308</income-elasticity>
                <income-elasticity year="2095">0.255</income-elasticity>
                <income-elasticity year="2100">0.192</income-elasticity>
            </energy-final-demand>
        </region>
    </world>
</scenario>
