<?xml version="1.0" encoding="UTF-8"?>
<scenario>
    <world>
        <region name="USA">
            <energy-final-demand name="building">
                <income-elasticity year="2015">0.278</income-elasticity>
                <income-elasticity year="2020">0.223</income-elasticity>
                <income-elasticity year="2025">0.176</income-elasticity>
                <income-elasticity year="2030">0.131</income-elasticity>
                <income-elasticity year="2035">0.085</income-elasticity>
                <income-elasticity year="2040">0.043</income-elasticity>
                <income-elasticity year="2045">0.001</income-elasticity>
                <income-elasticity year="2050">0</income-elasticity>
                <income-elasticity year="2055">0</income-elasticity>
                <income-elasticity year="2060">0</income-elasticity>
                <income-elasticity year="2065">0</income-elasticity>
                <income-elasticity year="2070">0</income-elasticity>
                <income-elasticity year="2075">0</income-elasticity>
                <income-elasticity year="2080">0</income-elasticity>
                <income-elasticity year="2085">0</income-elasticity>
                <income-elasticity year="2090">0</income-elasticity>
                <income-elasticity year="2095">0</income-elasticity>
                <income-elasticity year="2100">0</income-elasticity>
            </energy-final-demand>
        </region>
        <region name="Africa_Eastern">
            <energy-final-demand name="building">
                <income-elasticity year="2015">1.2</income-elasticity>
                <income-elasticity year="2020">1.188</income-elasticity>
                <income-elasticity year="2025">1.168</income-elasticity>
                <income-elasticity year="2030">1.134</income-elasticity>
                <income-elasticity year="2035">1.079</income-elasticity>
                <income-elasticity year="2040">1.003</income-elasticity>
                <income-elasticity year="2045">0.939</income-elasticity>
                <income-elasticity year="2050">0.856</income-elasticity>
                <income-elasticity year="2055">0.8</income-elasticity>
                <income-elasticity year="2060">0.735</income-elasticity>
                <income-elasticity year="2065">0.671</income-elasticity>
                <income-elasticity year="2070">0.611</income-elasticity>
                <income-elasticity year="2075">0.541</income-elasticity>
                <income-elasticity year="2080">0.462</income-elasticity>
                <income-elasticity year="2085">0.381</income-elasticity>
                <income-elasticity year="2090">0.314</income-elasticity>
                <income-elasticity year="2095">0.245</income-elasticity>
                <income-elasticity year="2100">0.173</income-elasticity>
            </energy-final-demand>
        </region>
        <region name="Africa_Northern">
            <energy-final-demand name="building">
                <income-elasticity year="2015">0.993</income-elasticity>
                <income-elasticity year="2020">0.957</income-elasticity>
                <income-elasticity year="2025">0.904</income-elasticity>
                <income-elasticity year="2030">0.839</income-elasticity>
                <income-elasticity year="2035">0.789</income-elasticity>
                <income-elasticity year="2040">0.733</income-elasticity>
                <income-elasticity year="2045">0.68</income-elasticity>
                <income-elasticity year="2050">0.634</income-elasticity>
                <income-elasticity year="2055">0.585</income-elasticity>
                <income-elasticity year="2060">0.53</income-elasticity>
                <income-elasticity year="2065">0.469</income-elasticity>
                <income-elasticity year="2070">0.405</income-elasticity>
                <income-elasticity year="2075">0.357</income-elasticity>
                <income-elasticity year="2080">0.31</income-elasticity>
                <income-elasticity year="2085">0.264</income-elasticity>
                <income-elasticity year="2090">0.206</income-elasticity>
                <income-elasticity year="2095">0.159</income-elasticity>
                <income-elasticity year="2100">0.11</income-elasticity>
            </energy-final-demand>
        </region>
        <region name="Africa_Southern">
            <energy-final-demand name="building">
                <income-elasticity year="2015">1.15</income-elasticity>
                <income-elasticity year="2020">1.127</income-elasticity>
                <income-elasticity year="2025">1.095</income-elasticity>
                <income-elasticity year="2030">1.046</income-elasticity>
                <income-elasticity year="2035">0.984</income-elasticity>
                <income-elasticity year="2040">0.924</income-elasticity>
                <income-elasticity year="2045">0.846</income-elasticity>
                <income-elasticity year="2050">0.792</income-elasticity>
                <income-elasticity year="2055">0.724</income-elasticity>
                <income-elasticity year="2060">0.659</income-elasticity>
                <income-elasticity year="2065">0.591</income-elasticity>
                <income-elasticity year="2070">0.513</income-elasticity>
                <income-elasticity year="2075">0.423</income-elasticity>
                <income-elasticity year="2080">0.345</income-elasticity>
                <income-elasticity year="2085">0.275</income-elasticity>
                <income-elasticity year="2090">0.191</income-elasticity>
                <income-elasticity year="2095">0.123</income-elasticity>
                <income-elasticity year="2100">0.049</income-elasticity>
            </energy-final-demand>
        </region>
        <region name="Africa_Western">
            <energy-final-demand name="building">
                <income-elasticity year="2015">1.14</income-elasticity>
                <income-elasticity year="2020">1.114</income-elasticity>
                <income-elasticity year="2025">1.068</income-elasticity>
                <income-elasticity year="2030">0.995</income-elasticity>
                <income-elasticity year="2035">0.927</income-elasticity>
                <income-elasticity year="2040">0.843</income-elasticity>
                <income-elasticity year="2045">0.783</income-elasticity>
                <income-elasticity year="2050">0.708</income-elasticity>
                <income-elasticity year="2055">0.643</income-elasticity>
                <income-elasticity year="2060">0.567</income-elasticity>
                <income-elasticity year="2065">0.477</income-elasticity>
                <income-elasticity year="2070">0.381</income-elasticity>
                <income-elasticity year="2075">0.303</income-elasticity>
                <income-elasticity year="2080">0.216</income-elasticity>
                <income-elasticity year="2085">0.137</income-elasticity>
                <income-elasticity year="2090">0.056</income-elasticity>
                <income-elasticity year="2095">0</income-elasticity>
                <income-elasticity year="2100">0</income-elasticity>
            </energy-final-demand>
        </region>
        <region name="Australia_NZ">
            <energy-final-demand name="building">
                <income-elasticity year="2015">0.274</income-elasticity>
                <income-elasticity year="2020">0.228</income-elasticity>
                <income-elasticity year="2025">0.185</income-elasticity>
                <income-elasticity year="2030">0.14</income-elasticity>
                <income-elasticity year="2035">0.086</income-elasticity>
                <income-elasticity year="2040">0.028</income-elasticity>
                <income-elasticity year="2045">0</income-elasticity>
                <income-elasticity year="2050">0</income-elasticity>
                <income-elasticity year="2055">0</income-elasticity>
                <income-elasticity year="2060">0</income-elasticity>
                <income-elasticity year="2065">0</income-elasticity>
                <income-elasticity year="2070">0</income-elasticity>
                <income-elasticity year="2075">0</income-elasticity>
                <income-elasticity year="2080">0</income-elasticity>
                <income-elasticity year="2085">0</income-elasticity>
                <income-elasticity year="2090">0</income-elasticity>
                <income-elasticity year="2095">0</income-elasticity>
                <income-elasticity year="2100">0</income-elasticity>
            </energy-final-demand>
        </region>
        <region name="Brazil">
            <energy-final-demand name="building">
                <income-elasticity year="2015">0.754</income-elasticity>
                <income-elasticity year="2020">0.71</income-elasticity>
                <income-elasticity year="2025">0.668</income-elasticity>
                <income-elasticity year="2030">0.617</income-elasticity>
                <income-elasticity year="2035">0.551</income-elasticity>
                <income-elasticity year="2040">0.475</income-elasticity>
                <income-elasticity year="2045">0.394</income-elasticity>
                <income-elasticity year="2050">0.331</income-elasticity>
                <income-elasticity year="2055">0.273</income-elasticity>
                <income-elasticity year="2060">0.2</income-elasticity>
                <income-elasticity year="2065">0.144</income-elasticity>
                <income-elasticity year="2070">0.086</income-elasticity>
                <income-elasticity year="2075">0.022</income-elasticity>
                <income-elasticity year="2080">0</income-elasticity>
                <income-elasticity year="2085">0</income-elasticity>
                <income-elasticity year="2090">0</income-elasticity>
                <income-elasticity year="2095">0</income-elasticity>
                <income-elasticity year="2100">0</income-elasticity>
            </energy-final-demand>
        </region>
        <region name="Canada">
            <energy-final-demand name="building">
                <income-elasticity year="2015">0.289</income-elasticity>
                <income-elasticity year="2020">0.257</income-elasticity>
                <income-elasticity year="2025">0.226</income-elasticity>
                <income-elasticity year="2030">0.185</income-elasticity>
                <income-elasticity year="2035">0.136</income-elasticity>
                <income-elasticity year="2040">0.081</income-elasticity>
                <income-elasticity year="2045">0.024</income-elasticity>
                <income-elasticity year="2050">0</income-elasticity>
                <income-elasticity year="2055">0</income-elasticity>
                <income-elasticity year="2060">0</income-elasticity>
                <income-elasticity year="2065">0</income-elasticity>
                <income-elasticity year="2070">0</income-elasticity>
                <income-elasticity year="2075">0</income-elasticity>
                <income-elasticity year="2080">0</income-elasticity>
                <income-elasticity year="2085">0</income-elasticity>
                <income-elasticity year="2090">0</income-elasticity>
                <income-elasticity year="2095">0</income-elasticity>
                <income-elasticity year="2100">0</income-elasticity>
            </energy-final-demand>
        </region>
        <region name="Central America and Caribbean">
            <energy-final-demand name="building">
                <income-elasticity year="2015">0.962</income-elasticity>
                <income-elasticity year="2020">0.931</income-elasticity>
                <income-elasticity year="2025">0.882</income-elasticity>
                <income-elasticity year="2030">0.83</income-elasticity>
                <income-elasticity year="2035">0.782</income-elasticity>
                <income-elasticity year="2040">0.724</income-elasticity>
                <income-elasticity year="2045">0.67</income-elasticity>
                <income-elasticity year="2050">0.617</income-elasticity>
                <income-elasticity year="2055">0.558</income-elasticity>
                <income-elasticity year="2060">0.491</income-elasticity>
                <income-elasticity year="2065">0.418</income-elasticity>
                <income-elasticity year="2070">0.357</income-elasticity>
                <income-elasticity year="2075">0.303</income-elasticity>
                <income-elasticity year="2080">0.242</income-elasticity>
                <income-elasticity year="2085">0.178</income-elasticity>
                <income-elasticity year="2090">0.121</income-elasticity>
                <income-elasticity year="2095">0.058</income-elasticity>
                <income-elasticity year="2100">0</income-elasticity>
            </energy-final-demand>
        </region>
        <region name="Central Asia">
            <energy-final-demand name="building">
                <income-elasticity year="2015">0.961</income-elasticity>
                <income-elasticity year="2020">0.907</income-elasticity>
                <income-elasticity year="2025">0.837</income-elasticity>
                <income-elasticity year="2030">0.783</income-elasticity>
                <income-elasticity year="2035">0.717</income-elasticity>
                <income-elasticity year="2040">0.665</income-elasticity>
                <income-elasticity year="2045">0.62</income-elasticity>
                <income-elasticity year="2050">0.577</income-elasticity>
                <income-elasticity year="2055">0.536</income-elasticity>
                <income-elasticity year="2060">0.49</income-elasticity>
                <income-elasticity year="2065">0.439</income-elasticity>
                <income-elasticity year="2070">0.39</income-elasticity>
                <income-elasticity year="2075">0.352</income-elasticity>
                <income-elasticity year="2080">0.314</income-elasticity>
                <income-elasticity year="2085">0.277</income-elasticity>
                <income-elasticity year="2090">0.23</income-elasticity>
                <income-elasticity year="2095">0.184</income-elasticity>
                <income-elasticity year="2100">0.144</income-elasticity>
            </energy-final-demand>
        </region>
        <region name="China">
            <energy-final-demand name="building">
                <income-elasticity year="2015">0.88</income-elasticity>
                <income-elasticity year="2020">0.8</income-elasticity>
                <income-elasticity year="2025">0.708</income-elasticity>
                <income-elasticity year="2030">0.627</income-elasticity>
                <income-elasticity year="2035">0.539</income-elasticity>
                <income-elasticity year="2040">0.453</income-elasticity>
                <income-elasticity year="2045">0.38</income-elasticity>
                <income-elasticity year="2050">0.328</income-elasticity>
                <income-elasticity year="2055">0.289</income-elasticity>
                <income-elasticity year="2060">0.247</income-elasticity>
                <income-elasticity year="2065">0.202</income-elasticity>
                <income-elasticity year="2070">0.17</income-elasticity>
                <income-elasticity year="2075">0.14</income-elasticity>
                <income-elasticity year="2080">0.107</income-elasticity>
                <income-elasticity year="2085">0.073</income-elasticity>
                <income-elasticity year="2090">0.035</income-elasticity>
                <income-elasticity year="2095">0</income-elasticity>
                <income-elasticity year="2100">0</income-elasticity>
            </energy-final-demand>
        </region>
        <region name="EU-12">
            <energy-final-demand name="building">
                <income-elasticity year="2015">0.728</income-elasticity>
                <income-elasticity year="2020">0.686</income-elasticity>
                <income-elasticity year="2025">0.645</income-elasticity>
                <income-elasticity year="2030">0.596</income-elasticity>
                <income-elasticity year="2035">0.539</income-elasticity>
                <income-elasticity year="2040">0.483</income-elasticity>
                <income-elasticity year="2045">0.43</income-elasticity>
                <income-elasticity year="2050">0.384</income-elasticity>
                <income-elasticity year="2055">0.345</income-elasticity>
                <income-elasticity year="2060">0.306</income-elasticity>
                <income-elasticity year="2065">0.262</income-elasticity>
                <income-elasticity year="2070">0.208</income-elasticity>
                <income-elasticity year="2075">0.164</income-elasticity>
                <income-elasticity year="2080">0.12</income-elasticity>
                <income-elasticity year="2085">0.073</income-elasticity>
                <income-elasticity year="2090">0.021</income-elasticity>
                <income-elasticity year="2095">0</income-elasticity>
                <income-elasticity year="2100">0</income-elasticity>
            </energy-final-demand>
        </region>
        <region name="EU-15">
            <energy-final-demand name="building">
                <income-elasticity year="2015">0.384</income-elasticity>
                <income-elasticity year="2020">0.358</income-elasticity>
                <income-elasticity year="2025">0.327</income-elasticity>
                <income-elasticity year="2030">0.291</income-elasticity>
                <income-elasticity year="2035">0.243</income-elasticity>
                <income-elasticity year="2040">0.191</income-elasticity>
                <income-elasticity year="2045">0.148</income-elasticity>
                <income-elasticity year="2050">0.104</income-elasticity>
                <income-elasticity year="2055">0.056</income-elasticity>
                <income-elasticity year="2060">0.003</income-elasticity>
                <income-elasticity year="2065">0</income-elasticity>
                <income-elasticity year="2070">0</income-elasticity>
                <income-elasticity year="2075">0</income-elasticity>
                <income-elasticity year="2080">0</income-elasticity>
                <income-elasticity year="2085">0</income-elasticity>
                <income-elasticity year="2090">0</income-elasticity>
                <income-elasticity year="2095">0</income-elasticity>
                <income-elasticity year="2100">0</income-elasticity>
            </energy-final-demand>
        </region>
        <region name="Europe_Eastern">
            <energy-final-demand name="building">
                <income-elasticity year="2015">0.984</income-elasticity>
                <income-elasticity year="2020">0.943</income-elasticity>
                <income-elasticity year="2025">0.879</income-elasticity>
                <income-elasticity year="2030">0.82</income-elasticity>
                <income-elasticity year="2035">0.764</income-elasticity>
                <income-elasticity year="2040">0.703</income-elasticity>
                <income-elasticity year="2045">0.66</income-elasticity>
                <income-elasticity year="2050">0.618</income-elasticity>
                <income-elasticity year="2055">0.573</income-elasticity>
                <income-elasticity year="2060">0.523</income-elasticity>
                <income-elasticity year="2065">0.469</income-elasticity>
                <income-elasticity year="2070">0.414</income-elasticity>
                <income-elasticity year="2075">0.371</income-elasticity>
                <income-elasticity year="2080">0.33</income-elasticity>
                <income-elasticity year="2085">0.292</income-elasticity>
                <income-elasticity year="2090">0.248</income-elasticity>
                <income-elasticity year="2095">0.198</income-elasticity>
                <income-elasticity year="2100">0.158</income-elasticity>
            </energy-final-demand>
        </region>
        <region name="Europe_Non_EU">
            <energy-final-demand name="building">
                <income-elasticity year="2015">0.793</income-elasticity>
                <income-elasticity year="2020">0.755</income-elasticity>
                <income-elasticity year="2025">0.708</income-elasticity>
                <income-elasticity year="2030">0.664</income-elasticity>
                <income-elasticity year="2035">0.616</income-elasticity>
                <income-elasticity year="2040">0.563</income-elasticity>
                <income-elasticity year="2045">0.507</income-elasticity>
                <income-elasticity year="2050">0.449</income-elasticity>
                <income-elasticity year="2055">0.391</income-elasticity>
                <income-elasticity year="2060">0.345</income-elasticity>
                <income-elasticity year="2065">0.301</income-elasticity>
                <income-elasticity year="2070">0.255</income-elasticity>
                <income-elasticity year="2075">0.202</income-elasticity>
                <income-elasticity year="2080">0.161</income-elasticity>
                <income-elasticity year="2085">0.116</income-elasticity>
                <income-elasticity year="2090">0.067</income-elasticity>
                <income-elasticity year="2095">0.014</income-elasticity>
                <income-elasticity year="2100">0</income-elasticity>
            </energy-final-demand>
        </region>
        <region name="European Free Trade Association">
            <energy-final-demand name="building">
                <income-elasticity year="2015">0.064</income-elasticity>
                <income-elasticity year="2020">0.021</income-elasticity>
                <income-elasticity year="2025">0</income-elasticity>
                <income-elasticity year="2030">0</income-elasticity>
                <income-elasticity year="2035">0</income-elasticity>
                <income-elasticity year="2040">0</income-elasticity>
                <income-elasticity year="2045">0</income-elasticity>
                <income-elasticity year="2050">0</income-elasticity>
                <income-elasticity year="2055">0</income-elasticity>
                <income-elasticity year="2060">0</income-elasticity>
                <income-elasticity year="2065">0</income-elasticity>
                <income-elasticity year="2070">0</income-elasticity>
                <income-elasticity year="2075">0</income-elasticity>
                <income-elasticity year="2080">0</income-elasticity>
                <income-elasticity year="2085">0</income-elasticity>
                <income-elasticity year="2090">0</income-elasticity>
                <income-elasticity year="2095">0</income-elasticity>
                <income-elasticity year="2100">0</income-elasticity>
            </energy-final-demand>
        </region>
        <region name="India">
            <energy-final-demand name="building">
                <income-elasticity year="2015">1.133</income-elasticity>
                <income-elasticity year="2020">1.094</income-elasticity>
                <income-elasticity year="2025">1.034</income-elasticity>
                <income-elasticity year="2030">0.968</income-elasticity>
                <income-elasticity year="2035">0.897</income-elasticity>
                <income-elasticity year="2040">0.83</income-elasticity>
                <income-elasticity year="2045">0.78</income-elasticity>
                <income-elasticity year="2050">0.724</income-elasticity>
                <income-elasticity year="2055">0.675</income-elasticity>
                <income-elasticity year="2060">0.629</income-elasticity>
                <income-elasticity year="2065">0.58</income-elasticity>
                <income-elasticity year="2070">0.527</income-elasticity>
                <income-elasticity year="2075">0.472</income-elasticity>
                <income-elasticity year="2080">0.411</income-elasticity>
                <income-elasticity year="2085">0.362</income-elasticity>
                <income-elasticity year="2090">0.316</income-elasticity>
                <income-elasticity year="2095">0.27</income-elasticity>
                <income-elasticity year="2100">0.213</income-elasticity>
            </energy-final-demand>
        </region>
        <region name="Indonesia">
            <energy-final-demand name="building">
                <income-elasticity year="2015">0.998</income-elasticity>
                <income-elasticity year="2020">0.945</income-elasticity>
                <income-elasticity year="2025">0.859</income-elasticity>
                <income-elasticity year="2030">0.791</income-elasticity>
                <income-elasticity year="2035">0.705</income-elasticity>
                <income-elasticity year="2040">0.634</income-elasticity>
                <income-elasticity year="2045">0.555</income-elasticity>
                <income-elasticity year="2050">0.469</income-elasticity>
                <income-elasticity year="2055">0.382</income-elasticity>
                <income-elasticity year="2060">0.314</income-elasticity>
                <income-elasticity year="2065">0.245</income-elasticity>
                <income-elasticity year="2070">0.176</income-elasticity>
                <income-elasticity year="2075">0.117</income-elasticity>
                <income-elasticity year="2080">0.054</income-elasticity>
                <income-elasticity year="2085">0</income-elasticity>
                <income-elasticity year="2090">0</income-elasticity>
                <income-elasticity year="2095">0</income-elasticity>
                <income-elasticity year="2100">0</income-elasticity>
            </energy-final-demand>
        </region>
        <region name="Japan">
            <energy-final-demand name="building">
                <income-elasticity year="2015">0.325</income-elasticity>
                <income-elasticity year="2020">0.302</income-elasticity>
                <income-elasticity year="2025">0.263</income-elasticity>
                <income-elasticity year="2030">0.202</income-elasticity>
                <income-elasticity year="2035">0.149</income-elasticity>
                <income-elasticity year="2040">0.097</income-elasticity>
                <income-elasticity year="2045">0.04</income-elasticity>
                <income-elasticity year="2050">0</income-elasticity>
                <income-elasticity year="2055">0</income-elasticity>
                <income-elasticity year="2060">0</income-elasticity>
                <income-elasticity year="2065">0</income-elasticity>
                <income-elasticity year="2070">0</income-elasticity>
                <income-elasticity year="2075">0</income-elasticity>
                <income-elasticity year="2080">0</income-elasticity>
                <income-elasticity year="2085">0</income-elasticity>
                <income-elasticity year="2090">0</income-elasticity>
                <income-elasticity year="2095">0</income-elasticity>
                <income-elasticity year="2100">0</income-elasticity>
            </energy-final-demand>
        </region>
        <region name="Mexico">
            <energy-final-demand name="building">
                <income-elasticity year="2015">0.794</income-elasticity>
                <income-elasticity year="2020">0.768</income-elasticity>
                <income-elasticity year="2025">0.73</income-elasticity>
                <income-elasticity year="2030">0.683</income-elasticity>
                <income-elasticity year="2035">0.634</income-elasticity>
                <income-elasticity year="2040">0.579</income-elasticity>
                <income-elasticity year="2045">0.517</income-elasticity>
                <income-elasticity year="2050">0.447</income-elasticity>
                <income-elasticity year="2055">0.379</income-elasticity>
                <income-elasticity year="2060">0.321</income-elasticity>
                <income-elasticity year="2065">0.266</income-elasticity>
                <income-elasticity year="2070">0.199</income-elasticity>
                <income-elasticity year="2075">0.148</income-elasticity>
                <income-elasticity year="2080">0.093</income-elasticity>
                <income-elasticity year="2085">0.033</income-elasticity>
                <income-elasticity year="2090">0</income-elasticity>
                <income-elasticity year="2095">0</income-elasticity>
                <income-elasticity year="2100">0</income-elasticity>
            </energy-final-demand>
        </region>
        <region name="Middle East">
            <energy-final-demand name="building">
                <income-elasticity year="2015">0.796</income-elasticity>
                <income-elasticity year="2020">0.766</income-elasticity>
                <income-elasticity year="2025">0.724</income-elasticity>
                <income-elasticity year="2030">0.677</income-elasticity>
                <income-elasticity year="2035">0.628</income-elasticity>
                <income-elasticity year="2040">0.574</income-elasticity>
                <income-elasticity year="2045">0.52</income-elasticity>
                <income-elasticity year="2050">0.465</income-elasticity>
                <income-elasticity year="2055">0.409</income-elasticity>
                <income-elasticity year="2060">0.364</income-elasticity>
                <income-elasticity year="2065">0.319</income-elasticity>
                <income-elasticity year="2070">0.278</income-elasticity>
                <income-elasticity year="2075">0.227</income-elasticity>
                <income-elasticity year="2080">0.179</income-elasticity>
                <income-elasticity year="2085">0.133</income-elasticity>
                <income-elasticity year="2090">0.083</income-elasticity>
                <income-elasticity year="2095">0.027</income-elasticity>
                <income-elasticity year="2100">0</income-elasticity>
            </energy-final-demand>
        </region>
        <region name="Pakistan">
            <energy-final-demand name="building">
                <income-elasticity year="2015">1.178</income-elasticity>
                <income-elasticity year="2020">1.168</income-elasticity>
                <income-elasticity year="2025">1.148</income-elasticity>
                <income-elasticity year="2030">1.115</income-elasticity>
                <income-elasticity year="2035">1.065</income-elasticity>
                <income-elasticity year="2040">0.999</income-elasticity>
                <income-elasticity year="2045">0.947</income-elasticity>
                <income-elasticity year="2050">0.885</income-elasticity>
                <income-elasticity year="2055">0.831</income-elasticity>
                <income-elasticity year="2060">0.788</income-elasticity>
                <income-elasticity year="2065">0.738</income-elasticity>
                <income-elasticity year="2070">0.689</income-elasticity>
                <income-elasticity year="2075">0.648</income-elasticity>
                <income-elasticity year="2080">0.603</income-elasticity>
                <income-elasticity year="2085">0.554</income-elasticity>
                <income-elasticity year="2090">0.5</income-elasticity>
                <income-elasticity year="2095">0.441</income-elasticity>
                <income-elasticity year="2100">0.384</income-elasticity>
            </energy-final-demand>
        </region>
        <region name="Russia">
            <energy-final-demand name="building">
                <income-elasticity year="2015">0.743</income-elasticity>
                <income-elasticity year="2020">0.691</income-elasticity>
                <income-elasticity year="2025">0.637</income-elasticity>
                <income-elasticity year="2030">0.563</income-elasticity>
                <income-elasticity year="2035">0.478</income-elasticity>
                <income-elasticity year="2040">0.397</income-elasticity>
                <income-elasticity year="2045">0.347</income-elasticity>
                <income-elasticity year="2050">0.308</income-elasticity>
                <income-elasticity year="2055">0.272</income-elasticity>
                <income-elasticity year="2060">0.225</income-elasticity>
                <income-elasticity year="2065">0.18</income-elasticity>
                <income-elasticity year="2070">0.142</income-elasticity>
                <income-elasticity year="2075">0.106</income-elasticity>
                <income-elasticity year="2080">0.067</income-elasticity>
                <income-elasticity year="2085">0.023</income-elasticity>
                <income-elasticity year="2090">0</income-elasticity>
                <income-elasticity year="2095">0</income-elasticity>
                <income-elasticity year="2100">0</income-elasticity>
            </energy-final-demand>
        </region>
        <region name="South Africa">
            <energy-final-demand name="building">
                <income-elasticity year="2015">0.834</income-elasticity>
                <income-elasticity year="2020">0.802</income-elasticity>
                <income-elasticity year="2025">0.76</income-elasticity>
                <income-elasticity year="2030">0.705</income-elasticity>
                <income-elasticity year="2035">0.659</income-elasticity>
                <income-elasticity year="2040">0.609</income-elasticity>
                <income-elasticity year="2045">0.555</income-elasticity>
                <income-elasticity year="2050">0.5</income-elasticity>
                <income-elasticity year="2055">0.441</income-elasticity>
                <income-elasticity year="2060">0.385</income-elasticity>
                <income-elasticity year="2065">0.339</income-elasticity>
                <income-elasticity year="2070">0.298</income-elasticity>
                <income-elasticity year="2075">0.254</income-elasticity>
                <income-elasticity year="2080">0.203</income-elasticity>
                <income-elasticity year="2085">0.165</income-elasticity>
                <income-elasticity year="2090">0.124</income-elasticity>
                <income-elasticity year="2095">0.082</income-elasticity>
                <income-elasticity year="2100">0.037</income-elasticity>
            </energy-final-demand>
        </region>
        <region name="South America_Northern">
            <energy-final-demand name="building">
                <income-elasticity year="2015">0.708</income-elasticity>
                <income-elasticity year="2020">0.686</income-elasticity>
                <income-elasticity year="2025">0.652</income-elasticity>
                <income-elasticity year="2030">0.601</income-elasticity>
                <income-elasticity year="2035">0.533</income-elasticity>
                <income-elasticity year="2040">0.452</income-elasticity>
                <income-elasticity year="2045">0.372</income-elasticity>
                <income-elasticity year="2050">0.304</income-elasticity>
                <income-elasticity year="2055">0.23</income-elasticity>
                <income-elasticity year="2060">0.159</income-elasticity>
                <income-elasticity year="2065">0.093</income-elasticity>
                <income-elasticity year="2070">0.024</income-elasticity>
                <income-elasticity year="2075">0</income-elasticity>
                <income-elasticity year="2080">0</income-elasticity>
                <income-elasticity year="2085">0</income-elasticity>
                <income-elasticity year="2090">0</income-elasticity>
                <income-elasticity year="2095">0</income-elasticity>
                <income-elasticity year="2100">0</income-elasticity>
            </energy-final-demand>
        </region>
        <region name="South America_Southern">
            <energy-final-demand name="building">
                <income-elasticity year="2015">0.847</income-elasticity>
                <income-elasticity year="2020">0.814</income-elasticity>
                <income-elasticity year="2025">0.768</income-elasticity>
                <income-elasticity year="2030">0.706</income-elasticity>
                <income-elasticity year="2035">0.652</income-elasticity>
                <income-elasticity year="2040">0.593</income-elasticity>
                <income-elasticity year="2045">0.528</income-elasticity>
                <income-elasticity year="2050">0.457</income-elasticity>
                <income-elasticity year="2055">0.386</income-elasticity>
                <income-elasticity year="2060">0.329</income-elasticity>
                <income-elasticity year="2065">0.276</income-elasticity>
                <income-elasticity year="2070">0.211</income-elasticity>
                <income-elasticity year="2075">0.158</income-elasticity>
                <income-elasticity year="2080">0.104</income-elasticity>
                <income-elasticity year="2085">0.046</income-elasticity>
                <income-elasticity year="2090">0</income-elasticity>
                <income-elasticity year="2095">0</income-elasticity>
                <income-elasticity year="2100">0</income-elasticity>
            </energy-final-demand>
        </region>
        <region name="South Asia">
            <energy-final-demand name="building">
                <income-elasticity year="2015">1.183</income-elasticity>
                <income-elasticity year="2020">1.163</income-elasticity>
                <income-elasticity year="2025">1.132</income-elasticity>
                <income-elasticity year="2030">1.083</income-elasticity>
                <income-elasticity year="2035">1.014</income-elasticity>
                <income-elasticity year="2040">0.955</income-elasticity>
                <income-elasticity year="2045">0.889</income-elasticity>
                <income-elasticity year="2050">0.83</income-elasticity>
                <income-elasticity year="2055">0.784</income-elasticity>
                <income-elasticity year="2060">0.73</income-elasticity>
                <income-elasticity year="2065">0.68</income-elasticity>
                <income-elasticity year="2070">0.636</income-elasticity>
                <income-elasticity year="2075">0.586</income-elasticity>
                <income-elasticity year="2080">0.532</income-elasticity>
                <income-elasticity year="2085">0.472</income-elasticity>
                <income-elasticity year="2090">0.406</income-elasticity>
                <income-elasticity year="2095">0.353</income-elasticity>
                <income-elasticity year="2100">0.302</income-elasticity>
            </energy-final-demand>
        </region>
        <region name="South Korea">
            <energy-final-demand name="building">
                <income-elasticity year="2015">0.543</income-elasticity>
                <income-elasticity year="2020">0.472</income-elasticity>
                <income-elasticity year="2025">0.392</income-elasticity>
                <income-elasticity year="2030">0.332</income-elasticity>
                <income-elasticity year="2035">0.278</income-elasticity>
                <income-elasticity year="2040">0.22</income-elasticity>
                <income-elasticity year="2045">0.171</income-elasticity>
                <income-elasticity year="2050">0.127</income-elasticity>
                <income-elasticity year="2055">0.08</income-elasticity>
                <income-elasticity year="2060">0.033</income-elasticity>
                <income-elasticity year="2065">0</income-elasticity>
                <income-elasticity year="2070">0</income-elasticity>
                <income-elasticity year="2075">0</income-elasticity>
                <income-elasticity year="2080">0</income-elasticity>
                <income-elasticity year="2085">0</income-elasticity>
                <income-elasticity year="2090">0</income-elasticity>
                <income-elasticity year="2095">0</income-elasticity>
                <income-elasticity year="2100">0</income-elasticity>
            </energy-final-demand>
        </region>
        <region name="Southeast Asia">
            <energy-final-demand name="building">
                <income-elasticity year="2015">0.994</income-elasticity>
                <income-elasticity year="2020">0.957</income-elasticity>
                <income-elasticity year="2025">0.903</income-elasticity>
                <income-elasticity year="2030">0.839</income-elasticity>
                <income-elasticity year="2035">0.791</income-elasticity>
                <income-elasticity year="2040">0.734</income-elasticity>
                <income-elasticity year="2045">0.68</income-elasticity>
                <income-elasticity year="2050">0.632</income-elasticity>
                <income-elasticity year="2055">0.58</income-elasticity>
                <income-elasticity year="2060">0.521</income-elasticity>
                <income-elasticity year="2065">0.458</income-elasticity>
                <income-elasticity year="2070">0.393</income-elasticity>
                <income-elasticity year="2075">0.343</income-elasticity>
                <income-elasticity year="2080">0.294</income-elasticity>
                <income-elasticity year="2085">0.239</income-elasticity>
                <income-elasticity year="2090">0.182</income-elasticity>
                <income-elasticity year="2095">0.132</income-elasticity>
                <income-elasticity year="2100">0.078</income-elasticity>
            </energy-final-demand>
        </region>
        <region name="Taiwan">
            <energy-final-demand name="building">
                <income-elasticity year="2015">0.614</income-elasticity>
                <income-elasticity year="2020">0.551</income-elasticity>
                <income-elasticity year="2025">0.494</income-elasticity>
                <income-elasticity year="2030">0.436</income-elasticity>
                <income-elasticity year="2035">0.383</income-elasticity>
                <income-elasticity year="2040">0.343</income-elasticity>
                <income-elasticity year="2045">0.311</income-elasticity>
                <income-elasticity year="2050">0.288</income-elasticity>
                <income-elasticity year="2055">0.272</income-elasticity>
                <income-elasticity year="2060">0.255</income-elasticity>
                <income-elasticity year="2065">0.223</income-elasticity>
                <income-elasticity year="2070">0.196</income-elasticity>
                <income-elasticity year="2075">0.179</income-elasticity>
                <income-elasticity year="2080">0.165</income-elasticity>
                <income-elasticity year="2085">0.154</income-elasticity>
                <income-elasticity year="2090">0.147</income-elasticity>
                <income-elasticity year="2095">0.143</income-elasticity>
                <income-elasticity year="2100">0.142</income-elasticity>
            </energy-final-demand>
        </region>
        <region name="Argentina">
            <energy-final-demand name="building">
                <income-elasticity year="2015">0.729</income-elasticity>
                <income-elasticity year="2020">0.688</income-elasticity>
                <income-elasticity year="2025">0.646</income-elasticity>
                <income-elasticity year="2030">0.59</income-elasticity>
                <income-elasticity year="2035">0.521</income-elasticity>
                <income-elasticity year="2040">0.449</income-elasticity>
                <income-elasticity year="2045">0.383</income-elasticity>
                <income-elasticity year="2050">0.33</income-elasticity>
                <income-elasticity year="2055">0.282</income-elasticity>
                <income-elasticity year="2060">0.226</income-elasticity>
                <income-elasticity year="2065">0.174</income-elasticity>
                <income-elasticity year="2070">0.129</income-elasticity>
                <income-elasticity year="2075">0.082</income-elasticity>
                <income-elasticity year="2080">0.032</income-elasticity>
                <income-elasticity year="2085">0</income-elasticity>
                <income-elasticity year="2090">0</income-elasticity>
                <income-elasticity year="2095">0</income-elasticity>
                <income-elasticity year="2100">0</income-elasticity>
            </energy-final-demand>
        </region>
        <region name="Colombia">
            <energy-final-demand name="building">
                <income-elasticity year="2015">0.86</income-elasticity>
                <income-elasticity year="2020">0.831</income-elasticity>
                <income-elasticity year="2025">0.802</income-elasticity>
                <income-elasticity year="2030">0.756</income-elasticity>
                <income-elasticity year="2035">0.695</income-elasticity>
                <income-elasticity year="2040">0.645</income-elasticity>
                <income-elasticity year="2045">0.589</income-elasticity>
                <income-elasticity year="2050">0.527</income-elasticity>
                <income-elasticity year="2055">0.459</income-elasticity>
                <income-elasticity year="2060">0.389</income-elasticity>
                <income-elasticity year="2065">0.333</income-elasticity>
                <income-elasticity year="2070">0.281</income-elasticity>
                <income-elasticity year="2075">0.22</income-elasticity>
                <income-elasticity year="2080">0.165</income-elasticity>
                <income-elasticity year="2085">0.112</income-elasticity>
                <income-elasticity year="2090">0.054</income-elasticity>
                <income-elasticity year="2095">0</income-elasticity>
                <income-elasticity year="2100">0</income-elasticity>
            </energy-final-demand>
        </region>
    </world>
</scenario>
