<?xml version="1.0" encoding="UTF-8"?>
<scenario>
    <world>
        <region name="USA">
            <energy-final-demand name="building">
                <income-elasticity year="2015">0.279</income-elasticity>
                <income-elasticity year="2020">0.226</income-elasticity>
                <income-elasticity year="2025">0.18</income-elasticity>
                <income-elasticity year="2030">0.142</income-elasticity>
                <income-elasticity year="2035">0.106</income-elasticity>
                <income-elasticity year="2040">0.073</income-elasticity>
                <income-elasticity year="2045">0.043</income-elasticity>
                <income-elasticity year="2050">0.016</income-elasticity>
                <income-elasticity year="2055">0</income-elasticity>
                <income-elasticity year="2060">0</income-elasticity>
                <income-elasticity year="2065">0</income-elasticity>
                <income-elasticity year="2070">0</income-elasticity>
                <income-elasticity year="2075">0</income-elasticity>
                <income-elasticity year="2080">0</income-elasticity>
                <income-elasticity year="2085">0</income-elasticity>
                <income-elasticity year="2090">0</income-elasticity>
                <income-elasticity year="2095">0</income-elasticity>
                <income-elasticity year="2100">0</income-elasticity>
            </energy-final-demand>
        </region>
        <region name="Africa_Eastern">
            <energy-final-demand name="building">
                <income-elasticity year="2015">1.2</income-elasticity>
                <income-elasticity year="2020">1.189</income-elasticity>
                <income-elasticity year="2025">1.18</income-elasticity>
                <income-elasticity year="2030">1.173</income-elasticity>
                <income-elasticity year="2035">1.167</income-elasticity>
                <income-elasticity year="2040">1.16</income-elasticity>
                <income-elasticity year="2045">1.153</income-elasticity>
                <income-elasticity year="2050">1.146</income-elasticity>
                <income-elasticity year="2055">1.138</income-elasticity>
                <income-elasticity year="2060">1.13</income-elasticity>
                <income-elasticity year="2065">1.12</income-elasticity>
                <income-elasticity year="2070">1.109</income-elasticity>
                <income-elasticity year="2075">1.097</income-elasticity>
                <income-elasticity year="2080">1.085</income-elasticity>
                <income-elasticity year="2085">1.071</income-elasticity>
                <income-elasticity year="2090">1.057</income-elasticity>
                <income-elasticity year="2095">1.042</income-elasticity>
                <income-elasticity year="2100">1.026</income-elasticity>
            </energy-final-demand>
        </region>
        <region name="Africa_Northern">
            <energy-final-demand name="building">
                <income-elasticity year="2015">0.993</income-elasticity>
                <income-elasticity year="2020">0.959</income-elasticity>
                <income-elasticity year="2025">0.919</income-elasticity>
                <income-elasticity year="2030">0.873</income-elasticity>
                <income-elasticity year="2035">0.837</income-elasticity>
                <income-elasticity year="2040">0.812</income-elasticity>
                <income-elasticity year="2045">0.785</income-elasticity>
                <income-elasticity year="2050">0.758</income-elasticity>
                <income-elasticity year="2055">0.728</income-elasticity>
                <income-elasticity year="2060">0.696</income-elasticity>
                <income-elasticity year="2065">0.671</income-elasticity>
                <income-elasticity year="2070">0.645</income-elasticity>
                <income-elasticity year="2075">0.617</income-elasticity>
                <income-elasticity year="2080">0.589</income-elasticity>
                <income-elasticity year="2085">0.559</income-elasticity>
                <income-elasticity year="2090">0.527</income-elasticity>
                <income-elasticity year="2095">0.493</income-elasticity>
                <income-elasticity year="2100">0.457</income-elasticity>
            </energy-final-demand>
        </region>
        <region name="Africa_Southern">
            <energy-final-demand name="building">
                <income-elasticity year="2015">1.15</income-elasticity>
                <income-elasticity year="2020">1.132</income-elasticity>
                <income-elasticity year="2025">1.119</income-elasticity>
                <income-elasticity year="2030">1.108</income-elasticity>
                <income-elasticity year="2035">1.101</income-elasticity>
                <income-elasticity year="2040">1.094</income-elasticity>
                <income-elasticity year="2045">1.084</income-elasticity>
                <income-elasticity year="2050">1.071</income-elasticity>
                <income-elasticity year="2055">1.054</income-elasticity>
                <income-elasticity year="2060">1.035</income-elasticity>
                <income-elasticity year="2065">1.011</income-elasticity>
                <income-elasticity year="2070">0.991</income-elasticity>
                <income-elasticity year="2075">0.974</income-elasticity>
                <income-elasticity year="2080">0.955</income-elasticity>
                <income-elasticity year="2085">0.935</income-elasticity>
                <income-elasticity year="2090">0.913</income-elasticity>
                <income-elasticity year="2095">0.89</income-elasticity>
                <income-elasticity year="2100">0.865</income-elasticity>
            </energy-final-demand>
        </region>
        <region name="Africa_Western">
            <energy-final-demand name="building">
                <income-elasticity year="2015">1.14</income-elasticity>
                <income-elasticity year="2020">1.118</income-elasticity>
                <income-elasticity year="2025">1.096</income-elasticity>
                <income-elasticity year="2030">1.076</income-elasticity>
                <income-elasticity year="2035">1.06</income-elasticity>
                <income-elasticity year="2040">1.045</income-elasticity>
                <income-elasticity year="2045">1.03</income-elasticity>
                <income-elasticity year="2050">1.014</income-elasticity>
                <income-elasticity year="2055">0.998</income-elasticity>
                <income-elasticity year="2060">0.986</income-elasticity>
                <income-elasticity year="2065">0.972</income-elasticity>
                <income-elasticity year="2070">0.957</income-elasticity>
                <income-elasticity year="2075">0.941</income-elasticity>
                <income-elasticity year="2080">0.924</income-elasticity>
                <income-elasticity year="2085">0.906</income-elasticity>
                <income-elasticity year="2090">0.887</income-elasticity>
                <income-elasticity year="2095">0.866</income-elasticity>
                <income-elasticity year="2100">0.848</income-elasticity>
            </energy-final-demand>
        </region>
        <region name="Australia_NZ">
            <energy-final-demand name="building">
                <income-elasticity year="2015">0.274</income-elasticity>
                <income-elasticity year="2020">0.228</income-elasticity>
                <income-elasticity year="2025">0.188</income-elasticity>
                <income-elasticity year="2030">0.151</income-elasticity>
                <income-elasticity year="2035">0.11</income-elasticity>
                <income-elasticity year="2040">0.066</income-elasticity>
                <income-elasticity year="2045">0.021</income-elasticity>
                <income-elasticity year="2050">0</income-elasticity>
                <income-elasticity year="2055">0</income-elasticity>
                <income-elasticity year="2060">0</income-elasticity>
                <income-elasticity year="2065">0</income-elasticity>
                <income-elasticity year="2070">0</income-elasticity>
                <income-elasticity year="2075">0</income-elasticity>
                <income-elasticity year="2080">0</income-elasticity>
                <income-elasticity year="2085">0</income-elasticity>
                <income-elasticity year="2090">0</income-elasticity>
                <income-elasticity year="2095">0</income-elasticity>
                <income-elasticity year="2100">0</income-elasticity>
            </energy-final-demand>
        </region>
        <region name="Brazil">
            <energy-final-demand name="building">
                <income-elasticity year="2015">0.754</income-elasticity>
                <income-elasticity year="2020">0.712</income-elasticity>
                <income-elasticity year="2025">0.682</income-elasticity>
                <income-elasticity year="2030">0.656</income-elasticity>
                <income-elasticity year="2035">0.63</income-elasticity>
                <income-elasticity year="2040">0.602</income-elasticity>
                <income-elasticity year="2045">0.573</income-elasticity>
                <income-elasticity year="2050">0.543</income-elasticity>
                <income-elasticity year="2055">0.509</income-elasticity>
                <income-elasticity year="2060">0.472</income-elasticity>
                <income-elasticity year="2065">0.433</income-elasticity>
                <income-elasticity year="2070">0.394</income-elasticity>
                <income-elasticity year="2075">0.361</income-elasticity>
                <income-elasticity year="2080">0.327</income-elasticity>
                <income-elasticity year="2085">0.294</income-elasticity>
                <income-elasticity year="2090">0.256</income-elasticity>
                <income-elasticity year="2095">0.209</income-elasticity>
                <income-elasticity year="2100">0.17</income-elasticity>
            </energy-final-demand>
        </region>
        <region name="Canada">
            <energy-final-demand name="building">
                <income-elasticity year="2015">0.289</income-elasticity>
                <income-elasticity year="2020">0.257</income-elasticity>
                <income-elasticity year="2025">0.229</income-elasticity>
                <income-elasticity year="2030">0.196</income-elasticity>
                <income-elasticity year="2035">0.165</income-elasticity>
                <income-elasticity year="2040">0.132</income-elasticity>
                <income-elasticity year="2045">0.099</income-elasticity>
                <income-elasticity year="2050">0.069</income-elasticity>
                <income-elasticity year="2055">0.039</income-elasticity>
                <income-elasticity year="2060">0.006</income-elasticity>
                <income-elasticity year="2065">0</income-elasticity>
                <income-elasticity year="2070">0</income-elasticity>
                <income-elasticity year="2075">0</income-elasticity>
                <income-elasticity year="2080">0</income-elasticity>
                <income-elasticity year="2085">0</income-elasticity>
                <income-elasticity year="2090">0</income-elasticity>
                <income-elasticity year="2095">0</income-elasticity>
                <income-elasticity year="2100">0</income-elasticity>
            </energy-final-demand>
        </region>
        <region name="Central America and Caribbean">
            <energy-final-demand name="building">
                <income-elasticity year="2015">0.964</income-elasticity>
                <income-elasticity year="2020">0.939</income-elasticity>
                <income-elasticity year="2025">0.914</income-elasticity>
                <income-elasticity year="2030">0.888</income-elasticity>
                <income-elasticity year="2035">0.863</income-elasticity>
                <income-elasticity year="2040">0.844</income-elasticity>
                <income-elasticity year="2045">0.831</income-elasticity>
                <income-elasticity year="2050">0.818</income-elasticity>
                <income-elasticity year="2055">0.805</income-elasticity>
                <income-elasticity year="2060">0.792</income-elasticity>
                <income-elasticity year="2065">0.78</income-elasticity>
                <income-elasticity year="2070">0.767</income-elasticity>
                <income-elasticity year="2075">0.755</income-elasticity>
                <income-elasticity year="2080">0.743</income-elasticity>
                <income-elasticity year="2085">0.731</income-elasticity>
                <income-elasticity year="2090">0.72</income-elasticity>
                <income-elasticity year="2095">0.709</income-elasticity>
                <income-elasticity year="2100">0.698</income-elasticity>
            </energy-final-demand>
        </region>
        <region name="Central Asia">
            <energy-final-demand name="building">
                <income-elasticity year="2015">0.962</income-elasticity>
                <income-elasticity year="2020">0.911</income-elasticity>
                <income-elasticity year="2025">0.849</income-elasticity>
                <income-elasticity year="2030">0.813</income-elasticity>
                <income-elasticity year="2035">0.776</income-elasticity>
                <income-elasticity year="2040">0.738</income-elasticity>
                <income-elasticity year="2045">0.704</income-elasticity>
                <income-elasticity year="2050">0.683</income-elasticity>
                <income-elasticity year="2055">0.665</income-elasticity>
                <income-elasticity year="2060">0.645</income-elasticity>
                <income-elasticity year="2065">0.623</income-elasticity>
                <income-elasticity year="2070">0.6</income-elasticity>
                <income-elasticity year="2075">0.577</income-elasticity>
                <income-elasticity year="2080">0.554</income-elasticity>
                <income-elasticity year="2085">0.53</income-elasticity>
                <income-elasticity year="2090">0.505</income-elasticity>
                <income-elasticity year="2095">0.478</income-elasticity>
                <income-elasticity year="2100">0.451</income-elasticity>
            </energy-final-demand>
        </region>
        <region name="China">
            <energy-final-demand name="building">
                <income-elasticity year="2015">0.88</income-elasticity>
                <income-elasticity year="2020">0.805</income-elasticity>
                <income-elasticity year="2025">0.74</income-elasticity>
                <income-elasticity year="2030">0.683</income-elasticity>
                <income-elasticity year="2035">0.642</income-elasticity>
                <income-elasticity year="2040">0.603</income-elasticity>
                <income-elasticity year="2045">0.564</income-elasticity>
                <income-elasticity year="2050">0.528</income-elasticity>
                <income-elasticity year="2055">0.496</income-elasticity>
                <income-elasticity year="2060">0.462</income-elasticity>
                <income-elasticity year="2065">0.428</income-elasticity>
                <income-elasticity year="2070">0.397</income-elasticity>
                <income-elasticity year="2075">0.375</income-elasticity>
                <income-elasticity year="2080">0.351</income-elasticity>
                <income-elasticity year="2085">0.327</income-elasticity>
                <income-elasticity year="2090">0.305</income-elasticity>
                <income-elasticity year="2095">0.282</income-elasticity>
                <income-elasticity year="2100">0.257</income-elasticity>
            </energy-final-demand>
        </region>
        <region name="EU-12">
            <energy-final-demand name="building">
                <income-elasticity year="2015">0.728</income-elasticity>
                <income-elasticity year="2020">0.687</income-elasticity>
                <income-elasticity year="2025">0.653</income-elasticity>
                <income-elasticity year="2030">0.615</income-elasticity>
                <income-elasticity year="2035">0.575</income-elasticity>
                <income-elasticity year="2040">0.535</income-elasticity>
                <income-elasticity year="2045">0.499</income-elasticity>
                <income-elasticity year="2050">0.463</income-elasticity>
                <income-elasticity year="2055">0.427</income-elasticity>
                <income-elasticity year="2060">0.39</income-elasticity>
                <income-elasticity year="2065">0.357</income-elasticity>
                <income-elasticity year="2070">0.323</income-elasticity>
                <income-elasticity year="2075">0.293</income-elasticity>
                <income-elasticity year="2080">0.261</income-elasticity>
                <income-elasticity year="2085">0.224</income-elasticity>
                <income-elasticity year="2090">0.19</income-elasticity>
                <income-elasticity year="2095">0.161</income-elasticity>
                <income-elasticity year="2100">0.13</income-elasticity>
            </energy-final-demand>
        </region>
        <region name="EU-15">
            <energy-final-demand name="building">
                <income-elasticity year="2015">0.384</income-elasticity>
                <income-elasticity year="2020">0.358</income-elasticity>
                <income-elasticity year="2025">0.329</income-elasticity>
                <income-elasticity year="2030">0.3</income-elasticity>
                <income-elasticity year="2035">0.266</income-elasticity>
                <income-elasticity year="2040">0.224</income-elasticity>
                <income-elasticity year="2045">0.186</income-elasticity>
                <income-elasticity year="2050">0.155</income-elasticity>
                <income-elasticity year="2055">0.121</income-elasticity>
                <income-elasticity year="2060">0.085</income-elasticity>
                <income-elasticity year="2065">0.045</income-elasticity>
                <income-elasticity year="2070">0.004</income-elasticity>
                <income-elasticity year="2075">0</income-elasticity>
                <income-elasticity year="2080">0</income-elasticity>
                <income-elasticity year="2085">0</income-elasticity>
                <income-elasticity year="2090">0</income-elasticity>
                <income-elasticity year="2095">0</income-elasticity>
                <income-elasticity year="2100">0</income-elasticity>
            </energy-final-demand>
        </region>
        <region name="Europe_Eastern">
            <energy-final-demand name="building">
                <income-elasticity year="2015">0.984</income-elasticity>
                <income-elasticity year="2020">0.946</income-elasticity>
                <income-elasticity year="2025">0.902</income-elasticity>
                <income-elasticity year="2030">0.85</income-elasticity>
                <income-elasticity year="2035">0.821</income-elasticity>
                <income-elasticity year="2040">0.791</income-elasticity>
                <income-elasticity year="2045">0.761</income-elasticity>
                <income-elasticity year="2050">0.73</income-elasticity>
                <income-elasticity year="2055">0.697</income-elasticity>
                <income-elasticity year="2060">0.67</income-elasticity>
                <income-elasticity year="2065">0.641</income-elasticity>
                <income-elasticity year="2070">0.61</income-elasticity>
                <income-elasticity year="2075">0.58</income-elasticity>
                <income-elasticity year="2080">0.549</income-elasticity>
                <income-elasticity year="2085">0.517</income-elasticity>
                <income-elasticity year="2090">0.482</income-elasticity>
                <income-elasticity year="2095">0.446</income-elasticity>
                <income-elasticity year="2100">0.409</income-elasticity>
            </energy-final-demand>
        </region>
        <region name="Europe_Non_EU">
            <energy-final-demand name="building">
                <income-elasticity year="2015">0.793</income-elasticity>
                <income-elasticity year="2020">0.758</income-elasticity>
                <income-elasticity year="2025">0.724</income-elasticity>
                <income-elasticity year="2030">0.693</income-elasticity>
                <income-elasticity year="2035">0.671</income-elasticity>
                <income-elasticity year="2040">0.648</income-elasticity>
                <income-elasticity year="2045">0.625</income-elasticity>
                <income-elasticity year="2050">0.602</income-elasticity>
                <income-elasticity year="2055">0.577</income-elasticity>
                <income-elasticity year="2060">0.552</income-elasticity>
                <income-elasticity year="2065">0.525</income-elasticity>
                <income-elasticity year="2070">0.497</income-elasticity>
                <income-elasticity year="2075">0.469</income-elasticity>
                <income-elasticity year="2080">0.439</income-elasticity>
                <income-elasticity year="2085">0.409</income-elasticity>
                <income-elasticity year="2090">0.383</income-elasticity>
                <income-elasticity year="2095">0.359</income-elasticity>
                <income-elasticity year="2100">0.333</income-elasticity>
            </energy-final-demand>
        </region>
        <region name="European Free Trade Association">
            <energy-final-demand name="building">
                <income-elasticity year="2015">0.064</income-elasticity>
                <income-elasticity year="2020">0.023</income-elasticity>
                <income-elasticity year="2025">0</income-elasticity>
                <income-elasticity year="2030">0</income-elasticity>
                <income-elasticity year="2035">0</income-elasticity>
                <income-elasticity year="2040">0</income-elasticity>
                <income-elasticity year="2045">0</income-elasticity>
                <income-elasticity year="2050">0</income-elasticity>
                <income-elasticity year="2055">0</income-elasticity>
                <income-elasticity year="2060">0</income-elasticity>
                <income-elasticity year="2065">0</income-elasticity>
                <income-elasticity year="2070">0</income-elasticity>
                <income-elasticity year="2075">0</income-elasticity>
                <income-elasticity year="2080">0</income-elasticity>
                <income-elasticity year="2085">0</income-elasticity>
                <income-elasticity year="2090">0</income-elasticity>
                <income-elasticity year="2095">0</income-elasticity>
                <income-elasticity year="2100">0</income-elasticity>
            </energy-final-demand>
        </region>
        <region name="India">
            <energy-final-demand name="building">
                <income-elasticity year="2015">1.133</income-elasticity>
                <income-elasticity year="2020">1.096</income-elasticity>
                <income-elasticity year="2025">1.055</income-elasticity>
                <income-elasticity year="2030">1.009</income-elasticity>
                <income-elasticity year="2035">0.976</income-elasticity>
                <income-elasticity year="2040">0.944</income-elasticity>
                <income-elasticity year="2045">0.911</income-elasticity>
                <income-elasticity year="2050">0.876</income-elasticity>
                <income-elasticity year="2055">0.845</income-elasticity>
                <income-elasticity year="2060">0.824</income-elasticity>
                <income-elasticity year="2065">0.803</income-elasticity>
                <income-elasticity year="2070">0.781</income-elasticity>
                <income-elasticity year="2075">0.757</income-elasticity>
                <income-elasticity year="2080">0.732</income-elasticity>
                <income-elasticity year="2085">0.706</income-elasticity>
                <income-elasticity year="2090">0.685</income-elasticity>
                <income-elasticity year="2095">0.665</income-elasticity>
                <income-elasticity year="2100">0.644</income-elasticity>
            </energy-final-demand>
        </region>
        <region name="Indonesia">
            <energy-final-demand name="building">
                <income-elasticity year="2015">0.998</income-elasticity>
                <income-elasticity year="2020">0.948</income-elasticity>
                <income-elasticity year="2025">0.885</income-elasticity>
                <income-elasticity year="2030">0.832</income-elasticity>
                <income-elasticity year="2035">0.793</income-elasticity>
                <income-elasticity year="2040">0.748</income-elasticity>
                <income-elasticity year="2045">0.701</income-elasticity>
                <income-elasticity year="2050">0.667</income-elasticity>
                <income-elasticity year="2055">0.631</income-elasticity>
                <income-elasticity year="2060">0.592</income-elasticity>
                <income-elasticity year="2065">0.551</income-elasticity>
                <income-elasticity year="2070">0.508</income-elasticity>
                <income-elasticity year="2075">0.464</income-elasticity>
                <income-elasticity year="2080">0.416</income-elasticity>
                <income-elasticity year="2085">0.375</income-elasticity>
                <income-elasticity year="2090">0.337</income-elasticity>
                <income-elasticity year="2095">0.3</income-elasticity>
                <income-elasticity year="2100">0.261</income-elasticity>
            </energy-final-demand>
        </region>
        <region name="Japan">
            <energy-final-demand name="building">
                <income-elasticity year="2015">0.325</income-elasticity>
                <income-elasticity year="2020">0.303</income-elasticity>
                <income-elasticity year="2025">0.269</income-elasticity>
                <income-elasticity year="2030">0.218</income-elasticity>
                <income-elasticity year="2035">0.173</income-elasticity>
                <income-elasticity year="2040">0.134</income-elasticity>
                <income-elasticity year="2045">0.091</income-elasticity>
                <income-elasticity year="2050">0.048</income-elasticity>
                <income-elasticity year="2055">0.001</income-elasticity>
                <income-elasticity year="2060">0</income-elasticity>
                <income-elasticity year="2065">0</income-elasticity>
                <income-elasticity year="2070">0</income-elasticity>
                <income-elasticity year="2075">0</income-elasticity>
                <income-elasticity year="2080">0</income-elasticity>
                <income-elasticity year="2085">0</income-elasticity>
                <income-elasticity year="2090">0</income-elasticity>
                <income-elasticity year="2095">0</income-elasticity>
                <income-elasticity year="2100">0</income-elasticity>
            </energy-final-demand>
        </region>
        <region name="Mexico">
            <energy-final-demand name="building">
                <income-elasticity year="2015">0.794</income-elasticity>
                <income-elasticity year="2020">0.77</income-elasticity>
                <income-elasticity year="2025">0.743</income-elasticity>
                <income-elasticity year="2030">0.71</income-elasticity>
                <income-elasticity year="2035">0.683</income-elasticity>
                <income-elasticity year="2040">0.658</income-elasticity>
                <income-elasticity year="2045">0.631</income-elasticity>
                <income-elasticity year="2050">0.6</income-elasticity>
                <income-elasticity year="2055">0.566</income-elasticity>
                <income-elasticity year="2060">0.528</income-elasticity>
                <income-elasticity year="2065">0.487</income-elasticity>
                <income-elasticity year="2070">0.444</income-elasticity>
                <income-elasticity year="2075">0.399</income-elasticity>
                <income-elasticity year="2080">0.365</income-elasticity>
                <income-elasticity year="2085">0.328</income-elasticity>
                <income-elasticity year="2090">0.295</income-elasticity>
                <income-elasticity year="2095">0.256</income-elasticity>
                <income-elasticity year="2100">0.211</income-elasticity>
            </energy-final-demand>
        </region>
        <region name="Middle East">
            <energy-final-demand name="building">
                <income-elasticity year="2015">0.798</income-elasticity>
                <income-elasticity year="2020">0.774</income-elasticity>
                <income-elasticity year="2025">0.747</income-elasticity>
                <income-elasticity year="2030">0.715</income-elasticity>
                <income-elasticity year="2035">0.687</income-elasticity>
                <income-elasticity year="2040">0.665</income-elasticity>
                <income-elasticity year="2045">0.647</income-elasticity>
                <income-elasticity year="2050">0.632</income-elasticity>
                <income-elasticity year="2055">0.62</income-elasticity>
                <income-elasticity year="2060">0.607</income-elasticity>
                <income-elasticity year="2065">0.594</income-elasticity>
                <income-elasticity year="2070">0.579</income-elasticity>
                <income-elasticity year="2075">0.563</income-elasticity>
                <income-elasticity year="2080">0.546</income-elasticity>
                <income-elasticity year="2085">0.528</income-elasticity>
                <income-elasticity year="2090">0.508</income-elasticity>
                <income-elasticity year="2095">0.485</income-elasticity>
                <income-elasticity year="2100">0.461</income-elasticity>
            </energy-final-demand>
        </region>
        <region name="Pakistan">
            <energy-final-demand name="building">
                <income-elasticity year="2015">1.178</income-elasticity>
                <income-elasticity year="2020">1.17</income-elasticity>
                <income-elasticity year="2025">1.161</income-elasticity>
                <income-elasticity year="2030">1.152</income-elasticity>
                <income-elasticity year="2035">1.145</income-elasticity>
                <income-elasticity year="2040">1.137</income-elasticity>
                <income-elasticity year="2045">1.129</income-elasticity>
                <income-elasticity year="2050">1.122</income-elasticity>
                <income-elasticity year="2055">1.115</income-elasticity>
                <income-elasticity year="2060">1.107</income-elasticity>
                <income-elasticity year="2065">1.098</income-elasticity>
                <income-elasticity year="2070">1.089</income-elasticity>
                <income-elasticity year="2075">1.078</income-elasticity>
                <income-elasticity year="2080">1.068</income-elasticity>
                <income-elasticity year="2085">1.058</income-elasticity>
                <income-elasticity year="2090">1.048</income-elasticity>
                <income-elasticity year="2095">1.036</income-elasticity>
                <income-elasticity year="2100">1.023</income-elasticity>
            </energy-final-demand>
        </region>
        <region name="Russia">
            <energy-final-demand name="building">
                <income-elasticity year="2015">0.743</income-elasticity>
                <income-elasticity year="2020">0.694</income-elasticity>
                <income-elasticity year="2025">0.654</income-elasticity>
                <income-elasticity year="2030">0.608</income-elasticity>
                <income-elasticity year="2035">0.559</income-elasticity>
                <income-elasticity year="2040">0.512</income-elasticity>
                <income-elasticity year="2045">0.472</income-elasticity>
                <income-elasticity year="2050">0.44</income-elasticity>
                <income-elasticity year="2055">0.407</income-elasticity>
                <income-elasticity year="2060">0.376</income-elasticity>
                <income-elasticity year="2065">0.346</income-elasticity>
                <income-elasticity year="2070">0.318</income-elasticity>
                <income-elasticity year="2075">0.294</income-elasticity>
                <income-elasticity year="2080">0.27</income-elasticity>
                <income-elasticity year="2085">0.242</income-elasticity>
                <income-elasticity year="2090">0.212</income-elasticity>
                <income-elasticity year="2095">0.186</income-elasticity>
                <income-elasticity year="2100">0.163</income-elasticity>
            </energy-final-demand>
        </region>
        <region name="South Africa">
            <energy-final-demand name="building">
                <income-elasticity year="2015">0.834</income-elasticity>
                <income-elasticity year="2020">0.803</income-elasticity>
                <income-elasticity year="2025">0.77</income-elasticity>
                <income-elasticity year="2030">0.735</income-elasticity>
                <income-elasticity year="2035">0.699</income-elasticity>
                <income-elasticity year="2040">0.673</income-elasticity>
                <income-elasticity year="2045">0.647</income-elasticity>
                <income-elasticity year="2050">0.621</income-elasticity>
                <income-elasticity year="2055">0.593</income-elasticity>
                <income-elasticity year="2060">0.563</income-elasticity>
                <income-elasticity year="2065">0.532</income-elasticity>
                <income-elasticity year="2070">0.499</income-elasticity>
                <income-elasticity year="2075">0.464</income-elasticity>
                <income-elasticity year="2080">0.427</income-elasticity>
                <income-elasticity year="2085">0.392</income-elasticity>
                <income-elasticity year="2090">0.363</income-elasticity>
                <income-elasticity year="2095">0.333</income-elasticity>
                <income-elasticity year="2100">0.305</income-elasticity>
            </energy-final-demand>
        </region>
        <region name="South America_Northern">
            <energy-final-demand name="building">
                <income-elasticity year="2015">0.708</income-elasticity>
                <income-elasticity year="2020">0.688</income-elasticity>
                <income-elasticity year="2025">0.664</income-elasticity>
                <income-elasticity year="2030">0.637</income-elasticity>
                <income-elasticity year="2035">0.606</income-elasticity>
                <income-elasticity year="2040">0.575</income-elasticity>
                <income-elasticity year="2045">0.544</income-elasticity>
                <income-elasticity year="2050">0.511</income-elasticity>
                <income-elasticity year="2055">0.477</income-elasticity>
                <income-elasticity year="2060">0.44</income-elasticity>
                <income-elasticity year="2065">0.402</income-elasticity>
                <income-elasticity year="2070">0.374</income-elasticity>
                <income-elasticity year="2075">0.346</income-elasticity>
                <income-elasticity year="2080">0.318</income-elasticity>
                <income-elasticity year="2085">0.29</income-elasticity>
                <income-elasticity year="2090">0.257</income-elasticity>
                <income-elasticity year="2095">0.218</income-elasticity>
                <income-elasticity year="2100">0.183</income-elasticity>
            </energy-final-demand>
        </region>
        <region name="South America_Southern">
            <energy-final-demand name="building">
                <income-elasticity year="2015">0.847</income-elasticity>
                <income-elasticity year="2020">0.817</income-elasticity>
                <income-elasticity year="2025">0.786</income-elasticity>
                <income-elasticity year="2030">0.754</income-elasticity>
                <income-elasticity year="2035">0.722</income-elasticity>
                <income-elasticity year="2040">0.691</income-elasticity>
                <income-elasticity year="2045">0.667</income-elasticity>
                <income-elasticity year="2050">0.64</income-elasticity>
                <income-elasticity year="2055">0.612</income-elasticity>
                <income-elasticity year="2060">0.582</income-elasticity>
                <income-elasticity year="2065">0.549</income-elasticity>
                <income-elasticity year="2070">0.514</income-elasticity>
                <income-elasticity year="2075">0.478</income-elasticity>
                <income-elasticity year="2080">0.439</income-elasticity>
                <income-elasticity year="2085">0.398</income-elasticity>
                <income-elasticity year="2090">0.368</income-elasticity>
                <income-elasticity year="2095">0.335</income-elasticity>
                <income-elasticity year="2100">0.304</income-elasticity>
            </energy-final-demand>
        </region>
        <region name="South Asia">
            <energy-final-demand name="building">
                <income-elasticity year="2015">1.183</income-elasticity>
                <income-elasticity year="2020">1.165</income-elasticity>
                <income-elasticity year="2025">1.147</income-elasticity>
                <income-elasticity year="2030">1.131</income-elasticity>
                <income-elasticity year="2035">1.118</income-elasticity>
                <income-elasticity year="2040">1.107</income-elasticity>
                <income-elasticity year="2045">1.097</income-elasticity>
                <income-elasticity year="2050">1.088</income-elasticity>
                <income-elasticity year="2055">1.079</income-elasticity>
                <income-elasticity year="2060">1.071</income-elasticity>
                <income-elasticity year="2065">1.062</income-elasticity>
                <income-elasticity year="2070">1.053</income-elasticity>
                <income-elasticity year="2075">1.045</income-elasticity>
                <income-elasticity year="2080">1.036</income-elasticity>
                <income-elasticity year="2085">1.027</income-elasticity>
                <income-elasticity year="2090">1.018</income-elasticity>
                <income-elasticity year="2095">1.008</income-elasticity>
                <income-elasticity year="2100">0.998</income-elasticity>
            </energy-final-demand>
        </region>
        <region name="South Korea">
            <energy-final-demand name="building">
                <income-elasticity year="2015">0.543</income-elasticity>
                <income-elasticity year="2020">0.474</income-elasticity>
                <income-elasticity year="2025">0.398</income-elasticity>
                <income-elasticity year="2030">0.343</income-elasticity>
                <income-elasticity year="2035">0.295</income-elasticity>
                <income-elasticity year="2040">0.248</income-elasticity>
                <income-elasticity year="2045">0.198</income-elasticity>
                <income-elasticity year="2050">0.162</income-elasticity>
                <income-elasticity year="2055">0.124</income-elasticity>
                <income-elasticity year="2060">0.088</income-elasticity>
                <income-elasticity year="2065">0.05</income-elasticity>
                <income-elasticity year="2070">0.01</income-elasticity>
                <income-elasticity year="2075">0</income-elasticity>
                <income-elasticity year="2080">0</income-elasticity>
                <income-elasticity year="2085">0</income-elasticity>
                <income-elasticity year="2090">0</income-elasticity>
                <income-elasticity year="2095">0</income-elasticity>
                <income-elasticity year="2100">0</income-elasticity>
            </energy-final-demand>
        </region>
        <region name="Southeast Asia">
            <energy-final-demand name="building">
                <income-elasticity year="2015">0.995</income-elasticity>
                <income-elasticity year="2020">0.961</income-elasticity>
                <income-elasticity year="2025">0.927</income-elasticity>
                <income-elasticity year="2030">0.892</income-elasticity>
                <income-elasticity year="2035">0.859</income-elasticity>
                <income-elasticity year="2040">0.837</income-elasticity>
                <income-elasticity year="2045">0.82</income-elasticity>
                <income-elasticity year="2050">0.803</income-elasticity>
                <income-elasticity year="2055">0.786</income-elasticity>
                <income-elasticity year="2060">0.768</income-elasticity>
                <income-elasticity year="2065">0.75</income-elasticity>
                <income-elasticity year="2070">0.732</income-elasticity>
                <income-elasticity year="2075">0.714</income-elasticity>
                <income-elasticity year="2080">0.698</income-elasticity>
                <income-elasticity year="2085">0.688</income-elasticity>
                <income-elasticity year="2090">0.677</income-elasticity>
                <income-elasticity year="2095">0.667</income-elasticity>
                <income-elasticity year="2100">0.657</income-elasticity>
            </energy-final-demand>
        </region>
        <region name="Taiwan">
            <energy-final-demand name="building">
                <income-elasticity year="2015">0.614</income-elasticity>
                <income-elasticity year="2020">0.552</income-elasticity>
                <income-elasticity year="2025">0.507</income-elasticity>
                <income-elasticity year="2030">0.47</income-elasticity>
                <income-elasticity year="2035">0.438</income-elasticity>
                <income-elasticity year="2040">0.409</income-elasticity>
                <income-elasticity year="2045">0.392</income-elasticity>
                <income-elasticity year="2050">0.384</income-elasticity>
                <income-elasticity year="2055">0.381</income-elasticity>
                <income-elasticity year="2060">0.377</income-elasticity>
                <income-elasticity year="2065">0.362</income-elasticity>
                <income-elasticity year="2070">0.347</income-elasticity>
                <income-elasticity year="2075">0.335</income-elasticity>
                <income-elasticity year="2080">0.326</income-elasticity>
                <income-elasticity year="2085">0.321</income-elasticity>
                <income-elasticity year="2090">0.319</income-elasticity>
                <income-elasticity year="2095">0.319</income-elasticity>
                <income-elasticity year="2100">0.323</income-elasticity>
            </energy-final-demand>
        </region>
        <region name="Argentina">
            <energy-final-demand name="building">
                <income-elasticity year="2015">0.729</income-elasticity>
                <income-elasticity year="2020">0.69</income-elasticity>
                <income-elasticity year="2025">0.66</income-elasticity>
                <income-elasticity year="2030">0.628</income-elasticity>
                <income-elasticity year="2035">0.597</income-elasticity>
                <income-elasticity year="2040">0.567</income-elasticity>
                <income-elasticity year="2045">0.538</income-elasticity>
                <income-elasticity year="2050">0.508</income-elasticity>
                <income-elasticity year="2055">0.477</income-elasticity>
                <income-elasticity year="2060">0.444</income-elasticity>
                <income-elasticity year="2065">0.41</income-elasticity>
                <income-elasticity year="2070">0.383</income-elasticity>
                <income-elasticity year="2075">0.359</income-elasticity>
                <income-elasticity year="2080">0.334</income-elasticity>
                <income-elasticity year="2085">0.311</income-elasticity>
                <income-elasticity year="2090">0.286</income-elasticity>
                <income-elasticity year="2095">0.259</income-elasticity>
                <income-elasticity year="2100">0.227</income-elasticity>
            </energy-final-demand>
        </region>
        <region name="Colombia">
            <energy-final-demand name="building">
                <income-elasticity year="2015">0.86</income-elasticity>
                <income-elasticity year="2020">0.832</income-elasticity>
                <income-elasticity year="2025">0.814</income-elasticity>
                <income-elasticity year="2030">0.791</income-elasticity>
                <income-elasticity year="2035">0.766</income-elasticity>
                <income-elasticity year="2040">0.736</income-elasticity>
                <income-elasticity year="2045">0.705</income-elasticity>
                <income-elasticity year="2050">0.68</income-elasticity>
                <income-elasticity year="2055">0.654</income-elasticity>
                <income-elasticity year="2060">0.626</income-elasticity>
                <income-elasticity year="2065">0.596</income-elasticity>
                <income-elasticity year="2070">0.563</income-elasticity>
                <income-elasticity year="2075">0.528</income-elasticity>
                <income-elasticity year="2080">0.491</income-elasticity>
                <income-elasticity year="2085">0.451</income-elasticity>
                <income-elasticity year="2090">0.409</income-elasticity>
                <income-elasticity year="2095">0.375</income-elasticity>
                <income-elasticity year="2100">0.342</income-elasticity>
            </energy-final-demand>
        </region>
    </world>
</scenario>
