<?xml version="1.0" encoding="UTF-8"?>
<scenario>
    <world>
        <region name="USA">
            <gcam-consumer name="resid">
                <nodeInput name="resid">
                    <building-node-input name="resid_building">
                        <satiation-demand-function>
                            <satiation-level>6e-05</satiation-level>
                            <satiation-adder>3.1507e-05</satiation-adder>
                        </satiation-demand-function>
                        <building-service-input name="resid others">
                            <satiation-demand-function>
                                <satiation-level>0.351396</satiation-level>
                            </satiation-demand-function>
                        </building-service-input>
                    </building-node-input>
                </nodeInput>
            </gcam-consumer>
            <gcam-consumer name="comm">
                <nodeInput name="comm">
                    <building-node-input name="comm_building">
                        <satiation-demand-function>
                            <satiation-level>2.7e-05</satiation-level>
                            <satiation-adder>-9.703e-06</satiation-adder>
                        </satiation-demand-function>
                        <building-service-input name="comm others">
                            <satiation-demand-function>
                                <satiation-level>1.018354</satiation-level>
                            </satiation-demand-function>
                        </building-service-input>
                    </building-node-input>
                </nodeInput>
            </gcam-consumer>
            <supplysector name="resid heating">
                <subsector name="coal">
                    <fuelprefElasticity fillout="1" year="1975">0</fuelprefElasticity>
                </subsector>
            </supplysector>
            <supplysector name="resid others">
                <subsector name="coal">
                    <fuelprefElasticity fillout="1" year="1975">0</fuelprefElasticity>
                </subsector>
            </supplysector>
        </region>
        <region name="Africa_Eastern">
            <gcam-consumer name="resid">
                <nodeInput name="resid">
                    <building-node-input name="resid_building">
                        <satiation-demand-function>
                            <satiation-level>3.5e-05</satiation-level>
                            <satiation-adder>8.321e-06</satiation-adder>
                        </satiation-demand-function>
                        <building-service-input name="resid others">
                            <satiation-demand-function>
                                <satiation-level>0.351396</satiation-level>
                            </satiation-demand-function>
                        </building-service-input>
                    </building-node-input>
                </nodeInput>
            </gcam-consumer>
            <gcam-consumer name="comm">
                <nodeInput name="comm">
                    <building-node-input name="comm_building">
                        <satiation-demand-function>
                            <satiation-level>1.7e-05</satiation-level>
                            <satiation-adder>2.586e-06</satiation-adder>
                        </satiation-demand-function>
                        <building-service-input name="comm others">
                            <satiation-demand-function>
                                <satiation-level>1.018354</satiation-level>
                            </satiation-demand-function>
                        </building-service-input>
                    </building-node-input>
                </nodeInput>
            </gcam-consumer>
            <supplysector name="resid heating">
                <subsector name="traditional biomass">
                    <fuelprefElasticity fillout="1" year="1975">-1</fuelprefElasticity>
                </subsector>
                <subsector name="coal">
                    <fuelprefElasticity fillout="1" year="1975">0</fuelprefElasticity>
                </subsector>
            </supplysector>
            <supplysector name="resid others">
                <subsector name="traditional biomass">
                    <fuelprefElasticity fillout="1" year="1975">-1</fuelprefElasticity>
                </subsector>
                <subsector name="coal">
                    <fuelprefElasticity fillout="1" year="1975">0</fuelprefElasticity>
                </subsector>
            </supplysector>
        </region>
        <region name="Africa_Northern">
            <gcam-consumer name="resid">
                <nodeInput name="resid">
                    <building-node-input name="resid_building">
                        <satiation-demand-function>
                            <satiation-level>3.5e-05</satiation-level>
                            <satiation-adder>4.746e-06</satiation-adder>
                        </satiation-demand-function>
                        <building-service-input name="resid others">
                            <satiation-demand-function>
                                <satiation-level>0.351396</satiation-level>
                            </satiation-demand-function>
                        </building-service-input>
                    </building-node-input>
                </nodeInput>
            </gcam-consumer>
            <gcam-consumer name="comm">
                <nodeInput name="comm">
                    <building-node-input name="comm_building">
                        <satiation-demand-function>
                            <satiation-level>1.7e-05</satiation-level>
                            <satiation-adder>6.55e-07</satiation-adder>
                        </satiation-demand-function>
                        <building-service-input name="comm others">
                            <satiation-demand-function>
                                <satiation-level>1.018354</satiation-level>
                            </satiation-demand-function>
                        </building-service-input>
                    </building-node-input>
                </nodeInput>
            </gcam-consumer>
            <supplysector name="resid heating">
                <subsector name="traditional biomass">
                    <fuelprefElasticity fillout="1" year="1975">-1</fuelprefElasticity>
                </subsector>
                <subsector name="coal">
                    <fuelprefElasticity fillout="1" year="1975">0</fuelprefElasticity>
                </subsector>
            </supplysector>
            <supplysector name="resid others">
                <subsector name="traditional biomass">
                    <fuelprefElasticity fillout="1" year="1975">-1</fuelprefElasticity>
                </subsector>
                <subsector name="coal">
                    <fuelprefElasticity fillout="1" year="1975">0</fuelprefElasticity>
                </subsector>
            </supplysector>
        </region>
        <region name="Africa_Southern">
            <gcam-consumer name="resid">
                <nodeInput name="resid">
                    <building-node-input name="resid_building">
                        <satiation-demand-function>
                            <satiation-level>3.5e-05</satiation-level>
                            <satiation-adder>7.58e-06</satiation-adder>
                        </satiation-demand-function>
                        <building-service-input name="resid others">
                            <satiation-demand-function>
                                <satiation-level>0.351396</satiation-level>
                            </satiation-demand-function>
                        </building-service-input>
                    </building-node-input>
                </nodeInput>
            </gcam-consumer>
            <gcam-consumer name="comm">
                <nodeInput name="comm">
                    <building-node-input name="comm_building">
                        <satiation-demand-function>
                            <satiation-level>1.7e-05</satiation-level>
                            <satiation-adder>2.187e-06</satiation-adder>
                        </satiation-demand-function>
                        <building-service-input name="comm others">
                            <satiation-demand-function>
                                <satiation-level>1.018354</satiation-level>
                            </satiation-demand-function>
                        </building-service-input>
                    </building-node-input>
                </nodeInput>
            </gcam-consumer>
            <supplysector name="resid heating">
                <subsector name="traditional biomass">
                    <fuelprefElasticity fillout="1" year="1975">-1</fuelprefElasticity>
                </subsector>
                <subsector name="coal">
                    <fuelprefElasticity fillout="1" year="1975">0</fuelprefElasticity>
                </subsector>
            </supplysector>
            <supplysector name="resid others">
                <subsector name="traditional biomass">
                    <fuelprefElasticity fillout="1" year="1975">-1</fuelprefElasticity>
                </subsector>
                <subsector name="coal">
                    <fuelprefElasticity fillout="1" year="1975">0</fuelprefElasticity>
                </subsector>
            </supplysector>
        </region>
        <region name="Africa_Western">
            <gcam-consumer name="resid">
                <nodeInput name="resid">
                    <building-node-input name="resid_building">
                        <satiation-demand-function>
                            <satiation-level>3.5e-05</satiation-level>
                            <satiation-adder>7.457e-06</satiation-adder>
                        </satiation-demand-function>
                        <building-service-input name="resid others">
                            <satiation-demand-function>
                                <satiation-level>0.351396</satiation-level>
                            </satiation-demand-function>
                        </building-service-input>
                    </building-node-input>
                </nodeInput>
            </gcam-consumer>
            <gcam-consumer name="comm">
                <nodeInput name="comm">
                    <building-node-input name="comm_building">
                        <satiation-demand-function>
                            <satiation-level>1.7e-05</satiation-level>
                            <satiation-adder>2.119e-06</satiation-adder>
                        </satiation-demand-function>
                        <building-service-input name="comm others">
                            <satiation-demand-function>
                                <satiation-level>1.018354</satiation-level>
                            </satiation-demand-function>
                        </building-service-input>
                    </building-node-input>
                </nodeInput>
            </gcam-consumer>
            <supplysector name="resid heating">
                <subsector name="traditional biomass">
                    <fuelprefElasticity fillout="1" year="1975">-1</fuelprefElasticity>
                </subsector>
                <subsector name="coal">
                    <fuelprefElasticity fillout="1" year="1975">0</fuelprefElasticity>
                </subsector>
            </supplysector>
            <supplysector name="resid others">
                <subsector name="traditional biomass">
                    <fuelprefElasticity fillout="1" year="1975">-1</fuelprefElasticity>
                </subsector>
                <subsector name="coal">
                    <fuelprefElasticity fillout="1" year="1975">0</fuelprefElasticity>
                </subsector>
            </supplysector>
        </region>
        <region name="Australia_NZ">
            <gcam-consumer name="resid">
                <nodeInput name="resid">
                    <building-node-input name="resid_building">
                        <satiation-demand-function>
                            <satiation-level>5e-05</satiation-level>
                            <satiation-adder>2.4278e-05</satiation-adder>
                        </satiation-demand-function>
                        <building-service-input name="resid others">
                            <satiation-demand-function>
                                <satiation-level>0.351396</satiation-level>
                            </satiation-demand-function>
                        </building-service-input>
                    </building-node-input>
                </nodeInput>
            </gcam-consumer>
            <gcam-consumer name="comm">
                <nodeInput name="comm">
                    <building-node-input name="comm_building">
                        <satiation-demand-function>
                            <satiation-level>2.4e-05</satiation-level>
                            <satiation-adder>-2.3033e-05</satiation-adder>
                        </satiation-demand-function>
                        <building-service-input name="comm others">
                            <satiation-demand-function>
                                <satiation-level>1.018354</satiation-level>
                            </satiation-demand-function>
                        </building-service-input>
                    </building-node-input>
                </nodeInput>
            </gcam-consumer>
            <supplysector name="resid heating">
                <subsector name="coal">
                    <fuelprefElasticity fillout="1" year="1975">0</fuelprefElasticity>
                </subsector>
            </supplysector>
            <supplysector name="resid others">
                <subsector name="coal">
                    <fuelprefElasticity fillout="1" year="1975">0</fuelprefElasticity>
                </subsector>
            </supplysector>
        </region>
        <region name="Brazil">
            <gcam-consumer name="resid">
                <nodeInput name="resid">
                    <building-node-input name="resid_building">
                        <satiation-demand-function>
                            <satiation-level>4e-05</satiation-level>
                            <satiation-adder>3.835e-06</satiation-adder>
                        </satiation-demand-function>
                        <building-service-input name="resid others">
                            <satiation-demand-function>
                                <satiation-level>0.351396</satiation-level>
                            </satiation-demand-function>
                        </building-service-input>
                    </building-node-input>
                </nodeInput>
            </gcam-consumer>
            <gcam-consumer name="comm">
                <nodeInput name="comm">
                    <building-node-input name="comm_building">
                        <satiation-demand-function>
                            <satiation-level>1.9e-05</satiation-level>
                            <satiation-adder>1.248e-06</satiation-adder>
                        </satiation-demand-function>
                        <building-service-input name="comm others">
                            <satiation-demand-function>
                                <satiation-level>1.018354</satiation-level>
                            </satiation-demand-function>
                        </building-service-input>
                    </building-node-input>
                </nodeInput>
            </gcam-consumer>
            <supplysector name="resid heating">
                <subsector name="traditional biomass">
                    <fuelprefElasticity fillout="1" year="1975">-1</fuelprefElasticity>
                </subsector>
                <subsector name="coal">
                    <fuelprefElasticity fillout="1" year="1975">0</fuelprefElasticity>
                </subsector>
            </supplysector>
            <supplysector name="resid others">
                <subsector name="traditional biomass">
                    <fuelprefElasticity fillout="1" year="1975">-1</fuelprefElasticity>
                </subsector>
                <subsector name="coal">
                    <fuelprefElasticity fillout="1" year="1975">0</fuelprefElasticity>
                </subsector>
            </supplysector>
        </region>
        <region name="Canada">
            <gcam-consumer name="resid">
                <nodeInput name="resid">
                    <building-node-input name="resid_building">
                        <satiation-demand-function>
                            <satiation-level>5e-05</satiation-level>
                            <satiation-adder>3.6577e-05</satiation-adder>
                        </satiation-demand-function>
                        <building-service-input name="resid others">
                            <satiation-demand-function>
                                <satiation-level>0.351396</satiation-level>
                            </satiation-demand-function>
                        </building-service-input>
                    </building-node-input>
                </nodeInput>
            </gcam-consumer>
            <gcam-consumer name="comm">
                <nodeInput name="comm">
                    <building-node-input name="comm_building">
                        <satiation-demand-function>
                            <satiation-level>2.4e-05</satiation-level>
                            <satiation-adder>-6.036e-06</satiation-adder>
                        </satiation-demand-function>
                        <building-service-input name="comm others">
                            <satiation-demand-function>
                                <satiation-level>1.018354</satiation-level>
                            </satiation-demand-function>
                        </building-service-input>
                    </building-node-input>
                </nodeInput>
            </gcam-consumer>
            <supplysector name="resid heating">
                <subsector name="coal">
                    <fuelprefElasticity fillout="1" year="1975">0</fuelprefElasticity>
                </subsector>
            </supplysector>
            <supplysector name="resid others">
                <subsector name="coal">
                    <fuelprefElasticity fillout="1" year="1975">0</fuelprefElasticity>
                </subsector>
            </supplysector>
        </region>
        <region name="Central America and Caribbean">
            <gcam-consumer name="resid">
                <nodeInput name="resid">
                    <building-node-input name="resid_building">
                        <satiation-demand-function>
                            <satiation-level>4e-05</satiation-level>
                            <satiation-adder>1.3324e-05</satiation-adder>
                        </satiation-demand-function>
                        <building-service-input name="resid others">
                            <satiation-demand-function>
                                <satiation-level>0.351396</satiation-level>
                            </satiation-demand-function>
                        </building-service-input>
                    </building-node-input>
                </nodeInput>
            </gcam-consumer>
            <gcam-consumer name="comm">
                <nodeInput name="comm">
                    <building-node-input name="comm_building">
                        <satiation-demand-function>
                            <satiation-level>1.9e-05</satiation-level>
                            <satiation-adder>5.882e-06</satiation-adder>
                        </satiation-demand-function>
                        <building-service-input name="comm others">
                            <satiation-demand-function>
                                <satiation-level>1.018354</satiation-level>
                            </satiation-demand-function>
                        </building-service-input>
                    </building-node-input>
                </nodeInput>
            </gcam-consumer>
            <supplysector name="resid heating">
                <subsector name="traditional biomass">
                    <fuelprefElasticity fillout="1" year="1975">-1</fuelprefElasticity>
                </subsector>
                <subsector name="coal">
                    <fuelprefElasticity fillout="1" year="1975">0</fuelprefElasticity>
                </subsector>
            </supplysector>
            <supplysector name="resid others">
                <subsector name="traditional biomass">
                    <fuelprefElasticity fillout="1" year="1975">-1</fuelprefElasticity>
                </subsector>
                <subsector name="coal">
                    <fuelprefElasticity fillout="1" year="1975">0</fuelprefElasticity>
                </subsector>
            </supplysector>
        </region>
        <region name="Central Asia">
            <gcam-consumer name="resid">
                <nodeInput name="resid">
                    <building-node-input name="resid_building">
                        <satiation-demand-function>
                            <satiation-level>4e-05</satiation-level>
                            <satiation-adder>2.1803e-05</satiation-adder>
                        </satiation-demand-function>
                        <building-service-input name="resid others">
                            <satiation-demand-function>
                                <satiation-level>0.351396</satiation-level>
                            </satiation-demand-function>
                        </building-service-input>
                    </building-node-input>
                </nodeInput>
            </gcam-consumer>
            <gcam-consumer name="comm">
                <nodeInput name="comm">
                    <building-node-input name="comm_building">
                        <satiation-demand-function>
                            <satiation-level>1.9e-05</satiation-level>
                            <satiation-adder>5.51e-06</satiation-adder>
                        </satiation-demand-function>
                        <building-service-input name="comm others">
                            <satiation-demand-function>
                                <satiation-level>1.018354</satiation-level>
                            </satiation-demand-function>
                        </building-service-input>
                    </building-node-input>
                </nodeInput>
            </gcam-consumer>
            <supplysector name="resid heating">
                <subsector name="coal">
                    <fuelprefElasticity fillout="1" year="1975">0</fuelprefElasticity>
                </subsector>
            </supplysector>
            <supplysector name="resid others">
                <subsector name="coal">
                    <fuelprefElasticity fillout="1" year="1975">0</fuelprefElasticity>
                </subsector>
            </supplysector>
        </region>
        <region name="China">
            <gcam-consumer name="resid">
                <nodeInput name="resid">
                    <building-node-input name="resid_building">
                        <satiation-demand-function>
                            <satiation-level>4e-05</satiation-level>
                            <satiation-adder>2.6535e-05</satiation-adder>
                        </satiation-demand-function>
                        <building-service-input name="resid others">
                            <satiation-demand-function>
                                <satiation-level>0.351396</satiation-level>
                            </satiation-demand-function>
                        </building-service-input>
                    </building-node-input>
                </nodeInput>
            </gcam-consumer>
            <gcam-consumer name="comm">
                <nodeInput name="comm">
                    <building-node-input name="comm_building">
                        <satiation-demand-function>
                            <satiation-level>1.9e-05</satiation-level>
                            <satiation-adder>6.834e-06</satiation-adder>
                        </satiation-demand-function>
                        <building-service-input name="comm others">
                            <satiation-demand-function>
                                <satiation-level>1.018354</satiation-level>
                            </satiation-demand-function>
                        </building-service-input>
                    </building-node-input>
                </nodeInput>
            </gcam-consumer>
            <supplysector name="resid heating">
                <subsector name="traditional biomass">
                    <fuelprefElasticity fillout="1" year="1975">-1</fuelprefElasticity>
                </subsector>
                <subsector name="coal">
                    <fuelprefElasticity fillout="1" year="1975">0</fuelprefElasticity>
                </subsector>
            </supplysector>
            <supplysector name="resid others">
                <subsector name="traditional biomass">
                    <fuelprefElasticity fillout="1" year="1975">-1</fuelprefElasticity>
                </subsector>
                <subsector name="coal">
                    <fuelprefElasticity fillout="1" year="1975">0</fuelprefElasticity>
                </subsector>
            </supplysector>
        </region>
        <region name="EU-12">
            <gcam-consumer name="resid">
                <nodeInput name="resid">
                    <building-node-input name="resid_building">
                        <satiation-demand-function>
                            <satiation-level>4.5e-05</satiation-level>
                            <satiation-adder>1.4859e-05</satiation-adder>
                        </satiation-demand-function>
                        <building-service-input name="resid others">
                            <satiation-demand-function>
                                <satiation-level>0.351396</satiation-level>
                            </satiation-demand-function>
                        </building-service-input>
                    </building-node-input>
                </nodeInput>
            </gcam-consumer>
            <gcam-consumer name="comm">
                <nodeInput name="comm">
                    <building-node-input name="comm_building">
                        <satiation-demand-function>
                            <satiation-level>2.1e-05</satiation-level>
                            <satiation-adder>-1.631e-06</satiation-adder>
                        </satiation-demand-function>
                        <building-service-input name="comm others">
                            <satiation-demand-function>
                                <satiation-level>1.018354</satiation-level>
                            </satiation-demand-function>
                        </building-service-input>
                    </building-node-input>
                </nodeInput>
            </gcam-consumer>
            <supplysector name="resid heating">
                <subsector name="coal">
                    <fuelprefElasticity fillout="1" year="1975">0</fuelprefElasticity>
                </subsector>
            </supplysector>
            <supplysector name="resid others">
                <subsector name="coal">
                    <fuelprefElasticity fillout="1" year="1975">0</fuelprefElasticity>
                </subsector>
            </supplysector>
        </region>
        <region name="EU-15">
            <gcam-consumer name="resid">
                <nodeInput name="resid">
                    <building-node-input name="resid_building">
                        <satiation-demand-function>
                            <satiation-level>4.5e-05</satiation-level>
                            <satiation-adder>1.147e-06</satiation-adder>
                        </satiation-demand-function>
                        <building-service-input name="resid others">
                            <satiation-demand-function>
                                <satiation-level>0.351396</satiation-level>
                            </satiation-demand-function>
                        </building-service-input>
                    </building-node-input>
                </nodeInput>
            </gcam-consumer>
            <gcam-consumer name="comm">
                <nodeInput name="comm">
                    <building-node-input name="comm_building">
                        <satiation-demand-function>
                            <satiation-level>2.1e-05</satiation-level>
                            <satiation-adder>2.539e-06</satiation-adder>
                        </satiation-demand-function>
                        <building-service-input name="comm others">
                            <satiation-demand-function>
                                <satiation-level>1.018354</satiation-level>
                            </satiation-demand-function>
                        </building-service-input>
                    </building-node-input>
                </nodeInput>
            </gcam-consumer>
            <supplysector name="resid heating">
                <subsector name="coal">
                    <fuelprefElasticity fillout="1" year="1975">0</fuelprefElasticity>
                </subsector>
            </supplysector>
            <supplysector name="resid others">
                <subsector name="coal">
                    <fuelprefElasticity fillout="1" year="1975">0</fuelprefElasticity>
                </subsector>
            </supplysector>
        </region>
        <region name="Europe_Eastern">
            <gcam-consumer name="resid">
                <nodeInput name="resid">
                    <building-node-input name="resid_building">
                        <satiation-demand-function>
                            <satiation-level>4e-05</satiation-level>
                            <satiation-adder>2.1955e-05</satiation-adder>
                        </satiation-demand-function>
                        <building-service-input name="resid others">
                            <satiation-demand-function>
                                <satiation-level>0.351396</satiation-level>
                            </satiation-demand-function>
                        </building-service-input>
                    </building-node-input>
                </nodeInput>
            </gcam-consumer>
            <gcam-consumer name="comm">
                <nodeInput name="comm">
                    <building-node-input name="comm_building">
                        <satiation-demand-function>
                            <satiation-level>1.9e-05</satiation-level>
                            <satiation-adder>5.674e-06</satiation-adder>
                        </satiation-demand-function>
                        <building-service-input name="comm others">
                            <satiation-demand-function>
                                <satiation-level>1.018354</satiation-level>
                            </satiation-demand-function>
                        </building-service-input>
                    </building-node-input>
                </nodeInput>
            </gcam-consumer>
            <supplysector name="resid heating">
                <subsector name="coal">
                    <fuelprefElasticity fillout="1" year="1975">0</fuelprefElasticity>
                </subsector>
            </supplysector>
            <supplysector name="resid others">
                <subsector name="coal">
                    <fuelprefElasticity fillout="1" year="1975">0</fuelprefElasticity>
                </subsector>
            </supplysector>
        </region>
        <region name="Europe_Non_EU">
            <gcam-consumer name="resid">
                <nodeInput name="resid">
                    <building-node-input name="resid_building">
                        <satiation-demand-function>
                            <satiation-level>4.5e-05</satiation-level>
                            <satiation-adder>3.3574e-05</satiation-adder>
                        </satiation-demand-function>
                        <building-service-input name="resid others">
                            <satiation-demand-function>
                                <satiation-level>0.351396</satiation-level>
                            </satiation-demand-function>
                        </building-service-input>
                    </building-node-input>
                </nodeInput>
            </gcam-consumer>
            <gcam-consumer name="comm">
                <nodeInput name="comm">
                    <building-node-input name="comm_building">
                        <satiation-demand-function>
                            <satiation-level>2.1e-05</satiation-level>
                            <satiation-adder>1.211e-05</satiation-adder>
                        </satiation-demand-function>
                        <building-service-input name="comm others">
                            <satiation-demand-function>
                                <satiation-level>1.018354</satiation-level>
                            </satiation-demand-function>
                        </building-service-input>
                    </building-node-input>
                </nodeInput>
            </gcam-consumer>
            <supplysector name="resid heating">
                <subsector name="coal">
                    <fuelprefElasticity fillout="1" year="1975">0</fuelprefElasticity>
                </subsector>
            </supplysector>
            <supplysector name="resid others">
                <subsector name="coal">
                    <fuelprefElasticity fillout="1" year="1975">0</fuelprefElasticity>
                </subsector>
            </supplysector>
        </region>
        <region name="European Free Trade Association">
            <gcam-consumer name="resid">
                <nodeInput name="resid">
                    <building-node-input name="resid_building">
                        <satiation-demand-function>
                            <satiation-level>4.5e-05</satiation-level>
                            <satiation-adder>1.1532e-05</satiation-adder>
                        </satiation-demand-function>
                        <building-service-input name="resid others">
                            <satiation-demand-function>
                                <satiation-level>0.351396</satiation-level>
                            </satiation-demand-function>
                        </building-service-input>
                    </building-node-input>
                </nodeInput>
            </gcam-consumer>
            <gcam-consumer name="comm">
                <nodeInput name="comm">
                    <building-node-input name="comm_building">
                        <satiation-demand-function>
                            <satiation-level>2.1e-05</satiation-level>
                            <satiation-adder>-7.7246e-05</satiation-adder>
                        </satiation-demand-function>
                        <building-service-input name="comm others">
                            <satiation-demand-function>
                                <satiation-level>1.018354</satiation-level>
                            </satiation-demand-function>
                        </building-service-input>
                    </building-node-input>
                </nodeInput>
            </gcam-consumer>
            <supplysector name="resid heating">
                <subsector name="coal">
                    <fuelprefElasticity fillout="1" year="1975">0</fuelprefElasticity>
                </subsector>
            </supplysector>
            <supplysector name="resid others">
                <subsector name="coal">
                    <fuelprefElasticity fillout="1" year="1975">0</fuelprefElasticity>
                </subsector>
            </supplysector>
        </region>
        <region name="India">
            <gcam-consumer name="resid">
                <nodeInput name="resid">
                    <building-node-input name="resid_building">
                        <satiation-demand-function>
                            <satiation-level>3.5e-05</satiation-level>
                            <satiation-adder>9.104e-06</satiation-adder>
                        </satiation-demand-function>
                        <building-service-input name="resid others">
                            <satiation-demand-function>
                                <satiation-level>0.351396</satiation-level>
                            </satiation-demand-function>
                        </building-service-input>
                    </building-node-input>
                </nodeInput>
            </gcam-consumer>
            <gcam-consumer name="comm">
                <nodeInput name="comm">
                    <building-node-input name="comm_building">
                        <satiation-demand-function>
                            <satiation-level>1.7e-05</satiation-level>
                            <satiation-adder>-3.56e-07</satiation-adder>
                        </satiation-demand-function>
                        <building-service-input name="comm others">
                            <satiation-demand-function>
                                <satiation-level>1.018354</satiation-level>
                            </satiation-demand-function>
                        </building-service-input>
                    </building-node-input>
                </nodeInput>
            </gcam-consumer>
            <supplysector name="resid heating">
                <subsector name="traditional biomass">
                    <fuelprefElasticity fillout="1" year="1975">-1</fuelprefElasticity>
                </subsector>
                <subsector name="coal">
                    <fuelprefElasticity fillout="1" year="1975">0</fuelprefElasticity>
                </subsector>
            </supplysector>
            <supplysector name="resid others">
                <subsector name="traditional biomass">
                    <fuelprefElasticity fillout="1" year="1975">-1</fuelprefElasticity>
                </subsector>
                <subsector name="coal">
                    <fuelprefElasticity fillout="1" year="1975">0</fuelprefElasticity>
                </subsector>
            </supplysector>
        </region>
        <region name="Indonesia">
            <gcam-consumer name="resid">
                <nodeInput name="resid">
                    <building-node-input name="resid_building">
                        <satiation-demand-function>
                            <satiation-level>3.5e-05</satiation-level>
                            <satiation-adder>4.883e-06</satiation-adder>
                        </satiation-demand-function>
                        <building-service-input name="resid others">
                            <satiation-demand-function>
                                <satiation-level>0.351396</satiation-level>
                            </satiation-demand-function>
                        </building-service-input>
                        <thermal-building-service-input delete="1" name="resid heating"/>
                    </building-node-input>
                </nodeInput>
            </gcam-consumer>
            <gcam-consumer name="comm">
                <nodeInput name="comm">
                    <building-node-input name="comm_building">
                        <satiation-demand-function>
                            <satiation-level>1.7e-05</satiation-level>
                            <satiation-adder>3.349e-06</satiation-adder>
                        </satiation-demand-function>
                        <building-service-input name="comm others">
                            <satiation-demand-function>
                                <satiation-level>1.018354</satiation-level>
                            </satiation-demand-function>
                        </building-service-input>
                        <thermal-building-service-input delete="1" name="comm heating"/>
                    </building-node-input>
                </nodeInput>
            </gcam-consumer>
            <supplysector name="resid heating">
                <subsector name="traditional biomass">
                    <fuelprefElasticity fillout="1" year="1975">-1</fuelprefElasticity>
                </subsector>
                <subsector name="coal">
                    <fuelprefElasticity fillout="1" year="1975">0</fuelprefElasticity>
                </subsector>
            </supplysector>
            <supplysector name="resid others">
                <subsector name="traditional biomass">
                    <fuelprefElasticity fillout="1" year="1975">-1</fuelprefElasticity>
                </subsector>
                <subsector name="coal">
                    <fuelprefElasticity fillout="1" year="1975">0</fuelprefElasticity>
                </subsector>
            </supplysector>
            <supplysector delete="1" name="comm heating"/>
            <supplysector delete="1" name="resid heating"/>
        </region>
        <region name="Japan">
            <gcam-consumer name="resid">
                <nodeInput name="resid">
                    <building-node-input name="resid_building">
                        <satiation-demand-function>
                            <satiation-level>4e-05</satiation-level>
                            <satiation-adder>4.243e-06</satiation-adder>
                        </satiation-demand-function>
                        <building-service-input name="resid others">
                            <satiation-demand-function>
                                <satiation-level>0.351396</satiation-level>
                            </satiation-demand-function>
                        </building-service-input>
                    </building-node-input>
                </nodeInput>
            </gcam-consumer>
            <gcam-consumer name="comm">
                <nodeInput name="comm">
                    <building-node-input name="comm_building">
                        <satiation-demand-function>
                            <satiation-level>1.9e-05</satiation-level>
                            <satiation-adder>-1.6535e-05</satiation-adder>
                        </satiation-demand-function>
                        <building-service-input name="comm others">
                            <satiation-demand-function>
                                <satiation-level>1.018354</satiation-level>
                            </satiation-demand-function>
                        </building-service-input>
                    </building-node-input>
                </nodeInput>
            </gcam-consumer>
            <supplysector name="resid heating">
                <subsector name="coal">
                    <fuelprefElasticity fillout="1" year="1975">0</fuelprefElasticity>
                </subsector>
            </supplysector>
            <supplysector name="resid others">
                <subsector name="coal">
                    <fuelprefElasticity fillout="1" year="1975">0</fuelprefElasticity>
                </subsector>
            </supplysector>
        </region>
        <region name="Mexico">
            <gcam-consumer name="resid">
                <nodeInput name="resid">
                    <building-node-input name="resid_building">
                        <satiation-demand-function>
                            <satiation-level>4e-05</satiation-level>
                            <satiation-adder>6.46e-06</satiation-adder>
                        </satiation-demand-function>
                        <building-service-input name="resid others">
                            <satiation-demand-function>
                                <satiation-level>0.351396</satiation-level>
                            </satiation-demand-function>
                        </building-service-input>
                    </building-node-input>
                </nodeInput>
            </gcam-consumer>
            <gcam-consumer name="comm">
                <nodeInput name="comm">
                    <building-node-input name="comm_building">
                        <satiation-demand-function>
                            <satiation-level>1.9e-05</satiation-level>
                            <satiation-adder>2.526e-06</satiation-adder>
                        </satiation-demand-function>
                        <building-service-input name="comm others">
                            <satiation-demand-function>
                                <satiation-level>1.018354</satiation-level>
                            </satiation-demand-function>
                        </building-service-input>
                    </building-node-input>
                </nodeInput>
            </gcam-consumer>
            <supplysector name="resid heating">
                <subsector name="traditional biomass">
                    <fuelprefElasticity fillout="1" year="1975">-1</fuelprefElasticity>
                </subsector>
                <subsector name="coal">
                    <fuelprefElasticity fillout="1" year="1975">0</fuelprefElasticity>
                </subsector>
            </supplysector>
            <supplysector name="resid others">
                <subsector name="traditional biomass">
                    <fuelprefElasticity fillout="1" year="1975">-1</fuelprefElasticity>
                </subsector>
                <subsector name="coal">
                    <fuelprefElasticity fillout="1" year="1975">0</fuelprefElasticity>
                </subsector>
            </supplysector>
        </region>
        <region name="Middle East">
            <gcam-consumer name="resid">
                <nodeInput name="resid">
                    <building-node-input name="resid_building">
                        <satiation-demand-function>
                            <satiation-level>4e-05</satiation-level>
                            <satiation-adder>1.0202e-05</satiation-adder>
                        </satiation-demand-function>
                        <building-service-input name="resid others">
                            <satiation-demand-function>
                                <satiation-level>0.351396</satiation-level>
                            </satiation-demand-function>
                        </building-service-input>
                    </building-node-input>
                </nodeInput>
            </gcam-consumer>
            <gcam-consumer name="comm">
                <nodeInput name="comm">
                    <building-node-input name="comm_building">
                        <satiation-demand-function>
                            <satiation-level>1.9e-05</satiation-level>
                            <satiation-adder>5.591e-06</satiation-adder>
                        </satiation-demand-function>
                        <building-service-input name="comm others">
                            <satiation-demand-function>
                                <satiation-level>1.018354</satiation-level>
                            </satiation-demand-function>
                        </building-service-input>
                    </building-node-input>
                </nodeInput>
            </gcam-consumer>
            <supplysector name="resid heating">
                <subsector name="coal">
                    <fuelprefElasticity fillout="1" year="1975">0</fuelprefElasticity>
                </subsector>
            </supplysector>
            <supplysector name="resid others">
                <subsector name="coal">
                    <fuelprefElasticity fillout="1" year="1975">0</fuelprefElasticity>
                </subsector>
            </supplysector>
        </region>
        <region name="Pakistan">
            <gcam-consumer name="resid">
                <nodeInput name="resid">
                    <building-node-input name="resid_building">
                        <satiation-demand-function>
                            <satiation-level>3.5e-05</satiation-level>
                            <satiation-adder>7.316e-06</satiation-adder>
                        </satiation-demand-function>
                        <building-service-input name="resid others">
                            <satiation-demand-function>
                                <satiation-level>0.351396</satiation-level>
                            </satiation-demand-function>
                        </building-service-input>
                    </building-node-input>
                </nodeInput>
            </gcam-consumer>
            <gcam-consumer name="comm">
                <nodeInput name="comm">
                    <building-node-input name="comm_building">
                        <satiation-demand-function>
                            <satiation-level>1.7e-05</satiation-level>
                            <satiation-adder>4.455e-06</satiation-adder>
                        </satiation-demand-function>
                        <building-service-input name="comm others">
                            <satiation-demand-function>
                                <satiation-level>1.018354</satiation-level>
                            </satiation-demand-function>
                        </building-service-input>
                    </building-node-input>
                </nodeInput>
            </gcam-consumer>
            <supplysector name="resid heating">
                <subsector name="traditional biomass">
                    <fuelprefElasticity fillout="1" year="1975">-1</fuelprefElasticity>
                </subsector>
                <subsector name="coal">
                    <fuelprefElasticity fillout="1" year="1975">0</fuelprefElasticity>
                </subsector>
            </supplysector>
            <supplysector name="resid others">
                <subsector name="traditional biomass">
                    <fuelprefElasticity fillout="1" year="1975">-1</fuelprefElasticity>
                </subsector>
                <subsector name="coal">
                    <fuelprefElasticity fillout="1" year="1975">0</fuelprefElasticity>
                </subsector>
            </supplysector>
        </region>
        <region name="Russia">
            <gcam-consumer name="resid">
                <nodeInput name="resid">
                    <building-node-input name="resid_building">
                        <satiation-demand-function>
                            <satiation-level>4e-05</satiation-level>
                            <satiation-adder>1.5186e-05</satiation-adder>
                        </satiation-demand-function>
                        <building-service-input name="resid others">
                            <satiation-demand-function>
                                <satiation-level>0.351396</satiation-level>
                            </satiation-demand-function>
                        </building-service-input>
                    </building-node-input>
                </nodeInput>
            </gcam-consumer>
            <gcam-consumer name="comm">
                <nodeInput name="comm">
                    <building-node-input name="comm_building">
                        <satiation-demand-function>
                            <satiation-level>1.9e-05</satiation-level>
                            <satiation-adder>6.76e-07</satiation-adder>
                        </satiation-demand-function>
                        <building-service-input name="comm others">
                            <satiation-demand-function>
                                <satiation-level>1.018354</satiation-level>
                            </satiation-demand-function>
                        </building-service-input>
                    </building-node-input>
                </nodeInput>
            </gcam-consumer>
            <supplysector name="resid heating">
                <subsector name="coal">
                    <fuelprefElasticity fillout="1" year="1975">0</fuelprefElasticity>
                </subsector>
            </supplysector>
            <supplysector name="resid others">
                <subsector name="coal">
                    <fuelprefElasticity fillout="1" year="1975">0</fuelprefElasticity>
                </subsector>
            </supplysector>
        </region>
        <region name="South Africa">
            <gcam-consumer name="resid">
                <nodeInput name="resid">
                    <building-node-input name="resid_building">
                        <satiation-demand-function>
                            <satiation-level>3.5e-05</satiation-level>
                            <satiation-adder>4.8e-06</satiation-adder>
                        </satiation-demand-function>
                        <building-service-input name="resid others">
                            <satiation-demand-function>
                                <satiation-level>0.351396</satiation-level>
                            </satiation-demand-function>
                        </building-service-input>
                    </building-node-input>
                </nodeInput>
            </gcam-consumer>
            <gcam-consumer name="comm">
                <nodeInput name="comm">
                    <building-node-input name="comm_building">
                        <satiation-demand-function>
                            <satiation-level>1.7e-05</satiation-level>
                            <satiation-adder>-3.877e-06</satiation-adder>
                        </satiation-demand-function>
                        <building-service-input name="comm others">
                            <satiation-demand-function>
                                <satiation-level>1.41761730311111</satiation-level>
                            </satiation-demand-function>
                        </building-service-input>
                    </building-node-input>
                </nodeInput>
            </gcam-consumer>
            <supplysector name="resid heating">
                <subsector name="traditional biomass">
                    <fuelprefElasticity fillout="1" year="1975">-1</fuelprefElasticity>
                </subsector>
                <subsector name="coal">
                    <fuelprefElasticity fillout="1" year="1975">0</fuelprefElasticity>
                </subsector>
            </supplysector>
            <supplysector name="resid others">
                <subsector name="traditional biomass">
                    <fuelprefElasticity fillout="1" year="1975">-1</fuelprefElasticity>
                </subsector>
                <subsector name="coal">
                    <fuelprefElasticity fillout="1" year="1975">0</fuelprefElasticity>
                </subsector>
            </supplysector>
        </region>
        <region name="South America_Northern">
            <gcam-consumer name="resid">
                <nodeInput name="resid">
                    <building-node-input name="resid_building">
                        <satiation-demand-function>
                            <satiation-level>4e-05</satiation-level>
                            <satiation-adder>3.12e-07</satiation-adder>
                        </satiation-demand-function>
                        <building-service-input name="resid others">
                            <satiation-demand-function>
                                <satiation-level>0.351396</satiation-level>
                            </satiation-demand-function>
                        </building-service-input>
                    </building-node-input>
                </nodeInput>
            </gcam-consumer>
            <gcam-consumer name="comm">
                <nodeInput name="comm">
                    <building-node-input name="comm_building">
                        <satiation-demand-function>
                            <satiation-level>1.9e-05</satiation-level>
                            <satiation-adder>-4.67e-07</satiation-adder>
                        </satiation-demand-function>
                        <building-service-input name="comm others">
                            <satiation-demand-function>
                                <satiation-level>1.018354</satiation-level>
                            </satiation-demand-function>
                        </building-service-input>
                    </building-node-input>
                </nodeInput>
            </gcam-consumer>
            <supplysector name="resid heating">
                <subsector name="traditional biomass">
                    <fuelprefElasticity fillout="1" year="1975">-1</fuelprefElasticity>
                </subsector>
                <subsector name="coal">
                    <fuelprefElasticity fillout="1" year="1975">0</fuelprefElasticity>
                </subsector>
            </supplysector>
            <supplysector name="resid others">
                <subsector name="traditional biomass">
                    <fuelprefElasticity fillout="1" year="1975">-1</fuelprefElasticity>
                </subsector>
                <subsector name="coal">
                    <fuelprefElasticity fillout="1" year="1975">0</fuelprefElasticity>
                </subsector>
            </supplysector>
        </region>
        <region name="South America_Southern">
            <gcam-consumer name="resid">
                <nodeInput name="resid">
                    <building-node-input name="resid_building">
                        <satiation-demand-function>
                            <satiation-level>4e-05</satiation-level>
                            <satiation-adder>1.0434e-05</satiation-adder>
                        </satiation-demand-function>
                        <building-service-input name="resid others">
                            <satiation-demand-function>
                                <satiation-level>0.351396</satiation-level>
                            </satiation-demand-function>
                        </building-service-input>
                    </building-node-input>
                </nodeInput>
            </gcam-consumer>
            <gcam-consumer name="comm">
                <nodeInput name="comm">
                    <building-node-input name="comm_building">
                        <satiation-demand-function>
                            <satiation-level>1.9e-05</satiation-level>
                            <satiation-adder>4.478e-06</satiation-adder>
                        </satiation-demand-function>
                        <building-service-input name="comm others">
                            <satiation-demand-function>
                                <satiation-level>1.018354</satiation-level>
                            </satiation-demand-function>
                        </building-service-input>
                    </building-node-input>
                </nodeInput>
            </gcam-consumer>
            <supplysector name="resid heating">
                <subsector name="traditional biomass">
                    <fuelprefElasticity fillout="1" year="1975">-1</fuelprefElasticity>
                </subsector>
                <subsector name="coal">
                    <fuelprefElasticity fillout="1" year="1975">0</fuelprefElasticity>
                </subsector>
            </supplysector>
            <supplysector name="resid others">
                <subsector name="traditional biomass">
                    <fuelprefElasticity fillout="1" year="1975">-1</fuelprefElasticity>
                </subsector>
                <subsector name="coal">
                    <fuelprefElasticity fillout="1" year="1975">0</fuelprefElasticity>
                </subsector>
            </supplysector>
        </region>
        <region name="South Asia">
            <gcam-consumer name="resid">
                <nodeInput name="resid">
                    <building-node-input name="resid_building">
                        <satiation-demand-function>
                            <satiation-level>3.5e-05</satiation-level>
                            <satiation-adder>7.58e-06</satiation-adder>
                        </satiation-demand-function>
                        <building-service-input name="resid others">
                            <satiation-demand-function>
                                <satiation-level>0.351396</satiation-level>
                            </satiation-demand-function>
                        </building-service-input>
                    </building-node-input>
                </nodeInput>
            </gcam-consumer>
            <gcam-consumer name="comm">
                <nodeInput name="comm">
                    <building-node-input name="comm_building">
                        <satiation-demand-function>
                            <satiation-level>1.7e-05</satiation-level>
                            <satiation-adder>4.575e-06</satiation-adder>
                        </satiation-demand-function>
                        <building-service-input name="comm others">
                            <satiation-demand-function>
                                <satiation-level>1.018354</satiation-level>
                            </satiation-demand-function>
                        </building-service-input>
                    </building-node-input>
                </nodeInput>
            </gcam-consumer>
            <supplysector name="resid heating">
                <subsector name="traditional biomass">
                    <fuelprefElasticity fillout="1" year="1975">-1</fuelprefElasticity>
                </subsector>
                <subsector name="coal">
                    <fuelprefElasticity fillout="1" year="1975">0</fuelprefElasticity>
                </subsector>
            </supplysector>
            <supplysector name="resid others">
                <subsector name="traditional biomass">
                    <fuelprefElasticity fillout="1" year="1975">-1</fuelprefElasticity>
                </subsector>
                <subsector name="coal">
                    <fuelprefElasticity fillout="1" year="1975">0</fuelprefElasticity>
                </subsector>
            </supplysector>
        </region>
        <region name="South Korea">
            <gcam-consumer name="resid">
                <nodeInput name="resid">
                    <building-node-input name="resid_building">
                        <satiation-demand-function>
                            <satiation-level>4e-05</satiation-level>
                            <satiation-adder>-7.791e-06</satiation-adder>
                        </satiation-demand-function>
                        <building-service-input name="resid others">
                            <satiation-demand-function>
                                <satiation-level>0.351396</satiation-level>
                            </satiation-demand-function>
                        </building-service-input>
                    </building-node-input>
                </nodeInput>
            </gcam-consumer>
            <gcam-consumer name="comm">
                <nodeInput name="comm">
                    <building-node-input name="comm_building">
                        <satiation-demand-function>
                            <satiation-level>1.9e-05</satiation-level>
                            <satiation-adder>5.3e-06</satiation-adder>
                        </satiation-demand-function>
                        <building-service-input name="comm others">
                            <satiation-demand-function>
                                <satiation-level>1.018354</satiation-level>
                            </satiation-demand-function>
                        </building-service-input>
                    </building-node-input>
                </nodeInput>
            </gcam-consumer>
            <supplysector name="resid heating">
                <subsector name="coal">
                    <fuelprefElasticity fillout="1" year="1975">0</fuelprefElasticity>
                </subsector>
            </supplysector>
            <supplysector name="resid others">
                <subsector name="coal">
                    <fuelprefElasticity fillout="1" year="1975">0</fuelprefElasticity>
                </subsector>
            </supplysector>
        </region>
        <region name="Southeast Asia">
            <gcam-consumer name="resid">
                <nodeInput name="resid">
                    <building-node-input name="resid_building">
                        <satiation-demand-function>
                            <satiation-level>3.5e-05</satiation-level>
                            <satiation-adder>1.1827e-05</satiation-adder>
                        </satiation-demand-function>
                        <building-service-input name="resid others">
                            <satiation-demand-function>
                                <satiation-level>0.351396</satiation-level>
                            </satiation-demand-function>
                        </building-service-input>
                    </building-node-input>
                </nodeInput>
            </gcam-consumer>
            <gcam-consumer name="comm">
                <nodeInput name="comm">
                    <building-node-input name="comm_building">
                        <satiation-demand-function>
                            <satiation-level>1.7e-05</satiation-level>
                            <satiation-adder>4.681e-06</satiation-adder>
                        </satiation-demand-function>
                        <building-service-input name="comm others">
                            <satiation-demand-function>
                                <satiation-level>1.018354</satiation-level>
                            </satiation-demand-function>
                        </building-service-input>
                    </building-node-input>
                </nodeInput>
            </gcam-consumer>
            <supplysector name="resid heating">
                <subsector name="traditional biomass">
                    <fuelprefElasticity fillout="1" year="1975">-1</fuelprefElasticity>
                </subsector>
                <subsector name="coal">
                    <fuelprefElasticity fillout="1" year="1975">0</fuelprefElasticity>
                </subsector>
            </supplysector>
            <supplysector name="resid others">
                <subsector name="traditional biomass">
                    <fuelprefElasticity fillout="1" year="1975">-1</fuelprefElasticity>
                </subsector>
                <subsector name="coal">
                    <fuelprefElasticity fillout="1" year="1975">0</fuelprefElasticity>
                </subsector>
            </supplysector>
        </region>
        <region name="Taiwan">
            <gcam-consumer name="resid">
                <nodeInput name="resid">
                    <building-node-input name="resid_building">
                        <satiation-demand-function>
                            <satiation-level>4e-05</satiation-level>
                            <satiation-adder>-2.9307e-05</satiation-adder>
                        </satiation-demand-function>
                        <building-service-input name="resid others">
                            <satiation-demand-function>
                                <satiation-level>0.463080141767677</satiation-level>
                            </satiation-demand-function>
                        </building-service-input>
                    </building-node-input>
                </nodeInput>
            </gcam-consumer>
            <gcam-consumer name="comm">
                <nodeInput name="comm">
                    <building-node-input name="comm_building">
                        <satiation-demand-function>
                            <satiation-level>1.9e-05</satiation-level>
                            <satiation-adder>-1.1839e-05</satiation-adder>
                        </satiation-demand-function>
                        <building-service-input name="comm others">
                            <satiation-demand-function>
                                <satiation-level>1.14810962706897</satiation-level>
                            </satiation-demand-function>
                        </building-service-input>
                    </building-node-input>
                </nodeInput>
            </gcam-consumer>
            <supplysector name="resid heating">
                <subsector name="coal">
                    <fuelprefElasticity fillout="1" year="1975">0</fuelprefElasticity>
                </subsector>
            </supplysector>
            <supplysector name="resid others">
                <subsector name="coal">
                    <fuelprefElasticity fillout="1" year="1975">0</fuelprefElasticity>
                </subsector>
            </supplysector>
        </region>
        <region name="Argentina">
            <gcam-consumer name="resid">
                <nodeInput name="resid">
                    <building-node-input name="resid_building">
                        <satiation-demand-function>
                            <satiation-level>4e-05</satiation-level>
                            <satiation-adder>3.034e-06</satiation-adder>
                        </satiation-demand-function>
                        <building-service-input name="resid others">
                            <satiation-demand-function>
                                <satiation-level>0.351396</satiation-level>
                            </satiation-demand-function>
                        </building-service-input>
                    </building-node-input>
                </nodeInput>
            </gcam-consumer>
            <gcam-consumer name="comm">
                <nodeInput name="comm">
                    <building-node-input name="comm_building">
                        <satiation-demand-function>
                            <satiation-level>1.9e-05</satiation-level>
                            <satiation-adder>8.4e-07</satiation-adder>
                        </satiation-demand-function>
                        <building-service-input name="comm others">
                            <satiation-demand-function>
                                <satiation-level>1.018354</satiation-level>
                            </satiation-demand-function>
                        </building-service-input>
                    </building-node-input>
                </nodeInput>
            </gcam-consumer>
            <supplysector name="resid heating">
                <subsector name="traditional biomass">
                    <fuelprefElasticity fillout="1" year="1975">-1</fuelprefElasticity>
                </subsector>
                <subsector name="coal">
                    <fuelprefElasticity fillout="1" year="1975">0</fuelprefElasticity>
                </subsector>
            </supplysector>
            <supplysector name="resid others">
                <subsector name="traditional biomass">
                    <fuelprefElasticity fillout="1" year="1975">-1</fuelprefElasticity>
                </subsector>
                <subsector name="coal">
                    <fuelprefElasticity fillout="1" year="1975">0</fuelprefElasticity>
                </subsector>
            </supplysector>
        </region>
        <region name="Colombia">
            <gcam-consumer name="resid">
                <nodeInput name="resid">
                    <building-node-input name="resid_building">
                        <satiation-demand-function>
                            <satiation-level>4e-05</satiation-level>
                            <satiation-adder>1.0666e-05</satiation-adder>
                        </satiation-demand-function>
                        <building-service-input name="resid others">
                            <satiation-demand-function>
                                <satiation-level>0.351396</satiation-level>
                            </satiation-demand-function>
                        </building-service-input>
                    </building-node-input>
                </nodeInput>
            </gcam-consumer>
            <gcam-consumer name="comm">
                <nodeInput name="comm">
                    <building-node-input name="comm_building">
                        <satiation-demand-function>
                            <satiation-level>1.9e-05</satiation-level>
                            <satiation-adder>4.582e-06</satiation-adder>
                        </satiation-demand-function>
                        <building-service-input name="comm others">
                            <satiation-demand-function>
                                <satiation-level>1.018354</satiation-level>
                            </satiation-demand-function>
                        </building-service-input>
                    </building-node-input>
                </nodeInput>
            </gcam-consumer>
            <supplysector name="resid heating">
                <subsector name="traditional biomass">
                    <fuelprefElasticity fillout="1" year="1975">-1</fuelprefElasticity>
                </subsector>
                <subsector name="coal">
                    <fuelprefElasticity fillout="1" year="1975">0</fuelprefElasticity>
                </subsector>
            </supplysector>
            <supplysector name="resid others">
                <subsector name="traditional biomass">
                    <fuelprefElasticity fillout="1" year="1975">-1</fuelprefElasticity>
                </subsector>
                <subsector name="coal">
                    <fuelprefElasticity fillout="1" year="1975">0</fuelprefElasticity>
                </subsector>
            </supplysector>
        </region>
    </world>
</scenario>
