<?xml version="1.0" encoding="UTF-8"?>
<scenario>
    <world>
        <region name="USA">
            <gcam-consumer name="resid">
                <nodeInput name="resid">
                    <building-node-input name="resid_building">
                        <satiation-demand-function>
                            <satiation-level>6.6e-05</satiation-level>
                            <satiation-adder>-1.0868e-05</satiation-adder>
                        </satiation-demand-function>
                        <building-service-input name="resid others">
                            <satiation-demand-function>
                                <satiation-level>0.3865356</satiation-level>
                            </satiation-demand-function>
                        </building-service-input>
                    </building-node-input>
                </nodeInput>
            </gcam-consumer>
            <gcam-consumer name="comm">
                <nodeInput name="comm">
                    <building-node-input name="comm_building">
                        <satiation-demand-function>
                            <satiation-level>3e-05</satiation-level>
                            <satiation-adder>-3.0891e-05</satiation-adder>
                        </satiation-demand-function>
                        <building-service-input name="comm others">
                            <satiation-demand-function>
                                <satiation-level>1.1201894</satiation-level>
                            </satiation-demand-function>
                        </building-service-input>
                    </building-node-input>
                </nodeInput>
            </gcam-consumer>
            <supplysector name="resid heating">
                <subsector name="coal">
                    <fuelprefElasticity fillout="1" year="1975">-1.5</fuelprefElasticity>
                </subsector>
            </supplysector>
            <supplysector name="resid others">
                <subsector name="coal">
                    <fuelprefElasticity fillout="1" year="1975">-1.5</fuelprefElasticity>
                </subsector>
            </supplysector>
        </region>
        <region name="Africa_Eastern">
            <gcam-consumer name="resid">
                <nodeInput name="resid">
                    <building-node-input name="resid_building">
                        <satiation-demand-function>
                            <satiation-level>3.9e-05</satiation-level>
                            <satiation-adder>8.202e-06</satiation-adder>
                        </satiation-demand-function>
                        <building-service-input name="resid others">
                            <satiation-demand-function>
                                <satiation-level>0.3865356</satiation-level>
                            </satiation-demand-function>
                        </building-service-input>
                    </building-node-input>
                </nodeInput>
            </gcam-consumer>
            <gcam-consumer name="comm">
                <nodeInput name="comm">
                    <building-node-input name="comm_building">
                        <satiation-demand-function>
                            <satiation-level>1.9e-05</satiation-level>
                            <satiation-adder>2.526e-06</satiation-adder>
                        </satiation-demand-function>
                        <building-service-input name="comm others">
                            <satiation-demand-function>
                                <satiation-level>1.1201894</satiation-level>
                            </satiation-demand-function>
                        </building-service-input>
                    </building-node-input>
                </nodeInput>
            </gcam-consumer>
            <supplysector name="resid heating">
                <subsector name="coal">
                    <fuelprefElasticity fillout="1" year="1975">-1.5</fuelprefElasticity>
                </subsector>
                <subsector name="traditional biomass">
                    <fuelprefElasticity fillout="1" year="1975">-2.5</fuelprefElasticity>
                </subsector>
            </supplysector>
            <supplysector name="resid others">
                <subsector name="coal">
                    <fuelprefElasticity fillout="1" year="1975">-1.5</fuelprefElasticity>
                </subsector>
                <subsector name="traditional biomass">
                    <fuelprefElasticity fillout="1" year="1975">-2.5</fuelprefElasticity>
                </subsector>
            </supplysector>
        </region>
        <region name="Africa_Northern">
            <gcam-consumer name="resid">
                <nodeInput name="resid">
                    <building-node-input name="resid_building">
                        <satiation-demand-function>
                            <satiation-level>3.9e-05</satiation-level>
                            <satiation-adder>4.075e-06</satiation-adder>
                        </satiation-demand-function>
                        <building-service-input name="resid others">
                            <satiation-demand-function>
                                <satiation-level>0.3865356</satiation-level>
                            </satiation-demand-function>
                        </building-service-input>
                    </building-node-input>
                </nodeInput>
            </gcam-consumer>
            <gcam-consumer name="comm">
                <nodeInput name="comm">
                    <building-node-input name="comm_building">
                        <satiation-demand-function>
                            <satiation-level>1.9e-05</satiation-level>
                            <satiation-adder>3.2e-07</satiation-adder>
                        </satiation-demand-function>
                        <building-service-input name="comm others">
                            <satiation-demand-function>
                                <satiation-level>1.1201894</satiation-level>
                            </satiation-demand-function>
                        </building-service-input>
                    </building-node-input>
                </nodeInput>
            </gcam-consumer>
            <supplysector name="resid heating">
                <subsector name="coal">
                    <fuelprefElasticity fillout="1" year="1975">-1.5</fuelprefElasticity>
                </subsector>
                <subsector name="traditional biomass">
                    <fuelprefElasticity fillout="1" year="1975">-2.5</fuelprefElasticity>
                </subsector>
            </supplysector>
            <supplysector name="resid others">
                <subsector name="coal">
                    <fuelprefElasticity fillout="1" year="1975">-1.5</fuelprefElasticity>
                </subsector>
                <subsector name="traditional biomass">
                    <fuelprefElasticity fillout="1" year="1975">-2.5</fuelprefElasticity>
                </subsector>
            </supplysector>
        </region>
        <region name="Africa_Southern">
            <gcam-consumer name="resid">
                <nodeInput name="resid">
                    <building-node-input name="resid_building">
                        <satiation-demand-function>
                            <satiation-level>3.9e-05</satiation-level>
                            <satiation-adder>7.346e-06</satiation-adder>
                        </satiation-demand-function>
                        <building-service-input name="resid others">
                            <satiation-demand-function>
                                <satiation-level>0.3865356</satiation-level>
                            </satiation-demand-function>
                        </building-service-input>
                    </building-node-input>
                </nodeInput>
            </gcam-consumer>
            <gcam-consumer name="comm">
                <nodeInput name="comm">
                    <building-node-input name="comm_building">
                        <satiation-demand-function>
                            <satiation-level>1.9e-05</satiation-level>
                            <satiation-adder>2.07e-06</satiation-adder>
                        </satiation-demand-function>
                        <building-service-input name="comm others">
                            <satiation-demand-function>
                                <satiation-level>1.1201894</satiation-level>
                            </satiation-demand-function>
                        </building-service-input>
                    </building-node-input>
                </nodeInput>
            </gcam-consumer>
            <supplysector name="resid heating">
                <subsector name="coal">
                    <fuelprefElasticity fillout="1" year="1975">-1.5</fuelprefElasticity>
                </subsector>
                <subsector name="traditional biomass">
                    <fuelprefElasticity fillout="1" year="1975">-2.5</fuelprefElasticity>
                </subsector>
            </supplysector>
            <supplysector name="resid others">
                <subsector name="coal">
                    <fuelprefElasticity fillout="1" year="1975">-1.5</fuelprefElasticity>
                </subsector>
                <subsector name="traditional biomass">
                    <fuelprefElasticity fillout="1" year="1975">-2.5</fuelprefElasticity>
                </subsector>
            </supplysector>
        </region>
        <region name="Africa_Western">
            <gcam-consumer name="resid">
                <nodeInput name="resid">
                    <building-node-input name="resid_building">
                        <satiation-demand-function>
                            <satiation-level>3.9e-05</satiation-level>
                            <satiation-adder>7.205e-06</satiation-adder>
                        </satiation-demand-function>
                        <building-service-input name="resid others">
                            <satiation-demand-function>
                                <satiation-level>0.3865356</satiation-level>
                            </satiation-demand-function>
                        </building-service-input>
                    </building-node-input>
                </nodeInput>
            </gcam-consumer>
            <gcam-consumer name="comm">
                <nodeInput name="comm">
                    <building-node-input name="comm_building">
                        <satiation-demand-function>
                            <satiation-level>1.9e-05</satiation-level>
                            <satiation-adder>1.993e-06</satiation-adder>
                        </satiation-demand-function>
                        <building-service-input name="comm others">
                            <satiation-demand-function>
                                <satiation-level>1.1201894</satiation-level>
                            </satiation-demand-function>
                        </building-service-input>
                    </building-node-input>
                </nodeInput>
            </gcam-consumer>
            <supplysector name="resid heating">
                <subsector name="coal">
                    <fuelprefElasticity fillout="1" year="1975">-1.5</fuelprefElasticity>
                </subsector>
                <subsector name="traditional biomass">
                    <fuelprefElasticity fillout="1" year="1975">-2.5</fuelprefElasticity>
                </subsector>
            </supplysector>
            <supplysector name="resid others">
                <subsector name="coal">
                    <fuelprefElasticity fillout="1" year="1975">-1.5</fuelprefElasticity>
                </subsector>
                <subsector name="traditional biomass">
                    <fuelprefElasticity fillout="1" year="1975">-2.5</fuelprefElasticity>
                </subsector>
            </supplysector>
        </region>
        <region name="Australia_NZ">
            <gcam-consumer name="resid">
                <nodeInput name="resid">
                    <building-node-input name="resid_building">
                        <satiation-demand-function>
                            <satiation-level>5.5e-05</satiation-level>
                            <satiation-adder>-1.1589e-05</satiation-adder>
                        </satiation-demand-function>
                        <building-service-input name="resid others">
                            <satiation-demand-function>
                                <satiation-level>0.3865356</satiation-level>
                            </satiation-demand-function>
                        </building-service-input>
                    </building-node-input>
                </nodeInput>
            </gcam-consumer>
            <gcam-consumer name="comm">
                <nodeInput name="comm">
                    <building-node-input name="comm_building">
                        <satiation-demand-function>
                            <satiation-level>2.6e-05</satiation-level>
                            <satiation-adder>-3.738e-05</satiation-adder>
                        </satiation-demand-function>
                        <building-service-input name="comm others">
                            <satiation-demand-function>
                                <satiation-level>1.1201894</satiation-level>
                            </satiation-demand-function>
                        </building-service-input>
                    </building-node-input>
                </nodeInput>
            </gcam-consumer>
            <supplysector name="resid heating">
                <subsector name="coal">
                    <fuelprefElasticity fillout="1" year="1975">-1.5</fuelprefElasticity>
                </subsector>
            </supplysector>
            <supplysector name="resid others">
                <subsector name="coal">
                    <fuelprefElasticity fillout="1" year="1975">-1.5</fuelprefElasticity>
                </subsector>
            </supplysector>
        </region>
        <region name="Brazil">
            <gcam-consumer name="resid">
                <nodeInput name="resid">
                    <building-node-input name="resid_building">
                        <satiation-demand-function>
                            <satiation-level>4.4e-05</satiation-level>
                            <satiation-adder>1.378e-06</satiation-adder>
                        </satiation-demand-function>
                        <building-service-input name="resid others">
                            <satiation-demand-function>
                                <satiation-level>0.3865356</satiation-level>
                            </satiation-demand-function>
                        </building-service-input>
                    </building-node-input>
                </nodeInput>
            </gcam-consumer>
            <gcam-consumer name="comm">
                <nodeInput name="comm">
                    <building-node-input name="comm_building">
                        <satiation-demand-function>
                            <satiation-level>2.1e-05</satiation-level>
                            <satiation-adder>2e-08</satiation-adder>
                        </satiation-demand-function>
                        <building-service-input name="comm others">
                            <satiation-demand-function>
                                <satiation-level>1.1201894</satiation-level>
                            </satiation-demand-function>
                        </building-service-input>
                    </building-node-input>
                </nodeInput>
            </gcam-consumer>
            <supplysector name="resid heating">
                <subsector name="coal">
                    <fuelprefElasticity fillout="1" year="1975">-1.5</fuelprefElasticity>
                </subsector>
                <subsector name="traditional biomass">
                    <fuelprefElasticity fillout="1" year="1975">-2.5</fuelprefElasticity>
                </subsector>
            </supplysector>
            <supplysector name="resid others">
                <subsector name="coal">
                    <fuelprefElasticity fillout="1" year="1975">-1.5</fuelprefElasticity>
                </subsector>
                <subsector name="traditional biomass">
                    <fuelprefElasticity fillout="1" year="1975">-2.5</fuelprefElasticity>
                </subsector>
            </supplysector>
        </region>
        <region name="Canada">
            <gcam-consumer name="resid">
                <nodeInput name="resid">
                    <building-node-input name="resid_building">
                        <satiation-demand-function>
                            <satiation-level>5.5e-05</satiation-level>
                            <satiation-adder>2.097e-06</satiation-adder>
                        </satiation-demand-function>
                        <building-service-input name="resid others">
                            <satiation-demand-function>
                                <satiation-level>0.3865356</satiation-level>
                            </satiation-demand-function>
                        </building-service-input>
                    </building-node-input>
                </nodeInput>
            </gcam-consumer>
            <gcam-consumer name="comm">
                <nodeInput name="comm">
                    <building-node-input name="comm_building">
                        <satiation-demand-function>
                            <satiation-level>2.6e-05</satiation-level>
                            <satiation-adder>-1.9827e-05</satiation-adder>
                        </satiation-demand-function>
                        <building-service-input name="comm others">
                            <satiation-demand-function>
                                <satiation-level>1.1201894</satiation-level>
                            </satiation-demand-function>
                        </building-service-input>
                    </building-node-input>
                </nodeInput>
            </gcam-consumer>
            <supplysector name="resid heating">
                <subsector name="coal">
                    <fuelprefElasticity fillout="1" year="1975">-1.5</fuelprefElasticity>
                </subsector>
            </supplysector>
            <supplysector name="resid others">
                <subsector name="coal">
                    <fuelprefElasticity fillout="1" year="1975">-1.5</fuelprefElasticity>
                </subsector>
            </supplysector>
        </region>
        <region name="Central America and Caribbean">
            <gcam-consumer name="resid">
                <nodeInput name="resid">
                    <building-node-input name="resid_building">
                        <satiation-demand-function>
                            <satiation-level>4.4e-05</satiation-level>
                            <satiation-adder>1.2532e-05</satiation-adder>
                        </satiation-demand-function>
                        <building-service-input name="resid others">
                            <satiation-demand-function>
                                <satiation-level>0.3865356</satiation-level>
                            </satiation-demand-function>
                        </building-service-input>
                    </building-node-input>
                </nodeInput>
            </gcam-consumer>
            <gcam-consumer name="comm">
                <nodeInput name="comm">
                    <building-node-input name="comm_building">
                        <satiation-demand-function>
                            <satiation-level>2.1e-05</satiation-level>
                            <satiation-adder>5.486e-06</satiation-adder>
                        </satiation-demand-function>
                        <building-service-input name="comm others">
                            <satiation-demand-function>
                                <satiation-level>1.1201894</satiation-level>
                            </satiation-demand-function>
                        </building-service-input>
                    </building-node-input>
                </nodeInput>
            </gcam-consumer>
            <supplysector name="resid heating">
                <subsector name="coal">
                    <fuelprefElasticity fillout="1" year="1975">-1.5</fuelprefElasticity>
                </subsector>
                <subsector name="traditional biomass">
                    <fuelprefElasticity fillout="1" year="1975">-2.5</fuelprefElasticity>
                </subsector>
            </supplysector>
            <supplysector name="resid others">
                <subsector name="coal">
                    <fuelprefElasticity fillout="1" year="1975">-1.5</fuelprefElasticity>
                </subsector>
                <subsector name="traditional biomass">
                    <fuelprefElasticity fillout="1" year="1975">-2.5</fuelprefElasticity>
                </subsector>
            </supplysector>
        </region>
        <region name="Central Asia">
            <gcam-consumer name="resid">
                <nodeInput name="resid">
                    <building-node-input name="resid_building">
                        <satiation-demand-function>
                            <satiation-level>4.4e-05</satiation-level>
                            <satiation-adder>2.1095e-05</satiation-adder>
                        </satiation-demand-function>
                        <building-service-input name="resid others">
                            <satiation-demand-function>
                                <satiation-level>0.3865356</satiation-level>
                            </satiation-demand-function>
                        </building-service-input>
                    </building-node-input>
                </nodeInput>
            </gcam-consumer>
            <gcam-consumer name="comm">
                <nodeInput name="comm">
                    <building-node-input name="comm_building">
                        <satiation-demand-function>
                            <satiation-level>2.1e-05</satiation-level>
                            <satiation-adder>5.156e-06</satiation-adder>
                        </satiation-demand-function>
                        <building-service-input name="comm others">
                            <satiation-demand-function>
                                <satiation-level>1.1201894</satiation-level>
                            </satiation-demand-function>
                        </building-service-input>
                    </building-node-input>
                </nodeInput>
            </gcam-consumer>
            <supplysector name="resid heating">
                <subsector name="coal">
                    <fuelprefElasticity fillout="1" year="1975">-1.5</fuelprefElasticity>
                </subsector>
            </supplysector>
            <supplysector name="resid others">
                <subsector name="coal">
                    <fuelprefElasticity fillout="1" year="1975">-1.5</fuelprefElasticity>
                </subsector>
            </supplysector>
        </region>
        <region name="China">
            <gcam-consumer name="resid">
                <nodeInput name="resid">
                    <building-node-input name="resid_building">
                        <satiation-demand-function>
                            <satiation-level>4.4e-05</satiation-level>
                            <satiation-adder>2.5651e-05</satiation-adder>
                        </satiation-demand-function>
                        <building-service-input name="resid others">
                            <satiation-demand-function>
                                <satiation-level>0.3865356</satiation-level>
                            </satiation-demand-function>
                        </building-service-input>
                    </building-node-input>
                </nodeInput>
            </gcam-consumer>
            <gcam-consumer name="comm">
                <nodeInput name="comm">
                    <building-node-input name="comm_building">
                        <satiation-demand-function>
                            <satiation-level>2.1e-05</satiation-level>
                            <satiation-adder>6.392e-06</satiation-adder>
                        </satiation-demand-function>
                        <building-service-input name="comm others">
                            <satiation-demand-function>
                                <satiation-level>1.1201894</satiation-level>
                            </satiation-demand-function>
                        </building-service-input>
                    </building-node-input>
                </nodeInput>
            </gcam-consumer>
            <supplysector name="resid heating">
                <subsector name="coal">
                    <fuelprefElasticity fillout="1" year="1975">-1.5</fuelprefElasticity>
                </subsector>
                <subsector name="traditional biomass">
                    <fuelprefElasticity fillout="1" year="1975">-2.5</fuelprefElasticity>
                </subsector>
            </supplysector>
            <supplysector name="resid others">
                <subsector name="coal">
                    <fuelprefElasticity fillout="1" year="1975">-1.5</fuelprefElasticity>
                </subsector>
                <subsector name="traditional biomass">
                    <fuelprefElasticity fillout="1" year="1975">-2.5</fuelprefElasticity>
                </subsector>
            </supplysector>
        </region>
        <region name="EU-12">
            <gcam-consumer name="resid">
                <nodeInput name="resid">
                    <building-node-input name="resid_building">
                        <satiation-demand-function>
                            <satiation-level>5e-05</satiation-level>
                            <satiation-adder>1.1396e-05</satiation-adder>
                        </satiation-demand-function>
                        <building-service-input name="resid others">
                            <satiation-demand-function>
                                <satiation-level>0.3865356</satiation-level>
                            </satiation-demand-function>
                        </building-service-input>
                    </building-node-input>
                </nodeInput>
            </gcam-consumer>
            <gcam-consumer name="comm">
                <nodeInput name="comm">
                    <building-node-input name="comm_building">
                        <satiation-demand-function>
                            <satiation-level>2.3e-05</satiation-level>
                            <satiation-adder>-3.016e-06</satiation-adder>
                        </satiation-demand-function>
                        <building-service-input name="comm others">
                            <satiation-demand-function>
                                <satiation-level>1.1201894</satiation-level>
                            </satiation-demand-function>
                        </building-service-input>
                    </building-node-input>
                </nodeInput>
            </gcam-consumer>
            <supplysector name="resid heating">
                <subsector name="coal">
                    <fuelprefElasticity fillout="1" year="1975">-1.5</fuelprefElasticity>
                </subsector>
            </supplysector>
            <supplysector name="resid others">
                <subsector name="coal">
                    <fuelprefElasticity fillout="1" year="1975">-1.5</fuelprefElasticity>
                </subsector>
            </supplysector>
        </region>
        <region name="EU-15">
            <gcam-consumer name="resid">
                <nodeInput name="resid">
                    <building-node-input name="resid_building">
                        <satiation-demand-function>
                            <satiation-level>5e-05</satiation-level>
                            <satiation-adder>-1.9827e-05</satiation-adder>
                        </satiation-demand-function>
                        <building-service-input name="resid others">
                            <satiation-demand-function>
                                <satiation-level>0.3865356</satiation-level>
                            </satiation-demand-function>
                        </building-service-input>
                    </building-node-input>
                </nodeInput>
            </gcam-consumer>
            <gcam-consumer name="comm">
                <nodeInput name="comm">
                    <building-node-input name="comm_building">
                        <satiation-demand-function>
                            <satiation-level>2.3e-05</satiation-level>
                            <satiation-adder>-5.851e-06</satiation-adder>
                        </satiation-demand-function>
                        <building-service-input name="comm others">
                            <satiation-demand-function>
                                <satiation-level>1.1201894</satiation-level>
                            </satiation-demand-function>
                        </building-service-input>
                    </building-node-input>
                </nodeInput>
            </gcam-consumer>
            <supplysector name="resid heating">
                <subsector name="coal">
                    <fuelprefElasticity fillout="1" year="1975">-1.5</fuelprefElasticity>
                </subsector>
            </supplysector>
            <supplysector name="resid others">
                <subsector name="coal">
                    <fuelprefElasticity fillout="1" year="1975">-1.5</fuelprefElasticity>
                </subsector>
            </supplysector>
        </region>
        <region name="Europe_Eastern">
            <gcam-consumer name="resid">
                <nodeInput name="resid">
                    <building-node-input name="resid_building">
                        <satiation-demand-function>
                            <satiation-level>4.4e-05</satiation-level>
                            <satiation-adder>2.1324e-05</satiation-adder>
                        </satiation-demand-function>
                        <building-service-input name="resid others">
                            <satiation-demand-function>
                                <satiation-level>0.3865356</satiation-level>
                            </satiation-demand-function>
                        </building-service-input>
                    </building-node-input>
                </nodeInput>
            </gcam-consumer>
            <gcam-consumer name="comm">
                <nodeInput name="comm">
                    <building-node-input name="comm_building">
                        <satiation-demand-function>
                            <satiation-level>2.1e-05</satiation-level>
                            <satiation-adder>5.359e-06</satiation-adder>
                        </satiation-demand-function>
                        <building-service-input name="comm others">
                            <satiation-demand-function>
                                <satiation-level>1.1201894</satiation-level>
                            </satiation-demand-function>
                        </building-service-input>
                    </building-node-input>
                </nodeInput>
            </gcam-consumer>
            <supplysector name="resid heating">
                <subsector name="coal">
                    <fuelprefElasticity fillout="1" year="1975">-1.5</fuelprefElasticity>
                </subsector>
            </supplysector>
            <supplysector name="resid others">
                <subsector name="coal">
                    <fuelprefElasticity fillout="1" year="1975">-1.5</fuelprefElasticity>
                </subsector>
            </supplysector>
        </region>
        <region name="Europe_Non_EU">
            <gcam-consumer name="resid">
                <nodeInput name="resid">
                    <building-node-input name="resid_building">
                        <satiation-demand-function>
                            <satiation-level>5e-05</satiation-level>
                            <satiation-adder>3.1192e-05</satiation-adder>
                        </satiation-demand-function>
                        <building-service-input name="resid others">
                            <satiation-demand-function>
                                <satiation-level>0.3865356</satiation-level>
                            </satiation-demand-function>
                        </building-service-input>
                    </building-node-input>
                </nodeInput>
            </gcam-consumer>
            <gcam-consumer name="comm">
                <nodeInput name="comm">
                    <building-node-input name="comm_building">
                        <satiation-demand-function>
                            <satiation-level>2.3e-05</satiation-level>
                            <satiation-adder>1.1157e-05</satiation-adder>
                        </satiation-demand-function>
                        <building-service-input name="comm others">
                            <satiation-demand-function>
                                <satiation-level>1.1201894</satiation-level>
                            </satiation-demand-function>
                        </building-service-input>
                    </building-node-input>
                </nodeInput>
            </gcam-consumer>
            <supplysector name="resid heating">
                <subsector name="coal">
                    <fuelprefElasticity fillout="1" year="1975">-1.5</fuelprefElasticity>
                </subsector>
            </supplysector>
            <supplysector name="resid others">
                <subsector name="coal">
                    <fuelprefElasticity fillout="1" year="1975">-1.5</fuelprefElasticity>
                </subsector>
            </supplysector>
        </region>
        <region name="European Free Trade Association">
            <gcam-consumer name="resid">
                <nodeInput name="resid">
                    <building-node-input name="resid_building">
                        <satiation-demand-function>
                            <satiation-level>5e-05</satiation-level>
                            <satiation-adder>-0.000121338</satiation-adder>
                        </satiation-demand-function>
                        <building-service-input name="resid others">
                            <satiation-demand-function>
                                <satiation-level>0.3865356</satiation-level>
                            </satiation-demand-function>
                        </building-service-input>
                    </building-node-input>
                </nodeInput>
            </gcam-consumer>
            <gcam-consumer name="comm">
                <nodeInput name="comm">
                    <building-node-input name="comm_building">
                        <satiation-demand-function>
                            <satiation-level>2.3e-05</satiation-level>
                            <satiation-adder>-0.000130394</satiation-adder>
                        </satiation-demand-function>
                        <building-service-input name="comm others">
                            <satiation-demand-function>
                                <satiation-level>1.1201894</satiation-level>
                            </satiation-demand-function>
                        </building-service-input>
                    </building-node-input>
                </nodeInput>
            </gcam-consumer>
            <supplysector name="resid heating">
                <subsector name="coal">
                    <fuelprefElasticity fillout="1" year="1975">-1.5</fuelprefElasticity>
                </subsector>
            </supplysector>
            <supplysector name="resid others">
                <subsector name="coal">
                    <fuelprefElasticity fillout="1" year="1975">-1.5</fuelprefElasticity>
                </subsector>
            </supplysector>
        </region>
        <region name="India">
            <gcam-consumer name="resid">
                <nodeInput name="resid">
                    <building-node-input name="resid_building">
                        <satiation-demand-function>
                            <satiation-level>3.9e-05</satiation-level>
                            <satiation-adder>8.856e-06</satiation-adder>
                        </satiation-demand-function>
                        <building-service-input name="resid others">
                            <satiation-demand-function>
                                <satiation-level>0.3865356</satiation-level>
                            </satiation-demand-function>
                        </building-service-input>
                    </building-node-input>
                </nodeInput>
            </gcam-consumer>
            <gcam-consumer name="comm">
                <nodeInput name="comm">
                    <building-node-input name="comm_building">
                        <satiation-demand-function>
                            <satiation-level>1.9e-05</satiation-level>
                            <satiation-adder>-4.8e-07</satiation-adder>
                        </satiation-demand-function>
                        <building-service-input name="comm others">
                            <satiation-demand-function>
                                <satiation-level>1.1201894</satiation-level>
                            </satiation-demand-function>
                        </building-service-input>
                    </building-node-input>
                </nodeInput>
            </gcam-consumer>
            <supplysector name="resid heating">
                <subsector name="coal">
                    <fuelprefElasticity fillout="1" year="1975">-1.5</fuelprefElasticity>
                </subsector>
                <subsector name="traditional biomass">
                    <fuelprefElasticity fillout="1" year="1975">-2.5</fuelprefElasticity>
                </subsector>
            </supplysector>
            <supplysector name="resid others">
                <subsector name="coal">
                    <fuelprefElasticity fillout="1" year="1975">-1.5</fuelprefElasticity>
                </subsector>
                <subsector name="traditional biomass">
                    <fuelprefElasticity fillout="1" year="1975">-2.5</fuelprefElasticity>
                </subsector>
            </supplysector>
        </region>
        <region name="Indonesia">
            <gcam-consumer name="resid">
                <nodeInput name="resid">
                    <building-node-input name="resid_building">
                        <satiation-demand-function>
                            <satiation-level>3.9e-05</satiation-level>
                            <satiation-adder>4.333e-06</satiation-adder>
                        </satiation-demand-function>
                        <building-service-input name="resid others">
                            <satiation-demand-function>
                                <satiation-level>0.3865356</satiation-level>
                            </satiation-demand-function>
                        </building-service-input>
                        <thermal-building-service-input delete="1" name="resid heating"/>
                    </building-node-input>
                </nodeInput>
            </gcam-consumer>
            <gcam-consumer name="comm">
                <nodeInput name="comm">
                    <building-node-input name="comm_building">
                        <satiation-demand-function>
                            <satiation-level>1.9e-05</satiation-level>
                            <satiation-adder>3.075e-06</satiation-adder>
                        </satiation-demand-function>
                        <building-service-input name="comm others">
                            <satiation-demand-function>
                                <satiation-level>1.1201894</satiation-level>
                            </satiation-demand-function>
                        </building-service-input>
                        <thermal-building-service-input delete="1" name="comm heating"/>
                    </building-node-input>
                </nodeInput>
            </gcam-consumer>
            <supplysector name="resid heating">
                <subsector name="coal">
                    <fuelprefElasticity fillout="1" year="1975">-1.5</fuelprefElasticity>
                </subsector>
                <subsector name="traditional biomass">
                    <fuelprefElasticity fillout="1" year="1975">-2.5</fuelprefElasticity>
                </subsector>
            </supplysector>
            <supplysector name="resid others">
                <subsector name="coal">
                    <fuelprefElasticity fillout="1" year="1975">-1.5</fuelprefElasticity>
                </subsector>
                <subsector name="traditional biomass">
                    <fuelprefElasticity fillout="1" year="1975">-2.5</fuelprefElasticity>
                </subsector>
            </supplysector>
            <supplysector delete="1" name="comm heating"/>
            <supplysector delete="1" name="resid heating"/>
        </region>
        <region name="Japan">
            <gcam-consumer name="resid">
                <nodeInput name="resid">
                    <building-node-input name="resid_building">
                        <satiation-demand-function>
                            <satiation-level>4.4e-05</satiation-level>
                            <satiation-adder>-1.8238e-05</satiation-adder>
                        </satiation-demand-function>
                        <building-service-input name="resid others">
                            <satiation-demand-function>
                                <satiation-level>0.3865356</satiation-level>
                            </satiation-demand-function>
                        </building-service-input>
                    </building-node-input>
                </nodeInput>
            </gcam-consumer>
            <gcam-consumer name="comm">
                <nodeInput name="comm">
                    <building-node-input name="comm_building">
                        <satiation-demand-function>
                            <satiation-level>2.1e-05</satiation-level>
                            <satiation-adder>-2.7775e-05</satiation-adder>
                        </satiation-demand-function>
                        <building-service-input name="comm others">
                            <satiation-demand-function>
                                <satiation-level>1.1201894</satiation-level>
                            </satiation-demand-function>
                        </building-service-input>
                    </building-node-input>
                </nodeInput>
            </gcam-consumer>
            <supplysector name="resid heating">
                <subsector name="coal">
                    <fuelprefElasticity fillout="1" year="1975">-1.5</fuelprefElasticity>
                </subsector>
            </supplysector>
            <supplysector name="resid others">
                <subsector name="coal">
                    <fuelprefElasticity fillout="1" year="1975">-1.5</fuelprefElasticity>
                </subsector>
            </supplysector>
        </region>
        <region name="Mexico">
            <gcam-consumer name="resid">
                <nodeInput name="resid">
                    <building-node-input name="resid_building">
                        <satiation-demand-function>
                            <satiation-level>4.4e-05</satiation-level>
                            <satiation-adder>4.471e-06</satiation-adder>
                        </satiation-demand-function>
                        <building-service-input name="resid others">
                            <satiation-demand-function>
                                <satiation-level>0.3865356</satiation-level>
                            </satiation-demand-function>
                        </building-service-input>
                    </building-node-input>
                </nodeInput>
            </gcam-consumer>
            <gcam-consumer name="comm">
                <nodeInput name="comm">
                    <building-node-input name="comm_building">
                        <satiation-demand-function>
                            <satiation-level>2.1e-05</satiation-level>
                            <satiation-adder>1.531e-06</satiation-adder>
                        </satiation-demand-function>
                        <building-service-input name="comm others">
                            <satiation-demand-function>
                                <satiation-level>1.1201894</satiation-level>
                            </satiation-demand-function>
                        </building-service-input>
                    </building-node-input>
                </nodeInput>
            </gcam-consumer>
            <supplysector name="resid heating">
                <subsector name="coal">
                    <fuelprefElasticity fillout="1" year="1975">-1.5</fuelprefElasticity>
                </subsector>
                <subsector name="traditional biomass">
                    <fuelprefElasticity fillout="1" year="1975">-2.5</fuelprefElasticity>
                </subsector>
            </supplysector>
            <supplysector name="resid others">
                <subsector name="coal">
                    <fuelprefElasticity fillout="1" year="1975">-1.5</fuelprefElasticity>
                </subsector>
                <subsector name="traditional biomass">
                    <fuelprefElasticity fillout="1" year="1975">-2.5</fuelprefElasticity>
                </subsector>
            </supplysector>
        </region>
        <region name="Middle East">
            <gcam-consumer name="resid">
                <nodeInput name="resid">
                    <building-node-input name="resid_building">
                        <satiation-demand-function>
                            <satiation-level>4.4e-05</satiation-level>
                            <satiation-adder>8.242e-06</satiation-adder>
                        </satiation-demand-function>
                        <building-service-input name="resid others">
                            <satiation-demand-function>
                                <satiation-level>0.3865356</satiation-level>
                            </satiation-demand-function>
                        </building-service-input>
                    </building-node-input>
                </nodeInput>
            </gcam-consumer>
            <gcam-consumer name="comm">
                <nodeInput name="comm">
                    <building-node-input name="comm_building">
                        <satiation-demand-function>
                            <satiation-level>2.1e-05</satiation-level>
                            <satiation-adder>4.611e-06</satiation-adder>
                        </satiation-demand-function>
                        <building-service-input name="comm others">
                            <satiation-demand-function>
                                <satiation-level>1.1201894</satiation-level>
                            </satiation-demand-function>
                        </building-service-input>
                    </building-node-input>
                </nodeInput>
            </gcam-consumer>
            <supplysector name="resid heating">
                <subsector name="coal">
                    <fuelprefElasticity fillout="1" year="1975">-1.5</fuelprefElasticity>
                </subsector>
            </supplysector>
            <supplysector name="resid others">
                <subsector name="coal">
                    <fuelprefElasticity fillout="1" year="1975">-1.5</fuelprefElasticity>
                </subsector>
            </supplysector>
        </region>
        <region name="Pakistan">
            <gcam-consumer name="resid">
                <nodeInput name="resid">
                    <building-node-input name="resid_building">
                        <satiation-demand-function>
                            <satiation-level>3.9e-05</satiation-level>
                            <satiation-adder>7.135e-06</satiation-adder>
                        </satiation-demand-function>
                        <building-service-input name="resid others">
                            <satiation-demand-function>
                                <satiation-level>0.3865356</satiation-level>
                            </satiation-demand-function>
                        </building-service-input>
                    </building-node-input>
                </nodeInput>
            </gcam-consumer>
            <gcam-consumer name="comm">
                <nodeInput name="comm">
                    <building-node-input name="comm_building">
                        <satiation-demand-function>
                            <satiation-level>1.9e-05</satiation-level>
                            <satiation-adder>4.364e-06</satiation-adder>
                        </satiation-demand-function>
                        <building-service-input name="comm others">
                            <satiation-demand-function>
                                <satiation-level>1.1201894</satiation-level>
                            </satiation-demand-function>
                        </building-service-input>
                    </building-node-input>
                </nodeInput>
            </gcam-consumer>
            <supplysector name="resid heating">
                <subsector name="coal">
                    <fuelprefElasticity fillout="1" year="1975">-1.5</fuelprefElasticity>
                </subsector>
                <subsector name="traditional biomass">
                    <fuelprefElasticity fillout="1" year="1975">-2.5</fuelprefElasticity>
                </subsector>
            </supplysector>
            <supplysector name="resid others">
                <subsector name="coal">
                    <fuelprefElasticity fillout="1" year="1975">-1.5</fuelprefElasticity>
                </subsector>
                <subsector name="traditional biomass">
                    <fuelprefElasticity fillout="1" year="1975">-2.5</fuelprefElasticity>
                </subsector>
            </supplysector>
        </region>
        <region name="Russia">
            <gcam-consumer name="resid">
                <nodeInput name="resid">
                    <building-node-input name="resid_building">
                        <satiation-demand-function>
                            <satiation-level>4.4e-05</satiation-level>
                            <satiation-adder>1.2821e-05</satiation-adder>
                        </satiation-demand-function>
                        <building-service-input name="resid others">
                            <satiation-demand-function>
                                <satiation-level>0.3865356</satiation-level>
                            </satiation-demand-function>
                        </building-service-input>
                    </building-node-input>
                </nodeInput>
            </gcam-consumer>
            <gcam-consumer name="comm">
                <nodeInput name="comm">
                    <building-node-input name="comm_building">
                        <satiation-demand-function>
                            <satiation-level>2.1e-05</satiation-level>
                            <satiation-adder>-5.06e-07</satiation-adder>
                        </satiation-demand-function>
                        <building-service-input name="comm others">
                            <satiation-demand-function>
                                <satiation-level>1.1201894</satiation-level>
                            </satiation-demand-function>
                        </building-service-input>
                    </building-node-input>
                </nodeInput>
            </gcam-consumer>
            <supplysector name="resid heating">
                <subsector name="coal">
                    <fuelprefElasticity fillout="1" year="1975">-1.5</fuelprefElasticity>
                </subsector>
            </supplysector>
            <supplysector name="resid others">
                <subsector name="coal">
                    <fuelprefElasticity fillout="1" year="1975">-1.5</fuelprefElasticity>
                </subsector>
            </supplysector>
        </region>
        <region name="South Africa">
            <gcam-consumer name="resid">
                <nodeInput name="resid">
                    <building-node-input name="resid_building">
                        <satiation-demand-function>
                            <satiation-level>3.9e-05</satiation-level>
                            <satiation-adder>3.308e-06</satiation-adder>
                        </satiation-demand-function>
                        <building-service-input name="resid others">
                            <satiation-demand-function>
                                <satiation-level>0.3865356</satiation-level>
                            </satiation-demand-function>
                        </building-service-input>
                    </building-node-input>
                </nodeInput>
            </gcam-consumer>
            <gcam-consumer name="comm">
                <nodeInput name="comm">
                    <building-node-input name="comm_building">
                        <satiation-demand-function>
                            <satiation-level>1.9e-05</satiation-level>
                            <satiation-adder>-4.623e-06</satiation-adder>
                        </satiation-demand-function>
                        <building-service-input name="comm others">
                            <satiation-demand-function>
                                <satiation-level>1.41761730311111</satiation-level>
                            </satiation-demand-function>
                        </building-service-input>
                    </building-node-input>
                </nodeInput>
            </gcam-consumer>
            <supplysector name="resid heating">
                <subsector name="coal">
                    <fuelprefElasticity fillout="1" year="1975">-1.5</fuelprefElasticity>
                </subsector>
                <subsector name="traditional biomass">
                    <fuelprefElasticity fillout="1" year="1975">-2.5</fuelprefElasticity>
                </subsector>
            </supplysector>
            <supplysector name="resid others">
                <subsector name="coal">
                    <fuelprefElasticity fillout="1" year="1975">-1.5</fuelprefElasticity>
                </subsector>
                <subsector name="traditional biomass">
                    <fuelprefElasticity fillout="1" year="1975">-2.5</fuelprefElasticity>
                </subsector>
            </supplysector>
        </region>
        <region name="South America_Northern">
            <gcam-consumer name="resid">
                <nodeInput name="resid">
                    <building-node-input name="resid_building">
                        <satiation-demand-function>
                            <satiation-level>4.4e-05</satiation-level>
                            <satiation-adder>-2.768e-06</satiation-adder>
                        </satiation-demand-function>
                        <building-service-input name="resid others">
                            <satiation-demand-function>
                                <satiation-level>0.3865356</satiation-level>
                            </satiation-demand-function>
                        </building-service-input>
                    </building-node-input>
                </nodeInput>
            </gcam-consumer>
            <gcam-consumer name="comm">
                <nodeInput name="comm">
                    <building-node-input name="comm_building">
                        <satiation-demand-function>
                            <satiation-level>2.1e-05</satiation-level>
                            <satiation-adder>-2.007e-06</satiation-adder>
                        </satiation-demand-function>
                        <building-service-input name="comm others">
                            <satiation-demand-function>
                                <satiation-level>1.1201894</satiation-level>
                            </satiation-demand-function>
                        </building-service-input>
                    </building-node-input>
                </nodeInput>
            </gcam-consumer>
            <supplysector name="resid heating">
                <subsector name="coal">
                    <fuelprefElasticity fillout="1" year="1975">-1.5</fuelprefElasticity>
                </subsector>
                <subsector name="traditional biomass">
                    <fuelprefElasticity fillout="1" year="1975">-2.5</fuelprefElasticity>
                </subsector>
            </supplysector>
            <supplysector name="resid others">
                <subsector name="coal">
                    <fuelprefElasticity fillout="1" year="1975">-1.5</fuelprefElasticity>
                </subsector>
                <subsector name="traditional biomass">
                    <fuelprefElasticity fillout="1" year="1975">-2.5</fuelprefElasticity>
                </subsector>
            </supplysector>
        </region>
        <region name="South America_Southern">
            <gcam-consumer name="resid">
                <nodeInput name="resid">
                    <building-node-input name="resid_building">
                        <satiation-demand-function>
                            <satiation-level>4.4e-05</satiation-level>
                            <satiation-adder>9.155e-06</satiation-adder>
                        </satiation-demand-function>
                        <building-service-input name="resid others">
                            <satiation-demand-function>
                                <satiation-level>0.3865356</satiation-level>
                            </satiation-demand-function>
                        </building-service-input>
                    </building-node-input>
                </nodeInput>
            </gcam-consumer>
            <gcam-consumer name="comm">
                <nodeInput name="comm">
                    <building-node-input name="comm_building">
                        <satiation-demand-function>
                            <satiation-level>2.1e-05</satiation-level>
                            <satiation-adder>3.839e-06</satiation-adder>
                        </satiation-demand-function>
                        <building-service-input name="comm others">
                            <satiation-demand-function>
                                <satiation-level>1.1201894</satiation-level>
                            </satiation-demand-function>
                        </building-service-input>
                    </building-node-input>
                </nodeInput>
            </gcam-consumer>
            <supplysector name="resid heating">
                <subsector name="coal">
                    <fuelprefElasticity fillout="1" year="1975">-1.5</fuelprefElasticity>
                </subsector>
                <subsector name="traditional biomass">
                    <fuelprefElasticity fillout="1" year="1975">-2.5</fuelprefElasticity>
                </subsector>
            </supplysector>
            <supplysector name="resid others">
                <subsector name="coal">
                    <fuelprefElasticity fillout="1" year="1975">-1.5</fuelprefElasticity>
                </subsector>
                <subsector name="traditional biomass">
                    <fuelprefElasticity fillout="1" year="1975">-2.5</fuelprefElasticity>
                </subsector>
            </supplysector>
        </region>
        <region name="South Asia">
            <gcam-consumer name="resid">
                <nodeInput name="resid">
                    <building-node-input name="resid_building">
                        <satiation-demand-function>
                            <satiation-level>3.9e-05</satiation-level>
                            <satiation-adder>7.438e-06</satiation-adder>
                        </satiation-demand-function>
                        <building-service-input name="resid others">
                            <satiation-demand-function>
                                <satiation-level>0.3865356</satiation-level>
                            </satiation-demand-function>
                        </building-service-input>
                    </building-node-input>
                </nodeInput>
            </gcam-consumer>
            <gcam-consumer name="comm">
                <nodeInput name="comm">
                    <building-node-input name="comm_building">
                        <satiation-demand-function>
                            <satiation-level>1.9e-05</satiation-level>
                            <satiation-adder>4.504e-06</satiation-adder>
                        </satiation-demand-function>
                        <building-service-input name="comm others">
                            <satiation-demand-function>
                                <satiation-level>1.1201894</satiation-level>
                            </satiation-demand-function>
                        </building-service-input>
                    </building-node-input>
                </nodeInput>
            </gcam-consumer>
            <supplysector name="resid heating">
                <subsector name="coal">
                    <fuelprefElasticity fillout="1" year="1975">-1.5</fuelprefElasticity>
                </subsector>
                <subsector name="traditional biomass">
                    <fuelprefElasticity fillout="1" year="1975">-2.5</fuelprefElasticity>
                </subsector>
            </supplysector>
            <supplysector name="resid others">
                <subsector name="coal">
                    <fuelprefElasticity fillout="1" year="1975">-1.5</fuelprefElasticity>
                </subsector>
                <subsector name="traditional biomass">
                    <fuelprefElasticity fillout="1" year="1975">-2.5</fuelprefElasticity>
                </subsector>
            </supplysector>
        </region>
        <region name="South Korea">
            <gcam-consumer name="resid">
                <nodeInput name="resid">
                    <building-node-input name="resid_building">
                        <satiation-demand-function>
                            <satiation-level>4.4e-05</satiation-level>
                            <satiation-adder>-1.4548e-05</satiation-adder>
                        </satiation-demand-function>
                        <building-service-input name="resid others">
                            <satiation-demand-function>
                                <satiation-level>0.3865356</satiation-level>
                            </satiation-demand-function>
                        </building-service-input>
                    </building-node-input>
                </nodeInput>
            </gcam-consumer>
            <gcam-consumer name="comm">
                <nodeInput name="comm">
                    <building-node-input name="comm_building">
                        <satiation-demand-function>
                            <satiation-level>2.1e-05</satiation-level>
                            <satiation-adder>1.921e-06</satiation-adder>
                        </satiation-demand-function>
                        <building-service-input name="comm others">
                            <satiation-demand-function>
                                <satiation-level>1.1201894</satiation-level>
                            </satiation-demand-function>
                        </building-service-input>
                    </building-node-input>
                </nodeInput>
            </gcam-consumer>
            <supplysector name="resid heating">
                <subsector name="coal">
                    <fuelprefElasticity fillout="1" year="1975">-1.5</fuelprefElasticity>
                </subsector>
            </supplysector>
            <supplysector name="resid others">
                <subsector name="coal">
                    <fuelprefElasticity fillout="1" year="1975">-1.5</fuelprefElasticity>
                </subsector>
            </supplysector>
        </region>
        <region name="Southeast Asia">
            <gcam-consumer name="resid">
                <nodeInput name="resid">
                    <building-node-input name="resid_building">
                        <satiation-demand-function>
                            <satiation-level>3.9e-05</satiation-level>
                            <satiation-adder>1.1213e-05</satiation-adder>
                        </satiation-demand-function>
                        <building-service-input name="resid others">
                            <satiation-demand-function>
                                <satiation-level>0.3865356</satiation-level>
                            </satiation-demand-function>
                        </building-service-input>
                    </building-node-input>
                </nodeInput>
            </gcam-consumer>
            <gcam-consumer name="comm">
                <nodeInput name="comm">
                    <building-node-input name="comm_building">
                        <satiation-demand-function>
                            <satiation-level>1.9e-05</satiation-level>
                            <satiation-adder>4.374e-06</satiation-adder>
                        </satiation-demand-function>
                        <building-service-input name="comm others">
                            <satiation-demand-function>
                                <satiation-level>1.1201894</satiation-level>
                            </satiation-demand-function>
                        </building-service-input>
                    </building-node-input>
                </nodeInput>
            </gcam-consumer>
            <supplysector name="resid heating">
                <subsector name="coal">
                    <fuelprefElasticity fillout="1" year="1975">-1.5</fuelprefElasticity>
                </subsector>
                <subsector name="traditional biomass">
                    <fuelprefElasticity fillout="1" year="1975">-2.5</fuelprefElasticity>
                </subsector>
            </supplysector>
            <supplysector name="resid others">
                <subsector name="coal">
                    <fuelprefElasticity fillout="1" year="1975">-1.5</fuelprefElasticity>
                </subsector>
                <subsector name="traditional biomass">
                    <fuelprefElasticity fillout="1" year="1975">-2.5</fuelprefElasticity>
                </subsector>
            </supplysector>
        </region>
        <region name="Taiwan">
            <gcam-consumer name="resid">
                <nodeInput name="resid">
                    <building-node-input name="resid_building">
                        <satiation-demand-function>
                            <satiation-level>4.4e-05</satiation-level>
                            <satiation-adder>-3.4115e-05</satiation-adder>
                        </satiation-demand-function>
                        <building-service-input name="resid others">
                            <satiation-demand-function>
                                <satiation-level>0.463080141767677</satiation-level>
                            </satiation-demand-function>
                        </building-service-input>
                    </building-node-input>
                </nodeInput>
            </gcam-consumer>
            <gcam-consumer name="comm">
                <nodeInput name="comm">
                    <building-node-input name="comm_building">
                        <satiation-demand-function>
                            <satiation-level>2.1e-05</satiation-level>
                            <satiation-adder>-1.4243e-05</satiation-adder>
                        </satiation-demand-function>
                        <building-service-input name="comm others">
                            <satiation-demand-function>
                                <satiation-level>1.14810962706897</satiation-level>
                            </satiation-demand-function>
                        </building-service-input>
                    </building-node-input>
                </nodeInput>
            </gcam-consumer>
            <supplysector name="resid heating">
                <subsector name="coal">
                    <fuelprefElasticity fillout="1" year="1975">-1.5</fuelprefElasticity>
                </subsector>
            </supplysector>
            <supplysector name="resid others">
                <subsector name="coal">
                    <fuelprefElasticity fillout="1" year="1975">-1.5</fuelprefElasticity>
                </subsector>
            </supplysector>
        </region>
        <region name="Argentina">
            <gcam-consumer name="resid">
                <nodeInput name="resid">
                    <building-node-input name="resid_building">
                        <satiation-demand-function>
                            <satiation-level>4.4e-05</satiation-level>
                            <satiation-adder>4.35e-07</satiation-adder>
                        </satiation-demand-function>
                        <building-service-input name="resid others">
                            <satiation-demand-function>
                                <satiation-level>0.3865356</satiation-level>
                            </satiation-demand-function>
                        </building-service-input>
                    </building-node-input>
                </nodeInput>
            </gcam-consumer>
            <gcam-consumer name="comm">
                <nodeInput name="comm">
                    <building-node-input name="comm_building">
                        <satiation-demand-function>
                            <satiation-level>2.1e-05</satiation-level>
                            <satiation-adder>-4.6e-07</satiation-adder>
                        </satiation-demand-function>
                        <building-service-input name="comm others">
                            <satiation-demand-function>
                                <satiation-level>1.1201894</satiation-level>
                            </satiation-demand-function>
                        </building-service-input>
                    </building-node-input>
                </nodeInput>
            </gcam-consumer>
            <supplysector name="resid heating">
                <subsector name="coal">
                    <fuelprefElasticity fillout="1" year="1975">-1.5</fuelprefElasticity>
                </subsector>
                <subsector name="traditional biomass">
                    <fuelprefElasticity fillout="1" year="1975">-2.5</fuelprefElasticity>
                </subsector>
            </supplysector>
            <supplysector name="resid others">
                <subsector name="coal">
                    <fuelprefElasticity fillout="1" year="1975">-1.5</fuelprefElasticity>
                </subsector>
                <subsector name="traditional biomass">
                    <fuelprefElasticity fillout="1" year="1975">-2.5</fuelprefElasticity>
                </subsector>
            </supplysector>
        </region>
        <region name="Colombia">
            <gcam-consumer name="resid">
                <nodeInput name="resid">
                    <building-node-input name="resid_building">
                        <satiation-demand-function>
                            <satiation-level>4.4e-05</satiation-level>
                            <satiation-adder>9.426e-06</satiation-adder>
                        </satiation-demand-function>
                        <building-service-input name="resid others">
                            <satiation-demand-function>
                                <satiation-level>0.3865356</satiation-level>
                            </satiation-demand-function>
                        </building-service-input>
                    </building-node-input>
                </nodeInput>
            </gcam-consumer>
            <gcam-consumer name="comm">
                <nodeInput name="comm">
                    <building-node-input name="comm_building">
                        <satiation-demand-function>
                            <satiation-level>2.1e-05</satiation-level>
                            <satiation-adder>3.962e-06</satiation-adder>
                        </satiation-demand-function>
                        <building-service-input name="comm others">
                            <satiation-demand-function>
                                <satiation-level>1.1201894</satiation-level>
                            </satiation-demand-function>
                        </building-service-input>
                    </building-node-input>
                </nodeInput>
            </gcam-consumer>
            <supplysector name="resid heating">
                <subsector name="coal">
                    <fuelprefElasticity fillout="1" year="1975">-1.5</fuelprefElasticity>
                </subsector>
                <subsector name="traditional biomass">
                    <fuelprefElasticity fillout="1" year="1975">-2.5</fuelprefElasticity>
                </subsector>
            </supplysector>
            <supplysector name="resid others">
                <subsector name="coal">
                    <fuelprefElasticity fillout="1" year="1975">-1.5</fuelprefElasticity>
                </subsector>
                <subsector name="traditional biomass">
                    <fuelprefElasticity fillout="1" year="1975">-2.5</fuelprefElasticity>
                </subsector>
            </supplysector>
        </region>
    </world>
</scenario>
