<?xml version="1.0" encoding="UTF-8"?>
<scenario>
    <world>
        <region name="USA">
            <energy-final-demand name="cement">
                <income-elasticity year="2100">0.256</income-elasticity>
                <income-elasticity year="2095">0.27</income-elasticity>
                <income-elasticity year="2090">0.284</income-elasticity>
                <income-elasticity year="2085">0.299</income-elasticity>
                <income-elasticity year="2080">0.314</income-elasticity>
                <income-elasticity year="2075">0.329</income-elasticity>
                <income-elasticity year="2070">0.348</income-elasticity>
                <income-elasticity year="2065">0.374</income-elasticity>
                <income-elasticity year="2060">0.401</income-elasticity>
                <income-elasticity year="2055">0.427</income-elasticity>
                <income-elasticity year="2050">0.454</income-elasticity>
                <income-elasticity year="2045">0.482</income-elasticity>
                <income-elasticity year="2040">0.515</income-elasticity>
                <income-elasticity year="2035">0.554</income-elasticity>
                <income-elasticity year="2030">0.599</income-elasticity>
                <income-elasticity year="2025">0.701</income-elasticity>
                <income-elasticity year="2020">0.814</income-elasticity>
                <income-elasticity year="2015">0.894</income-elasticity>
            </energy-final-demand>
        </region>
        <region name="Africa_Eastern">
            <energy-final-demand name="cement">
                <income-elasticity year="2100">0.033</income-elasticity>
                <income-elasticity year="2095">0.041</income-elasticity>
                <income-elasticity year="2090">0.05</income-elasticity>
                <income-elasticity year="2085">0.062</income-elasticity>
                <income-elasticity year="2080">0.079</income-elasticity>
                <income-elasticity year="2075">0.102</income-elasticity>
                <income-elasticity year="2070">0.133</income-elasticity>
                <income-elasticity year="2065">0.178</income-elasticity>
                <income-elasticity year="2060">0.222</income-elasticity>
                <income-elasticity year="2055">0.278</income-elasticity>
                <income-elasticity year="2050">0.357</income-elasticity>
                <income-elasticity year="2045">0.52</income-elasticity>
                <income-elasticity year="2040">0.907</income-elasticity>
                <income-elasticity year="2035">1.105</income-elasticity>
                <income-elasticity year="2030">1.1</income-elasticity>
                <income-elasticity year="2025">1.149</income-elasticity>
                <income-elasticity year="2020">1.181</income-elasticity>
                <income-elasticity year="2015">1.199</income-elasticity>
            </energy-final-demand>
        </region>
        <region name="Africa_Northern">
            <energy-final-demand name="cement">
                <income-elasticity year="2100">0</income-elasticity>
                <income-elasticity year="2095">0</income-elasticity>
                <income-elasticity year="2090">0</income-elasticity>
                <income-elasticity year="2085">0</income-elasticity>
                <income-elasticity year="2080">0</income-elasticity>
                <income-elasticity year="2075">0</income-elasticity>
                <income-elasticity year="2070">0</income-elasticity>
                <income-elasticity year="2065">0</income-elasticity>
                <income-elasticity year="2060">0</income-elasticity>
                <income-elasticity year="2055">0</income-elasticity>
                <income-elasticity year="2050">0</income-elasticity>
                <income-elasticity year="2045">0.001</income-elasticity>
                <income-elasticity year="2040">0.001</income-elasticity>
                <income-elasticity year="2035">0.001</income-elasticity>
                <income-elasticity year="2030">0.002</income-elasticity>
                <income-elasticity year="2025">0.002</income-elasticity>
                <income-elasticity year="2020">0.004</income-elasticity>
                <income-elasticity year="2015">0.004</income-elasticity>
            </energy-final-demand>
        </region>
        <region name="Africa_Southern">
            <energy-final-demand name="cement">
                <income-elasticity year="2100">0.047</income-elasticity>
                <income-elasticity year="2095">0.056</income-elasticity>
                <income-elasticity year="2090">0.069</income-elasticity>
                <income-elasticity year="2085">0.085</income-elasticity>
                <income-elasticity year="2080">0.106</income-elasticity>
                <income-elasticity year="2075">0.134</income-elasticity>
                <income-elasticity year="2070">0.172</income-elasticity>
                <income-elasticity year="2065">0.211</income-elasticity>
                <income-elasticity year="2060">0.257</income-elasticity>
                <income-elasticity year="2055">0.314</income-elasticity>
                <income-elasticity year="2050">0.423</income-elasticity>
                <income-elasticity year="2045">0.577</income-elasticity>
                <income-elasticity year="2040">0.955</income-elasticity>
                <income-elasticity year="2035">1.106</income-elasticity>
                <income-elasticity year="2030">1.102</income-elasticity>
                <income-elasticity year="2025">1.124</income-elasticity>
                <income-elasticity year="2020">1.156</income-elasticity>
                <income-elasticity year="2015">1.174</income-elasticity>
            </energy-final-demand>
        </region>
        <region name="Africa_Western">
            <energy-final-demand name="cement">
                <income-elasticity year="2100">0.043</income-elasticity>
                <income-elasticity year="2095">0.051</income-elasticity>
                <income-elasticity year="2090">0.062</income-elasticity>
                <income-elasticity year="2085">0.077</income-elasticity>
                <income-elasticity year="2080">0.095</income-elasticity>
                <income-elasticity year="2075">0.12</income-elasticity>
                <income-elasticity year="2070">0.154</income-elasticity>
                <income-elasticity year="2065">0.193</income-elasticity>
                <income-elasticity year="2060">0.235</income-elasticity>
                <income-elasticity year="2055">0.287</income-elasticity>
                <income-elasticity year="2050">0.363</income-elasticity>
                <income-elasticity year="2045">0.508</income-elasticity>
                <income-elasticity year="2040">0.814</income-elasticity>
                <income-elasticity year="2035">1.107</income-elasticity>
                <income-elasticity year="2030">1.102</income-elasticity>
                <income-elasticity year="2025">1.134</income-elasticity>
                <income-elasticity year="2020">1.171</income-elasticity>
                <income-elasticity year="2015">1.186</income-elasticity>
            </energy-final-demand>
        </region>
        <region name="Australia_NZ">
            <energy-final-demand name="cement">
                <income-elasticity year="2100">0.048</income-elasticity>
                <income-elasticity year="2095">0.054</income-elasticity>
                <income-elasticity year="2090">0.06</income-elasticity>
                <income-elasticity year="2085">0.067</income-elasticity>
                <income-elasticity year="2080">0.074</income-elasticity>
                <income-elasticity year="2075">0.083</income-elasticity>
                <income-elasticity year="2070">0.092</income-elasticity>
                <income-elasticity year="2065">0.103</income-elasticity>
                <income-elasticity year="2060">0.114</income-elasticity>
                <income-elasticity year="2055">0.127</income-elasticity>
                <income-elasticity year="2050">0.14</income-elasticity>
                <income-elasticity year="2045">0.154</income-elasticity>
                <income-elasticity year="2040">0.173</income-elasticity>
                <income-elasticity year="2035">0.19</income-elasticity>
                <income-elasticity year="2030">0.208</income-elasticity>
                <income-elasticity year="2025">0.225</income-elasticity>
                <income-elasticity year="2020">0.241</income-elasticity>
                <income-elasticity year="2015">0.25</income-elasticity>
            </energy-final-demand>
        </region>
        <region name="Brazil">
            <energy-final-demand name="cement">
                <income-elasticity year="2100">0.038</income-elasticity>
                <income-elasticity year="2095">0.044</income-elasticity>
                <income-elasticity year="2090">0.05</income-elasticity>
                <income-elasticity year="2085">0.057</income-elasticity>
                <income-elasticity year="2080">0.066</income-elasticity>
                <income-elasticity year="2075">0.075</income-elasticity>
                <income-elasticity year="2070">0.087</income-elasticity>
                <income-elasticity year="2065">0.1</income-elasticity>
                <income-elasticity year="2060">0.117</income-elasticity>
                <income-elasticity year="2055">0.138</income-elasticity>
                <income-elasticity year="2050">0.165</income-elasticity>
                <income-elasticity year="2045">0.193</income-elasticity>
                <income-elasticity year="2040">0.223</income-elasticity>
                <income-elasticity year="2035">0.259</income-elasticity>
                <income-elasticity year="2030">0.302</income-elasticity>
                <income-elasticity year="2025">0.356</income-elasticity>
                <income-elasticity year="2020">0.434</income-elasticity>
                <income-elasticity year="2015">0.458</income-elasticity>
            </energy-final-demand>
        </region>
        <region name="Canada">
            <energy-final-demand name="cement">
                <income-elasticity year="2100">0.124</income-elasticity>
                <income-elasticity year="2095">0.137</income-elasticity>
                <income-elasticity year="2090">0.151</income-elasticity>
                <income-elasticity year="2085">0.165</income-elasticity>
                <income-elasticity year="2080">0.181</income-elasticity>
                <income-elasticity year="2075">0.193</income-elasticity>
                <income-elasticity year="2070">0.207</income-elasticity>
                <income-elasticity year="2065">0.221</income-elasticity>
                <income-elasticity year="2060">0.235</income-elasticity>
                <income-elasticity year="2055">0.249</income-elasticity>
                <income-elasticity year="2050">0.264</income-elasticity>
                <income-elasticity year="2045">0.282</income-elasticity>
                <income-elasticity year="2040">0.303</income-elasticity>
                <income-elasticity year="2035">0.327</income-elasticity>
                <income-elasticity year="2030">0.362</income-elasticity>
                <income-elasticity year="2025">0.396</income-elasticity>
                <income-elasticity year="2020">0.421</income-elasticity>
                <income-elasticity year="2015">0.435</income-elasticity>
            </energy-final-demand>
        </region>
        <region name="Central America and Caribbean">
            <energy-final-demand name="cement">
                <income-elasticity year="2100">0.033</income-elasticity>
                <income-elasticity year="2095">0.038</income-elasticity>
                <income-elasticity year="2090">0.045</income-elasticity>
                <income-elasticity year="2085">0.052</income-elasticity>
                <income-elasticity year="2080">0.062</income-elasticity>
                <income-elasticity year="2075">0.073</income-elasticity>
                <income-elasticity year="2070">0.087</income-elasticity>
                <income-elasticity year="2065">0.105</income-elasticity>
                <income-elasticity year="2060">0.128</income-elasticity>
                <income-elasticity year="2055">0.158</income-elasticity>
                <income-elasticity year="2050">0.192</income-elasticity>
                <income-elasticity year="2045">0.227</income-elasticity>
                <income-elasticity year="2040">0.27</income-elasticity>
                <income-elasticity year="2035">0.321</income-elasticity>
                <income-elasticity year="2030">0.417</income-elasticity>
                <income-elasticity year="2025">0.532</income-elasticity>
                <income-elasticity year="2020">0.682</income-elasticity>
                <income-elasticity year="2015">0.829</income-elasticity>
            </energy-final-demand>
        </region>
        <region name="Central Asia">
            <energy-final-demand name="cement">
                <income-elasticity year="2100">0.04</income-elasticity>
                <income-elasticity year="2095">0.045</income-elasticity>
                <income-elasticity year="2090">0.05</income-elasticity>
                <income-elasticity year="2085">0.057</income-elasticity>
                <income-elasticity year="2080">0.064</income-elasticity>
                <income-elasticity year="2075">0.071</income-elasticity>
                <income-elasticity year="2070">0.081</income-elasticity>
                <income-elasticity year="2065">0.092</income-elasticity>
                <income-elasticity year="2060">0.106</income-elasticity>
                <income-elasticity year="2055">0.122</income-elasticity>
                <income-elasticity year="2050">0.14</income-elasticity>
                <income-elasticity year="2045">0.165</income-elasticity>
                <income-elasticity year="2040">0.196</income-elasticity>
                <income-elasticity year="2035">0.234</income-elasticity>
                <income-elasticity year="2030">0.287</income-elasticity>
                <income-elasticity year="2025">0.365</income-elasticity>
                <income-elasticity year="2020">0.508</income-elasticity>
                <income-elasticity year="2015">0.632</income-elasticity>
            </energy-final-demand>
        </region>
        <region name="China">
            <energy-final-demand name="cement">
                <income-elasticity year="2100">-0.101</income-elasticity>
                <income-elasticity year="2095">-0.114</income-elasticity>
                <income-elasticity year="2090">-0.128</income-elasticity>
                <income-elasticity year="2085">-0.143</income-elasticity>
                <income-elasticity year="2080">-0.16</income-elasticity>
                <income-elasticity year="2075">-0.18</income-elasticity>
                <income-elasticity year="2070">-0.202</income-elasticity>
                <income-elasticity year="2065">-0.232</income-elasticity>
                <income-elasticity year="2060">-0.252</income-elasticity>
                <income-elasticity year="2055">-0.252</income-elasticity>
                <income-elasticity year="2050">-0.252</income-elasticity>
                <income-elasticity year="2045">-0.252</income-elasticity>
                <income-elasticity year="2040">-0.252</income-elasticity>
                <income-elasticity year="2035">-0.252</income-elasticity>
                <income-elasticity year="2030">-0.252</income-elasticity>
                <income-elasticity year="2025">-0.252</income-elasticity>
                <income-elasticity year="2020">-0.252</income-elasticity>
                <income-elasticity year="2015">-0.252</income-elasticity>
            </energy-final-demand>
        </region>
        <region name="EU-12">
            <energy-final-demand name="cement">
                <income-elasticity year="2100">0.022</income-elasticity>
                <income-elasticity year="2095">0.024</income-elasticity>
                <income-elasticity year="2090">0.027</income-elasticity>
                <income-elasticity year="2085">0.031</income-elasticity>
                <income-elasticity year="2080">0.035</income-elasticity>
                <income-elasticity year="2075">0.039</income-elasticity>
                <income-elasticity year="2070">0.044</income-elasticity>
                <income-elasticity year="2065">0.05</income-elasticity>
                <income-elasticity year="2060">0.057</income-elasticity>
                <income-elasticity year="2055">0.065</income-elasticity>
                <income-elasticity year="2050">0.073</income-elasticity>
                <income-elasticity year="2045">0.083</income-elasticity>
                <income-elasticity year="2040">0.097</income-elasticity>
                <income-elasticity year="2035">0.115</income-elasticity>
                <income-elasticity year="2030">0.141</income-elasticity>
                <income-elasticity year="2025">0.174</income-elasticity>
                <income-elasticity year="2020">0.202</income-elasticity>
                <income-elasticity year="2015">0.228</income-elasticity>
            </energy-final-demand>
        </region>
        <region name="EU-15">
            <energy-final-demand name="cement">
                <income-elasticity year="2100">0.007</income-elasticity>
                <income-elasticity year="2095">0.008</income-elasticity>
                <income-elasticity year="2090">0.009</income-elasticity>
                <income-elasticity year="2085">0.011</income-elasticity>
                <income-elasticity year="2080">0.012</income-elasticity>
                <income-elasticity year="2075">0.014</income-elasticity>
                <income-elasticity year="2070">0.015</income-elasticity>
                <income-elasticity year="2065">0.017</income-elasticity>
                <income-elasticity year="2060">0.02</income-elasticity>
                <income-elasticity year="2055">0.022</income-elasticity>
                <income-elasticity year="2050">0.025</income-elasticity>
                <income-elasticity year="2045">0.028</income-elasticity>
                <income-elasticity year="2040">0.032</income-elasticity>
                <income-elasticity year="2035">0.036</income-elasticity>
                <income-elasticity year="2030">0.041</income-elasticity>
                <income-elasticity year="2025">0.046</income-elasticity>
                <income-elasticity year="2020">0.05</income-elasticity>
                <income-elasticity year="2015">0.054</income-elasticity>
            </energy-final-demand>
        </region>
        <region name="Europe_Eastern">
            <energy-final-demand name="cement">
                <income-elasticity year="2100">0.036</income-elasticity>
                <income-elasticity year="2095">0.041</income-elasticity>
                <income-elasticity year="2090">0.046</income-elasticity>
                <income-elasticity year="2085">0.051</income-elasticity>
                <income-elasticity year="2080">0.058</income-elasticity>
                <income-elasticity year="2075">0.066</income-elasticity>
                <income-elasticity year="2070">0.075</income-elasticity>
                <income-elasticity year="2065">0.087</income-elasticity>
                <income-elasticity year="2060">0.103</income-elasticity>
                <income-elasticity year="2055">0.122</income-elasticity>
                <income-elasticity year="2050">0.145</income-elasticity>
                <income-elasticity year="2045">0.175</income-elasticity>
                <income-elasticity year="2040">0.207</income-elasticity>
                <income-elasticity year="2035">0.248</income-elasticity>
                <income-elasticity year="2030">0.305</income-elasticity>
                <income-elasticity year="2025">0.404</income-elasticity>
                <income-elasticity year="2020">0.536</income-elasticity>
                <income-elasticity year="2015">0.633</income-elasticity>
            </energy-final-demand>
        </region>
        <region name="Europe_Non_EU">
            <energy-final-demand name="cement">
                <income-elasticity year="2100">-0.034</income-elasticity>
                <income-elasticity year="2095">-0.034</income-elasticity>
                <income-elasticity year="2090">-0.035</income-elasticity>
                <income-elasticity year="2085">-0.035</income-elasticity>
                <income-elasticity year="2080">-0.035</income-elasticity>
                <income-elasticity year="2075">-0.036</income-elasticity>
                <income-elasticity year="2070">-0.036</income-elasticity>
                <income-elasticity year="2065">-0.036</income-elasticity>
                <income-elasticity year="2060">-0.037</income-elasticity>
                <income-elasticity year="2055">-0.037</income-elasticity>
                <income-elasticity year="2050">-0.038</income-elasticity>
                <income-elasticity year="2045">-0.038</income-elasticity>
                <income-elasticity year="2040">-0.039</income-elasticity>
                <income-elasticity year="2035">-0.039</income-elasticity>
                <income-elasticity year="2030">-0.04</income-elasticity>
                <income-elasticity year="2025">-0.041</income-elasticity>
                <income-elasticity year="2020">-0.054</income-elasticity>
                <income-elasticity year="2015">-0.067</income-elasticity>
            </energy-final-demand>
        </region>
        <region name="European Free Trade Association">
            <energy-final-demand name="cement">
                <income-elasticity year="2100">0.022</income-elasticity>
                <income-elasticity year="2095">0.024</income-elasticity>
                <income-elasticity year="2090">0.027</income-elasticity>
                <income-elasticity year="2085">0.03</income-elasticity>
                <income-elasticity year="2080">0.033</income-elasticity>
                <income-elasticity year="2075">0.037</income-elasticity>
                <income-elasticity year="2070">0.041</income-elasticity>
                <income-elasticity year="2065">0.046</income-elasticity>
                <income-elasticity year="2060">0.051</income-elasticity>
                <income-elasticity year="2055">0.056</income-elasticity>
                <income-elasticity year="2050">0.062</income-elasticity>
                <income-elasticity year="2045">0.068</income-elasticity>
                <income-elasticity year="2040">0.074</income-elasticity>
                <income-elasticity year="2035">0.082</income-elasticity>
                <income-elasticity year="2030">0.092</income-elasticity>
                <income-elasticity year="2025">0.102</income-elasticity>
                <income-elasticity year="2020">0.11</income-elasticity>
                <income-elasticity year="2015">0.115</income-elasticity>
            </energy-final-demand>
        </region>
        <region name="India">
            <energy-final-demand name="cement">
                <income-elasticity year="2100">0.013</income-elasticity>
                <income-elasticity year="2095">0.014</income-elasticity>
                <income-elasticity year="2090">0.017</income-elasticity>
                <income-elasticity year="2085">0.02</income-elasticity>
                <income-elasticity year="2080">0.023</income-elasticity>
                <income-elasticity year="2075">0.027</income-elasticity>
                <income-elasticity year="2070">0.033</income-elasticity>
                <income-elasticity year="2065">0.04</income-elasticity>
                <income-elasticity year="2060">0.05</income-elasticity>
                <income-elasticity year="2055">0.063</income-elasticity>
                <income-elasticity year="2050">0.082</income-elasticity>
                <income-elasticity year="2045">0.11</income-elasticity>
                <income-elasticity year="2040">0.153</income-elasticity>
                <income-elasticity year="2035">0.207</income-elasticity>
                <income-elasticity year="2030">0.272</income-elasticity>
                <income-elasticity year="2025">0.361</income-elasticity>
                <income-elasticity year="2020">0.52</income-elasticity>
                <income-elasticity year="2015">0.843</income-elasticity>
            </energy-final-demand>
        </region>
        <region name="Indonesia">
            <energy-final-demand name="cement">
                <income-elasticity year="2100">0.017</income-elasticity>
                <income-elasticity year="2095">0.02</income-elasticity>
                <income-elasticity year="2090">0.023</income-elasticity>
                <income-elasticity year="2085">0.026</income-elasticity>
                <income-elasticity year="2080">0.03</income-elasticity>
                <income-elasticity year="2075">0.035</income-elasticity>
                <income-elasticity year="2070">0.042</income-elasticity>
                <income-elasticity year="2065">0.05</income-elasticity>
                <income-elasticity year="2060">0.061</income-elasticity>
                <income-elasticity year="2055">0.077</income-elasticity>
                <income-elasticity year="2050">0.099</income-elasticity>
                <income-elasticity year="2045">0.131</income-elasticity>
                <income-elasticity year="2040">0.18</income-elasticity>
                <income-elasticity year="2035">0.234</income-elasticity>
                <income-elasticity year="2030">0.307</income-elasticity>
                <income-elasticity year="2025">0.454</income-elasticity>
                <income-elasticity year="2020">0.719</income-elasticity>
                <income-elasticity year="2015">1.03</income-elasticity>
            </energy-final-demand>
        </region>
        <region name="Japan">
            <energy-final-demand name="cement">
                <income-elasticity year="2100">0.011</income-elasticity>
                <income-elasticity year="2095">0.012</income-elasticity>
                <income-elasticity year="2090">0.014</income-elasticity>
                <income-elasticity year="2085">0.016</income-elasticity>
                <income-elasticity year="2080">0.018</income-elasticity>
                <income-elasticity year="2075">0.02</income-elasticity>
                <income-elasticity year="2070">0.023</income-elasticity>
                <income-elasticity year="2065">0.026</income-elasticity>
                <income-elasticity year="2060">0.029</income-elasticity>
                <income-elasticity year="2055">0.033</income-elasticity>
                <income-elasticity year="2050">0.037</income-elasticity>
                <income-elasticity year="2045">0.042</income-elasticity>
                <income-elasticity year="2040">0.049</income-elasticity>
                <income-elasticity year="2035">0.056</income-elasticity>
                <income-elasticity year="2030">0.065</income-elasticity>
                <income-elasticity year="2025">0.075</income-elasticity>
                <income-elasticity year="2020">0.084</income-elasticity>
                <income-elasticity year="2015">0.088</income-elasticity>
            </energy-final-demand>
        </region>
        <region name="Mexico">
            <energy-final-demand name="cement">
                <income-elasticity year="2100">0.033</income-elasticity>
                <income-elasticity year="2095">0.038</income-elasticity>
                <income-elasticity year="2090">0.043</income-elasticity>
                <income-elasticity year="2085">0.05</income-elasticity>
                <income-elasticity year="2080">0.057</income-elasticity>
                <income-elasticity year="2075">0.066</income-elasticity>
                <income-elasticity year="2070">0.076</income-elasticity>
                <income-elasticity year="2065">0.089</income-elasticity>
                <income-elasticity year="2060">0.106</income-elasticity>
                <income-elasticity year="2055">0.126</income-elasticity>
                <income-elasticity year="2050">0.152</income-elasticity>
                <income-elasticity year="2045">0.183</income-elasticity>
                <income-elasticity year="2040">0.211</income-elasticity>
                <income-elasticity year="2035">0.245</income-elasticity>
                <income-elasticity year="2030">0.285</income-elasticity>
                <income-elasticity year="2025">0.326</income-elasticity>
                <income-elasticity year="2020">0.378</income-elasticity>
                <income-elasticity year="2015">0.429</income-elasticity>
            </energy-final-demand>
        </region>
        <region name="Middle East">
            <energy-final-demand name="cement">
                <income-elasticity year="2100">-0.036</income-elasticity>
                <income-elasticity year="2095">-0.037</income-elasticity>
                <income-elasticity year="2090">-0.037</income-elasticity>
                <income-elasticity year="2085">-0.037</income-elasticity>
                <income-elasticity year="2080">-0.038</income-elasticity>
                <income-elasticity year="2075">-0.038</income-elasticity>
                <income-elasticity year="2070">-0.038</income-elasticity>
                <income-elasticity year="2065">-0.039</income-elasticity>
                <income-elasticity year="2060">-0.039</income-elasticity>
                <income-elasticity year="2055">-0.04</income-elasticity>
                <income-elasticity year="2050">-0.04</income-elasticity>
                <income-elasticity year="2045">-0.041</income-elasticity>
                <income-elasticity year="2040">-0.048</income-elasticity>
                <income-elasticity year="2035">-0.065</income-elasticity>
                <income-elasticity year="2030">-0.093</income-elasticity>
                <income-elasticity year="2025">-0.133</income-elasticity>
                <income-elasticity year="2020">-0.18</income-elasticity>
                <income-elasticity year="2015">-0.213</income-elasticity>
            </energy-final-demand>
        </region>
        <region name="Pakistan">
            <energy-final-demand name="cement">
                <income-elasticity year="2100">0.013</income-elasticity>
                <income-elasticity year="2095">0.015</income-elasticity>
                <income-elasticity year="2090">0.018</income-elasticity>
                <income-elasticity year="2085">0.022</income-elasticity>
                <income-elasticity year="2080">0.026</income-elasticity>
                <income-elasticity year="2075">0.033</income-elasticity>
                <income-elasticity year="2070">0.041</income-elasticity>
                <income-elasticity year="2065">0.053</income-elasticity>
                <income-elasticity year="2060">0.07</income-elasticity>
                <income-elasticity year="2055">0.094</income-elasticity>
                <income-elasticity year="2050">0.13</income-elasticity>
                <income-elasticity year="2045">0.181</income-elasticity>
                <income-elasticity year="2040">0.232</income-elasticity>
                <income-elasticity year="2035">0.296</income-elasticity>
                <income-elasticity year="2030">0.402</income-elasticity>
                <income-elasticity year="2025">0.543</income-elasticity>
                <income-elasticity year="2020">0.724</income-elasticity>
                <income-elasticity year="2015">0.93</income-elasticity>
            </energy-final-demand>
        </region>
        <region name="Russia">
            <energy-final-demand name="cement">
                <income-elasticity year="2100">0.046</income-elasticity>
                <income-elasticity year="2095">0.051</income-elasticity>
                <income-elasticity year="2090">0.056</income-elasticity>
                <income-elasticity year="2085">0.062</income-elasticity>
                <income-elasticity year="2080">0.068</income-elasticity>
                <income-elasticity year="2075">0.075</income-elasticity>
                <income-elasticity year="2070">0.082</income-elasticity>
                <income-elasticity year="2065">0.091</income-elasticity>
                <income-elasticity year="2060">0.102</income-elasticity>
                <income-elasticity year="2055">0.113</income-elasticity>
                <income-elasticity year="2050">0.126</income-elasticity>
                <income-elasticity year="2045">0.141</income-elasticity>
                <income-elasticity year="2040">0.164</income-elasticity>
                <income-elasticity year="2035">0.195</income-elasticity>
                <income-elasticity year="2030">0.235</income-elasticity>
                <income-elasticity year="2025">0.284</income-elasticity>
                <income-elasticity year="2020">0.334</income-elasticity>
                <income-elasticity year="2015">0.351</income-elasticity>
            </energy-final-demand>
        </region>
        <region name="South Africa">
            <energy-final-demand name="cement">
                <income-elasticity year="2100">0.089</income-elasticity>
                <income-elasticity year="2095">0.098</income-elasticity>
                <income-elasticity year="2090">0.108</income-elasticity>
                <income-elasticity year="2085">0.12</income-elasticity>
                <income-elasticity year="2080">0.133</income-elasticity>
                <income-elasticity year="2075">0.148</income-elasticity>
                <income-elasticity year="2070">0.166</income-elasticity>
                <income-elasticity year="2065">0.185</income-elasticity>
                <income-elasticity year="2060">0.203</income-elasticity>
                <income-elasticity year="2055">0.225</income-elasticity>
                <income-elasticity year="2050">0.25</income-elasticity>
                <income-elasticity year="2045">0.279</income-elasticity>
                <income-elasticity year="2040">0.314</income-elasticity>
                <income-elasticity year="2035">0.372</income-elasticity>
                <income-elasticity year="2030">0.465</income-elasticity>
                <income-elasticity year="2025">0.567</income-elasticity>
                <income-elasticity year="2020">0.752</income-elasticity>
                <income-elasticity year="2015">0.82</income-elasticity>
            </energy-final-demand>
        </region>
        <region name="South America_Northern">
            <energy-final-demand name="cement">
                <income-elasticity year="2100">0.062</income-elasticity>
                <income-elasticity year="2095">0.07</income-elasticity>
                <income-elasticity year="2090">0.08</income-elasticity>
                <income-elasticity year="2085">0.091</income-elasticity>
                <income-elasticity year="2080">0.104</income-elasticity>
                <income-elasticity year="2075">0.118</income-elasticity>
                <income-elasticity year="2070">0.136</income-elasticity>
                <income-elasticity year="2065">0.157</income-elasticity>
                <income-elasticity year="2060">0.183</income-elasticity>
                <income-elasticity year="2055">0.207</income-elasticity>
                <income-elasticity year="2050">0.235</income-elasticity>
                <income-elasticity year="2045">0.268</income-elasticity>
                <income-elasticity year="2040">0.307</income-elasticity>
                <income-elasticity year="2035">0.364</income-elasticity>
                <income-elasticity year="2030">0.457</income-elasticity>
                <income-elasticity year="2025">0.547</income-elasticity>
                <income-elasticity year="2020">0.648</income-elasticity>
                <income-elasticity year="2015">0.537</income-elasticity>
            </energy-final-demand>
        </region>
        <region name="South America_Southern">
            <energy-final-demand name="cement">
                <income-elasticity year="2100">0.036</income-elasticity>
                <income-elasticity year="2095">0.042</income-elasticity>
                <income-elasticity year="2090">0.048</income-elasticity>
                <income-elasticity year="2085">0.055</income-elasticity>
                <income-elasticity year="2080">0.063</income-elasticity>
                <income-elasticity year="2075">0.072</income-elasticity>
                <income-elasticity year="2070">0.084</income-elasticity>
                <income-elasticity year="2065">0.098</income-elasticity>
                <income-elasticity year="2060">0.115</income-elasticity>
                <income-elasticity year="2055">0.137</income-elasticity>
                <income-elasticity year="2050">0.165</income-elasticity>
                <income-elasticity year="2045">0.195</income-elasticity>
                <income-elasticity year="2040">0.228</income-elasticity>
                <income-elasticity year="2035">0.269</income-elasticity>
                <income-elasticity year="2030">0.319</income-elasticity>
                <income-elasticity year="2025">0.407</income-elasticity>
                <income-elasticity year="2020">0.511</income-elasticity>
                <income-elasticity year="2015">0.575</income-elasticity>
            </energy-final-demand>
        </region>
        <region name="South Asia">
            <energy-final-demand name="cement">
                <income-elasticity year="2100">0.061</income-elasticity>
                <income-elasticity year="2095">0.072</income-elasticity>
                <income-elasticity year="2090">0.085</income-elasticity>
                <income-elasticity year="2085">0.102</income-elasticity>
                <income-elasticity year="2080">0.122</income-elasticity>
                <income-elasticity year="2075">0.148</income-elasticity>
                <income-elasticity year="2070">0.18</income-elasticity>
                <income-elasticity year="2065">0.209</income-elasticity>
                <income-elasticity year="2060">0.246</income-elasticity>
                <income-elasticity year="2055">0.29</income-elasticity>
                <income-elasticity year="2050">0.35</income-elasticity>
                <income-elasticity year="2045">0.471</income-elasticity>
                <income-elasticity year="2040">0.663</income-elasticity>
                <income-elasticity year="2035">1.097</income-elasticity>
                <income-elasticity year="2030">1.103</income-elasticity>
                <income-elasticity year="2025">1.11</income-elasticity>
                <income-elasticity year="2020">1.156</income-elasticity>
                <income-elasticity year="2015">1.184</income-elasticity>
            </energy-final-demand>
        </region>
        <region name="South Korea">
            <energy-final-demand name="cement">
                <income-elasticity year="2100">-0.072</income-elasticity>
                <income-elasticity year="2095">-0.082</income-elasticity>
                <income-elasticity year="2090">-0.093</income-elasticity>
                <income-elasticity year="2085">-0.107</income-elasticity>
                <income-elasticity year="2080">-0.124</income-elasticity>
                <income-elasticity year="2075">-0.144</income-elasticity>
                <income-elasticity year="2070">-0.168</income-elasticity>
                <income-elasticity year="2065">-0.196</income-elasticity>
                <income-elasticity year="2060">-0.228</income-elasticity>
                <income-elasticity year="2055">-0.252</income-elasticity>
                <income-elasticity year="2050">-0.252</income-elasticity>
                <income-elasticity year="2045">-0.252</income-elasticity>
                <income-elasticity year="2040">-0.252</income-elasticity>
                <income-elasticity year="2035">-0.252</income-elasticity>
                <income-elasticity year="2030">-0.252</income-elasticity>
                <income-elasticity year="2025">-0.252</income-elasticity>
                <income-elasticity year="2020">-0.252</income-elasticity>
                <income-elasticity year="2015">-0.252</income-elasticity>
            </energy-final-demand>
        </region>
        <region name="Southeast Asia">
            <energy-final-demand name="cement">
                <income-elasticity year="2100">0.013</income-elasticity>
                <income-elasticity year="2095">0.015</income-elasticity>
                <income-elasticity year="2090">0.017</income-elasticity>
                <income-elasticity year="2085">0.02</income-elasticity>
                <income-elasticity year="2080">0.023</income-elasticity>
                <income-elasticity year="2075">0.027</income-elasticity>
                <income-elasticity year="2070">0.032</income-elasticity>
                <income-elasticity year="2065">0.039</income-elasticity>
                <income-elasticity year="2060">0.048</income-elasticity>
                <income-elasticity year="2055">0.059</income-elasticity>
                <income-elasticity year="2050">0.074</income-elasticity>
                <income-elasticity year="2045">0.096</income-elasticity>
                <income-elasticity year="2040">0.126</income-elasticity>
                <income-elasticity year="2035">0.169</income-elasticity>
                <income-elasticity year="2030">0.215</income-elasticity>
                <income-elasticity year="2025">0.265</income-elasticity>
                <income-elasticity year="2020">0.317</income-elasticity>
                <income-elasticity year="2015">0.385</income-elasticity>
            </energy-final-demand>
        </region>
        <region name="Taiwan">
            <energy-final-demand name="cement">
                <income-elasticity year="2100">-0.037</income-elasticity>
                <income-elasticity year="2095">-0.037</income-elasticity>
                <income-elasticity year="2090">-0.037</income-elasticity>
                <income-elasticity year="2085">-0.037</income-elasticity>
                <income-elasticity year="2080">-0.037</income-elasticity>
                <income-elasticity year="2075">-0.037</income-elasticity>
                <income-elasticity year="2070">-0.037</income-elasticity>
                <income-elasticity year="2065">-0.038</income-elasticity>
                <income-elasticity year="2060">-0.038</income-elasticity>
                <income-elasticity year="2055">-0.038</income-elasticity>
                <income-elasticity year="2050">-0.038</income-elasticity>
                <income-elasticity year="2045">-0.038</income-elasticity>
                <income-elasticity year="2040">-0.039</income-elasticity>
                <income-elasticity year="2035">-0.039</income-elasticity>
                <income-elasticity year="2030">-0.04</income-elasticity>
                <income-elasticity year="2025">-0.04</income-elasticity>
                <income-elasticity year="2020">-0.041</income-elasticity>
                <income-elasticity year="2015">-0.045</income-elasticity>
            </energy-final-demand>
        </region>
        <region name="Argentina">
            <energy-final-demand name="cement">
                <income-elasticity year="2100">0.096</income-elasticity>
                <income-elasticity year="2095">0.107</income-elasticity>
                <income-elasticity year="2090">0.119</income-elasticity>
                <income-elasticity year="2085">0.132</income-elasticity>
                <income-elasticity year="2080">0.147</income-elasticity>
                <income-elasticity year="2075">0.162</income-elasticity>
                <income-elasticity year="2070">0.18</income-elasticity>
                <income-elasticity year="2065">0.196</income-elasticity>
                <income-elasticity year="2060">0.213</income-elasticity>
                <income-elasticity year="2055">0.233</income-elasticity>
                <income-elasticity year="2050">0.256</income-elasticity>
                <income-elasticity year="2045">0.282</income-elasticity>
                <income-elasticity year="2040">0.314</income-elasticity>
                <income-elasticity year="2035">0.366</income-elasticity>
                <income-elasticity year="2030">0.454</income-elasticity>
                <income-elasticity year="2025">0.552</income-elasticity>
                <income-elasticity year="2020">0.702</income-elasticity>
                <income-elasticity year="2015">0.675</income-elasticity>
            </energy-final-demand>
        </region>
        <region name="Colombia">
            <energy-final-demand name="cement">
                <income-elasticity year="2100">0.039</income-elasticity>
                <income-elasticity year="2095">0.045</income-elasticity>
                <income-elasticity year="2090">0.051</income-elasticity>
                <income-elasticity year="2085">0.059</income-elasticity>
                <income-elasticity year="2080">0.068</income-elasticity>
                <income-elasticity year="2075">0.078</income-elasticity>
                <income-elasticity year="2070">0.091</income-elasticity>
                <income-elasticity year="2065">0.107</income-elasticity>
                <income-elasticity year="2060">0.128</income-elasticity>
                <income-elasticity year="2055">0.153</income-elasticity>
                <income-elasticity year="2050">0.184</income-elasticity>
                <income-elasticity year="2045">0.214</income-elasticity>
                <income-elasticity year="2040">0.25</income-elasticity>
                <income-elasticity year="2035">0.294</income-elasticity>
                <income-elasticity year="2030">0.353</income-elasticity>
                <income-elasticity year="2025">0.446</income-elasticity>
                <income-elasticity year="2020">0.521</income-elasticity>
                <income-elasticity year="2015">0.583</income-elasticity>
            </energy-final-demand>
        </region>
    </world>
</scenario>
