<?xml version="1.0" encoding="UTF-8"?>
<scenario>
    <world>
        <region name="USA">
            <energy-final-demand name="cement">
                <income-elasticity year="2100">0.316</income-elasticity>
                <income-elasticity year="2095">0.326</income-elasticity>
                <income-elasticity year="2090">0.336</income-elasticity>
                <income-elasticity year="2085">0.353</income-elasticity>
                <income-elasticity year="2080">0.37</income-elasticity>
                <income-elasticity year="2075">0.388</income-elasticity>
                <income-elasticity year="2070">0.404</income-elasticity>
                <income-elasticity year="2065">0.422</income-elasticity>
                <income-elasticity year="2060">0.441</income-elasticity>
                <income-elasticity year="2055">0.461</income-elasticity>
                <income-elasticity year="2050">0.48</income-elasticity>
                <income-elasticity year="2045">0.502</income-elasticity>
                <income-elasticity year="2040">0.527</income-elasticity>
                <income-elasticity year="2035">0.558</income-elasticity>
                <income-elasticity year="2030">0.595</income-elasticity>
                <income-elasticity year="2025">0.679</income-elasticity>
                <income-elasticity year="2020">0.782</income-elasticity>
                <income-elasticity year="2015">0.883</income-elasticity>
            </energy-final-demand>
        </region>
        <region name="Africa_Eastern">
            <energy-final-demand name="cement">
                <income-elasticity year="2100">1.07</income-elasticity>
                <income-elasticity year="2095">1.108</income-elasticity>
                <income-elasticity year="2090">1.107</income-elasticity>
                <income-elasticity year="2085">1.106</income-elasticity>
                <income-elasticity year="2080">1.104</income-elasticity>
                <income-elasticity year="2075">1.103</income-elasticity>
                <income-elasticity year="2070">1.102</income-elasticity>
                <income-elasticity year="2065">1.101</income-elasticity>
                <income-elasticity year="2060">1.1</income-elasticity>
                <income-elasticity year="2055">1.106</income-elasticity>
                <income-elasticity year="2050">1.119</income-elasticity>
                <income-elasticity year="2045">1.13</income-elasticity>
                <income-elasticity year="2040">1.141</income-elasticity>
                <income-elasticity year="2035">1.151</income-elasticity>
                <income-elasticity year="2030">1.16</income-elasticity>
                <income-elasticity year="2025">1.172</income-elasticity>
                <income-elasticity year="2020">1.186</income-elasticity>
                <income-elasticity year="2015">1.2</income-elasticity>
            </energy-final-demand>
        </region>
        <region name="Africa_Northern">
            <energy-final-demand name="cement">
                <income-elasticity year="2100">0</income-elasticity>
                <income-elasticity year="2095">0</income-elasticity>
                <income-elasticity year="2090">0</income-elasticity>
                <income-elasticity year="2085">0</income-elasticity>
                <income-elasticity year="2080">0</income-elasticity>
                <income-elasticity year="2075">0</income-elasticity>
                <income-elasticity year="2070">0.001</income-elasticity>
                <income-elasticity year="2065">0.001</income-elasticity>
                <income-elasticity year="2060">0.001</income-elasticity>
                <income-elasticity year="2055">0.001</income-elasticity>
                <income-elasticity year="2050">0.001</income-elasticity>
                <income-elasticity year="2045">0.001</income-elasticity>
                <income-elasticity year="2040">0.001</income-elasticity>
                <income-elasticity year="2035">0.002</income-elasticity>
                <income-elasticity year="2030">0.002</income-elasticity>
                <income-elasticity year="2025">0.003</income-elasticity>
                <income-elasticity year="2020">0.004</income-elasticity>
                <income-elasticity year="2015">0.005</income-elasticity>
            </energy-final-demand>
        </region>
        <region name="Africa_Southern">
            <energy-final-demand name="cement">
                <income-elasticity year="2100">0.713</income-elasticity>
                <income-elasticity year="2095">0.813</income-elasticity>
                <income-elasticity year="2090">0.921</income-elasticity>
                <income-elasticity year="2085">1.034</income-elasticity>
                <income-elasticity year="2080">1.108</income-elasticity>
                <income-elasticity year="2075">1.106</income-elasticity>
                <income-elasticity year="2070">1.105</income-elasticity>
                <income-elasticity year="2065">1.103</income-elasticity>
                <income-elasticity year="2060">1.102</income-elasticity>
                <income-elasticity year="2055">1.101</income-elasticity>
                <income-elasticity year="2050">1.1</income-elasticity>
                <income-elasticity year="2045">1.114</income-elasticity>
                <income-elasticity year="2040">1.124</income-elasticity>
                <income-elasticity year="2035">1.131</income-elasticity>
                <income-elasticity year="2030">1.138</income-elasticity>
                <income-elasticity year="2025">1.149</income-elasticity>
                <income-elasticity year="2020">1.162</income-elasticity>
                <income-elasticity year="2015">1.176</income-elasticity>
            </energy-final-demand>
        </region>
        <region name="Africa_Western">
            <energy-final-demand name="cement">
                <income-elasticity year="2100">0.905</income-elasticity>
                <income-elasticity year="2095">0.99</income-elasticity>
                <income-elasticity year="2090">1.076</income-elasticity>
                <income-elasticity year="2085">1.108</income-elasticity>
                <income-elasticity year="2080">1.107</income-elasticity>
                <income-elasticity year="2075">1.105</income-elasticity>
                <income-elasticity year="2070">1.104</income-elasticity>
                <income-elasticity year="2065">1.103</income-elasticity>
                <income-elasticity year="2060">1.102</income-elasticity>
                <income-elasticity year="2055">1.101</income-elasticity>
                <income-elasticity year="2050">1.1</income-elasticity>
                <income-elasticity year="2045">1.106</income-elasticity>
                <income-elasticity year="2040">1.118</income-elasticity>
                <income-elasticity year="2035">1.13</income-elasticity>
                <income-elasticity year="2030">1.143</income-elasticity>
                <income-elasticity year="2025">1.159</income-elasticity>
                <income-elasticity year="2020">1.176</income-elasticity>
                <income-elasticity year="2015">1.188</income-elasticity>
            </energy-final-demand>
        </region>
        <region name="Australia_NZ">
            <energy-final-demand name="cement">
                <income-elasticity year="2100">0.07</income-elasticity>
                <income-elasticity year="2095">0.076</income-elasticity>
                <income-elasticity year="2090">0.082</income-elasticity>
                <income-elasticity year="2085">0.088</income-elasticity>
                <income-elasticity year="2080">0.095</income-elasticity>
                <income-elasticity year="2075">0.102</income-elasticity>
                <income-elasticity year="2070">0.11</income-elasticity>
                <income-elasticity year="2065">0.119</income-elasticity>
                <income-elasticity year="2060">0.129</income-elasticity>
                <income-elasticity year="2055">0.14</income-elasticity>
                <income-elasticity year="2050">0.151</income-elasticity>
                <income-elasticity year="2045">0.164</income-elasticity>
                <income-elasticity year="2040">0.179</income-elasticity>
                <income-elasticity year="2035">0.192</income-elasticity>
                <income-elasticity year="2030">0.206</income-elasticity>
                <income-elasticity year="2025">0.22</income-elasticity>
                <income-elasticity year="2020">0.234</income-elasticity>
                <income-elasticity year="2015">0.247</income-elasticity>
            </energy-final-demand>
        </region>
        <region name="Brazil">
            <energy-final-demand name="cement">
                <income-elasticity year="2100">0.115</income-elasticity>
                <income-elasticity year="2095">0.127</income-elasticity>
                <income-elasticity year="2090">0.14</income-elasticity>
                <income-elasticity year="2085">0.155</income-elasticity>
                <income-elasticity year="2080">0.17</income-elasticity>
                <income-elasticity year="2075">0.185</income-elasticity>
                <income-elasticity year="2070">0.198</income-elasticity>
                <income-elasticity year="2065">0.212</income-elasticity>
                <income-elasticity year="2060">0.227</income-elasticity>
                <income-elasticity year="2055">0.243</income-elasticity>
                <income-elasticity year="2050">0.259</income-elasticity>
                <income-elasticity year="2045">0.276</income-elasticity>
                <income-elasticity year="2040">0.295</income-elasticity>
                <income-elasticity year="2035">0.315</income-elasticity>
                <income-elasticity year="2030">0.337</income-elasticity>
                <income-elasticity year="2025">0.381</income-elasticity>
                <income-elasticity year="2020">0.436</income-elasticity>
                <income-elasticity year="2015">0.459</income-elasticity>
            </energy-final-demand>
        </region>
        <region name="Canada">
            <energy-final-demand name="cement">
                <income-elasticity year="2100">0.183</income-elasticity>
                <income-elasticity year="2095">0.193</income-elasticity>
                <income-elasticity year="2090">0.204</income-elasticity>
                <income-elasticity year="2085">0.214</income-elasticity>
                <income-elasticity year="2080">0.224</income-elasticity>
                <income-elasticity year="2075">0.235</income-elasticity>
                <income-elasticity year="2070">0.246</income-elasticity>
                <income-elasticity year="2065">0.258</income-elasticity>
                <income-elasticity year="2060">0.27</income-elasticity>
                <income-elasticity year="2055">0.281</income-elasticity>
                <income-elasticity year="2050">0.292</income-elasticity>
                <income-elasticity year="2045">0.304</income-elasticity>
                <income-elasticity year="2040">0.318</income-elasticity>
                <income-elasticity year="2035">0.333</income-elasticity>
                <income-elasticity year="2030">0.359</income-elasticity>
                <income-elasticity year="2025">0.384</income-elasticity>
                <income-elasticity year="2020">0.406</income-elasticity>
                <income-elasticity year="2015">0.429</income-elasticity>
            </energy-final-demand>
        </region>
        <region name="Central America and Caribbean">
            <energy-final-demand name="cement">
                <income-elasticity year="2100">0.268</income-elasticity>
                <income-elasticity year="2095">0.275</income-elasticity>
                <income-elasticity year="2090">0.283</income-elasticity>
                <income-elasticity year="2085">0.291</income-elasticity>
                <income-elasticity year="2080">0.3</income-elasticity>
                <income-elasticity year="2075">0.309</income-elasticity>
                <income-elasticity year="2070">0.32</income-elasticity>
                <income-elasticity year="2065">0.332</income-elasticity>
                <income-elasticity year="2060">0.351</income-elasticity>
                <income-elasticity year="2055">0.376</income-elasticity>
                <income-elasticity year="2050">0.403</income-elasticity>
                <income-elasticity year="2045">0.434</income-elasticity>
                <income-elasticity year="2040">0.469</income-elasticity>
                <income-elasticity year="2035">0.508</income-elasticity>
                <income-elasticity year="2030">0.551</income-elasticity>
                <income-elasticity year="2025">0.606</income-elasticity>
                <income-elasticity year="2020">0.725</income-elasticity>
                <income-elasticity year="2015">0.844</income-elasticity>
            </energy-final-demand>
        </region>
        <region name="Central Asia">
            <energy-final-demand name="cement">
                <income-elasticity year="2100">0.103</income-elasticity>
                <income-elasticity year="2095">0.11</income-elasticity>
                <income-elasticity year="2090">0.119</income-elasticity>
                <income-elasticity year="2085">0.128</income-elasticity>
                <income-elasticity year="2080">0.138</income-elasticity>
                <income-elasticity year="2075">0.149</income-elasticity>
                <income-elasticity year="2070">0.162</income-elasticity>
                <income-elasticity year="2065">0.177</income-elasticity>
                <income-elasticity year="2060">0.19</income-elasticity>
                <income-elasticity year="2055">0.202</income-elasticity>
                <income-elasticity year="2050">0.215</income-elasticity>
                <income-elasticity year="2045">0.231</income-elasticity>
                <income-elasticity year="2040">0.254</income-elasticity>
                <income-elasticity year="2035">0.284</income-elasticity>
                <income-elasticity year="2030">0.323</income-elasticity>
                <income-elasticity year="2025">0.4</income-elasticity>
                <income-elasticity year="2020">0.515</income-elasticity>
                <income-elasticity year="2015">0.637</income-elasticity>
            </energy-final-demand>
        </region>
        <region name="China">
            <energy-final-demand name="cement">
                <income-elasticity year="2100">-0.252</income-elasticity>
                <income-elasticity year="2095">-0.252</income-elasticity>
                <income-elasticity year="2090">-0.252</income-elasticity>
                <income-elasticity year="2085">-0.252</income-elasticity>
                <income-elasticity year="2080">-0.252</income-elasticity>
                <income-elasticity year="2075">-0.252</income-elasticity>
                <income-elasticity year="2070">-0.252</income-elasticity>
                <income-elasticity year="2065">-0.252</income-elasticity>
                <income-elasticity year="2060">-0.252</income-elasticity>
                <income-elasticity year="2055">-0.252</income-elasticity>
                <income-elasticity year="2050">-0.252</income-elasticity>
                <income-elasticity year="2045">-0.252</income-elasticity>
                <income-elasticity year="2040">-0.252</income-elasticity>
                <income-elasticity year="2035">-0.252</income-elasticity>
                <income-elasticity year="2030">-0.252</income-elasticity>
                <income-elasticity year="2025">-0.252</income-elasticity>
                <income-elasticity year="2020">-0.252</income-elasticity>
                <income-elasticity year="2015">-0.252</income-elasticity>
            </energy-final-demand>
        </region>
        <region name="EU-12">
            <energy-final-demand name="cement">
                <income-elasticity year="2100">0.036</income-elasticity>
                <income-elasticity year="2095">0.039</income-elasticity>
                <income-elasticity year="2090">0.042</income-elasticity>
                <income-elasticity year="2085">0.046</income-elasticity>
                <income-elasticity year="2080">0.05</income-elasticity>
                <income-elasticity year="2075">0.055</income-elasticity>
                <income-elasticity year="2070">0.061</income-elasticity>
                <income-elasticity year="2065">0.067</income-elasticity>
                <income-elasticity year="2060">0.075</income-elasticity>
                <income-elasticity year="2055">0.082</income-elasticity>
                <income-elasticity year="2050">0.091</income-elasticity>
                <income-elasticity year="2045">0.1</income-elasticity>
                <income-elasticity year="2040">0.112</income-elasticity>
                <income-elasticity year="2035">0.128</income-elasticity>
                <income-elasticity year="2030">0.149</income-elasticity>
                <income-elasticity year="2025">0.176</income-elasticity>
                <income-elasticity year="2020">0.2</income-elasticity>
                <income-elasticity year="2015">0.227</income-elasticity>
            </energy-final-demand>
        </region>
        <region name="EU-15">
            <energy-final-demand name="cement">
                <income-elasticity year="2100">0.012</income-elasticity>
                <income-elasticity year="2095">0.013</income-elasticity>
                <income-elasticity year="2090">0.014</income-elasticity>
                <income-elasticity year="2085">0.015</income-elasticity>
                <income-elasticity year="2080">0.016</income-elasticity>
                <income-elasticity year="2075">0.018</income-elasticity>
                <income-elasticity year="2070">0.019</income-elasticity>
                <income-elasticity year="2065">0.021</income-elasticity>
                <income-elasticity year="2060">0.023</income-elasticity>
                <income-elasticity year="2055">0.025</income-elasticity>
                <income-elasticity year="2050">0.028</income-elasticity>
                <income-elasticity year="2045">0.03</income-elasticity>
                <income-elasticity year="2040">0.033</income-elasticity>
                <income-elasticity year="2035">0.037</income-elasticity>
                <income-elasticity year="2030">0.041</income-elasticity>
                <income-elasticity year="2025">0.045</income-elasticity>
                <income-elasticity year="2020">0.049</income-elasticity>
                <income-elasticity year="2015">0.053</income-elasticity>
            </energy-final-demand>
        </region>
        <region name="Europe_Eastern">
            <energy-final-demand name="cement">
                <income-elasticity year="2100">0.08</income-elasticity>
                <income-elasticity year="2095">0.088</income-elasticity>
                <income-elasticity year="2090">0.097</income-elasticity>
                <income-elasticity year="2085">0.107</income-elasticity>
                <income-elasticity year="2080">0.119</income-elasticity>
                <income-elasticity year="2075">0.132</income-elasticity>
                <income-elasticity year="2070">0.148</income-elasticity>
                <income-elasticity year="2065">0.168</income-elasticity>
                <income-elasticity year="2060">0.189</income-elasticity>
                <income-elasticity year="2055">0.208</income-elasticity>
                <income-elasticity year="2050">0.228</income-elasticity>
                <income-elasticity year="2045">0.25</income-elasticity>
                <income-elasticity year="2040">0.277</income-elasticity>
                <income-elasticity year="2035">0.309</income-elasticity>
                <income-elasticity year="2030">0.355</income-elasticity>
                <income-elasticity year="2025">0.438</income-elasticity>
                <income-elasticity year="2020">0.535</income-elasticity>
                <income-elasticity year="2015">0.632</income-elasticity>
            </energy-final-demand>
        </region>
        <region name="Europe_Non_EU">
            <energy-final-demand name="cement">
                <income-elasticity year="2100">-0.037</income-elasticity>
                <income-elasticity year="2095">-0.037</income-elasticity>
                <income-elasticity year="2090">-0.037</income-elasticity>
                <income-elasticity year="2085">-0.037</income-elasticity>
                <income-elasticity year="2080">-0.038</income-elasticity>
                <income-elasticity year="2075">-0.038</income-elasticity>
                <income-elasticity year="2070">-0.038</income-elasticity>
                <income-elasticity year="2065">-0.038</income-elasticity>
                <income-elasticity year="2060">-0.039</income-elasticity>
                <income-elasticity year="2055">-0.039</income-elasticity>
                <income-elasticity year="2050">-0.039</income-elasticity>
                <income-elasticity year="2045">-0.04</income-elasticity>
                <income-elasticity year="2040">-0.04</income-elasticity>
                <income-elasticity year="2035">-0.04</income-elasticity>
                <income-elasticity year="2030">-0.041</income-elasticity>
                <income-elasticity year="2025">-0.044</income-elasticity>
                <income-elasticity year="2020">-0.055</income-elasticity>
                <income-elasticity year="2015">-0.068</income-elasticity>
            </energy-final-demand>
        </region>
        <region name="European Free Trade Association">
            <energy-final-demand name="cement">
                <income-elasticity year="2100">0.031</income-elasticity>
                <income-elasticity year="2095">0.034</income-elasticity>
                <income-elasticity year="2090">0.036</income-elasticity>
                <income-elasticity year="2085">0.039</income-elasticity>
                <income-elasticity year="2080">0.042</income-elasticity>
                <income-elasticity year="2075">0.045</income-elasticity>
                <income-elasticity year="2070">0.049</income-elasticity>
                <income-elasticity year="2065">0.053</income-elasticity>
                <income-elasticity year="2060">0.057</income-elasticity>
                <income-elasticity year="2055">0.061</income-elasticity>
                <income-elasticity year="2050">0.066</income-elasticity>
                <income-elasticity year="2045">0.071</income-elasticity>
                <income-elasticity year="2040">0.077</income-elasticity>
                <income-elasticity year="2035">0.083</income-elasticity>
                <income-elasticity year="2030">0.091</income-elasticity>
                <income-elasticity year="2025">0.099</income-elasticity>
                <income-elasticity year="2020">0.107</income-elasticity>
                <income-elasticity year="2015">0.113</income-elasticity>
            </energy-final-demand>
        </region>
        <region name="India">
            <energy-final-demand name="cement">
                <income-elasticity year="2100">0.065</income-elasticity>
                <income-elasticity year="2095">0.072</income-elasticity>
                <income-elasticity year="2090">0.08</income-elasticity>
                <income-elasticity year="2085">0.09</income-elasticity>
                <income-elasticity year="2080">0.1</income-elasticity>
                <income-elasticity year="2075">0.112</income-elasticity>
                <income-elasticity year="2070">0.126</income-elasticity>
                <income-elasticity year="2065">0.143</income-elasticity>
                <income-elasticity year="2060">0.163</income-elasticity>
                <income-elasticity year="2055">0.185</income-elasticity>
                <income-elasticity year="2050">0.205</income-elasticity>
                <income-elasticity year="2045">0.228</income-elasticity>
                <income-elasticity year="2040">0.255</income-elasticity>
                <income-elasticity year="2035">0.289</income-elasticity>
                <income-elasticity year="2030">0.328</income-elasticity>
                <income-elasticity year="2025">0.412</income-elasticity>
                <income-elasticity year="2020">0.528</income-elasticity>
                <income-elasticity year="2015">0.849</income-elasticity>
            </energy-final-demand>
        </region>
        <region name="Indonesia">
            <energy-final-demand name="cement">
                <income-elasticity year="2100">0.063</income-elasticity>
                <income-elasticity year="2095">0.071</income-elasticity>
                <income-elasticity year="2090">0.079</income-elasticity>
                <income-elasticity year="2085">0.089</income-elasticity>
                <income-elasticity year="2080">0.101</income-elasticity>
                <income-elasticity year="2075">0.114</income-elasticity>
                <income-elasticity year="2070">0.129</income-elasticity>
                <income-elasticity year="2065">0.147</income-elasticity>
                <income-elasticity year="2060">0.17</income-elasticity>
                <income-elasticity year="2055">0.192</income-elasticity>
                <income-elasticity year="2050">0.216</income-elasticity>
                <income-elasticity year="2045">0.244</income-elasticity>
                <income-elasticity year="2040">0.277</income-elasticity>
                <income-elasticity year="2035">0.318</income-elasticity>
                <income-elasticity year="2030">0.391</income-elasticity>
                <income-elasticity year="2025">0.505</income-elasticity>
                <income-elasticity year="2020">0.717</income-elasticity>
                <income-elasticity year="2015">1.03</income-elasticity>
            </energy-final-demand>
        </region>
        <region name="Japan">
            <energy-final-demand name="cement">
                <income-elasticity year="2100">0.017</income-elasticity>
                <income-elasticity year="2095">0.019</income-elasticity>
                <income-elasticity year="2090">0.021</income-elasticity>
                <income-elasticity year="2085">0.022</income-elasticity>
                <income-elasticity year="2080">0.024</income-elasticity>
                <income-elasticity year="2075">0.026</income-elasticity>
                <income-elasticity year="2070">0.029</income-elasticity>
                <income-elasticity year="2065">0.032</income-elasticity>
                <income-elasticity year="2060">0.035</income-elasticity>
                <income-elasticity year="2055">0.038</income-elasticity>
                <income-elasticity year="2050">0.043</income-elasticity>
                <income-elasticity year="2045">0.047</income-elasticity>
                <income-elasticity year="2040">0.052</income-elasticity>
                <income-elasticity year="2035">0.058</income-elasticity>
                <income-elasticity year="2030">0.066</income-elasticity>
                <income-elasticity year="2025">0.074</income-elasticity>
                <income-elasticity year="2020">0.082</income-elasticity>
                <income-elasticity year="2015">0.087</income-elasticity>
            </energy-final-demand>
        </region>
        <region name="Mexico">
            <energy-final-demand name="cement">
                <income-elasticity year="2100">0.084</income-elasticity>
                <income-elasticity year="2095">0.093</income-elasticity>
                <income-elasticity year="2090">0.103</income-elasticity>
                <income-elasticity year="2085">0.115</income-elasticity>
                <income-elasticity year="2080">0.127</income-elasticity>
                <income-elasticity year="2075">0.142</income-elasticity>
                <income-elasticity year="2070">0.158</income-elasticity>
                <income-elasticity year="2065">0.176</income-elasticity>
                <income-elasticity year="2060">0.193</income-elasticity>
                <income-elasticity year="2055">0.21</income-elasticity>
                <income-elasticity year="2050">0.228</income-elasticity>
                <income-elasticity year="2045">0.247</income-elasticity>
                <income-elasticity year="2040">0.267</income-elasticity>
                <income-elasticity year="2035">0.289</income-elasticity>
                <income-elasticity year="2030">0.313</income-elasticity>
                <income-elasticity year="2025">0.34</income-elasticity>
                <income-elasticity year="2020">0.383</income-elasticity>
                <income-elasticity year="2015">0.431</income-elasticity>
            </energy-final-demand>
        </region>
        <region name="Middle East">
            <energy-final-demand name="cement">
                <income-elasticity year="2100">-0.04</income-elasticity>
                <income-elasticity year="2095">-0.041</income-elasticity>
                <income-elasticity year="2090">-0.041</income-elasticity>
                <income-elasticity year="2085">-0.043</income-elasticity>
                <income-elasticity year="2080">-0.046</income-elasticity>
                <income-elasticity year="2075">-0.05</income-elasticity>
                <income-elasticity year="2070">-0.053</income-elasticity>
                <income-elasticity year="2065">-0.057</income-elasticity>
                <income-elasticity year="2060">-0.062</income-elasticity>
                <income-elasticity year="2055">-0.066</income-elasticity>
                <income-elasticity year="2050">-0.071</income-elasticity>
                <income-elasticity year="2045">-0.077</income-elasticity>
                <income-elasticity year="2040">-0.087</income-elasticity>
                <income-elasticity year="2035">-0.103</income-elasticity>
                <income-elasticity year="2030">-0.125</income-elasticity>
                <income-elasticity year="2025">-0.154</income-elasticity>
                <income-elasticity year="2020">-0.187</income-elasticity>
                <income-elasticity year="2015">-0.216</income-elasticity>
            </energy-final-demand>
        </region>
        <region name="Pakistan">
            <energy-final-demand name="cement">
                <income-elasticity year="2100">0.283</income-elasticity>
                <income-elasticity year="2095">0.295</income-elasticity>
                <income-elasticity year="2090">0.306</income-elasticity>
                <income-elasticity year="2085">0.317</income-elasticity>
                <income-elasticity year="2080">0.328</income-elasticity>
                <income-elasticity year="2075">0.344</income-elasticity>
                <income-elasticity year="2070">0.367</income-elasticity>
                <income-elasticity year="2065">0.392</income-elasticity>
                <income-elasticity year="2060">0.417</income-elasticity>
                <income-elasticity year="2055">0.441</income-elasticity>
                <income-elasticity year="2050">0.465</income-elasticity>
                <income-elasticity year="2045">0.49</income-elasticity>
                <income-elasticity year="2040">0.519</income-elasticity>
                <income-elasticity year="2035">0.553</income-elasticity>
                <income-elasticity year="2030">0.589</income-elasticity>
                <income-elasticity year="2025">0.67</income-elasticity>
                <income-elasticity year="2020">0.785</income-elasticity>
                <income-elasticity year="2015">0.952</income-elasticity>
            </energy-final-demand>
        </region>
        <region name="Russia">
            <energy-final-demand name="cement">
                <income-elasticity year="2100">0.089</income-elasticity>
                <income-elasticity year="2095">0.095</income-elasticity>
                <income-elasticity year="2090">0.101</income-elasticity>
                <income-elasticity year="2085">0.108</income-elasticity>
                <income-elasticity year="2080">0.115</income-elasticity>
                <income-elasticity year="2075">0.123</income-elasticity>
                <income-elasticity year="2070">0.132</income-elasticity>
                <income-elasticity year="2065">0.143</income-elasticity>
                <income-elasticity year="2060">0.156</income-elasticity>
                <income-elasticity year="2055">0.17</income-elasticity>
                <income-elasticity year="2050">0.182</income-elasticity>
                <income-elasticity year="2045">0.193</income-elasticity>
                <income-elasticity year="2040">0.209</income-elasticity>
                <income-elasticity year="2035">0.231</income-elasticity>
                <income-elasticity year="2030">0.26</income-elasticity>
                <income-elasticity year="2025">0.294</income-elasticity>
                <income-elasticity year="2020">0.332</income-elasticity>
                <income-elasticity year="2015">0.351</income-elasticity>
            </energy-final-demand>
        </region>
        <region name="South Africa">
            <energy-final-demand name="cement">
                <income-elasticity year="2100">0.175</income-elasticity>
                <income-elasticity year="2095">0.187</income-elasticity>
                <income-elasticity year="2090">0.198</income-elasticity>
                <income-elasticity year="2085">0.211</income-elasticity>
                <income-elasticity year="2080">0.224</income-elasticity>
                <income-elasticity year="2075">0.238</income-elasticity>
                <income-elasticity year="2070">0.253</income-elasticity>
                <income-elasticity year="2065">0.269</income-elasticity>
                <income-elasticity year="2060">0.286</income-elasticity>
                <income-elasticity year="2055">0.305</income-elasticity>
                <income-elasticity year="2050">0.325</income-elasticity>
                <income-elasticity year="2045">0.354</income-elasticity>
                <income-elasticity year="2040">0.398</income-elasticity>
                <income-elasticity year="2035">0.45</income-elasticity>
                <income-elasticity year="2030">0.51</income-elasticity>
                <income-elasticity year="2025">0.581</income-elasticity>
                <income-elasticity year="2020">0.732</income-elasticity>
                <income-elasticity year="2015">0.814</income-elasticity>
            </energy-final-demand>
        </region>
        <region name="South America_Northern">
            <energy-final-demand name="cement">
                <income-elasticity year="2100">0.201</income-elasticity>
                <income-elasticity year="2095">0.213</income-elasticity>
                <income-elasticity year="2090">0.225</income-elasticity>
                <income-elasticity year="2085">0.238</income-elasticity>
                <income-elasticity year="2080">0.251</income-elasticity>
                <income-elasticity year="2075">0.265</income-elasticity>
                <income-elasticity year="2070">0.278</income-elasticity>
                <income-elasticity year="2065">0.293</income-elasticity>
                <income-elasticity year="2060">0.309</income-elasticity>
                <income-elasticity year="2055">0.327</income-elasticity>
                <income-elasticity year="2050">0.352</income-elasticity>
                <income-elasticity year="2045">0.386</income-elasticity>
                <income-elasticity year="2040">0.425</income-elasticity>
                <income-elasticity year="2035">0.469</income-elasticity>
                <income-elasticity year="2030">0.521</income-elasticity>
                <income-elasticity year="2025">0.573</income-elasticity>
                <income-elasticity year="2020">0.657</income-elasticity>
                <income-elasticity year="2015">0.538</income-elasticity>
            </energy-final-demand>
        </region>
        <region name="South America_Southern">
            <energy-final-demand name="cement">
                <income-elasticity year="2100">0.117</income-elasticity>
                <income-elasticity year="2095">0.129</income-elasticity>
                <income-elasticity year="2090">0.141</income-elasticity>
                <income-elasticity year="2085">0.155</income-elasticity>
                <income-elasticity year="2080">0.17</income-elasticity>
                <income-elasticity year="2075">0.185</income-elasticity>
                <income-elasticity year="2070">0.199</income-elasticity>
                <income-elasticity year="2065">0.214</income-elasticity>
                <income-elasticity year="2060">0.231</income-elasticity>
                <income-elasticity year="2055">0.249</income-elasticity>
                <income-elasticity year="2050">0.269</income-elasticity>
                <income-elasticity year="2045">0.29</income-elasticity>
                <income-elasticity year="2040">0.313</income-elasticity>
                <income-elasticity year="2035">0.34</income-elasticity>
                <income-elasticity year="2030">0.389</income-elasticity>
                <income-elasticity year="2025">0.45</income-elasticity>
                <income-elasticity year="2020">0.524</income-elasticity>
                <income-elasticity year="2015">0.58</income-elasticity>
            </energy-final-demand>
        </region>
        <region name="South Asia">
            <energy-final-demand name="cement">
                <income-elasticity year="2100">1.014</income-elasticity>
                <income-elasticity year="2095">1.064</income-elasticity>
                <income-elasticity year="2090">1.109</income-elasticity>
                <income-elasticity year="2085">1.108</income-elasticity>
                <income-elasticity year="2080">1.107</income-elasticity>
                <income-elasticity year="2075">1.107</income-elasticity>
                <income-elasticity year="2070">1.106</income-elasticity>
                <income-elasticity year="2065">1.105</income-elasticity>
                <income-elasticity year="2060">1.104</income-elasticity>
                <income-elasticity year="2055">1.104</income-elasticity>
                <income-elasticity year="2050">1.103</income-elasticity>
                <income-elasticity year="2045">1.102</income-elasticity>
                <income-elasticity year="2040">1.102</income-elasticity>
                <income-elasticity year="2035">1.101</income-elasticity>
                <income-elasticity year="2030">1.108</income-elasticity>
                <income-elasticity year="2025">1.132</income-elasticity>
                <income-elasticity year="2020">1.158</income-elasticity>
                <income-elasticity year="2015">1.185</income-elasticity>
            </energy-final-demand>
        </region>
        <region name="South Korea">
            <energy-final-demand name="cement">
                <income-elasticity year="2100">-0.11</income-elasticity>
                <income-elasticity year="2095">-0.121</income-elasticity>
                <income-elasticity year="2090">-0.133</income-elasticity>
                <income-elasticity year="2085">-0.147</income-elasticity>
                <income-elasticity year="2080">-0.164</income-elasticity>
                <income-elasticity year="2075">-0.183</income-elasticity>
                <income-elasticity year="2070">-0.205</income-elasticity>
                <income-elasticity year="2065">-0.232</income-elasticity>
                <income-elasticity year="2060">-0.252</income-elasticity>
                <income-elasticity year="2055">-0.252</income-elasticity>
                <income-elasticity year="2050">-0.252</income-elasticity>
                <income-elasticity year="2045">-0.252</income-elasticity>
                <income-elasticity year="2040">-0.252</income-elasticity>
                <income-elasticity year="2035">-0.252</income-elasticity>
                <income-elasticity year="2030">-0.252</income-elasticity>
                <income-elasticity year="2025">-0.252</income-elasticity>
                <income-elasticity year="2020">-0.252</income-elasticity>
                <income-elasticity year="2015">-0.252</income-elasticity>
            </energy-final-demand>
        </region>
        <region name="Southeast Asia">
            <energy-final-demand name="cement">
                <income-elasticity year="2100">0.094</income-elasticity>
                <income-elasticity year="2095">0.099</income-elasticity>
                <income-elasticity year="2090">0.104</income-elasticity>
                <income-elasticity year="2085">0.11</income-elasticity>
                <income-elasticity year="2080">0.116</income-elasticity>
                <income-elasticity year="2075">0.124</income-elasticity>
                <income-elasticity year="2070">0.133</income-elasticity>
                <income-elasticity year="2065">0.144</income-elasticity>
                <income-elasticity year="2060">0.157</income-elasticity>
                <income-elasticity year="2055">0.171</income-elasticity>
                <income-elasticity year="2050">0.186</income-elasticity>
                <income-elasticity year="2045">0.199</income-elasticity>
                <income-elasticity year="2040">0.216</income-elasticity>
                <income-elasticity year="2035">0.235</income-elasticity>
                <income-elasticity year="2030">0.257</income-elasticity>
                <income-elasticity year="2025">0.286</income-elasticity>
                <income-elasticity year="2020">0.32</income-elasticity>
                <income-elasticity year="2015">0.387</income-elasticity>
            </energy-final-demand>
        </region>
        <region name="Taiwan">
            <energy-final-demand name="cement">
                <income-elasticity year="2100">-0.038</income-elasticity>
                <income-elasticity year="2095">-0.038</income-elasticity>
                <income-elasticity year="2090">-0.038</income-elasticity>
                <income-elasticity year="2085">-0.038</income-elasticity>
                <income-elasticity year="2080">-0.039</income-elasticity>
                <income-elasticity year="2075">-0.039</income-elasticity>
                <income-elasticity year="2070">-0.039</income-elasticity>
                <income-elasticity year="2065">-0.039</income-elasticity>
                <income-elasticity year="2060">-0.039</income-elasticity>
                <income-elasticity year="2055">-0.039</income-elasticity>
                <income-elasticity year="2050">-0.039</income-elasticity>
                <income-elasticity year="2045">-0.039</income-elasticity>
                <income-elasticity year="2040">-0.039</income-elasticity>
                <income-elasticity year="2035">-0.04</income-elasticity>
                <income-elasticity year="2030">-0.04</income-elasticity>
                <income-elasticity year="2025">-0.04</income-elasticity>
                <income-elasticity year="2020">-0.041</income-elasticity>
                <income-elasticity year="2015">-0.045</income-elasticity>
            </energy-final-demand>
        </region>
        <region name="Argentina">
            <energy-final-demand name="cement">
                <income-elasticity year="2100">0.222</income-elasticity>
                <income-elasticity year="2095">0.233</income-elasticity>
                <income-elasticity year="2090">0.244</income-elasticity>
                <income-elasticity year="2085">0.255</income-elasticity>
                <income-elasticity year="2080">0.266</income-elasticity>
                <income-elasticity year="2075">0.278</income-elasticity>
                <income-elasticity year="2070">0.29</income-elasticity>
                <income-elasticity year="2065">0.304</income-elasticity>
                <income-elasticity year="2060">0.319</income-elasticity>
                <income-elasticity year="2055">0.335</income-elasticity>
                <income-elasticity year="2050">0.363</income-elasticity>
                <income-elasticity year="2045">0.395</income-elasticity>
                <income-elasticity year="2040">0.43</income-elasticity>
                <income-elasticity year="2035">0.472</income-elasticity>
                <income-elasticity year="2030">0.523</income-elasticity>
                <income-elasticity year="2025">0.584</income-elasticity>
                <income-elasticity year="2020">0.709</income-elasticity>
                <income-elasticity year="2015">0.678</income-elasticity>
            </energy-final-demand>
        </region>
        <region name="Colombia">
            <energy-final-demand name="cement">
                <income-elasticity year="2100">0.12</income-elasticity>
                <income-elasticity year="2095">0.132</income-elasticity>
                <income-elasticity year="2090">0.145</income-elasticity>
                <income-elasticity year="2085">0.161</income-elasticity>
                <income-elasticity year="2080">0.178</income-elasticity>
                <income-elasticity year="2075">0.193</income-elasticity>
                <income-elasticity year="2070">0.208</income-elasticity>
                <income-elasticity year="2065">0.225</income-elasticity>
                <income-elasticity year="2060">0.244</income-elasticity>
                <income-elasticity year="2055">0.264</income-elasticity>
                <income-elasticity year="2050">0.286</income-elasticity>
                <income-elasticity year="2045">0.309</income-elasticity>
                <income-elasticity year="2040">0.333</income-elasticity>
                <income-elasticity year="2035">0.376</income-elasticity>
                <income-elasticity year="2030">0.425</income-elasticity>
                <income-elasticity year="2025">0.478</income-elasticity>
                <income-elasticity year="2020">0.526</income-elasticity>
                <income-elasticity year="2015">0.584</income-elasticity>
            </energy-final-demand>
        </region>
    </world>
</scenario>
