<?xml version="1.0" encoding="UTF-8"?>
<scenario>
    <world>
        <region name="USA">
            <energy-final-demand name="cement">
                <income-elasticity year="2100">0.308</income-elasticity>
                <income-elasticity year="2095">0.318</income-elasticity>
                <income-elasticity year="2090">0.328</income-elasticity>
                <income-elasticity year="2085">0.339</income-elasticity>
                <income-elasticity year="2080">0.355</income-elasticity>
                <income-elasticity year="2075">0.372</income-elasticity>
                <income-elasticity year="2070">0.389</income-elasticity>
                <income-elasticity year="2065">0.406</income-elasticity>
                <income-elasticity year="2060">0.425</income-elasticity>
                <income-elasticity year="2055">0.444</income-elasticity>
                <income-elasticity year="2050">0.463</income-elasticity>
                <income-elasticity year="2045">0.484</income-elasticity>
                <income-elasticity year="2040">0.51</income-elasticity>
                <income-elasticity year="2035">0.54</income-elasticity>
                <income-elasticity year="2030">0.577</income-elasticity>
                <income-elasticity year="2025">0.641</income-elasticity>
                <income-elasticity year="2020">0.741</income-elasticity>
                <income-elasticity year="2015">0.864</income-elasticity>
            </energy-final-demand>
        </region>
        <region name="Africa_Eastern">
            <energy-final-demand name="cement">
                <income-elasticity year="2100">0.999</income-elasticity>
                <income-elasticity year="2095">1.088</income-elasticity>
                <income-elasticity year="2090">1.108</income-elasticity>
                <income-elasticity year="2085">1.107</income-elasticity>
                <income-elasticity year="2080">1.105</income-elasticity>
                <income-elasticity year="2075">1.104</income-elasticity>
                <income-elasticity year="2070">1.103</income-elasticity>
                <income-elasticity year="2065">1.102</income-elasticity>
                <income-elasticity year="2060">1.101</income-elasticity>
                <income-elasticity year="2055">1.1</income-elasticity>
                <income-elasticity year="2050">1.109</income-elasticity>
                <income-elasticity year="2045">1.121</income-elasticity>
                <income-elasticity year="2040">1.132</income-elasticity>
                <income-elasticity year="2035">1.143</income-elasticity>
                <income-elasticity year="2030">1.153</income-elasticity>
                <income-elasticity year="2025">1.166</income-elasticity>
                <income-elasticity year="2020">1.18</income-elasticity>
                <income-elasticity year="2015">1.198</income-elasticity>
            </energy-final-demand>
        </region>
        <region name="Africa_Northern">
            <energy-final-demand name="cement">
                <income-elasticity year="2100">0</income-elasticity>
                <income-elasticity year="2095">0</income-elasticity>
                <income-elasticity year="2090">0</income-elasticity>
                <income-elasticity year="2085">0</income-elasticity>
                <income-elasticity year="2080">0</income-elasticity>
                <income-elasticity year="2075">0</income-elasticity>
                <income-elasticity year="2070">0</income-elasticity>
                <income-elasticity year="2065">0.001</income-elasticity>
                <income-elasticity year="2060">0.001</income-elasticity>
                <income-elasticity year="2055">0.001</income-elasticity>
                <income-elasticity year="2050">0.001</income-elasticity>
                <income-elasticity year="2045">0.001</income-elasticity>
                <income-elasticity year="2040">0.001</income-elasticity>
                <income-elasticity year="2035">0.001</income-elasticity>
                <income-elasticity year="2030">0.002</income-elasticity>
                <income-elasticity year="2025">0.002</income-elasticity>
                <income-elasticity year="2020">0.003</income-elasticity>
                <income-elasticity year="2015">0.004</income-elasticity>
            </energy-final-demand>
        </region>
        <region name="Africa_Southern">
            <energy-final-demand name="cement">
                <income-elasticity year="2100">0.651</income-elasticity>
                <income-elasticity year="2095">0.747</income-elasticity>
                <income-elasticity year="2090">0.852</income-elasticity>
                <income-elasticity year="2085">0.964</income-elasticity>
                <income-elasticity year="2080">1.082</income-elasticity>
                <income-elasticity year="2075">1.108</income-elasticity>
                <income-elasticity year="2070">1.106</income-elasticity>
                <income-elasticity year="2065">1.104</income-elasticity>
                <income-elasticity year="2060">1.103</income-elasticity>
                <income-elasticity year="2055">1.102</income-elasticity>
                <income-elasticity year="2050">1.101</income-elasticity>
                <income-elasticity year="2045">1.104</income-elasticity>
                <income-elasticity year="2040">1.114</income-elasticity>
                <income-elasticity year="2035">1.122</income-elasticity>
                <income-elasticity year="2030">1.13</income-elasticity>
                <income-elasticity year="2025">1.141</income-elasticity>
                <income-elasticity year="2020">1.155</income-elasticity>
                <income-elasticity year="2015">1.175</income-elasticity>
            </energy-final-demand>
        </region>
        <region name="Africa_Western">
            <energy-final-demand name="cement">
                <income-elasticity year="2100">0.763</income-elasticity>
                <income-elasticity year="2095">0.844</income-elasticity>
                <income-elasticity year="2090">0.928</income-elasticity>
                <income-elasticity year="2085">1.017</income-elasticity>
                <income-elasticity year="2080">1.109</income-elasticity>
                <income-elasticity year="2075">1.107</income-elasticity>
                <income-elasticity year="2070">1.106</income-elasticity>
                <income-elasticity year="2065">1.105</income-elasticity>
                <income-elasticity year="2060">1.104</income-elasticity>
                <income-elasticity year="2055">1.103</income-elasticity>
                <income-elasticity year="2050">1.102</income-elasticity>
                <income-elasticity year="2045">1.101</income-elasticity>
                <income-elasticity year="2040">1.1</income-elasticity>
                <income-elasticity year="2035">1.11</income-elasticity>
                <income-elasticity year="2030">1.124</income-elasticity>
                <income-elasticity year="2025">1.143</income-elasticity>
                <income-elasticity year="2020">1.163</income-elasticity>
                <income-elasticity year="2015">1.182</income-elasticity>
            </energy-final-demand>
        </region>
        <region name="Australia_NZ">
            <energy-final-demand name="cement">
                <income-elasticity year="2100">0.067</income-elasticity>
                <income-elasticity year="2095">0.072</income-elasticity>
                <income-elasticity year="2090">0.078</income-elasticity>
                <income-elasticity year="2085">0.084</income-elasticity>
                <income-elasticity year="2080">0.09</income-elasticity>
                <income-elasticity year="2075">0.097</income-elasticity>
                <income-elasticity year="2070">0.105</income-elasticity>
                <income-elasticity year="2065">0.113</income-elasticity>
                <income-elasticity year="2060">0.123</income-elasticity>
                <income-elasticity year="2055">0.133</income-elasticity>
                <income-elasticity year="2050">0.144</income-elasticity>
                <income-elasticity year="2045">0.156</income-elasticity>
                <income-elasticity year="2040">0.171</income-elasticity>
                <income-elasticity year="2035">0.185</income-elasticity>
                <income-elasticity year="2030">0.199</income-elasticity>
                <income-elasticity year="2025">0.212</income-elasticity>
                <income-elasticity year="2020">0.226</income-elasticity>
                <income-elasticity year="2015">0.242</income-elasticity>
            </energy-final-demand>
        </region>
        <region name="Brazil">
            <energy-final-demand name="cement">
                <income-elasticity year="2100">0.088</income-elasticity>
                <income-elasticity year="2095">0.098</income-elasticity>
                <income-elasticity year="2090">0.109</income-elasticity>
                <income-elasticity year="2085">0.12</income-elasticity>
                <income-elasticity year="2080">0.133</income-elasticity>
                <income-elasticity year="2075">0.147</income-elasticity>
                <income-elasticity year="2070">0.162</income-elasticity>
                <income-elasticity year="2065">0.178</income-elasticity>
                <income-elasticity year="2060">0.191</income-elasticity>
                <income-elasticity year="2055">0.205</income-elasticity>
                <income-elasticity year="2050">0.22</income-elasticity>
                <income-elasticity year="2045">0.235</income-elasticity>
                <income-elasticity year="2040">0.252</income-elasticity>
                <income-elasticity year="2035">0.27</income-elasticity>
                <income-elasticity year="2030">0.29</income-elasticity>
                <income-elasticity year="2025">0.314</income-elasticity>
                <income-elasticity year="2020">0.346</income-elasticity>
                <income-elasticity year="2015">0.412</income-elasticity>
            </energy-final-demand>
        </region>
        <region name="Canada">
            <energy-final-demand name="cement">
                <income-elasticity year="2100">0.179</income-elasticity>
                <income-elasticity year="2095">0.189</income-elasticity>
                <income-elasticity year="2090">0.199</income-elasticity>
                <income-elasticity year="2085">0.209</income-elasticity>
                <income-elasticity year="2080">0.219</income-elasticity>
                <income-elasticity year="2075">0.23</income-elasticity>
                <income-elasticity year="2070">0.241</income-elasticity>
                <income-elasticity year="2065">0.253</income-elasticity>
                <income-elasticity year="2060">0.264</income-elasticity>
                <income-elasticity year="2055">0.275</income-elasticity>
                <income-elasticity year="2050">0.286</income-elasticity>
                <income-elasticity year="2045">0.298</income-elasticity>
                <income-elasticity year="2040">0.311</income-elasticity>
                <income-elasticity year="2035">0.327</income-elasticity>
                <income-elasticity year="2030">0.348</income-elasticity>
                <income-elasticity year="2025">0.372</income-elasticity>
                <income-elasticity year="2020">0.393</income-elasticity>
                <income-elasticity year="2015">0.423</income-elasticity>
            </energy-final-demand>
        </region>
        <region name="Central America and Caribbean">
            <energy-final-demand name="cement">
                <income-elasticity year="2100">0.258</income-elasticity>
                <income-elasticity year="2095">0.265</income-elasticity>
                <income-elasticity year="2090">0.272</income-elasticity>
                <income-elasticity year="2085">0.28</income-elasticity>
                <income-elasticity year="2080">0.289</income-elasticity>
                <income-elasticity year="2075">0.298</income-elasticity>
                <income-elasticity year="2070">0.309</income-elasticity>
                <income-elasticity year="2065">0.32</income-elasticity>
                <income-elasticity year="2060">0.333</income-elasticity>
                <income-elasticity year="2055">0.354</income-elasticity>
                <income-elasticity year="2050">0.381</income-elasticity>
                <income-elasticity year="2045">0.411</income-elasticity>
                <income-elasticity year="2040">0.445</income-elasticity>
                <income-elasticity year="2035">0.483</income-elasticity>
                <income-elasticity year="2030">0.525</income-elasticity>
                <income-elasticity year="2025">0.576</income-elasticity>
                <income-elasticity year="2020">0.668</income-elasticity>
                <income-elasticity year="2015">0.807</income-elasticity>
            </energy-final-demand>
        </region>
        <region name="Central Asia">
            <energy-final-demand name="cement">
                <income-elasticity year="2100">0.096</income-elasticity>
                <income-elasticity year="2095">0.103</income-elasticity>
                <income-elasticity year="2090">0.111</income-elasticity>
                <income-elasticity year="2085">0.12</income-elasticity>
                <income-elasticity year="2080">0.129</income-elasticity>
                <income-elasticity year="2075">0.14</income-elasticity>
                <income-elasticity year="2070">0.151</income-elasticity>
                <income-elasticity year="2065">0.166</income-elasticity>
                <income-elasticity year="2060">0.181</income-elasticity>
                <income-elasticity year="2055">0.193</income-elasticity>
                <income-elasticity year="2050">0.206</income-elasticity>
                <income-elasticity year="2045">0.221</income-elasticity>
                <income-elasticity year="2040">0.243</income-elasticity>
                <income-elasticity year="2035">0.273</income-elasticity>
                <income-elasticity year="2030">0.311</income-elasticity>
                <income-elasticity year="2025">0.376</income-elasticity>
                <income-elasticity year="2020">0.488</income-elasticity>
                <income-elasticity year="2015">0.624</income-elasticity>
            </energy-final-demand>
        </region>
        <region name="China">
            <energy-final-demand name="cement">
                <income-elasticity year="2100">-0.215</income-elasticity>
                <income-elasticity year="2095">-0.237</income-elasticity>
                <income-elasticity year="2090">-0.252</income-elasticity>
                <income-elasticity year="2085">-0.252</income-elasticity>
                <income-elasticity year="2080">-0.252</income-elasticity>
                <income-elasticity year="2075">-0.252</income-elasticity>
                <income-elasticity year="2070">-0.252</income-elasticity>
                <income-elasticity year="2065">-0.252</income-elasticity>
                <income-elasticity year="2060">-0.252</income-elasticity>
                <income-elasticity year="2055">-0.252</income-elasticity>
                <income-elasticity year="2050">-0.252</income-elasticity>
                <income-elasticity year="2045">-0.252</income-elasticity>
                <income-elasticity year="2040">-0.252</income-elasticity>
                <income-elasticity year="2035">-0.252</income-elasticity>
                <income-elasticity year="2030">-0.252</income-elasticity>
                <income-elasticity year="2025">-0.252</income-elasticity>
                <income-elasticity year="2020">-0.252</income-elasticity>
                <income-elasticity year="2015">-0.252</income-elasticity>
            </energy-final-demand>
        </region>
        <region name="EU-12">
            <energy-final-demand name="cement">
                <income-elasticity year="2100">0.035</income-elasticity>
                <income-elasticity year="2095">0.038</income-elasticity>
                <income-elasticity year="2090">0.042</income-elasticity>
                <income-elasticity year="2085">0.045</income-elasticity>
                <income-elasticity year="2080">0.049</income-elasticity>
                <income-elasticity year="2075">0.054</income-elasticity>
                <income-elasticity year="2070">0.06</income-elasticity>
                <income-elasticity year="2065">0.066</income-elasticity>
                <income-elasticity year="2060">0.073</income-elasticity>
                <income-elasticity year="2055">0.081</income-elasticity>
                <income-elasticity year="2050">0.089</income-elasticity>
                <income-elasticity year="2045">0.099</income-elasticity>
                <income-elasticity year="2040">0.11</income-elasticity>
                <income-elasticity year="2035">0.126</income-elasticity>
                <income-elasticity year="2030">0.147</income-elasticity>
                <income-elasticity year="2025">0.173</income-elasticity>
                <income-elasticity year="2020">0.198</income-elasticity>
                <income-elasticity year="2015">0.224</income-elasticity>
            </energy-final-demand>
        </region>
        <region name="EU-15">
            <energy-final-demand name="cement">
                <income-elasticity year="2100">0.011</income-elasticity>
                <income-elasticity year="2095">0.012</income-elasticity>
                <income-elasticity year="2090">0.014</income-elasticity>
                <income-elasticity year="2085">0.015</income-elasticity>
                <income-elasticity year="2080">0.016</income-elasticity>
                <income-elasticity year="2075">0.017</income-elasticity>
                <income-elasticity year="2070">0.019</income-elasticity>
                <income-elasticity year="2065">0.02</income-elasticity>
                <income-elasticity year="2060">0.022</income-elasticity>
                <income-elasticity year="2055">0.025</income-elasticity>
                <income-elasticity year="2050">0.027</income-elasticity>
                <income-elasticity year="2045">0.03</income-elasticity>
                <income-elasticity year="2040">0.032</income-elasticity>
                <income-elasticity year="2035">0.036</income-elasticity>
                <income-elasticity year="2030">0.04</income-elasticity>
                <income-elasticity year="2025">0.044</income-elasticity>
                <income-elasticity year="2020">0.048</income-elasticity>
                <income-elasticity year="2015">0.052</income-elasticity>
            </energy-final-demand>
        </region>
        <region name="Europe_Eastern">
            <energy-final-demand name="cement">
                <income-elasticity year="2100">0.055</income-elasticity>
                <income-elasticity year="2095">0.061</income-elasticity>
                <income-elasticity year="2090">0.068</income-elasticity>
                <income-elasticity year="2085">0.075</income-elasticity>
                <income-elasticity year="2080">0.083</income-elasticity>
                <income-elasticity year="2075">0.093</income-elasticity>
                <income-elasticity year="2070">0.105</income-elasticity>
                <income-elasticity year="2065">0.119</income-elasticity>
                <income-elasticity year="2060">0.137</income-elasticity>
                <income-elasticity year="2055">0.158</income-elasticity>
                <income-elasticity year="2050">0.18</income-elasticity>
                <income-elasticity year="2045">0.199</income-elasticity>
                <income-elasticity year="2040">0.222</income-elasticity>
                <income-elasticity year="2035">0.25</income-elasticity>
                <income-elasticity year="2030">0.284</income-elasticity>
                <income-elasticity year="2025">0.324</income-elasticity>
                <income-elasticity year="2020">0.398</income-elasticity>
                <income-elasticity year="2015">0.495</income-elasticity>
            </energy-final-demand>
        </region>
        <region name="Europe_Non_EU">
            <energy-final-demand name="cement">
                <income-elasticity year="2100">-0.037</income-elasticity>
                <income-elasticity year="2095">-0.037</income-elasticity>
                <income-elasticity year="2090">-0.037</income-elasticity>
                <income-elasticity year="2085">-0.037</income-elasticity>
                <income-elasticity year="2080">-0.037</income-elasticity>
                <income-elasticity year="2075">-0.038</income-elasticity>
                <income-elasticity year="2070">-0.038</income-elasticity>
                <income-elasticity year="2065">-0.038</income-elasticity>
                <income-elasticity year="2060">-0.038</income-elasticity>
                <income-elasticity year="2055">-0.039</income-elasticity>
                <income-elasticity year="2050">-0.039</income-elasticity>
                <income-elasticity year="2045">-0.039</income-elasticity>
                <income-elasticity year="2040">-0.04</income-elasticity>
                <income-elasticity year="2035">-0.04</income-elasticity>
                <income-elasticity year="2030">-0.04</income-elasticity>
                <income-elasticity year="2025">-0.041</income-elasticity>
                <income-elasticity year="2020">-0.05</income-elasticity>
                <income-elasticity year="2015">-0.065</income-elasticity>
            </energy-final-demand>
        </region>
        <region name="European Free Trade Association">
            <energy-final-demand name="cement">
                <income-elasticity year="2100">0.029</income-elasticity>
                <income-elasticity year="2095">0.032</income-elasticity>
                <income-elasticity year="2090">0.034</income-elasticity>
                <income-elasticity year="2085">0.037</income-elasticity>
                <income-elasticity year="2080">0.04</income-elasticity>
                <income-elasticity year="2075">0.043</income-elasticity>
                <income-elasticity year="2070">0.046</income-elasticity>
                <income-elasticity year="2065">0.05</income-elasticity>
                <income-elasticity year="2060">0.054</income-elasticity>
                <income-elasticity year="2055">0.058</income-elasticity>
                <income-elasticity year="2050">0.063</income-elasticity>
                <income-elasticity year="2045">0.067</income-elasticity>
                <income-elasticity year="2040">0.072</income-elasticity>
                <income-elasticity year="2035">0.079</income-elasticity>
                <income-elasticity year="2030">0.086</income-elasticity>
                <income-elasticity year="2025">0.094</income-elasticity>
                <income-elasticity year="2020">0.101</income-elasticity>
                <income-elasticity year="2015">0.11</income-elasticity>
            </energy-final-demand>
        </region>
        <region name="India">
            <energy-final-demand name="cement">
                <income-elasticity year="2100">0.071</income-elasticity>
                <income-elasticity year="2095">0.079</income-elasticity>
                <income-elasticity year="2090">0.088</income-elasticity>
                <income-elasticity year="2085">0.098</income-elasticity>
                <income-elasticity year="2080">0.11</income-elasticity>
                <income-elasticity year="2075">0.123</income-elasticity>
                <income-elasticity year="2070">0.138</income-elasticity>
                <income-elasticity year="2065">0.156</income-elasticity>
                <income-elasticity year="2060">0.177</income-elasticity>
                <income-elasticity year="2055">0.196</income-elasticity>
                <income-elasticity year="2050">0.217</income-elasticity>
                <income-elasticity year="2045">0.241</income-elasticity>
                <income-elasticity year="2040">0.27</income-elasticity>
                <income-elasticity year="2035">0.304</income-elasticity>
                <income-elasticity year="2030">0.352</income-elasticity>
                <income-elasticity year="2025">0.445</income-elasticity>
                <income-elasticity year="2020">0.564</income-elasticity>
                <income-elasticity year="2015">0.859</income-elasticity>
            </energy-final-demand>
        </region>
        <region name="Indonesia">
            <energy-final-demand name="cement">
                <income-elasticity year="2100">0.057</income-elasticity>
                <income-elasticity year="2095">0.064</income-elasticity>
                <income-elasticity year="2090">0.072</income-elasticity>
                <income-elasticity year="2085">0.081</income-elasticity>
                <income-elasticity year="2080">0.091</income-elasticity>
                <income-elasticity year="2075">0.103</income-elasticity>
                <income-elasticity year="2070">0.117</income-elasticity>
                <income-elasticity year="2065">0.134</income-elasticity>
                <income-elasticity year="2060">0.155</income-elasticity>
                <income-elasticity year="2055">0.18</income-elasticity>
                <income-elasticity year="2050">0.203</income-elasticity>
                <income-elasticity year="2045">0.229</income-elasticity>
                <income-elasticity year="2040">0.261</income-elasticity>
                <income-elasticity year="2035">0.301</income-elasticity>
                <income-elasticity year="2030">0.357</income-elasticity>
                <income-elasticity year="2025">0.467</income-elasticity>
                <income-elasticity year="2020">0.615</income-elasticity>
                <income-elasticity year="2015">0.984</income-elasticity>
            </energy-final-demand>
        </region>
        <region name="Japan">
            <energy-final-demand name="cement">
                <income-elasticity year="2100">0.017</income-elasticity>
                <income-elasticity year="2095">0.018</income-elasticity>
                <income-elasticity year="2090">0.02</income-elasticity>
                <income-elasticity year="2085">0.022</income-elasticity>
                <income-elasticity year="2080">0.023</income-elasticity>
                <income-elasticity year="2075">0.025</income-elasticity>
                <income-elasticity year="2070">0.028</income-elasticity>
                <income-elasticity year="2065">0.03</income-elasticity>
                <income-elasticity year="2060">0.034</income-elasticity>
                <income-elasticity year="2055">0.037</income-elasticity>
                <income-elasticity year="2050">0.041</income-elasticity>
                <income-elasticity year="2045">0.045</income-elasticity>
                <income-elasticity year="2040">0.051</income-elasticity>
                <income-elasticity year="2035">0.056</income-elasticity>
                <income-elasticity year="2030">0.064</income-elasticity>
                <income-elasticity year="2025">0.072</income-elasticity>
                <income-elasticity year="2020">0.079</income-elasticity>
                <income-elasticity year="2015">0.085</income-elasticity>
            </energy-final-demand>
        </region>
        <region name="Mexico">
            <energy-final-demand name="cement">
                <income-elasticity year="2100">0.081</income-elasticity>
                <income-elasticity year="2095">0.09</income-elasticity>
                <income-elasticity year="2090">0.099</income-elasticity>
                <income-elasticity year="2085">0.11</income-elasticity>
                <income-elasticity year="2080">0.123</income-elasticity>
                <income-elasticity year="2075">0.137</income-elasticity>
                <income-elasticity year="2070">0.152</income-elasticity>
                <income-elasticity year="2065">0.17</income-elasticity>
                <income-elasticity year="2060">0.188</income-elasticity>
                <income-elasticity year="2055">0.204</income-elasticity>
                <income-elasticity year="2050">0.222</income-elasticity>
                <income-elasticity year="2045">0.241</income-elasticity>
                <income-elasticity year="2040">0.261</income-elasticity>
                <income-elasticity year="2035">0.282</income-elasticity>
                <income-elasticity year="2030">0.306</income-elasticity>
                <income-elasticity year="2025">0.331</income-elasticity>
                <income-elasticity year="2020">0.37</income-elasticity>
                <income-elasticity year="2015">0.417</income-elasticity>
            </energy-final-demand>
        </region>
        <region name="Middle East">
            <energy-final-demand name="cement">
                <income-elasticity year="2100">-0.04</income-elasticity>
                <income-elasticity year="2095">-0.04</income-elasticity>
                <income-elasticity year="2090">-0.04</income-elasticity>
                <income-elasticity year="2085">-0.041</income-elasticity>
                <income-elasticity year="2080">-0.041</income-elasticity>
                <income-elasticity year="2075">-0.043</income-elasticity>
                <income-elasticity year="2070">-0.046</income-elasticity>
                <income-elasticity year="2065">-0.049</income-elasticity>
                <income-elasticity year="2060">-0.053</income-elasticity>
                <income-elasticity year="2055">-0.057</income-elasticity>
                <income-elasticity year="2050">-0.061</income-elasticity>
                <income-elasticity year="2045">-0.066</income-elasticity>
                <income-elasticity year="2040">-0.075</income-elasticity>
                <income-elasticity year="2035">-0.088</income-elasticity>
                <income-elasticity year="2030">-0.107</income-elasticity>
                <income-elasticity year="2025">-0.131</income-elasticity>
                <income-elasticity year="2020">-0.159</income-elasticity>
                <income-elasticity year="2015">-0.195</income-elasticity>
            </energy-final-demand>
        </region>
        <region name="Pakistan">
            <energy-final-demand name="cement">
                <income-elasticity year="2100">0.295</income-elasticity>
                <income-elasticity year="2095">0.307</income-elasticity>
                <income-elasticity year="2090">0.318</income-elasticity>
                <income-elasticity year="2085">0.329</income-elasticity>
                <income-elasticity year="2080">0.345</income-elasticity>
                <income-elasticity year="2075">0.367</income-elasticity>
                <income-elasticity year="2070">0.391</income-elasticity>
                <income-elasticity year="2065">0.417</income-elasticity>
                <income-elasticity year="2060">0.442</income-elasticity>
                <income-elasticity year="2055">0.467</income-elasticity>
                <income-elasticity year="2050">0.492</income-elasticity>
                <income-elasticity year="2045">0.517</income-elasticity>
                <income-elasticity year="2040">0.547</income-elasticity>
                <income-elasticity year="2035">0.581</income-elasticity>
                <income-elasticity year="2030">0.636</income-elasticity>
                <income-elasticity year="2025">0.732</income-elasticity>
                <income-elasticity year="2020">0.852</income-elasticity>
                <income-elasticity year="2015">0.978</income-elasticity>
            </energy-final-demand>
        </region>
        <region name="Russia">
            <energy-final-demand name="cement">
                <income-elasticity year="2100">0.063</income-elasticity>
                <income-elasticity year="2095">0.067</income-elasticity>
                <income-elasticity year="2090">0.072</income-elasticity>
                <income-elasticity year="2085">0.077</income-elasticity>
                <income-elasticity year="2080">0.082</income-elasticity>
                <income-elasticity year="2075">0.088</income-elasticity>
                <income-elasticity year="2070">0.095</income-elasticity>
                <income-elasticity year="2065">0.103</income-elasticity>
                <income-elasticity year="2060">0.113</income-elasticity>
                <income-elasticity year="2055">0.123</income-elasticity>
                <income-elasticity year="2050">0.133</income-elasticity>
                <income-elasticity year="2045">0.145</income-elasticity>
                <income-elasticity year="2040">0.161</income-elasticity>
                <income-elasticity year="2035">0.185</income-elasticity>
                <income-elasticity year="2030">0.21</income-elasticity>
                <income-elasticity year="2025">0.24</income-elasticity>
                <income-elasticity year="2020">0.274</income-elasticity>
                <income-elasticity year="2015">0.312</income-elasticity>
            </energy-final-demand>
        </region>
        <region name="South Africa">
            <energy-final-demand name="cement">
                <income-elasticity year="2100">0.142</income-elasticity>
                <income-elasticity year="2095">0.154</income-elasticity>
                <income-elasticity year="2090">0.167</income-elasticity>
                <income-elasticity year="2085">0.181</income-elasticity>
                <income-elasticity year="2080">0.193</income-elasticity>
                <income-elasticity year="2075">0.206</income-elasticity>
                <income-elasticity year="2070">0.219</income-elasticity>
                <income-elasticity year="2065">0.234</income-elasticity>
                <income-elasticity year="2060">0.25</income-elasticity>
                <income-elasticity year="2055">0.267</income-elasticity>
                <income-elasticity year="2050">0.286</income-elasticity>
                <income-elasticity year="2045">0.306</income-elasticity>
                <income-elasticity year="2040">0.329</income-elasticity>
                <income-elasticity year="2035">0.37</income-elasticity>
                <income-elasticity year="2030">0.425</income-elasticity>
                <income-elasticity year="2025">0.491</income-elasticity>
                <income-elasticity year="2020">0.567</income-elasticity>
                <income-elasticity year="2015">0.723</income-elasticity>
            </energy-final-demand>
        </region>
        <region name="South America_Northern">
            <energy-final-demand name="cement">
                <income-elasticity year="2100">0.123</income-elasticity>
                <income-elasticity year="2095">0.133</income-elasticity>
                <income-elasticity year="2090">0.145</income-elasticity>
                <income-elasticity year="2085">0.157</income-elasticity>
                <income-elasticity year="2080">0.171</income-elasticity>
                <income-elasticity year="2075">0.183</income-elasticity>
                <income-elasticity year="2070">0.194</income-elasticity>
                <income-elasticity year="2065">0.206</income-elasticity>
                <income-elasticity year="2060">0.219</income-elasticity>
                <income-elasticity year="2055">0.233</income-elasticity>
                <income-elasticity year="2050">0.248</income-elasticity>
                <income-elasticity year="2045">0.264</income-elasticity>
                <income-elasticity year="2040">0.282</income-elasticity>
                <income-elasticity year="2035">0.302</income-elasticity>
                <income-elasticity year="2030">0.326</income-elasticity>
                <income-elasticity year="2025">0.359</income-elasticity>
                <income-elasticity year="2020">0.404</income-elasticity>
                <income-elasticity year="2015">0.44</income-elasticity>
            </energy-final-demand>
        </region>
        <region name="South America_Southern">
            <energy-final-demand name="cement">
                <income-elasticity year="2100">0.102</income-elasticity>
                <income-elasticity year="2095">0.112</income-elasticity>
                <income-elasticity year="2090">0.123</income-elasticity>
                <income-elasticity year="2085">0.136</income-elasticity>
                <income-elasticity year="2080">0.149</income-elasticity>
                <income-elasticity year="2075">0.165</income-elasticity>
                <income-elasticity year="2070">0.181</income-elasticity>
                <income-elasticity year="2065">0.196</income-elasticity>
                <income-elasticity year="2060">0.211</income-elasticity>
                <income-elasticity year="2055">0.228</income-elasticity>
                <income-elasticity year="2050">0.247</income-elasticity>
                <income-elasticity year="2045">0.267</income-elasticity>
                <income-elasticity year="2040">0.289</income-elasticity>
                <income-elasticity year="2035">0.313</income-elasticity>
                <income-elasticity year="2030">0.343</income-elasticity>
                <income-elasticity year="2025">0.4</income-elasticity>
                <income-elasticity year="2020">0.469</income-elasticity>
                <income-elasticity year="2015">0.557</income-elasticity>
            </energy-final-demand>
        </region>
        <region name="South Asia">
            <energy-final-demand name="cement">
                <income-elasticity year="2100">1.023</income-elasticity>
                <income-elasticity year="2095">1.073</income-elasticity>
                <income-elasticity year="2090">1.109</income-elasticity>
                <income-elasticity year="2085">1.108</income-elasticity>
                <income-elasticity year="2080">1.107</income-elasticity>
                <income-elasticity year="2075">1.107</income-elasticity>
                <income-elasticity year="2070">1.106</income-elasticity>
                <income-elasticity year="2065">1.105</income-elasticity>
                <income-elasticity year="2060">1.104</income-elasticity>
                <income-elasticity year="2055">1.104</income-elasticity>
                <income-elasticity year="2050">1.103</income-elasticity>
                <income-elasticity year="2045">1.102</income-elasticity>
                <income-elasticity year="2040">1.101</income-elasticity>
                <income-elasticity year="2035">1.101</income-elasticity>
                <income-elasticity year="2030">1.109</income-elasticity>
                <income-elasticity year="2025">1.133</income-elasticity>
                <income-elasticity year="2020">1.159</income-elasticity>
                <income-elasticity year="2015">1.185</income-elasticity>
            </energy-final-demand>
        </region>
        <region name="South Korea">
            <energy-final-demand name="cement">
                <income-elasticity year="2100">-0.101</income-elasticity>
                <income-elasticity year="2095">-0.111</income-elasticity>
                <income-elasticity year="2090">-0.122</income-elasticity>
                <income-elasticity year="2085">-0.135</income-elasticity>
                <income-elasticity year="2080">-0.15</income-elasticity>
                <income-elasticity year="2075">-0.167</income-elasticity>
                <income-elasticity year="2070">-0.187</income-elasticity>
                <income-elasticity year="2065">-0.212</income-elasticity>
                <income-elasticity year="2060">-0.239</income-elasticity>
                <income-elasticity year="2055">-0.252</income-elasticity>
                <income-elasticity year="2050">-0.252</income-elasticity>
                <income-elasticity year="2045">-0.252</income-elasticity>
                <income-elasticity year="2040">-0.252</income-elasticity>
                <income-elasticity year="2035">-0.252</income-elasticity>
                <income-elasticity year="2030">-0.252</income-elasticity>
                <income-elasticity year="2025">-0.252</income-elasticity>
                <income-elasticity year="2020">-0.252</income-elasticity>
                <income-elasticity year="2015">-0.252</income-elasticity>
            </energy-final-demand>
        </region>
        <region name="Southeast Asia">
            <energy-final-demand name="cement">
                <income-elasticity year="2100">0.093</income-elasticity>
                <income-elasticity year="2095">0.098</income-elasticity>
                <income-elasticity year="2090">0.103</income-elasticity>
                <income-elasticity year="2085">0.109</income-elasticity>
                <income-elasticity year="2080">0.115</income-elasticity>
                <income-elasticity year="2075">0.123</income-elasticity>
                <income-elasticity year="2070">0.132</income-elasticity>
                <income-elasticity year="2065">0.143</income-elasticity>
                <income-elasticity year="2060">0.155</income-elasticity>
                <income-elasticity year="2055">0.17</income-elasticity>
                <income-elasticity year="2050">0.184</income-elasticity>
                <income-elasticity year="2045">0.198</income-elasticity>
                <income-elasticity year="2040">0.214</income-elasticity>
                <income-elasticity year="2035">0.233</income-elasticity>
                <income-elasticity year="2030">0.256</income-elasticity>
                <income-elasticity year="2025">0.284</income-elasticity>
                <income-elasticity year="2020">0.319</income-elasticity>
                <income-elasticity year="2015">0.387</income-elasticity>
            </energy-final-demand>
        </region>
        <region name="Taiwan">
            <energy-final-demand name="cement">
                <income-elasticity year="2100">-0.038</income-elasticity>
                <income-elasticity year="2095">-0.038</income-elasticity>
                <income-elasticity year="2090">-0.038</income-elasticity>
                <income-elasticity year="2085">-0.038</income-elasticity>
                <income-elasticity year="2080">-0.038</income-elasticity>
                <income-elasticity year="2075">-0.038</income-elasticity>
                <income-elasticity year="2070">-0.038</income-elasticity>
                <income-elasticity year="2065">-0.038</income-elasticity>
                <income-elasticity year="2060">-0.039</income-elasticity>
                <income-elasticity year="2055">-0.039</income-elasticity>
                <income-elasticity year="2050">-0.039</income-elasticity>
                <income-elasticity year="2045">-0.039</income-elasticity>
                <income-elasticity year="2040">-0.039</income-elasticity>
                <income-elasticity year="2035">-0.039</income-elasticity>
                <income-elasticity year="2030">-0.039</income-elasticity>
                <income-elasticity year="2025">-0.04</income-elasticity>
                <income-elasticity year="2020">-0.04</income-elasticity>
                <income-elasticity year="2015">-0.042</income-elasticity>
            </energy-final-demand>
        </region>
        <region name="Argentina">
            <energy-final-demand name="cement">
                <income-elasticity year="2100">0.177</income-elasticity>
                <income-elasticity year="2095">0.187</income-elasticity>
                <income-elasticity year="2090">0.196</income-elasticity>
                <income-elasticity year="2085">0.206</income-elasticity>
                <income-elasticity year="2080">0.216</income-elasticity>
                <income-elasticity year="2075">0.226</income-elasticity>
                <income-elasticity year="2070">0.237</income-elasticity>
                <income-elasticity year="2065">0.249</income-elasticity>
                <income-elasticity year="2060">0.262</income-elasticity>
                <income-elasticity year="2055">0.277</income-elasticity>
                <income-elasticity year="2050">0.292</income-elasticity>
                <income-elasticity year="2045">0.308</income-elasticity>
                <income-elasticity year="2040">0.325</income-elasticity>
                <income-elasticity year="2035">0.353</income-elasticity>
                <income-elasticity year="2030">0.398</income-elasticity>
                <income-elasticity year="2025">0.452</income-elasticity>
                <income-elasticity year="2020">0.514</income-elasticity>
                <income-elasticity year="2015">0.589</income-elasticity>
            </energy-final-demand>
        </region>
        <region name="Colombia">
            <energy-final-demand name="cement">
                <income-elasticity year="2100">0.115</income-elasticity>
                <income-elasticity year="2095">0.126</income-elasticity>
                <income-elasticity year="2090">0.14</income-elasticity>
                <income-elasticity year="2085">0.154</income-elasticity>
                <income-elasticity year="2080">0.171</income-elasticity>
                <income-elasticity year="2075">0.187</income-elasticity>
                <income-elasticity year="2070">0.202</income-elasticity>
                <income-elasticity year="2065">0.219</income-elasticity>
                <income-elasticity year="2060">0.237</income-elasticity>
                <income-elasticity year="2055">0.257</income-elasticity>
                <income-elasticity year="2050">0.279</income-elasticity>
                <income-elasticity year="2045">0.301</income-elasticity>
                <income-elasticity year="2040">0.325</income-elasticity>
                <income-elasticity year="2035">0.362</income-elasticity>
                <income-elasticity year="2030">0.41</income-elasticity>
                <income-elasticity year="2025">0.462</income-elasticity>
                <income-elasticity year="2020">0.509</income-elasticity>
                <income-elasticity year="2015">0.581</income-elasticity>
            </energy-final-demand>
        </region>
    </world>
</scenario>
