<?xml version="1.0" encoding="UTF-8"?>
<scenario>
    <world>
        <region name="USA">
            <energy-final-demand name="cement">
                <income-elasticity year="2100">0.456</income-elasticity>
                <income-elasticity year="2095">0.462</income-elasticity>
                <income-elasticity year="2090">0.468</income-elasticity>
                <income-elasticity year="2085">0.473</income-elasticity>
                <income-elasticity year="2080">0.479</income-elasticity>
                <income-elasticity year="2075">0.485</income-elasticity>
                <income-elasticity year="2070">0.49</income-elasticity>
                <income-elasticity year="2065">0.498</income-elasticity>
                <income-elasticity year="2060">0.509</income-elasticity>
                <income-elasticity year="2055">0.521</income-elasticity>
                <income-elasticity year="2050">0.533</income-elasticity>
                <income-elasticity year="2045">0.547</income-elasticity>
                <income-elasticity year="2040">0.564</income-elasticity>
                <income-elasticity year="2035">0.584</income-elasticity>
                <income-elasticity year="2030">0.612</income-elasticity>
                <income-elasticity year="2025">0.669</income-elasticity>
                <income-elasticity year="2020">0.747</income-elasticity>
                <income-elasticity year="2015">0.864</income-elasticity>
            </energy-final-demand>
        </region>
        <region name="Africa_Eastern">
            <energy-final-demand name="cement">
                <income-elasticity year="2100">0.519</income-elasticity>
                <income-elasticity year="2095">0.566</income-elasticity>
                <income-elasticity year="2090">0.635</income-elasticity>
                <income-elasticity year="2085">0.748</income-elasticity>
                <income-elasticity year="2080">0.874</income-elasticity>
                <income-elasticity year="2075">1.009</income-elasticity>
                <income-elasticity year="2070">1.108</income-elasticity>
                <income-elasticity year="2065">1.106</income-elasticity>
                <income-elasticity year="2060">1.104</income-elasticity>
                <income-elasticity year="2055">1.103</income-elasticity>
                <income-elasticity year="2050">1.101</income-elasticity>
                <income-elasticity year="2045">1.1</income-elasticity>
                <income-elasticity year="2040">1.116</income-elasticity>
                <income-elasticity year="2035">1.134</income-elasticity>
                <income-elasticity year="2030">1.148</income-elasticity>
                <income-elasticity year="2025">1.164</income-elasticity>
                <income-elasticity year="2020">1.18</income-elasticity>
                <income-elasticity year="2015">1.198</income-elasticity>
            </energy-final-demand>
        </region>
        <region name="Africa_Northern">
            <energy-final-demand name="cement">
                <income-elasticity year="2100">0.001</income-elasticity>
                <income-elasticity year="2095">0.001</income-elasticity>
                <income-elasticity year="2090">0.001</income-elasticity>
                <income-elasticity year="2085">0.001</income-elasticity>
                <income-elasticity year="2080">0.001</income-elasticity>
                <income-elasticity year="2075">0.001</income-elasticity>
                <income-elasticity year="2070">0.001</income-elasticity>
                <income-elasticity year="2065">0.001</income-elasticity>
                <income-elasticity year="2060">0.001</income-elasticity>
                <income-elasticity year="2055">0.001</income-elasticity>
                <income-elasticity year="2050">0.001</income-elasticity>
                <income-elasticity year="2045">0.001</income-elasticity>
                <income-elasticity year="2040">0.002</income-elasticity>
                <income-elasticity year="2035">0.002</income-elasticity>
                <income-elasticity year="2030">0.002</income-elasticity>
                <income-elasticity year="2025">0.002</income-elasticity>
                <income-elasticity year="2020">0.003</income-elasticity>
                <income-elasticity year="2015">0.004</income-elasticity>
            </energy-final-demand>
        </region>
        <region name="Africa_Southern">
            <energy-final-demand name="cement">
                <income-elasticity year="2100">0.599</income-elasticity>
                <income-elasticity year="2095">0.691</income-elasticity>
                <income-elasticity year="2090">0.793</income-elasticity>
                <income-elasticity year="2085">0.905</income-elasticity>
                <income-elasticity year="2080">1.024</income-elasticity>
                <income-elasticity year="2075">1.108</income-elasticity>
                <income-elasticity year="2070">1.106</income-elasticity>
                <income-elasticity year="2065">1.105</income-elasticity>
                <income-elasticity year="2060">1.103</income-elasticity>
                <income-elasticity year="2055">1.102</income-elasticity>
                <income-elasticity year="2050">1.101</income-elasticity>
                <income-elasticity year="2045">1.101</income-elasticity>
                <income-elasticity year="2040">1.113</income-elasticity>
                <income-elasticity year="2035">1.122</income-elasticity>
                <income-elasticity year="2030">1.13</income-elasticity>
                <income-elasticity year="2025">1.141</income-elasticity>
                <income-elasticity year="2020">1.155</income-elasticity>
                <income-elasticity year="2015">1.175</income-elasticity>
            </energy-final-demand>
        </region>
        <region name="Africa_Western">
            <energy-final-demand name="cement">
                <income-elasticity year="2100">0.487</income-elasticity>
                <income-elasticity year="2095">0.529</income-elasticity>
                <income-elasticity year="2090">0.575</income-elasticity>
                <income-elasticity year="2085">0.65</income-elasticity>
                <income-elasticity year="2080">0.76</income-elasticity>
                <income-elasticity year="2075">0.882</income-elasticity>
                <income-elasticity year="2070">1.011</income-elasticity>
                <income-elasticity year="2065">1.108</income-elasticity>
                <income-elasticity year="2060">1.107</income-elasticity>
                <income-elasticity year="2055">1.105</income-elasticity>
                <income-elasticity year="2050">1.103</income-elasticity>
                <income-elasticity year="2045">1.102</income-elasticity>
                <income-elasticity year="2040">1.101</income-elasticity>
                <income-elasticity year="2035">1.101</income-elasticity>
                <income-elasticity year="2030">1.12</income-elasticity>
                <income-elasticity year="2025">1.141</income-elasticity>
                <income-elasticity year="2020">1.162</income-elasticity>
                <income-elasticity year="2015">1.182</income-elasticity>
            </energy-final-demand>
        </region>
        <region name="Australia_NZ">
            <energy-final-demand name="cement">
                <income-elasticity year="2100">0.13</income-elasticity>
                <income-elasticity year="2095">0.136</income-elasticity>
                <income-elasticity year="2090">0.142</income-elasticity>
                <income-elasticity year="2085">0.148</income-elasticity>
                <income-elasticity year="2080">0.154</income-elasticity>
                <income-elasticity year="2075">0.159</income-elasticity>
                <income-elasticity year="2070">0.165</income-elasticity>
                <income-elasticity year="2065">0.171</income-elasticity>
                <income-elasticity year="2060">0.178</income-elasticity>
                <income-elasticity year="2055">0.182</income-elasticity>
                <income-elasticity year="2050">0.186</income-elasticity>
                <income-elasticity year="2045">0.19</income-elasticity>
                <income-elasticity year="2040">0.195</income-elasticity>
                <income-elasticity year="2035">0.2</income-elasticity>
                <income-elasticity year="2030">0.207</income-elasticity>
                <income-elasticity year="2025">0.215</income-elasticity>
                <income-elasticity year="2020">0.227</income-elasticity>
                <income-elasticity year="2015">0.242</income-elasticity>
            </energy-final-demand>
        </region>
        <region name="Brazil">
            <energy-final-demand name="cement">
                <income-elasticity year="2100">0.284</income-elasticity>
                <income-elasticity year="2095">0.283</income-elasticity>
                <income-elasticity year="2090">0.282</income-elasticity>
                <income-elasticity year="2085">0.281</income-elasticity>
                <income-elasticity year="2080">0.281</income-elasticity>
                <income-elasticity year="2075">0.282</income-elasticity>
                <income-elasticity year="2070">0.284</income-elasticity>
                <income-elasticity year="2065">0.285</income-elasticity>
                <income-elasticity year="2060">0.287</income-elasticity>
                <income-elasticity year="2055">0.289</income-elasticity>
                <income-elasticity year="2050">0.29</income-elasticity>
                <income-elasticity year="2045">0.292</income-elasticity>
                <income-elasticity year="2040">0.295</income-elasticity>
                <income-elasticity year="2035">0.3</income-elasticity>
                <income-elasticity year="2030">0.307</income-elasticity>
                <income-elasticity year="2025">0.32</income-elasticity>
                <income-elasticity year="2020">0.348</income-elasticity>
                <income-elasticity year="2015">0.412</income-elasticity>
            </energy-final-demand>
        </region>
        <region name="Canada">
            <energy-final-demand name="cement">
                <income-elasticity year="2100">0.196</income-elasticity>
                <income-elasticity year="2095">0.204</income-elasticity>
                <income-elasticity year="2090">0.212</income-elasticity>
                <income-elasticity year="2085">0.22</income-elasticity>
                <income-elasticity year="2080">0.228</income-elasticity>
                <income-elasticity year="2075">0.236</income-elasticity>
                <income-elasticity year="2070">0.244</income-elasticity>
                <income-elasticity year="2065">0.253</income-elasticity>
                <income-elasticity year="2060">0.263</income-elasticity>
                <income-elasticity year="2055">0.273</income-elasticity>
                <income-elasticity year="2050">0.283</income-elasticity>
                <income-elasticity year="2045">0.296</income-elasticity>
                <income-elasticity year="2040">0.312</income-elasticity>
                <income-elasticity year="2035">0.329</income-elasticity>
                <income-elasticity year="2030">0.35</income-elasticity>
                <income-elasticity year="2025">0.372</income-elasticity>
                <income-elasticity year="2020">0.393</income-elasticity>
                <income-elasticity year="2015">0.423</income-elasticity>
            </energy-final-demand>
        </region>
        <region name="Central America and Caribbean">
            <energy-final-demand name="cement">
                <income-elasticity year="2100">0.266</income-elasticity>
                <income-elasticity year="2095">0.277</income-elasticity>
                <income-elasticity year="2090">0.288</income-elasticity>
                <income-elasticity year="2085">0.3</income-elasticity>
                <income-elasticity year="2080">0.312</income-elasticity>
                <income-elasticity year="2075">0.326</income-elasticity>
                <income-elasticity year="2070">0.342</income-elasticity>
                <income-elasticity year="2065">0.365</income-elasticity>
                <income-elasticity year="2060">0.389</income-elasticity>
                <income-elasticity year="2055">0.414</income-elasticity>
                <income-elasticity year="2050">0.438</income-elasticity>
                <income-elasticity year="2045">0.463</income-elasticity>
                <income-elasticity year="2040">0.49</income-elasticity>
                <income-elasticity year="2035">0.519</income-elasticity>
                <income-elasticity year="2030">0.548</income-elasticity>
                <income-elasticity year="2025">0.585</income-elasticity>
                <income-elasticity year="2020">0.671</income-elasticity>
                <income-elasticity year="2015">0.807</income-elasticity>
            </energy-final-demand>
        </region>
        <region name="Central Asia">
            <energy-final-demand name="cement">
                <income-elasticity year="2100">0.194</income-elasticity>
                <income-elasticity year="2095">0.201</income-elasticity>
                <income-elasticity year="2090">0.208</income-elasticity>
                <income-elasticity year="2085">0.215</income-elasticity>
                <income-elasticity year="2080">0.223</income-elasticity>
                <income-elasticity year="2075">0.231</income-elasticity>
                <income-elasticity year="2070">0.239</income-elasticity>
                <income-elasticity year="2065">0.248</income-elasticity>
                <income-elasticity year="2060">0.256</income-elasticity>
                <income-elasticity year="2055">0.262</income-elasticity>
                <income-elasticity year="2050">0.267</income-elasticity>
                <income-elasticity year="2045">0.274</income-elasticity>
                <income-elasticity year="2040">0.287</income-elasticity>
                <income-elasticity year="2035">0.307</income-elasticity>
                <income-elasticity year="2030">0.334</income-elasticity>
                <income-elasticity year="2025">0.397</income-elasticity>
                <income-elasticity year="2020">0.493</income-elasticity>
                <income-elasticity year="2015">0.626</income-elasticity>
            </energy-final-demand>
        </region>
        <region name="China">
            <energy-final-demand name="cement">
                <income-elasticity year="2100">-0.252</income-elasticity>
                <income-elasticity year="2095">-0.252</income-elasticity>
                <income-elasticity year="2090">-0.252</income-elasticity>
                <income-elasticity year="2085">-0.252</income-elasticity>
                <income-elasticity year="2080">-0.252</income-elasticity>
                <income-elasticity year="2075">-0.252</income-elasticity>
                <income-elasticity year="2070">-0.252</income-elasticity>
                <income-elasticity year="2065">-0.252</income-elasticity>
                <income-elasticity year="2060">-0.252</income-elasticity>
                <income-elasticity year="2055">-0.252</income-elasticity>
                <income-elasticity year="2050">-0.252</income-elasticity>
                <income-elasticity year="2045">-0.252</income-elasticity>
                <income-elasticity year="2040">-0.252</income-elasticity>
                <income-elasticity year="2035">-0.252</income-elasticity>
                <income-elasticity year="2030">-0.252</income-elasticity>
                <income-elasticity year="2025">-0.252</income-elasticity>
                <income-elasticity year="2020">-0.252</income-elasticity>
                <income-elasticity year="2015">-0.252</income-elasticity>
            </energy-final-demand>
        </region>
        <region name="EU-12">
            <energy-final-demand name="cement">
                <income-elasticity year="2100">0.074</income-elasticity>
                <income-elasticity year="2095">0.077</income-elasticity>
                <income-elasticity year="2090">0.08</income-elasticity>
                <income-elasticity year="2085">0.082</income-elasticity>
                <income-elasticity year="2080">0.085</income-elasticity>
                <income-elasticity year="2075">0.089</income-elasticity>
                <income-elasticity year="2070">0.094</income-elasticity>
                <income-elasticity year="2065">0.1</income-elasticity>
                <income-elasticity year="2060">0.107</income-elasticity>
                <income-elasticity year="2055">0.113</income-elasticity>
                <income-elasticity year="2050">0.119</income-elasticity>
                <income-elasticity year="2045">0.126</income-elasticity>
                <income-elasticity year="2040">0.134</income-elasticity>
                <income-elasticity year="2035">0.146</income-elasticity>
                <income-elasticity year="2030">0.161</income-elasticity>
                <income-elasticity year="2025">0.18</income-elasticity>
                <income-elasticity year="2020">0.199</income-elasticity>
                <income-elasticity year="2015">0.225</income-elasticity>
            </energy-final-demand>
        </region>
        <region name="EU-15">
            <energy-final-demand name="cement">
                <income-elasticity year="2100">0.021</income-elasticity>
                <income-elasticity year="2095">0.022</income-elasticity>
                <income-elasticity year="2090">0.023</income-elasticity>
                <income-elasticity year="2085">0.024</income-elasticity>
                <income-elasticity year="2080">0.025</income-elasticity>
                <income-elasticity year="2075">0.026</income-elasticity>
                <income-elasticity year="2070">0.028</income-elasticity>
                <income-elasticity year="2065">0.029</income-elasticity>
                <income-elasticity year="2060">0.031</income-elasticity>
                <income-elasticity year="2055">0.032</income-elasticity>
                <income-elasticity year="2050">0.034</income-elasticity>
                <income-elasticity year="2045">0.036</income-elasticity>
                <income-elasticity year="2040">0.038</income-elasticity>
                <income-elasticity year="2035">0.04</income-elasticity>
                <income-elasticity year="2030">0.042</income-elasticity>
                <income-elasticity year="2025">0.045</income-elasticity>
                <income-elasticity year="2020">0.048</income-elasticity>
                <income-elasticity year="2015">0.052</income-elasticity>
            </energy-final-demand>
        </region>
        <region name="Europe_Eastern">
            <energy-final-demand name="cement">
                <income-elasticity year="2100">0.139</income-elasticity>
                <income-elasticity year="2095">0.147</income-elasticity>
                <income-elasticity year="2090">0.156</income-elasticity>
                <income-elasticity year="2085">0.165</income-elasticity>
                <income-elasticity year="2080">0.175</income-elasticity>
                <income-elasticity year="2075">0.184</income-elasticity>
                <income-elasticity year="2070">0.194</income-elasticity>
                <income-elasticity year="2065">0.205</income-elasticity>
                <income-elasticity year="2060">0.218</income-elasticity>
                <income-elasticity year="2055">0.23</income-elasticity>
                <income-elasticity year="2050">0.24</income-elasticity>
                <income-elasticity year="2045">0.251</income-elasticity>
                <income-elasticity year="2040">0.265</income-elasticity>
                <income-elasticity year="2035">0.282</income-elasticity>
                <income-elasticity year="2030">0.304</income-elasticity>
                <income-elasticity year="2025">0.334</income-elasticity>
                <income-elasticity year="2020">0.402</income-elasticity>
                <income-elasticity year="2015">0.495</income-elasticity>
            </energy-final-demand>
        </region>
        <region name="Europe_Non_EU">
            <energy-final-demand name="cement">
                <income-elasticity year="2100">-0.039</income-elasticity>
                <income-elasticity year="2095">-0.039</income-elasticity>
                <income-elasticity year="2090">-0.039</income-elasticity>
                <income-elasticity year="2085">-0.039</income-elasticity>
                <income-elasticity year="2080">-0.039</income-elasticity>
                <income-elasticity year="2075">-0.039</income-elasticity>
                <income-elasticity year="2070">-0.04</income-elasticity>
                <income-elasticity year="2065">-0.04</income-elasticity>
                <income-elasticity year="2060">-0.04</income-elasticity>
                <income-elasticity year="2055">-0.04</income-elasticity>
                <income-elasticity year="2050">-0.04</income-elasticity>
                <income-elasticity year="2045">-0.04</income-elasticity>
                <income-elasticity year="2040">-0.04</income-elasticity>
                <income-elasticity year="2035">-0.041</income-elasticity>
                <income-elasticity year="2030">-0.041</income-elasticity>
                <income-elasticity year="2025">-0.042</income-elasticity>
                <income-elasticity year="2020">-0.05</income-elasticity>
                <income-elasticity year="2015">-0.065</income-elasticity>
            </energy-final-demand>
        </region>
        <region name="European Free Trade Association">
            <energy-final-demand name="cement">
                <income-elasticity year="2100">0.05</income-elasticity>
                <income-elasticity year="2095">0.052</income-elasticity>
                <income-elasticity year="2090">0.054</income-elasticity>
                <income-elasticity year="2085">0.057</income-elasticity>
                <income-elasticity year="2080">0.059</income-elasticity>
                <income-elasticity year="2075">0.062</income-elasticity>
                <income-elasticity year="2070">0.065</income-elasticity>
                <income-elasticity year="2065">0.069</income-elasticity>
                <income-elasticity year="2060">0.072</income-elasticity>
                <income-elasticity year="2055">0.076</income-elasticity>
                <income-elasticity year="2050">0.079</income-elasticity>
                <income-elasticity year="2045">0.082</income-elasticity>
                <income-elasticity year="2040">0.085</income-elasticity>
                <income-elasticity year="2035">0.088</income-elasticity>
                <income-elasticity year="2030">0.092</income-elasticity>
                <income-elasticity year="2025">0.096</income-elasticity>
                <income-elasticity year="2020">0.102</income-elasticity>
                <income-elasticity year="2015">0.11</income-elasticity>
            </energy-final-demand>
        </region>
        <region name="India">
            <energy-final-demand name="cement">
                <income-elasticity year="2100">0.234</income-elasticity>
                <income-elasticity year="2095">0.239</income-elasticity>
                <income-elasticity year="2090">0.245</income-elasticity>
                <income-elasticity year="2085">0.251</income-elasticity>
                <income-elasticity year="2080">0.257</income-elasticity>
                <income-elasticity year="2075">0.264</income-elasticity>
                <income-elasticity year="2070">0.271</income-elasticity>
                <income-elasticity year="2065">0.279</income-elasticity>
                <income-elasticity year="2060">0.288</income-elasticity>
                <income-elasticity year="2055">0.297</income-elasticity>
                <income-elasticity year="2050">0.307</income-elasticity>
                <income-elasticity year="2045">0.319</income-elasticity>
                <income-elasticity year="2040">0.333</income-elasticity>
                <income-elasticity year="2035">0.362</income-elasticity>
                <income-elasticity year="2030">0.405</income-elasticity>
                <income-elasticity year="2025">0.469</income-elasticity>
                <income-elasticity year="2020">0.57</income-elasticity>
                <income-elasticity year="2015">0.859</income-elasticity>
            </energy-final-demand>
        </region>
        <region name="Indonesia">
            <energy-final-demand name="cement">
                <income-elasticity year="2100">0.215</income-elasticity>
                <income-elasticity year="2095">0.22</income-elasticity>
                <income-elasticity year="2090">0.226</income-elasticity>
                <income-elasticity year="2085">0.232</income-elasticity>
                <income-elasticity year="2080">0.238</income-elasticity>
                <income-elasticity year="2075">0.245</income-elasticity>
                <income-elasticity year="2070">0.252</income-elasticity>
                <income-elasticity year="2065">0.26</income-elasticity>
                <income-elasticity year="2060">0.27</income-elasticity>
                <income-elasticity year="2055">0.28</income-elasticity>
                <income-elasticity year="2050">0.293</income-elasticity>
                <income-elasticity year="2045">0.307</income-elasticity>
                <income-elasticity year="2040">0.326</income-elasticity>
                <income-elasticity year="2035">0.359</income-elasticity>
                <income-elasticity year="2030">0.411</income-elasticity>
                <income-elasticity year="2025">0.49</income-elasticity>
                <income-elasticity year="2020">0.625</income-elasticity>
                <income-elasticity year="2015">0.984</income-elasticity>
            </energy-final-demand>
        </region>
        <region name="Japan">
            <energy-final-demand name="cement">
                <income-elasticity year="2100">0.039</income-elasticity>
                <income-elasticity year="2095">0.041</income-elasticity>
                <income-elasticity year="2090">0.043</income-elasticity>
                <income-elasticity year="2085">0.046</income-elasticity>
                <income-elasticity year="2080">0.048</income-elasticity>
                <income-elasticity year="2075">0.049</income-elasticity>
                <income-elasticity year="2070">0.051</income-elasticity>
                <income-elasticity year="2065">0.054</income-elasticity>
                <income-elasticity year="2060">0.056</income-elasticity>
                <income-elasticity year="2055">0.058</income-elasticity>
                <income-elasticity year="2050">0.06</income-elasticity>
                <income-elasticity year="2045">0.061</income-elasticity>
                <income-elasticity year="2040">0.064</income-elasticity>
                <income-elasticity year="2035">0.066</income-elasticity>
                <income-elasticity year="2030">0.069</income-elasticity>
                <income-elasticity year="2025">0.074</income-elasticity>
                <income-elasticity year="2020">0.079</income-elasticity>
                <income-elasticity year="2015">0.085</income-elasticity>
            </energy-final-demand>
        </region>
        <region name="Mexico">
            <energy-final-demand name="cement">
                <income-elasticity year="2100">0.233</income-elasticity>
                <income-elasticity year="2095">0.237</income-elasticity>
                <income-elasticity year="2090">0.241</income-elasticity>
                <income-elasticity year="2085">0.245</income-elasticity>
                <income-elasticity year="2080">0.25</income-elasticity>
                <income-elasticity year="2075">0.256</income-elasticity>
                <income-elasticity year="2070">0.262</income-elasticity>
                <income-elasticity year="2065">0.268</income-elasticity>
                <income-elasticity year="2060">0.275</income-elasticity>
                <income-elasticity year="2055">0.281</income-elasticity>
                <income-elasticity year="2050">0.288</income-elasticity>
                <income-elasticity year="2045">0.294</income-elasticity>
                <income-elasticity year="2040">0.301</income-elasticity>
                <income-elasticity year="2035">0.31</income-elasticity>
                <income-elasticity year="2030">0.322</income-elasticity>
                <income-elasticity year="2025">0.337</income-elasticity>
                <income-elasticity year="2020">0.372</income-elasticity>
                <income-elasticity year="2015">0.417</income-elasticity>
            </energy-final-demand>
        </region>
        <region name="Middle East">
            <energy-final-demand name="cement">
                <income-elasticity year="2100">-0.068</income-elasticity>
                <income-elasticity year="2095">-0.071</income-elasticity>
                <income-elasticity year="2090">-0.074</income-elasticity>
                <income-elasticity year="2085">-0.076</income-elasticity>
                <income-elasticity year="2080">-0.079</income-elasticity>
                <income-elasticity year="2075">-0.081</income-elasticity>
                <income-elasticity year="2070">-0.083</income-elasticity>
                <income-elasticity year="2065">-0.084</income-elasticity>
                <income-elasticity year="2060">-0.085</income-elasticity>
                <income-elasticity year="2055">-0.086</income-elasticity>
                <income-elasticity year="2050">-0.087</income-elasticity>
                <income-elasticity year="2045">-0.09</income-elasticity>
                <income-elasticity year="2040">-0.095</income-elasticity>
                <income-elasticity year="2035">-0.105</income-elasticity>
                <income-elasticity year="2030">-0.12</income-elasticity>
                <income-elasticity year="2025">-0.139</income-elasticity>
                <income-elasticity year="2020">-0.163</income-elasticity>
                <income-elasticity year="2015">-0.197</income-elasticity>
            </energy-final-demand>
        </region>
        <region name="Pakistan">
            <energy-final-demand name="cement">
                <income-elasticity year="2100">0.232</income-elasticity>
                <income-elasticity year="2095">0.245</income-elasticity>
                <income-elasticity year="2090">0.259</income-elasticity>
                <income-elasticity year="2085">0.273</income-elasticity>
                <income-elasticity year="2080">0.288</income-elasticity>
                <income-elasticity year="2075">0.304</income-elasticity>
                <income-elasticity year="2070">0.322</income-elasticity>
                <income-elasticity year="2065">0.343</income-elasticity>
                <income-elasticity year="2060">0.376</income-elasticity>
                <income-elasticity year="2055">0.41</income-elasticity>
                <income-elasticity year="2050">0.443</income-elasticity>
                <income-elasticity year="2045">0.478</income-elasticity>
                <income-elasticity year="2040">0.518</income-elasticity>
                <income-elasticity year="2035">0.562</income-elasticity>
                <income-elasticity year="2030">0.617</income-elasticity>
                <income-elasticity year="2025">0.722</income-elasticity>
                <income-elasticity year="2020">0.85</income-elasticity>
                <income-elasticity year="2015">0.978</income-elasticity>
            </energy-final-demand>
        </region>
        <region name="Russia">
            <energy-final-demand name="cement">
                <income-elasticity year="2100">0.135</income-elasticity>
                <income-elasticity year="2095">0.138</income-elasticity>
                <income-elasticity year="2090">0.142</income-elasticity>
                <income-elasticity year="2085">0.145</income-elasticity>
                <income-elasticity year="2080">0.149</income-elasticity>
                <income-elasticity year="2075">0.154</income-elasticity>
                <income-elasticity year="2070">0.16</income-elasticity>
                <income-elasticity year="2065">0.167</income-elasticity>
                <income-elasticity year="2060">0.174</income-elasticity>
                <income-elasticity year="2055">0.18</income-elasticity>
                <income-elasticity year="2050">0.182</income-elasticity>
                <income-elasticity year="2045">0.185</income-elasticity>
                <income-elasticity year="2040">0.192</income-elasticity>
                <income-elasticity year="2035">0.204</income-elasticity>
                <income-elasticity year="2030">0.222</income-elasticity>
                <income-elasticity year="2025">0.245</income-elasticity>
                <income-elasticity year="2020">0.275</income-elasticity>
                <income-elasticity year="2015">0.312</income-elasticity>
            </energy-final-demand>
        </region>
        <region name="South Africa">
            <energy-final-demand name="cement">
                <income-elasticity year="2100">0.268</income-elasticity>
                <income-elasticity year="2095">0.273</income-elasticity>
                <income-elasticity year="2090">0.279</income-elasticity>
                <income-elasticity year="2085">0.286</income-elasticity>
                <income-elasticity year="2080">0.293</income-elasticity>
                <income-elasticity year="2075">0.301</income-elasticity>
                <income-elasticity year="2070">0.309</income-elasticity>
                <income-elasticity year="2065">0.318</income-elasticity>
                <income-elasticity year="2060">0.328</income-elasticity>
                <income-elasticity year="2055">0.338</income-elasticity>
                <income-elasticity year="2050">0.355</income-elasticity>
                <income-elasticity year="2045">0.373</income-elasticity>
                <income-elasticity year="2040">0.394</income-elasticity>
                <income-elasticity year="2035">0.421</income-elasticity>
                <income-elasticity year="2030">0.455</income-elasticity>
                <income-elasticity year="2025">0.501</income-elasticity>
                <income-elasticity year="2020">0.568</income-elasticity>
                <income-elasticity year="2015">0.723</income-elasticity>
            </energy-final-demand>
        </region>
        <region name="South America_Northern">
            <energy-final-demand name="cement">
                <income-elasticity year="2100">0.163</income-elasticity>
                <income-elasticity year="2095">0.167</income-elasticity>
                <income-elasticity year="2090">0.172</income-elasticity>
                <income-elasticity year="2085">0.177</income-elasticity>
                <income-elasticity year="2080">0.182</income-elasticity>
                <income-elasticity year="2075">0.187</income-elasticity>
                <income-elasticity year="2070">0.193</income-elasticity>
                <income-elasticity year="2065">0.2</income-elasticity>
                <income-elasticity year="2060">0.21</income-elasticity>
                <income-elasticity year="2055">0.223</income-elasticity>
                <income-elasticity year="2050">0.239</income-elasticity>
                <income-elasticity year="2045">0.259</income-elasticity>
                <income-elasticity year="2040">0.283</income-elasticity>
                <income-elasticity year="2035">0.308</income-elasticity>
                <income-elasticity year="2030">0.332</income-elasticity>
                <income-elasticity year="2025">0.369</income-elasticity>
                <income-elasticity year="2020">0.405</income-elasticity>
                <income-elasticity year="2015">0.44</income-elasticity>
            </energy-final-demand>
        </region>
        <region name="South America_Southern">
            <energy-final-demand name="cement">
                <income-elasticity year="2100">0.217</income-elasticity>
                <income-elasticity year="2095">0.224</income-elasticity>
                <income-elasticity year="2090">0.233</income-elasticity>
                <income-elasticity year="2085">0.241</income-elasticity>
                <income-elasticity year="2080">0.25</income-elasticity>
                <income-elasticity year="2075">0.259</income-elasticity>
                <income-elasticity year="2070">0.269</income-elasticity>
                <income-elasticity year="2065">0.279</income-elasticity>
                <income-elasticity year="2060">0.289</income-elasticity>
                <income-elasticity year="2055">0.299</income-elasticity>
                <income-elasticity year="2050">0.309</income-elasticity>
                <income-elasticity year="2045">0.32</income-elasticity>
                <income-elasticity year="2040">0.331</income-elasticity>
                <income-elasticity year="2035">0.35</income-elasticity>
                <income-elasticity year="2030">0.375</income-elasticity>
                <income-elasticity year="2025">0.413</income-elasticity>
                <income-elasticity year="2020">0.471</income-elasticity>
                <income-elasticity year="2015">0.557</income-elasticity>
            </energy-final-demand>
        </region>
        <region name="South Asia">
            <energy-final-demand name="cement">
                <income-elasticity year="2100">0.673</income-elasticity>
                <income-elasticity year="2095">0.749</income-elasticity>
                <income-elasticity year="2090">0.829</income-elasticity>
                <income-elasticity year="2085">0.913</income-elasticity>
                <income-elasticity year="2080">0.999</income-elasticity>
                <income-elasticity year="2075">1.089</income-elasticity>
                <income-elasticity year="2070">1.108</income-elasticity>
                <income-elasticity year="2065">1.106</income-elasticity>
                <income-elasticity year="2060">1.105</income-elasticity>
                <income-elasticity year="2055">1.104</income-elasticity>
                <income-elasticity year="2050">1.103</income-elasticity>
                <income-elasticity year="2045">1.102</income-elasticity>
                <income-elasticity year="2040">1.101</income-elasticity>
                <income-elasticity year="2035">1.1</income-elasticity>
                <income-elasticity year="2030">1.112</income-elasticity>
                <income-elasticity year="2025">1.134</income-elasticity>
                <income-elasticity year="2020">1.159</income-elasticity>
                <income-elasticity year="2015">1.185</income-elasticity>
            </energy-final-demand>
        </region>
        <region name="South Korea">
            <energy-final-demand name="cement">
                <income-elasticity year="2100">-0.2</income-elasticity>
                <income-elasticity year="2095">-0.211</income-elasticity>
                <income-elasticity year="2090">-0.225</income-elasticity>
                <income-elasticity year="2085">-0.241</income-elasticity>
                <income-elasticity year="2080">-0.252</income-elasticity>
                <income-elasticity year="2075">-0.252</income-elasticity>
                <income-elasticity year="2070">-0.252</income-elasticity>
                <income-elasticity year="2065">-0.252</income-elasticity>
                <income-elasticity year="2060">-0.252</income-elasticity>
                <income-elasticity year="2055">-0.252</income-elasticity>
                <income-elasticity year="2050">-0.252</income-elasticity>
                <income-elasticity year="2045">-0.252</income-elasticity>
                <income-elasticity year="2040">-0.252</income-elasticity>
                <income-elasticity year="2035">-0.252</income-elasticity>
                <income-elasticity year="2030">-0.252</income-elasticity>
                <income-elasticity year="2025">-0.252</income-elasticity>
                <income-elasticity year="2020">-0.252</income-elasticity>
                <income-elasticity year="2015">-0.252</income-elasticity>
            </energy-final-demand>
        </region>
        <region name="Southeast Asia">
            <energy-final-demand name="cement">
                <income-elasticity year="2100">0.117</income-elasticity>
                <income-elasticity year="2095">0.125</income-elasticity>
                <income-elasticity year="2090">0.133</income-elasticity>
                <income-elasticity year="2085">0.141</income-elasticity>
                <income-elasticity year="2080">0.151</income-elasticity>
                <income-elasticity year="2075">0.161</income-elasticity>
                <income-elasticity year="2070">0.173</income-elasticity>
                <income-elasticity year="2065">0.184</income-elasticity>
                <income-elasticity year="2060">0.194</income-elasticity>
                <income-elasticity year="2055">0.203</income-elasticity>
                <income-elasticity year="2050">0.214</income-elasticity>
                <income-elasticity year="2045">0.224</income-elasticity>
                <income-elasticity year="2040">0.237</income-elasticity>
                <income-elasticity year="2035">0.251</income-elasticity>
                <income-elasticity year="2030">0.267</income-elasticity>
                <income-elasticity year="2025">0.289</income-elasticity>
                <income-elasticity year="2020">0.32</income-elasticity>
                <income-elasticity year="2015">0.387</income-elasticity>
            </energy-final-demand>
        </region>
        <region name="Taiwan">
            <energy-final-demand name="cement">
                <income-elasticity year="2100">-0.039</income-elasticity>
                <income-elasticity year="2095">-0.039</income-elasticity>
                <income-elasticity year="2090">-0.039</income-elasticity>
                <income-elasticity year="2085">-0.039</income-elasticity>
                <income-elasticity year="2080">-0.039</income-elasticity>
                <income-elasticity year="2075">-0.04</income-elasticity>
                <income-elasticity year="2070">-0.04</income-elasticity>
                <income-elasticity year="2065">-0.04</income-elasticity>
                <income-elasticity year="2060">-0.04</income-elasticity>
                <income-elasticity year="2055">-0.04</income-elasticity>
                <income-elasticity year="2050">-0.04</income-elasticity>
                <income-elasticity year="2045">-0.04</income-elasticity>
                <income-elasticity year="2040">-0.04</income-elasticity>
                <income-elasticity year="2035">-0.04</income-elasticity>
                <income-elasticity year="2030">-0.04</income-elasticity>
                <income-elasticity year="2025">-0.04</income-elasticity>
                <income-elasticity year="2020">-0.04</income-elasticity>
                <income-elasticity year="2015">-0.042</income-elasticity>
            </energy-final-demand>
        </region>
        <region name="Argentina">
            <energy-final-demand name="cement">
                <income-elasticity year="2100">0.296</income-elasticity>
                <income-elasticity year="2095">0.3</income-elasticity>
                <income-elasticity year="2090">0.305</income-elasticity>
                <income-elasticity year="2085">0.31</income-elasticity>
                <income-elasticity year="2080">0.315</income-elasticity>
                <income-elasticity year="2075">0.322</income-elasticity>
                <income-elasticity year="2070">0.329</income-elasticity>
                <income-elasticity year="2065">0.336</income-elasticity>
                <income-elasticity year="2060">0.348</income-elasticity>
                <income-elasticity year="2055">0.359</income-elasticity>
                <income-elasticity year="2050">0.369</income-elasticity>
                <income-elasticity year="2045">0.38</income-elasticity>
                <income-elasticity year="2040">0.391</income-elasticity>
                <income-elasticity year="2035">0.408</income-elasticity>
                <income-elasticity year="2030">0.432</income-elasticity>
                <income-elasticity year="2025">0.466</income-elasticity>
                <income-elasticity year="2020">0.517</income-elasticity>
                <income-elasticity year="2015">0.589</income-elasticity>
            </energy-final-demand>
        </region>
        <region name="Colombia">
            <energy-final-demand name="cement">
                <income-elasticity year="2100">0.252</income-elasticity>
                <income-elasticity year="2095">0.261</income-elasticity>
                <income-elasticity year="2090">0.271</income-elasticity>
                <income-elasticity year="2085">0.281</income-elasticity>
                <income-elasticity year="2080">0.291</income-elasticity>
                <income-elasticity year="2075">0.302</income-elasticity>
                <income-elasticity year="2070">0.313</income-elasticity>
                <income-elasticity year="2065">0.324</income-elasticity>
                <income-elasticity year="2060">0.335</income-elasticity>
                <income-elasticity year="2055">0.351</income-elasticity>
                <income-elasticity year="2050">0.368</income-elasticity>
                <income-elasticity year="2045">0.385</income-elasticity>
                <income-elasticity year="2040">0.403</income-elasticity>
                <income-elasticity year="2035">0.423</income-elasticity>
                <income-elasticity year="2030">0.445</income-elasticity>
                <income-elasticity year="2025">0.475</income-elasticity>
                <income-elasticity year="2020">0.511</income-elasticity>
                <income-elasticity year="2015">0.581</income-elasticity>
            </energy-final-demand>
        </region>
    </world>
</scenario>
