<?xml version="1.0" encoding="UTF-8"?>
<scenario>
    <world>
        <region name="USA">
            <energy-final-demand name="cement">
                <income-elasticity year="2100">0.33</income-elasticity>
                <income-elasticity year="2095">0.341</income-elasticity>
                <income-elasticity year="2090">0.357</income-elasticity>
                <income-elasticity year="2085">0.372</income-elasticity>
                <income-elasticity year="2080">0.386</income-elasticity>
                <income-elasticity year="2075">0.401</income-elasticity>
                <income-elasticity year="2070">0.414</income-elasticity>
                <income-elasticity year="2065">0.429</income-elasticity>
                <income-elasticity year="2060">0.445</income-elasticity>
                <income-elasticity year="2055">0.46</income-elasticity>
                <income-elasticity year="2050">0.476</income-elasticity>
                <income-elasticity year="2045">0.495</income-elasticity>
                <income-elasticity year="2040">0.518</income-elasticity>
                <income-elasticity year="2035">0.546</income-elasticity>
                <income-elasticity year="2030">0.581</income-elasticity>
                <income-elasticity year="2025">0.643</income-elasticity>
                <income-elasticity year="2020">0.739</income-elasticity>
                <income-elasticity year="2015">0.864</income-elasticity>
            </energy-final-demand>
        </region>
        <region name="Africa_Eastern">
            <energy-final-demand name="cement">
                <income-elasticity year="2100">0.071</income-elasticity>
                <income-elasticity year="2095">0.082</income-elasticity>
                <income-elasticity year="2090">0.097</income-elasticity>
                <income-elasticity year="2085">0.116</income-elasticity>
                <income-elasticity year="2080">0.141</income-elasticity>
                <income-elasticity year="2075">0.173</income-elasticity>
                <income-elasticity year="2070">0.205</income-elasticity>
                <income-elasticity year="2065">0.243</income-elasticity>
                <income-elasticity year="2060">0.29</income-elasticity>
                <income-elasticity year="2055">0.358</income-elasticity>
                <income-elasticity year="2050">0.488</income-elasticity>
                <income-elasticity year="2045">0.713</income-elasticity>
                <income-elasticity year="2040">1.109</income-elasticity>
                <income-elasticity year="2035">1.104</income-elasticity>
                <income-elasticity year="2030">1.103</income-elasticity>
                <income-elasticity year="2025">1.149</income-elasticity>
                <income-elasticity year="2020">1.178</income-elasticity>
                <income-elasticity year="2015">1.198</income-elasticity>
            </energy-final-demand>
        </region>
        <region name="Africa_Northern">
            <energy-final-demand name="cement">
                <income-elasticity year="2100">0</income-elasticity>
                <income-elasticity year="2095">0</income-elasticity>
                <income-elasticity year="2090">0</income-elasticity>
                <income-elasticity year="2085">0</income-elasticity>
                <income-elasticity year="2080">0</income-elasticity>
                <income-elasticity year="2075">0</income-elasticity>
                <income-elasticity year="2070">0</income-elasticity>
                <income-elasticity year="2065">0</income-elasticity>
                <income-elasticity year="2060">0</income-elasticity>
                <income-elasticity year="2055">0</income-elasticity>
                <income-elasticity year="2050">0.001</income-elasticity>
                <income-elasticity year="2045">0.001</income-elasticity>
                <income-elasticity year="2040">0.001</income-elasticity>
                <income-elasticity year="2035">0.001</income-elasticity>
                <income-elasticity year="2030">0.002</income-elasticity>
                <income-elasticity year="2025">0.002</income-elasticity>
                <income-elasticity year="2020">0.003</income-elasticity>
                <income-elasticity year="2015">0.004</income-elasticity>
            </energy-final-demand>
        </region>
        <region name="Africa_Southern">
            <energy-final-demand name="cement">
                <income-elasticity year="2100">0.094</income-elasticity>
                <income-elasticity year="2095">0.109</income-elasticity>
                <income-elasticity year="2090">0.127</income-elasticity>
                <income-elasticity year="2085">0.15</income-elasticity>
                <income-elasticity year="2080">0.18</income-elasticity>
                <income-elasticity year="2075">0.207</income-elasticity>
                <income-elasticity year="2070">0.24</income-elasticity>
                <income-elasticity year="2065">0.28</income-elasticity>
                <income-elasticity year="2060">0.328</income-elasticity>
                <income-elasticity year="2055">0.428</income-elasticity>
                <income-elasticity year="2050">0.556</income-elasticity>
                <income-elasticity year="2045">0.836</income-elasticity>
                <income-elasticity year="2040">1.108</income-elasticity>
                <income-elasticity year="2035">1.104</income-elasticity>
                <income-elasticity year="2030">1.101</income-elasticity>
                <income-elasticity year="2025">1.123</income-elasticity>
                <income-elasticity year="2020">1.151</income-elasticity>
                <income-elasticity year="2015">1.174</income-elasticity>
            </energy-final-demand>
        </region>
        <region name="Africa_Western">
            <energy-final-demand name="cement">
                <income-elasticity year="2100">0.08</income-elasticity>
                <income-elasticity year="2095">0.092</income-elasticity>
                <income-elasticity year="2090">0.107</income-elasticity>
                <income-elasticity year="2085">0.126</income-elasticity>
                <income-elasticity year="2080">0.15</income-elasticity>
                <income-elasticity year="2075">0.18</income-elasticity>
                <income-elasticity year="2070">0.209</income-elasticity>
                <income-elasticity year="2065">0.244</income-elasticity>
                <income-elasticity year="2060">0.287</income-elasticity>
                <income-elasticity year="2055">0.339</income-elasticity>
                <income-elasticity year="2050">0.452</income-elasticity>
                <income-elasticity year="2045">0.589</income-elasticity>
                <income-elasticity year="2040">0.942</income-elasticity>
                <income-elasticity year="2035">1.106</income-elasticity>
                <income-elasticity year="2030">1.102</income-elasticity>
                <income-elasticity year="2025">1.122</income-elasticity>
                <income-elasticity year="2020">1.159</income-elasticity>
                <income-elasticity year="2015">1.182</income-elasticity>
            </energy-final-demand>
        </region>
        <region name="Australia_NZ">
            <energy-final-demand name="cement">
                <income-elasticity year="2100">0.076</income-elasticity>
                <income-elasticity year="2095">0.082</income-elasticity>
                <income-elasticity year="2090">0.087</income-elasticity>
                <income-elasticity year="2085">0.093</income-elasticity>
                <income-elasticity year="2080">0.1</income-elasticity>
                <income-elasticity year="2075">0.107</income-elasticity>
                <income-elasticity year="2070">0.114</income-elasticity>
                <income-elasticity year="2065">0.123</income-elasticity>
                <income-elasticity year="2060">0.131</income-elasticity>
                <income-elasticity year="2055">0.141</income-elasticity>
                <income-elasticity year="2050">0.15</income-elasticity>
                <income-elasticity year="2045">0.161</income-elasticity>
                <income-elasticity year="2040">0.175</income-elasticity>
                <income-elasticity year="2035">0.188</income-elasticity>
                <income-elasticity year="2030">0.2</income-elasticity>
                <income-elasticity year="2025">0.213</income-elasticity>
                <income-elasticity year="2020">0.226</income-elasticity>
                <income-elasticity year="2015">0.242</income-elasticity>
            </energy-final-demand>
        </region>
        <region name="Brazil">
            <energy-final-demand name="cement">
                <income-elasticity year="2100">0.058</income-elasticity>
                <income-elasticity year="2095">0.064</income-elasticity>
                <income-elasticity year="2090">0.07</income-elasticity>
                <income-elasticity year="2085">0.077</income-elasticity>
                <income-elasticity year="2080">0.084</income-elasticity>
                <income-elasticity year="2075">0.093</income-elasticity>
                <income-elasticity year="2070">0.103</income-elasticity>
                <income-elasticity year="2065">0.115</income-elasticity>
                <income-elasticity year="2060">0.129</income-elasticity>
                <income-elasticity year="2055">0.146</income-elasticity>
                <income-elasticity year="2050">0.168</income-elasticity>
                <income-elasticity year="2045">0.19</income-elasticity>
                <income-elasticity year="2040">0.213</income-elasticity>
                <income-elasticity year="2035">0.241</income-elasticity>
                <income-elasticity year="2030">0.272</income-elasticity>
                <income-elasticity year="2025">0.305</income-elasticity>
                <income-elasticity year="2020">0.343</income-elasticity>
                <income-elasticity year="2015">0.412</income-elasticity>
            </energy-final-demand>
        </region>
        <region name="Canada">
            <energy-final-demand name="cement">
                <income-elasticity year="2100">0.2</income-elasticity>
                <income-elasticity year="2095">0.21</income-elasticity>
                <income-elasticity year="2090">0.22</income-elasticity>
                <income-elasticity year="2085">0.23</income-elasticity>
                <income-elasticity year="2080">0.241</income-elasticity>
                <income-elasticity year="2075">0.251</income-elasticity>
                <income-elasticity year="2070">0.262</income-elasticity>
                <income-elasticity year="2065">0.274</income-elasticity>
                <income-elasticity year="2060">0.285</income-elasticity>
                <income-elasticity year="2055">0.295</income-elasticity>
                <income-elasticity year="2050">0.305</income-elasticity>
                <income-elasticity year="2045">0.315</income-elasticity>
                <income-elasticity year="2040">0.327</income-elasticity>
                <income-elasticity year="2035">0.341</income-elasticity>
                <income-elasticity year="2030">0.361</income-elasticity>
                <income-elasticity year="2025">0.376</income-elasticity>
                <income-elasticity year="2020">0.393</income-elasticity>
                <income-elasticity year="2015">0.423</income-elasticity>
            </energy-final-demand>
        </region>
        <region name="Central America and Caribbean">
            <energy-final-demand name="cement">
                <income-elasticity year="2100">0.063</income-elasticity>
                <income-elasticity year="2095">0.071</income-elasticity>
                <income-elasticity year="2090">0.079</income-elasticity>
                <income-elasticity year="2085">0.089</income-elasticity>
                <income-elasticity year="2080">0.101</income-elasticity>
                <income-elasticity year="2075">0.115</income-elasticity>
                <income-elasticity year="2070">0.132</income-elasticity>
                <income-elasticity year="2065">0.152</income-elasticity>
                <income-elasticity year="2060">0.178</income-elasticity>
                <income-elasticity year="2055">0.201</income-elasticity>
                <income-elasticity year="2050">0.229</income-elasticity>
                <income-elasticity year="2045">0.261</income-elasticity>
                <income-elasticity year="2040">0.299</income-elasticity>
                <income-elasticity year="2035">0.347</income-elasticity>
                <income-elasticity year="2030">0.434</income-elasticity>
                <income-elasticity year="2025">0.526</income-elasticity>
                <income-elasticity year="2020">0.631</income-elasticity>
                <income-elasticity year="2015">0.797</income-elasticity>
            </energy-final-demand>
        </region>
        <region name="Central Asia">
            <energy-final-demand name="cement">
                <income-elasticity year="2100">0.075</income-elasticity>
                <income-elasticity year="2095">0.081</income-elasticity>
                <income-elasticity year="2090">0.087</income-elasticity>
                <income-elasticity year="2085">0.094</income-elasticity>
                <income-elasticity year="2080">0.101</income-elasticity>
                <income-elasticity year="2075">0.109</income-elasticity>
                <income-elasticity year="2070">0.119</income-elasticity>
                <income-elasticity year="2065">0.131</income-elasticity>
                <income-elasticity year="2060">0.146</income-elasticity>
                <income-elasticity year="2055">0.162</income-elasticity>
                <income-elasticity year="2050">0.18</income-elasticity>
                <income-elasticity year="2045">0.198</income-elasticity>
                <income-elasticity year="2040">0.222</income-elasticity>
                <income-elasticity year="2035">0.255</income-elasticity>
                <income-elasticity year="2030">0.297</income-elasticity>
                <income-elasticity year="2025">0.361</income-elasticity>
                <income-elasticity year="2020">0.482</income-elasticity>
                <income-elasticity year="2015">0.623</income-elasticity>
            </energy-final-demand>
        </region>
        <region name="China">
            <energy-final-demand name="cement">
                <income-elasticity year="2100">-0.174</income-elasticity>
                <income-elasticity year="2095">-0.187</income-elasticity>
                <income-elasticity year="2090">-0.2</income-elasticity>
                <income-elasticity year="2085">-0.214</income-elasticity>
                <income-elasticity year="2080">-0.229</income-elasticity>
                <income-elasticity year="2075">-0.247</income-elasticity>
                <income-elasticity year="2070">-0.252</income-elasticity>
                <income-elasticity year="2065">-0.252</income-elasticity>
                <income-elasticity year="2060">-0.252</income-elasticity>
                <income-elasticity year="2055">-0.252</income-elasticity>
                <income-elasticity year="2050">-0.252</income-elasticity>
                <income-elasticity year="2045">-0.252</income-elasticity>
                <income-elasticity year="2040">-0.252</income-elasticity>
                <income-elasticity year="2035">-0.252</income-elasticity>
                <income-elasticity year="2030">-0.252</income-elasticity>
                <income-elasticity year="2025">-0.252</income-elasticity>
                <income-elasticity year="2020">-0.252</income-elasticity>
                <income-elasticity year="2015">-0.252</income-elasticity>
            </energy-final-demand>
        </region>
        <region name="EU-12">
            <energy-final-demand name="cement">
                <income-elasticity year="2100">0.038</income-elasticity>
                <income-elasticity year="2095">0.041</income-elasticity>
                <income-elasticity year="2090">0.044</income-elasticity>
                <income-elasticity year="2085">0.048</income-elasticity>
                <income-elasticity year="2080">0.051</income-elasticity>
                <income-elasticity year="2075">0.056</income-elasticity>
                <income-elasticity year="2070">0.06</income-elasticity>
                <income-elasticity year="2065">0.066</income-elasticity>
                <income-elasticity year="2060">0.072</income-elasticity>
                <income-elasticity year="2055">0.079</income-elasticity>
                <income-elasticity year="2050">0.086</income-elasticity>
                <income-elasticity year="2045">0.094</income-elasticity>
                <income-elasticity year="2040">0.106</income-elasticity>
                <income-elasticity year="2035">0.122</income-elasticity>
                <income-elasticity year="2030">0.144</income-elasticity>
                <income-elasticity year="2025">0.172</income-elasticity>
                <income-elasticity year="2020">0.197</income-elasticity>
                <income-elasticity year="2015">0.224</income-elasticity>
            </energy-final-demand>
        </region>
        <region name="EU-15">
            <energy-final-demand name="cement">
                <income-elasticity year="2100">0.013</income-elasticity>
                <income-elasticity year="2095">0.014</income-elasticity>
                <income-elasticity year="2090">0.015</income-elasticity>
                <income-elasticity year="2085">0.016</income-elasticity>
                <income-elasticity year="2080">0.017</income-elasticity>
                <income-elasticity year="2075">0.019</income-elasticity>
                <income-elasticity year="2070">0.02</income-elasticity>
                <income-elasticity year="2065">0.022</income-elasticity>
                <income-elasticity year="2060">0.024</income-elasticity>
                <income-elasticity year="2055">0.026</income-elasticity>
                <income-elasticity year="2050">0.028</income-elasticity>
                <income-elasticity year="2045">0.03</income-elasticity>
                <income-elasticity year="2040">0.033</income-elasticity>
                <income-elasticity year="2035">0.036</income-elasticity>
                <income-elasticity year="2030">0.04</income-elasticity>
                <income-elasticity year="2025">0.044</income-elasticity>
                <income-elasticity year="2020">0.048</income-elasticity>
                <income-elasticity year="2015">0.052</income-elasticity>
            </energy-final-demand>
        </region>
        <region name="Europe_Eastern">
            <energy-final-demand name="cement">
                <income-elasticity year="2100">0.048</income-elasticity>
                <income-elasticity year="2095">0.052</income-elasticity>
                <income-elasticity year="2090">0.057</income-elasticity>
                <income-elasticity year="2085">0.061</income-elasticity>
                <income-elasticity year="2080">0.067</income-elasticity>
                <income-elasticity year="2075">0.073</income-elasticity>
                <income-elasticity year="2070">0.08</income-elasticity>
                <income-elasticity year="2065">0.09</income-elasticity>
                <income-elasticity year="2060">0.102</income-elasticity>
                <income-elasticity year="2055">0.117</income-elasticity>
                <income-elasticity year="2050">0.135</income-elasticity>
                <income-elasticity year="2045">0.157</income-elasticity>
                <income-elasticity year="2040">0.186</income-elasticity>
                <income-elasticity year="2035">0.219</income-elasticity>
                <income-elasticity year="2030">0.262</income-elasticity>
                <income-elasticity year="2025">0.313</income-elasticity>
                <income-elasticity year="2020">0.394</income-elasticity>
                <income-elasticity year="2015">0.495</income-elasticity>
            </energy-final-demand>
        </region>
        <region name="Europe_Non_EU">
            <energy-final-demand name="cement">
                <income-elasticity year="2100">-0.036</income-elasticity>
                <income-elasticity year="2095">-0.036</income-elasticity>
                <income-elasticity year="2090">-0.036</income-elasticity>
                <income-elasticity year="2085">-0.036</income-elasticity>
                <income-elasticity year="2080">-0.036</income-elasticity>
                <income-elasticity year="2075">-0.037</income-elasticity>
                <income-elasticity year="2070">-0.037</income-elasticity>
                <income-elasticity year="2065">-0.037</income-elasticity>
                <income-elasticity year="2060">-0.037</income-elasticity>
                <income-elasticity year="2055">-0.038</income-elasticity>
                <income-elasticity year="2050">-0.038</income-elasticity>
                <income-elasticity year="2045">-0.039</income-elasticity>
                <income-elasticity year="2040">-0.039</income-elasticity>
                <income-elasticity year="2035">-0.04</income-elasticity>
                <income-elasticity year="2030">-0.04</income-elasticity>
                <income-elasticity year="2025">-0.041</income-elasticity>
                <income-elasticity year="2020">-0.049</income-elasticity>
                <income-elasticity year="2015">-0.065</income-elasticity>
            </energy-final-demand>
        </region>
        <region name="European Free Trade Association">
            <energy-final-demand name="cement">
                <income-elasticity year="2100">0.034</income-elasticity>
                <income-elasticity year="2095">0.036</income-elasticity>
                <income-elasticity year="2090">0.039</income-elasticity>
                <income-elasticity year="2085">0.042</income-elasticity>
                <income-elasticity year="2080">0.045</income-elasticity>
                <income-elasticity year="2075">0.048</income-elasticity>
                <income-elasticity year="2070">0.051</income-elasticity>
                <income-elasticity year="2065">0.055</income-elasticity>
                <income-elasticity year="2060">0.059</income-elasticity>
                <income-elasticity year="2055">0.063</income-elasticity>
                <income-elasticity year="2050">0.067</income-elasticity>
                <income-elasticity year="2045">0.071</income-elasticity>
                <income-elasticity year="2040">0.076</income-elasticity>
                <income-elasticity year="2035">0.082</income-elasticity>
                <income-elasticity year="2030">0.088</income-elasticity>
                <income-elasticity year="2025">0.094</income-elasticity>
                <income-elasticity year="2020">0.101</income-elasticity>
                <income-elasticity year="2015">0.11</income-elasticity>
            </energy-final-demand>
        </region>
        <region name="India">
            <energy-final-demand name="cement">
                <income-elasticity year="2100">0.03</income-elasticity>
                <income-elasticity year="2095">0.033</income-elasticity>
                <income-elasticity year="2090">0.036</income-elasticity>
                <income-elasticity year="2085">0.041</income-elasticity>
                <income-elasticity year="2080">0.046</income-elasticity>
                <income-elasticity year="2075">0.052</income-elasticity>
                <income-elasticity year="2070">0.06</income-elasticity>
                <income-elasticity year="2065">0.07</income-elasticity>
                <income-elasticity year="2060">0.084</income-elasticity>
                <income-elasticity year="2055">0.102</income-elasticity>
                <income-elasticity year="2050">0.126</income-elasticity>
                <income-elasticity year="2045">0.16</income-elasticity>
                <income-elasticity year="2040">0.2</income-elasticity>
                <income-elasticity year="2035">0.246</income-elasticity>
                <income-elasticity year="2030">0.305</income-elasticity>
                <income-elasticity year="2025">0.408</income-elasticity>
                <income-elasticity year="2020">0.555</income-elasticity>
                <income-elasticity year="2015">0.859</income-elasticity>
            </energy-final-demand>
        </region>
        <region name="Indonesia">
            <energy-final-demand name="cement">
                <income-elasticity year="2100">0.033</income-elasticity>
                <income-elasticity year="2095">0.036</income-elasticity>
                <income-elasticity year="2090">0.04</income-elasticity>
                <income-elasticity year="2085">0.044</income-elasticity>
                <income-elasticity year="2080">0.049</income-elasticity>
                <income-elasticity year="2075">0.056</income-elasticity>
                <income-elasticity year="2070">0.063</income-elasticity>
                <income-elasticity year="2065">0.073</income-elasticity>
                <income-elasticity year="2060">0.087</income-elasticity>
                <income-elasticity year="2055">0.105</income-elasticity>
                <income-elasticity year="2050">0.129</income-elasticity>
                <income-elasticity year="2045">0.163</income-elasticity>
                <income-elasticity year="2040">0.202</income-elasticity>
                <income-elasticity year="2035">0.25</income-elasticity>
                <income-elasticity year="2030">0.313</income-elasticity>
                <income-elasticity year="2025">0.435</income-elasticity>
                <income-elasticity year="2020">0.601</income-elasticity>
                <income-elasticity year="2015">0.984</income-elasticity>
            </energy-final-demand>
        </region>
        <region name="Japan">
            <energy-final-demand name="cement">
                <income-elasticity year="2100">0.019</income-elasticity>
                <income-elasticity year="2095">0.021</income-elasticity>
                <income-elasticity year="2090">0.023</income-elasticity>
                <income-elasticity year="2085">0.024</income-elasticity>
                <income-elasticity year="2080">0.026</income-elasticity>
                <income-elasticity year="2075">0.028</income-elasticity>
                <income-elasticity year="2070">0.031</income-elasticity>
                <income-elasticity year="2065">0.034</income-elasticity>
                <income-elasticity year="2060">0.037</income-elasticity>
                <income-elasticity year="2055">0.04</income-elasticity>
                <income-elasticity year="2050">0.044</income-elasticity>
                <income-elasticity year="2045">0.048</income-elasticity>
                <income-elasticity year="2040">0.053</income-elasticity>
                <income-elasticity year="2035">0.058</income-elasticity>
                <income-elasticity year="2030">0.065</income-elasticity>
                <income-elasticity year="2025">0.072</income-elasticity>
                <income-elasticity year="2020">0.079</income-elasticity>
                <income-elasticity year="2015">0.085</income-elasticity>
            </energy-final-demand>
        </region>
        <region name="Mexico">
            <energy-final-demand name="cement">
                <income-elasticity year="2100">0.063</income-elasticity>
                <income-elasticity year="2095">0.069</income-elasticity>
                <income-elasticity year="2090">0.076</income-elasticity>
                <income-elasticity year="2085">0.084</income-elasticity>
                <income-elasticity year="2080">0.092</income-elasticity>
                <income-elasticity year="2075">0.102</income-elasticity>
                <income-elasticity year="2070">0.113</income-elasticity>
                <income-elasticity year="2065">0.127</income-elasticity>
                <income-elasticity year="2060">0.144</income-elasticity>
                <income-elasticity year="2055">0.165</income-elasticity>
                <income-elasticity year="2050">0.187</income-elasticity>
                <income-elasticity year="2045">0.209</income-elasticity>
                <income-elasticity year="2040">0.234</income-elasticity>
                <income-elasticity year="2035">0.262</income-elasticity>
                <income-elasticity year="2030">0.293</income-elasticity>
                <income-elasticity year="2025">0.325</income-elasticity>
                <income-elasticity year="2020">0.369</income-elasticity>
                <income-elasticity year="2015">0.417</income-elasticity>
            </energy-final-demand>
        </region>
        <region name="Middle East">
            <energy-final-demand name="cement">
                <income-elasticity year="2100">-0.038</income-elasticity>
                <income-elasticity year="2095">-0.038</income-elasticity>
                <income-elasticity year="2090">-0.039</income-elasticity>
                <income-elasticity year="2085">-0.039</income-elasticity>
                <income-elasticity year="2080">-0.039</income-elasticity>
                <income-elasticity year="2075">-0.04</income-elasticity>
                <income-elasticity year="2070">-0.04</income-elasticity>
                <income-elasticity year="2065">-0.04</income-elasticity>
                <income-elasticity year="2060">-0.04</income-elasticity>
                <income-elasticity year="2055">-0.041</income-elasticity>
                <income-elasticity year="2050">-0.045</income-elasticity>
                <income-elasticity year="2045">-0.052</income-elasticity>
                <income-elasticity year="2040">-0.062</income-elasticity>
                <income-elasticity year="2035">-0.076</income-elasticity>
                <income-elasticity year="2030">-0.096</income-elasticity>
                <income-elasticity year="2025">-0.123</income-elasticity>
                <income-elasticity year="2020">-0.154</income-elasticity>
                <income-elasticity year="2015">-0.193</income-elasticity>
            </energy-final-demand>
        </region>
        <region name="Pakistan">
            <energy-final-demand name="cement">
                <income-elasticity year="2100">0.032</income-elasticity>
                <income-elasticity year="2095">0.036</income-elasticity>
                <income-elasticity year="2090">0.042</income-elasticity>
                <income-elasticity year="2085">0.048</income-elasticity>
                <income-elasticity year="2080">0.057</income-elasticity>
                <income-elasticity year="2075">0.067</income-elasticity>
                <income-elasticity year="2070">0.081</income-elasticity>
                <income-elasticity year="2065">0.1</income-elasticity>
                <income-elasticity year="2060">0.125</income-elasticity>
                <income-elasticity year="2055">0.158</income-elasticity>
                <income-elasticity year="2050">0.196</income-elasticity>
                <income-elasticity year="2045">0.237</income-elasticity>
                <income-elasticity year="2040">0.288</income-elasticity>
                <income-elasticity year="2035">0.357</income-elasticity>
                <income-elasticity year="2030">0.48</income-elasticity>
                <income-elasticity year="2025">0.605</income-elasticity>
                <income-elasticity year="2020">0.829</income-elasticity>
                <income-elasticity year="2015">0.978</income-elasticity>
            </energy-final-demand>
        </region>
        <region name="Russia">
            <energy-final-demand name="cement">
                <income-elasticity year="2100">0.065</income-elasticity>
                <income-elasticity year="2095">0.069</income-elasticity>
                <income-elasticity year="2090">0.073</income-elasticity>
                <income-elasticity year="2085">0.077</income-elasticity>
                <income-elasticity year="2080">0.081</income-elasticity>
                <income-elasticity year="2075">0.085</income-elasticity>
                <income-elasticity year="2070">0.089</income-elasticity>
                <income-elasticity year="2065">0.095</income-elasticity>
                <income-elasticity year="2060">0.103</income-elasticity>
                <income-elasticity year="2055">0.111</income-elasticity>
                <income-elasticity year="2050">0.119</income-elasticity>
                <income-elasticity year="2045">0.129</income-elasticity>
                <income-elasticity year="2040">0.144</income-elasticity>
                <income-elasticity year="2035">0.169</income-elasticity>
                <income-elasticity year="2030">0.199</income-elasticity>
                <income-elasticity year="2025">0.234</income-elasticity>
                <income-elasticity year="2020">0.272</income-elasticity>
                <income-elasticity year="2015">0.312</income-elasticity>
            </energy-final-demand>
        </region>
        <region name="South Africa">
            <energy-final-demand name="cement">
                <income-elasticity year="2100">0.126</income-elasticity>
                <income-elasticity year="2095">0.133</income-elasticity>
                <income-elasticity year="2090">0.142</income-elasticity>
                <income-elasticity year="2085">0.151</income-elasticity>
                <income-elasticity year="2080">0.161</income-elasticity>
                <income-elasticity year="2075">0.173</income-elasticity>
                <income-elasticity year="2070">0.185</income-elasticity>
                <income-elasticity year="2065">0.197</income-elasticity>
                <income-elasticity year="2060">0.211</income-elasticity>
                <income-elasticity year="2055">0.227</income-elasticity>
                <income-elasticity year="2050">0.246</income-elasticity>
                <income-elasticity year="2045">0.269</income-elasticity>
                <income-elasticity year="2040">0.296</income-elasticity>
                <income-elasticity year="2035">0.329</income-elasticity>
                <income-elasticity year="2030">0.395</income-elasticity>
                <income-elasticity year="2025">0.476</income-elasticity>
                <income-elasticity year="2020">0.564</income-elasticity>
                <income-elasticity year="2015">0.723</income-elasticity>
            </energy-final-demand>
        </region>
        <region name="South America_Northern">
            <energy-final-demand name="cement">
                <income-elasticity year="2100">0.082</income-elasticity>
                <income-elasticity year="2095">0.09</income-elasticity>
                <income-elasticity year="2090">0.098</income-elasticity>
                <income-elasticity year="2085">0.108</income-elasticity>
                <income-elasticity year="2080">0.119</income-elasticity>
                <income-elasticity year="2075">0.132</income-elasticity>
                <income-elasticity year="2070">0.146</income-elasticity>
                <income-elasticity year="2065">0.163</income-elasticity>
                <income-elasticity year="2060">0.183</income-elasticity>
                <income-elasticity year="2055">0.2</income-elasticity>
                <income-elasticity year="2050">0.219</income-elasticity>
                <income-elasticity year="2045">0.24</income-elasticity>
                <income-elasticity year="2040">0.263</income-elasticity>
                <income-elasticity year="2035">0.287</income-elasticity>
                <income-elasticity year="2030">0.314</income-elasticity>
                <income-elasticity year="2025">0.348</income-elasticity>
                <income-elasticity year="2020">0.401</income-elasticity>
                <income-elasticity year="2015">0.44</income-elasticity>
            </energy-final-demand>
        </region>
        <region name="South America_Southern">
            <energy-final-demand name="cement">
                <income-elasticity year="2100">0.062</income-elasticity>
                <income-elasticity year="2095">0.068</income-elasticity>
                <income-elasticity year="2090">0.075</income-elasticity>
                <income-elasticity year="2085">0.082</income-elasticity>
                <income-elasticity year="2080">0.091</income-elasticity>
                <income-elasticity year="2075">0.1</income-elasticity>
                <income-elasticity year="2070">0.112</income-elasticity>
                <income-elasticity year="2065">0.126</income-elasticity>
                <income-elasticity year="2060">0.143</income-elasticity>
                <income-elasticity year="2055">0.163</income-elasticity>
                <income-elasticity year="2050">0.187</income-elasticity>
                <income-elasticity year="2045">0.21</income-elasticity>
                <income-elasticity year="2040">0.239</income-elasticity>
                <income-elasticity year="2035">0.273</income-elasticity>
                <income-elasticity year="2030">0.313</income-elasticity>
                <income-elasticity year="2025">0.375</income-elasticity>
                <income-elasticity year="2020">0.463</income-elasticity>
                <income-elasticity year="2015">0.556</income-elasticity>
            </energy-final-demand>
        </region>
        <region name="South Asia">
            <energy-final-demand name="cement">
                <income-elasticity year="2100">0.128</income-elasticity>
                <income-elasticity year="2095">0.144</income-elasticity>
                <income-elasticity year="2090">0.163</income-elasticity>
                <income-elasticity year="2085">0.185</income-elasticity>
                <income-elasticity year="2080">0.204</income-elasticity>
                <income-elasticity year="2075">0.227</income-elasticity>
                <income-elasticity year="2070">0.254</income-elasticity>
                <income-elasticity year="2065">0.286</income-elasticity>
                <income-elasticity year="2060">0.324</income-elasticity>
                <income-elasticity year="2055">0.395</income-elasticity>
                <income-elasticity year="2050">0.494</income-elasticity>
                <income-elasticity year="2045">0.632</income-elasticity>
                <income-elasticity year="2040">0.951</income-elasticity>
                <income-elasticity year="2035">1.106</income-elasticity>
                <income-elasticity year="2030">1.102</income-elasticity>
                <income-elasticity year="2025">1.116</income-elasticity>
                <income-elasticity year="2020">1.156</income-elasticity>
                <income-elasticity year="2015">1.185</income-elasticity>
            </energy-final-demand>
        </region>
        <region name="South Korea">
            <energy-final-demand name="cement">
                <income-elasticity year="2100">-0.13</income-elasticity>
                <income-elasticity year="2095">-0.142</income-elasticity>
                <income-elasticity year="2090">-0.154</income-elasticity>
                <income-elasticity year="2085">-0.168</income-elasticity>
                <income-elasticity year="2080">-0.184</income-elasticity>
                <income-elasticity year="2075">-0.203</income-elasticity>
                <income-elasticity year="2070">-0.224</income-elasticity>
                <income-elasticity year="2065">-0.248</income-elasticity>
                <income-elasticity year="2060">-0.252</income-elasticity>
                <income-elasticity year="2055">-0.252</income-elasticity>
                <income-elasticity year="2050">-0.252</income-elasticity>
                <income-elasticity year="2045">-0.252</income-elasticity>
                <income-elasticity year="2040">-0.252</income-elasticity>
                <income-elasticity year="2035">-0.252</income-elasticity>
                <income-elasticity year="2030">-0.252</income-elasticity>
                <income-elasticity year="2025">-0.252</income-elasticity>
                <income-elasticity year="2020">-0.252</income-elasticity>
                <income-elasticity year="2015">-0.252</income-elasticity>
            </energy-final-demand>
        </region>
        <region name="Southeast Asia">
            <energy-final-demand name="cement">
                <income-elasticity year="2100">0.027</income-elasticity>
                <income-elasticity year="2095">0.029</income-elasticity>
                <income-elasticity year="2090">0.033</income-elasticity>
                <income-elasticity year="2085">0.036</income-elasticity>
                <income-elasticity year="2080">0.041</income-elasticity>
                <income-elasticity year="2075">0.046</income-elasticity>
                <income-elasticity year="2070">0.053</income-elasticity>
                <income-elasticity year="2065">0.061</income-elasticity>
                <income-elasticity year="2060">0.071</income-elasticity>
                <income-elasticity year="2055">0.084</income-elasticity>
                <income-elasticity year="2050">0.101</income-elasticity>
                <income-elasticity year="2045">0.124</income-elasticity>
                <income-elasticity year="2040">0.154</income-elasticity>
                <income-elasticity year="2035">0.19</income-elasticity>
                <income-elasticity year="2030">0.227</income-elasticity>
                <income-elasticity year="2025">0.27</income-elasticity>
                <income-elasticity year="2020">0.315</income-elasticity>
                <income-elasticity year="2015">0.386</income-elasticity>
            </energy-final-demand>
        </region>
        <region name="Taiwan">
            <energy-final-demand name="cement">
                <income-elasticity year="2100">-0.039</income-elasticity>
                <income-elasticity year="2095">-0.039</income-elasticity>
                <income-elasticity year="2090">-0.039</income-elasticity>
                <income-elasticity year="2085">-0.039</income-elasticity>
                <income-elasticity year="2080">-0.039</income-elasticity>
                <income-elasticity year="2075">-0.039</income-elasticity>
                <income-elasticity year="2070">-0.039</income-elasticity>
                <income-elasticity year="2065">-0.039</income-elasticity>
                <income-elasticity year="2060">-0.039</income-elasticity>
                <income-elasticity year="2055">-0.039</income-elasticity>
                <income-elasticity year="2050">-0.039</income-elasticity>
                <income-elasticity year="2045">-0.039</income-elasticity>
                <income-elasticity year="2040">-0.039</income-elasticity>
                <income-elasticity year="2035">-0.039</income-elasticity>
                <income-elasticity year="2030">-0.039</income-elasticity>
                <income-elasticity year="2025">-0.04</income-elasticity>
                <income-elasticity year="2020">-0.04</income-elasticity>
                <income-elasticity year="2015">-0.042</income-elasticity>
            </energy-final-demand>
        </region>
        <region name="Argentina">
            <energy-final-demand name="cement">
                <income-elasticity year="2100">0.13</income-elasticity>
                <income-elasticity year="2095">0.138</income-elasticity>
                <income-elasticity year="2090">0.148</income-elasticity>
                <income-elasticity year="2085">0.158</income-elasticity>
                <income-elasticity year="2080">0.168</income-elasticity>
                <income-elasticity year="2075">0.18</income-elasticity>
                <income-elasticity year="2070">0.189</income-elasticity>
                <income-elasticity year="2065">0.2</income-elasticity>
                <income-elasticity year="2060">0.213</income-elasticity>
                <income-elasticity year="2055">0.228</income-elasticity>
                <income-elasticity year="2050">0.244</income-elasticity>
                <income-elasticity year="2045">0.264</income-elasticity>
                <income-elasticity year="2040">0.288</income-elasticity>
                <income-elasticity year="2035">0.317</income-elasticity>
                <income-elasticity year="2030">0.365</income-elasticity>
                <income-elasticity year="2025">0.435</income-elasticity>
                <income-elasticity year="2020">0.511</income-elasticity>
                <income-elasticity year="2015">0.589</income-elasticity>
            </energy-final-demand>
        </region>
        <region name="Colombia">
            <energy-final-demand name="cement">
                <income-elasticity year="2100">0.074</income-elasticity>
                <income-elasticity year="2095">0.081</income-elasticity>
                <income-elasticity year="2090">0.089</income-elasticity>
                <income-elasticity year="2085">0.098</income-elasticity>
                <income-elasticity year="2080">0.108</income-elasticity>
                <income-elasticity year="2075">0.12</income-elasticity>
                <income-elasticity year="2070">0.135</income-elasticity>
                <income-elasticity year="2065">0.152</income-elasticity>
                <income-elasticity year="2060">0.173</income-elasticity>
                <income-elasticity year="2055">0.194</income-elasticity>
                <income-elasticity year="2050">0.217</income-elasticity>
                <income-elasticity year="2045">0.244</income-elasticity>
                <income-elasticity year="2040">0.276</income-elasticity>
                <income-elasticity year="2035">0.313</income-elasticity>
                <income-elasticity year="2030">0.369</income-elasticity>
                <income-elasticity year="2025">0.444</income-elasticity>
                <income-elasticity year="2020">0.506</income-elasticity>
                <income-elasticity year="2015">0.581</income-elasticity>
            </energy-final-demand>
        </region>
    </world>
</scenario>
