<?xml version="1.0" encoding="UTF-8"?>
<scenario>
    <world>
        <region name="USA">
            <energy-final-demand name="FoodDemand_Crops">
                <income-elasticity year="2015">0.041</income-elasticity>
                <income-elasticity year="2020">0.0408</income-elasticity>
                <income-elasticity year="2025">0.0406</income-elasticity>
                <income-elasticity year="2030">0.0404</income-elasticity>
                <income-elasticity year="2035">0.0403</income-elasticity>
                <income-elasticity year="2040">0.0402</income-elasticity>
                <income-elasticity year="2045">0.0401</income-elasticity>
                <income-elasticity year="2050">0.04</income-elasticity>
                <income-elasticity year="2055">0.04</income-elasticity>
                <income-elasticity year="2060">0.0399</income-elasticity>
                <income-elasticity year="2065">0.0399</income-elasticity>
                <income-elasticity year="2070">0.0398</income-elasticity>
                <income-elasticity year="2075">0.0398</income-elasticity>
                <income-elasticity year="2080">0.0397</income-elasticity>
                <income-elasticity year="2085">0.0397</income-elasticity>
                <income-elasticity year="2090">0.0397</income-elasticity>
                <income-elasticity year="2095">0.0397</income-elasticity>
                <income-elasticity year="2100">0.0396</income-elasticity>
            </energy-final-demand>
            <energy-final-demand name="FoodDemand_Meat">
                <income-elasticity year="2015">7e-04</income-elasticity>
                <income-elasticity year="2020">6e-04</income-elasticity>
                <income-elasticity year="2025">5e-04</income-elasticity>
                <income-elasticity year="2030">4e-04</income-elasticity>
                <income-elasticity year="2035">4e-04</income-elasticity>
                <income-elasticity year="2040">3e-04</income-elasticity>
                <income-elasticity year="2045">3e-04</income-elasticity>
                <income-elasticity year="2050">3e-04</income-elasticity>
                <income-elasticity year="2055">3e-04</income-elasticity>
                <income-elasticity year="2060">2e-04</income-elasticity>
                <income-elasticity year="2065">2e-04</income-elasticity>
                <income-elasticity year="2070">2e-04</income-elasticity>
                <income-elasticity year="2075">2e-04</income-elasticity>
                <income-elasticity year="2080">2e-04</income-elasticity>
                <income-elasticity year="2085">2e-04</income-elasticity>
                <income-elasticity year="2090">2e-04</income-elasticity>
                <income-elasticity year="2095">2e-04</income-elasticity>
                <income-elasticity year="2100">2e-04</income-elasticity>
            </energy-final-demand>
        </region>
        <region name="Africa_Eastern">
            <energy-final-demand name="FoodDemand_Crops">
                <income-elasticity year="2015">0.0513</income-elasticity>
                <income-elasticity year="2020">0.051</income-elasticity>
                <income-elasticity year="2025">0.0505</income-elasticity>
                <income-elasticity year="2030">0.0502</income-elasticity>
                <income-elasticity year="2035">0.0499</income-elasticity>
                <income-elasticity year="2040">0.0497</income-elasticity>
                <income-elasticity year="2045">0.0494</income-elasticity>
                <income-elasticity year="2050">0.0491</income-elasticity>
                <income-elasticity year="2055">0.0488</income-elasticity>
                <income-elasticity year="2060">0.0486</income-elasticity>
                <income-elasticity year="2065">0.0483</income-elasticity>
                <income-elasticity year="2070">0.048</income-elasticity>
                <income-elasticity year="2075">0.0477</income-elasticity>
                <income-elasticity year="2080">0.0474</income-elasticity>
                <income-elasticity year="2085">0.0471</income-elasticity>
                <income-elasticity year="2090">0.0469</income-elasticity>
                <income-elasticity year="2095">0.0466</income-elasticity>
                <income-elasticity year="2100">0.0464</income-elasticity>
            </energy-final-demand>
            <energy-final-demand name="FoodDemand_Meat">
                <income-elasticity year="2015">0.849</income-elasticity>
                <income-elasticity year="2020">0.4968</income-elasticity>
                <income-elasticity year="2025">0.6691</income-elasticity>
                <income-elasticity year="2030">0.7965</income-elasticity>
                <income-elasticity year="2035">0.9405</income-elasticity>
                <income-elasticity year="2040">0.9085</income-elasticity>
                <income-elasticity year="2045">0.8879</income-elasticity>
                <income-elasticity year="2050">0.8888</income-elasticity>
                <income-elasticity year="2055">0.8729</income-elasticity>
                <income-elasticity year="2060">0.854</income-elasticity>
                <income-elasticity year="2065">0.8362</income-elasticity>
                <income-elasticity year="2070">0.8324</income-elasticity>
                <income-elasticity year="2075">0.8449</income-elasticity>
                <income-elasticity year="2080">0.8755</income-elasticity>
                <income-elasticity year="2085">0.9065</income-elasticity>
                <income-elasticity year="2090">0.9362</income-elasticity>
                <income-elasticity year="2095">0.9672</income-elasticity>
                <income-elasticity year="2100">0.9996</income-elasticity>
            </energy-final-demand>
        </region>
        <region name="Africa_Northern">
            <energy-final-demand name="FoodDemand_Crops">
                <income-elasticity year="2015">0.0473</income-elasticity>
                <income-elasticity year="2020">0.0469</income-elasticity>
                <income-elasticity year="2025">0.0465</income-elasticity>
                <income-elasticity year="2030">0.0461</income-elasticity>
                <income-elasticity year="2035">0.0458</income-elasticity>
                <income-elasticity year="2040">0.0456</income-elasticity>
                <income-elasticity year="2045">0.0454</income-elasticity>
                <income-elasticity year="2050">0.0453</income-elasticity>
                <income-elasticity year="2055">0.0451</income-elasticity>
                <income-elasticity year="2060">0.045</income-elasticity>
                <income-elasticity year="2065">0.0448</income-elasticity>
                <income-elasticity year="2070">0.0447</income-elasticity>
                <income-elasticity year="2075">0.0445</income-elasticity>
                <income-elasticity year="2080">0.0444</income-elasticity>
                <income-elasticity year="2085">0.0442</income-elasticity>
                <income-elasticity year="2090">0.0441</income-elasticity>
                <income-elasticity year="2095">0.044</income-elasticity>
                <income-elasticity year="2100">0.0439</income-elasticity>
            </energy-final-demand>
            <energy-final-demand name="FoodDemand_Meat">
                <income-elasticity year="2015">0.2538</income-elasticity>
                <income-elasticity year="2020">0.1871</income-elasticity>
                <income-elasticity year="2025">0.1278</income-elasticity>
                <income-elasticity year="2030">0.0922</income-elasticity>
                <income-elasticity year="2035">0.0711</income-elasticity>
                <income-elasticity year="2040">0.058</income-elasticity>
                <income-elasticity year="2045">0.049</income-elasticity>
                <income-elasticity year="2050">0.0425</income-elasticity>
                <income-elasticity year="2055">0.0372</income-elasticity>
                <income-elasticity year="2060">0.0324</income-elasticity>
                <income-elasticity year="2065">0.028</income-elasticity>
                <income-elasticity year="2070">0.0241</income-elasticity>
                <income-elasticity year="2075">0.0208</income-elasticity>
                <income-elasticity year="2080">0.0181</income-elasticity>
                <income-elasticity year="2085">0.0159</income-elasticity>
                <income-elasticity year="2090">0.014</income-elasticity>
                <income-elasticity year="2095">0.0124</income-elasticity>
                <income-elasticity year="2100">0.011</income-elasticity>
            </energy-final-demand>
        </region>
        <region name="Africa_Southern">
            <energy-final-demand name="FoodDemand_Crops">
                <income-elasticity year="2015">0.0497</income-elasticity>
                <income-elasticity year="2020">0.0493</income-elasticity>
                <income-elasticity year="2025">0.049</income-elasticity>
                <income-elasticity year="2030">0.0487</income-elasticity>
                <income-elasticity year="2035">0.0486</income-elasticity>
                <income-elasticity year="2040">0.0485</income-elasticity>
                <income-elasticity year="2045">0.0483</income-elasticity>
                <income-elasticity year="2050">0.0481</income-elasticity>
                <income-elasticity year="2055">0.0479</income-elasticity>
                <income-elasticity year="2060">0.0477</income-elasticity>
                <income-elasticity year="2065">0.0474</income-elasticity>
                <income-elasticity year="2070">0.0471</income-elasticity>
                <income-elasticity year="2075">0.0469</income-elasticity>
                <income-elasticity year="2080">0.0466</income-elasticity>
                <income-elasticity year="2085">0.0464</income-elasticity>
                <income-elasticity year="2090">0.0461</income-elasticity>
                <income-elasticity year="2095">0.0459</income-elasticity>
                <income-elasticity year="2100">0.0457</income-elasticity>
            </energy-final-demand>
            <energy-final-demand name="FoodDemand_Meat">
                <income-elasticity year="2015">0.6582</income-elasticity>
                <income-elasticity year="2020">0.594</income-elasticity>
                <income-elasticity year="2025">0.9208</income-elasticity>
                <income-elasticity year="2030">1</income-elasticity>
                <income-elasticity year="2035">1</income-elasticity>
                <income-elasticity year="2040">1</income-elasticity>
                <income-elasticity year="2045">0.5652</income-elasticity>
                <income-elasticity year="2050">0.4939</income-elasticity>
                <income-elasticity year="2055">0.419</income-elasticity>
                <income-elasticity year="2060">0.3466</income-elasticity>
                <income-elasticity year="2065">0.2813</income-elasticity>
                <income-elasticity year="2070">0.2255</income-elasticity>
                <income-elasticity year="2075">0.1799</income-elasticity>
                <income-elasticity year="2080">0.1435</income-elasticity>
                <income-elasticity year="2085">0.1149</income-elasticity>
                <income-elasticity year="2090">0.0925</income-elasticity>
                <income-elasticity year="2095">0.0749</income-elasticity>
                <income-elasticity year="2100">0.061</income-elasticity>
            </energy-final-demand>
        </region>
        <region name="Africa_Western">
            <energy-final-demand name="FoodDemand_Crops">
                <income-elasticity year="2015">0.0495</income-elasticity>
                <income-elasticity year="2020">0.049</income-elasticity>
                <income-elasticity year="2025">0.0486</income-elasticity>
                <income-elasticity year="2030">0.0482</income-elasticity>
                <income-elasticity year="2035">0.0479</income-elasticity>
                <income-elasticity year="2040">0.0477</income-elasticity>
                <income-elasticity year="2045">0.0474</income-elasticity>
                <income-elasticity year="2050">0.0472</income-elasticity>
                <income-elasticity year="2055">0.047</income-elasticity>
                <income-elasticity year="2060">0.0467</income-elasticity>
                <income-elasticity year="2065">0.0465</income-elasticity>
                <income-elasticity year="2070">0.0462</income-elasticity>
                <income-elasticity year="2075">0.0459</income-elasticity>
                <income-elasticity year="2080">0.0457</income-elasticity>
                <income-elasticity year="2085">0.0454</income-elasticity>
                <income-elasticity year="2090">0.0452</income-elasticity>
                <income-elasticity year="2095">0.0449</income-elasticity>
                <income-elasticity year="2100">0.0447</income-elasticity>
            </energy-final-demand>
            <energy-final-demand name="FoodDemand_Meat">
                <income-elasticity year="2015">0.5734</income-elasticity>
                <income-elasticity year="2020">0.5396</income-elasticity>
                <income-elasticity year="2025">0.5992</income-elasticity>
                <income-elasticity year="2030">0.7238</income-elasticity>
                <income-elasticity year="2035">0.8967</income-elasticity>
                <income-elasticity year="2040">0.971</income-elasticity>
                <income-elasticity year="2045">0.7365</income-elasticity>
                <income-elasticity year="2050">0.2371</income-elasticity>
                <income-elasticity year="2055">0.193</income-elasticity>
                <income-elasticity year="2060">0.155</income-elasticity>
                <income-elasticity year="2065">0.1232</income-elasticity>
                <income-elasticity year="2070">0.0972</income-elasticity>
                <income-elasticity year="2075">0.0764</income-elasticity>
                <income-elasticity year="2080">0.0601</income-elasticity>
                <income-elasticity year="2085">0.0475</income-elasticity>
                <income-elasticity year="2090">0.0378</income-elasticity>
                <income-elasticity year="2095">0.0303</income-elasticity>
                <income-elasticity year="2100">0.0246</income-elasticity>
            </energy-final-demand>
        </region>
        <region name="Australia_NZ">
            <energy-final-demand name="FoodDemand_Crops">
                <income-elasticity year="2015">0.041</income-elasticity>
                <income-elasticity year="2020">0.0408</income-elasticity>
                <income-elasticity year="2025">0.0406</income-elasticity>
                <income-elasticity year="2030">0.0405</income-elasticity>
                <income-elasticity year="2035">0.0404</income-elasticity>
                <income-elasticity year="2040">0.0403</income-elasticity>
                <income-elasticity year="2045">0.0402</income-elasticity>
                <income-elasticity year="2050">0.0401</income-elasticity>
                <income-elasticity year="2055">0.04</income-elasticity>
                <income-elasticity year="2060">0.04</income-elasticity>
                <income-elasticity year="2065">0.0399</income-elasticity>
                <income-elasticity year="2070">0.0398</income-elasticity>
                <income-elasticity year="2075">0.0397</income-elasticity>
                <income-elasticity year="2080">0.0397</income-elasticity>
                <income-elasticity year="2085">0.0396</income-elasticity>
                <income-elasticity year="2090">0.0395</income-elasticity>
                <income-elasticity year="2095">0.0394</income-elasticity>
                <income-elasticity year="2100">0.0393</income-elasticity>
            </energy-final-demand>
            <energy-final-demand name="FoodDemand_Meat">
                <income-elasticity year="2015">7e-04</income-elasticity>
                <income-elasticity year="2020">6e-04</income-elasticity>
                <income-elasticity year="2025">5e-04</income-elasticity>
                <income-elasticity year="2030">4e-04</income-elasticity>
                <income-elasticity year="2035">4e-04</income-elasticity>
                <income-elasticity year="2040">3e-04</income-elasticity>
                <income-elasticity year="2045">3e-04</income-elasticity>
                <income-elasticity year="2050">3e-04</income-elasticity>
                <income-elasticity year="2055">3e-04</income-elasticity>
                <income-elasticity year="2060">3e-04</income-elasticity>
                <income-elasticity year="2065">2e-04</income-elasticity>
                <income-elasticity year="2070">2e-04</income-elasticity>
                <income-elasticity year="2075">2e-04</income-elasticity>
                <income-elasticity year="2080">2e-04</income-elasticity>
                <income-elasticity year="2085">2e-04</income-elasticity>
                <income-elasticity year="2090">2e-04</income-elasticity>
                <income-elasticity year="2095">2e-04</income-elasticity>
                <income-elasticity year="2100">1e-04</income-elasticity>
            </energy-final-demand>
        </region>
        <region name="Brazil">
            <energy-final-demand name="FoodDemand_Crops">
                <income-elasticity year="2015">0.0445</income-elasticity>
                <income-elasticity year="2020">0.0442</income-elasticity>
                <income-elasticity year="2025">0.0439</income-elasticity>
                <income-elasticity year="2030">0.0437</income-elasticity>
                <income-elasticity year="2035">0.0436</income-elasticity>
                <income-elasticity year="2040">0.0435</income-elasticity>
                <income-elasticity year="2045">0.0434</income-elasticity>
                <income-elasticity year="2050">0.0434</income-elasticity>
                <income-elasticity year="2055">0.0434</income-elasticity>
                <income-elasticity year="2060">0.0434</income-elasticity>
                <income-elasticity year="2065">0.0433</income-elasticity>
                <income-elasticity year="2070">0.0433</income-elasticity>
                <income-elasticity year="2075">0.0433</income-elasticity>
                <income-elasticity year="2080">0.0433</income-elasticity>
                <income-elasticity year="2085">0.0433</income-elasticity>
                <income-elasticity year="2090">0.0433</income-elasticity>
                <income-elasticity year="2095">0.0433</income-elasticity>
                <income-elasticity year="2100">0.0433</income-elasticity>
            </energy-final-demand>
            <energy-final-demand name="FoodDemand_Meat">
                <income-elasticity year="2015">0.0205</income-elasticity>
                <income-elasticity year="2020">0.015</income-elasticity>
                <income-elasticity year="2025">0.0111</income-elasticity>
                <income-elasticity year="2030">0.0092</income-elasticity>
                <income-elasticity year="2035">0.0082</income-elasticity>
                <income-elasticity year="2040">0.0077</income-elasticity>
                <income-elasticity year="2045">0.0073</income-elasticity>
                <income-elasticity year="2050">0.0071</income-elasticity>
                <income-elasticity year="2055">0.007</income-elasticity>
                <income-elasticity year="2060">0.0068</income-elasticity>
                <income-elasticity year="2065">0.0067</income-elasticity>
                <income-elasticity year="2070">0.0066</income-elasticity>
                <income-elasticity year="2075">0.0064</income-elasticity>
                <income-elasticity year="2080">0.0063</income-elasticity>
                <income-elasticity year="2085">0.0063</income-elasticity>
                <income-elasticity year="2090">0.0063</income-elasticity>
                <income-elasticity year="2095">0.0064</income-elasticity>
                <income-elasticity year="2100">0.0064</income-elasticity>
            </energy-final-demand>
        </region>
        <region name="Canada">
            <energy-final-demand name="FoodDemand_Crops">
                <income-elasticity year="2015">0.0411</income-elasticity>
                <income-elasticity year="2020">0.0409</income-elasticity>
                <income-elasticity year="2025">0.0407</income-elasticity>
                <income-elasticity year="2030">0.0406</income-elasticity>
                <income-elasticity year="2035">0.0405</income-elasticity>
                <income-elasticity year="2040">0.0403</income-elasticity>
                <income-elasticity year="2045">0.0401</income-elasticity>
                <income-elasticity year="2050">0.0399</income-elasticity>
                <income-elasticity year="2055">0.0398</income-elasticity>
                <income-elasticity year="2060">0.0397</income-elasticity>
                <income-elasticity year="2065">0.0395</income-elasticity>
                <income-elasticity year="2070">0.0394</income-elasticity>
                <income-elasticity year="2075">0.0393</income-elasticity>
                <income-elasticity year="2080">0.0392</income-elasticity>
                <income-elasticity year="2085">0.0391</income-elasticity>
                <income-elasticity year="2090">0.039</income-elasticity>
                <income-elasticity year="2095">0.0389</income-elasticity>
                <income-elasticity year="2100">0.0387</income-elasticity>
            </energy-final-demand>
            <energy-final-demand name="FoodDemand_Meat">
                <income-elasticity year="2015">8e-04</income-elasticity>
                <income-elasticity year="2020">6e-04</income-elasticity>
                <income-elasticity year="2025">6e-04</income-elasticity>
                <income-elasticity year="2030">5e-04</income-elasticity>
                <income-elasticity year="2035">4e-04</income-elasticity>
                <income-elasticity year="2040">4e-04</income-elasticity>
                <income-elasticity year="2045">3e-04</income-elasticity>
                <income-elasticity year="2050">2e-04</income-elasticity>
                <income-elasticity year="2055">2e-04</income-elasticity>
                <income-elasticity year="2060">2e-04</income-elasticity>
                <income-elasticity year="2065">2e-04</income-elasticity>
                <income-elasticity year="2070">2e-04</income-elasticity>
                <income-elasticity year="2075">1e-04</income-elasticity>
                <income-elasticity year="2080">1e-04</income-elasticity>
                <income-elasticity year="2085">1e-04</income-elasticity>
                <income-elasticity year="2090">1e-04</income-elasticity>
                <income-elasticity year="2095">1e-04</income-elasticity>
                <income-elasticity year="2100">1e-04</income-elasticity>
            </energy-final-demand>
        </region>
        <region name="Central America and Caribbean">
            <energy-final-demand name="FoodDemand_Crops">
                <income-elasticity year="2015">0.0469</income-elasticity>
                <income-elasticity year="2020">0.0466</income-elasticity>
                <income-elasticity year="2025">0.0463</income-elasticity>
                <income-elasticity year="2030">0.0461</income-elasticity>
                <income-elasticity year="2035">0.0459</income-elasticity>
                <income-elasticity year="2040">0.0458</income-elasticity>
                <income-elasticity year="2045">0.0456</income-elasticity>
                <income-elasticity year="2050">0.0455</income-elasticity>
                <income-elasticity year="2055">0.0453</income-elasticity>
                <income-elasticity year="2060">0.0452</income-elasticity>
                <income-elasticity year="2065">0.0451</income-elasticity>
                <income-elasticity year="2070">0.0449</income-elasticity>
                <income-elasticity year="2075">0.0448</income-elasticity>
                <income-elasticity year="2080">0.0446</income-elasticity>
                <income-elasticity year="2085">0.0445</income-elasticity>
                <income-elasticity year="2090">0.0443</income-elasticity>
                <income-elasticity year="2095">0.0442</income-elasticity>
                <income-elasticity year="2100">0.044</income-elasticity>
            </energy-final-demand>
            <energy-final-demand name="FoodDemand_Meat">
                <income-elasticity year="2015">0.1808</income-elasticity>
                <income-elasticity year="2020">0.1387</income-elasticity>
                <income-elasticity year="2025">0.1089</income-elasticity>
                <income-elasticity year="2030">0.0896</income-elasticity>
                <income-elasticity year="2035">0.0767</income-elasticity>
                <income-elasticity year="2040">0.0668</income-elasticity>
                <income-elasticity year="2045">0.0583</income-elasticity>
                <income-elasticity year="2050">0.051</income-elasticity>
                <income-elasticity year="2055">0.0447</income-elasticity>
                <income-elasticity year="2060">0.0392</income-elasticity>
                <income-elasticity year="2065">0.0342</income-elasticity>
                <income-elasticity year="2070">0.0297</income-elasticity>
                <income-elasticity year="2075">0.0257</income-elasticity>
                <income-elasticity year="2080">0.0222</income-elasticity>
                <income-elasticity year="2085">0.0193</income-elasticity>
                <income-elasticity year="2090">0.0168</income-elasticity>
                <income-elasticity year="2095">0.0147</income-elasticity>
                <income-elasticity year="2100">0.0128</income-elasticity>
            </energy-final-demand>
        </region>
        <region name="Central Asia">
            <energy-final-demand name="FoodDemand_Crops">
                <income-elasticity year="2015">0.047</income-elasticity>
                <income-elasticity year="2020">0.0464</income-elasticity>
                <income-elasticity year="2025">0.0459</income-elasticity>
                <income-elasticity year="2030">0.0454</income-elasticity>
                <income-elasticity year="2035">0.0451</income-elasticity>
                <income-elasticity year="2040">0.0448</income-elasticity>
                <income-elasticity year="2045">0.0446</income-elasticity>
                <income-elasticity year="2050">0.0445</income-elasticity>
                <income-elasticity year="2055">0.0444</income-elasticity>
                <income-elasticity year="2060">0.0444</income-elasticity>
                <income-elasticity year="2065">0.0443</income-elasticity>
                <income-elasticity year="2070">0.0441</income-elasticity>
                <income-elasticity year="2075">0.044</income-elasticity>
                <income-elasticity year="2080">0.0439</income-elasticity>
                <income-elasticity year="2085">0.0438</income-elasticity>
                <income-elasticity year="2090">0.0437</income-elasticity>
                <income-elasticity year="2095">0.0436</income-elasticity>
                <income-elasticity year="2100">0.0435</income-elasticity>
            </energy-final-demand>
            <energy-final-demand name="FoodDemand_Meat">
                <income-elasticity year="2015">0.2007</income-elasticity>
                <income-elasticity year="2020">0.1213</income-elasticity>
                <income-elasticity year="2025">0.0747</income-elasticity>
                <income-elasticity year="2030">0.0495</income-elasticity>
                <income-elasticity year="2035">0.0359</income-elasticity>
                <income-elasticity year="2040">0.0278</income-elasticity>
                <income-elasticity year="2045">0.023</income-elasticity>
                <income-elasticity year="2050">0.0204</income-elasticity>
                <income-elasticity year="2055">0.0189</income-elasticity>
                <income-elasticity year="2060">0.0177</income-elasticity>
                <income-elasticity year="2065">0.0162</income-elasticity>
                <income-elasticity year="2070">0.0145</income-elasticity>
                <income-elasticity year="2075">0.013</income-elasticity>
                <income-elasticity year="2080">0.0116</income-elasticity>
                <income-elasticity year="2085">0.0105</income-elasticity>
                <income-elasticity year="2090">0.0094</income-elasticity>
                <income-elasticity year="2095">0.0085</income-elasticity>
                <income-elasticity year="2100">0.0077</income-elasticity>
            </energy-final-demand>
        </region>
        <region name="China">
            <energy-final-demand name="FoodDemand_Crops">
                <income-elasticity year="2015">0.0463</income-elasticity>
                <income-elasticity year="2020">0.0454</income-elasticity>
                <income-elasticity year="2025">0.0446</income-elasticity>
                <income-elasticity year="2030">0.0441</income-elasticity>
                <income-elasticity year="2035">0.0438</income-elasticity>
                <income-elasticity year="2040">0.0436</income-elasticity>
                <income-elasticity year="2045">0.0435</income-elasticity>
                <income-elasticity year="2050">0.0433</income-elasticity>
                <income-elasticity year="2055">0.0432</income-elasticity>
                <income-elasticity year="2060">0.0432</income-elasticity>
                <income-elasticity year="2065">0.0431</income-elasticity>
                <income-elasticity year="2070">0.043</income-elasticity>
                <income-elasticity year="2075">0.043</income-elasticity>
                <income-elasticity year="2080">0.0429</income-elasticity>
                <income-elasticity year="2085">0.0429</income-elasticity>
                <income-elasticity year="2090">0.0428</income-elasticity>
                <income-elasticity year="2095">0.0428</income-elasticity>
                <income-elasticity year="2100">0.0428</income-elasticity>
            </energy-final-demand>
            <energy-final-demand name="FoodDemand_Meat">
                <income-elasticity year="2015">0.1113</income-elasticity>
                <income-elasticity year="2020">0.0477</income-elasticity>
                <income-elasticity year="2025">0.0235</income-elasticity>
                <income-elasticity year="2030">0.0146</income-elasticity>
                <income-elasticity year="2035">0.0108</income-elasticity>
                <income-elasticity year="2040">0.0088</income-elasticity>
                <income-elasticity year="2045">0.0075</income-elasticity>
                <income-elasticity year="2050">0.0067</income-elasticity>
                <income-elasticity year="2055">0.0061</income-elasticity>
                <income-elasticity year="2060">0.0057</income-elasticity>
                <income-elasticity year="2065">0.0053</income-elasticity>
                <income-elasticity year="2070">0.005</income-elasticity>
                <income-elasticity year="2075">0.0047</income-elasticity>
                <income-elasticity year="2080">0.0045</income-elasticity>
                <income-elasticity year="2085">0.0043</income-elasticity>
                <income-elasticity year="2090">0.0042</income-elasticity>
                <income-elasticity year="2095">0.0041</income-elasticity>
                <income-elasticity year="2100">0.004</income-elasticity>
            </energy-final-demand>
        </region>
        <region name="EU-12">
            <energy-final-demand name="FoodDemand_Crops">
                <income-elasticity year="2015">0.0443</income-elasticity>
                <income-elasticity year="2020">0.0439</income-elasticity>
                <income-elasticity year="2025">0.0436</income-elasticity>
                <income-elasticity year="2030">0.0433</income-elasticity>
                <income-elasticity year="2035">0.0431</income-elasticity>
                <income-elasticity year="2040">0.0429</income-elasticity>
                <income-elasticity year="2045">0.0427</income-elasticity>
                <income-elasticity year="2050">0.0426</income-elasticity>
                <income-elasticity year="2055">0.0425</income-elasticity>
                <income-elasticity year="2060">0.0424</income-elasticity>
                <income-elasticity year="2065">0.0423</income-elasticity>
                <income-elasticity year="2070">0.0421</income-elasticity>
                <income-elasticity year="2075">0.042</income-elasticity>
                <income-elasticity year="2080">0.0419</income-elasticity>
                <income-elasticity year="2085">0.0418</income-elasticity>
                <income-elasticity year="2090">0.0418</income-elasticity>
                <income-elasticity year="2095">0.0417</income-elasticity>
                <income-elasticity year="2100">0.0416</income-elasticity>
            </energy-final-demand>
            <energy-final-demand name="FoodDemand_Meat">
                <income-elasticity year="2015">0.0164</income-elasticity>
                <income-elasticity year="2020">0.0119</income-elasticity>
                <income-elasticity year="2025">0.0087</income-elasticity>
                <income-elasticity year="2030">0.0067</income-elasticity>
                <income-elasticity year="2035">0.0053</income-elasticity>
                <income-elasticity year="2040">0.0044</income-elasticity>
                <income-elasticity year="2045">0.0038</income-elasticity>
                <income-elasticity year="2050">0.0034</income-elasticity>
                <income-elasticity year="2055">0.003</income-elasticity>
                <income-elasticity year="2060">0.0027</income-elasticity>
                <income-elasticity year="2065">0.0024</income-elasticity>
                <income-elasticity year="2070">0.0021</income-elasticity>
                <income-elasticity year="2075">0.0019</income-elasticity>
                <income-elasticity year="2080">0.0017</income-elasticity>
                <income-elasticity year="2085">0.0016</income-elasticity>
                <income-elasticity year="2090">0.0015</income-elasticity>
                <income-elasticity year="2095">0.0014</income-elasticity>
                <income-elasticity year="2100">0.0013</income-elasticity>
            </energy-final-demand>
        </region>
        <region name="EU-15">
            <energy-final-demand name="FoodDemand_Crops">
                <income-elasticity year="2015">0.0416</income-elasticity>
                <income-elasticity year="2020">0.0415</income-elasticity>
                <income-elasticity year="2025">0.0413</income-elasticity>
                <income-elasticity year="2030">0.0412</income-elasticity>
                <income-elasticity year="2035">0.0411</income-elasticity>
                <income-elasticity year="2040">0.041</income-elasticity>
                <income-elasticity year="2045">0.0409</income-elasticity>
                <income-elasticity year="2050">0.0408</income-elasticity>
                <income-elasticity year="2055">0.0407</income-elasticity>
                <income-elasticity year="2060">0.0406</income-elasticity>
                <income-elasticity year="2065">0.0405</income-elasticity>
                <income-elasticity year="2070">0.0404</income-elasticity>
                <income-elasticity year="2075">0.0403</income-elasticity>
                <income-elasticity year="2080">0.0402</income-elasticity>
                <income-elasticity year="2085">0.0401</income-elasticity>
                <income-elasticity year="2090">0.04</income-elasticity>
                <income-elasticity year="2095">0.0399</income-elasticity>
                <income-elasticity year="2100">0.0398</income-elasticity>
            </energy-final-demand>
            <energy-final-demand name="FoodDemand_Meat">
                <income-elasticity year="2015">0.0013</income-elasticity>
                <income-elasticity year="2020">0.0011</income-elasticity>
                <income-elasticity year="2025">0.001</income-elasticity>
                <income-elasticity year="2030">9e-04</income-elasticity>
                <income-elasticity year="2035">8e-04</income-elasticity>
                <income-elasticity year="2040">7e-04</income-elasticity>
                <income-elasticity year="2045">6e-04</income-elasticity>
                <income-elasticity year="2050">6e-04</income-elasticity>
                <income-elasticity year="2055">5e-04</income-elasticity>
                <income-elasticity year="2060">5e-04</income-elasticity>
                <income-elasticity year="2065">4e-04</income-elasticity>
                <income-elasticity year="2070">4e-04</income-elasticity>
                <income-elasticity year="2075">4e-04</income-elasticity>
                <income-elasticity year="2080">3e-04</income-elasticity>
                <income-elasticity year="2085">3e-04</income-elasticity>
                <income-elasticity year="2090">3e-04</income-elasticity>
                <income-elasticity year="2095">2e-04</income-elasticity>
                <income-elasticity year="2100">2e-04</income-elasticity>
            </energy-final-demand>
        </region>
        <region name="Europe_Eastern">
            <energy-final-demand name="FoodDemand_Crops">
                <income-elasticity year="2015">0.0473</income-elasticity>
                <income-elasticity year="2020">0.0468</income-elasticity>
                <income-elasticity year="2025">0.0463</income-elasticity>
                <income-elasticity year="2030">0.0459</income-elasticity>
                <income-elasticity year="2035">0.0456</income-elasticity>
                <income-elasticity year="2040">0.0454</income-elasticity>
                <income-elasticity year="2045">0.0452</income-elasticity>
                <income-elasticity year="2050">0.045</income-elasticity>
                <income-elasticity year="2055">0.0449</income-elasticity>
                <income-elasticity year="2060">0.0447</income-elasticity>
                <income-elasticity year="2065">0.0446</income-elasticity>
                <income-elasticity year="2070">0.0444</income-elasticity>
                <income-elasticity year="2075">0.0442</income-elasticity>
                <income-elasticity year="2080">0.0441</income-elasticity>
                <income-elasticity year="2085">0.0439</income-elasticity>
                <income-elasticity year="2090">0.0438</income-elasticity>
                <income-elasticity year="2095">0.0437</income-elasticity>
                <income-elasticity year="2100">0.0435</income-elasticity>
            </energy-final-demand>
            <energy-final-demand name="FoodDemand_Meat">
                <income-elasticity year="2015">0.2556</income-elasticity>
                <income-elasticity year="2020">0.1647</income-elasticity>
                <income-elasticity year="2025">0.1101</income-elasticity>
                <income-elasticity year="2030">0.0781</income-elasticity>
                <income-elasticity year="2035">0.0591</income-elasticity>
                <income-elasticity year="2040">0.0471</income-elasticity>
                <income-elasticity year="2045">0.0392</income-elasticity>
                <income-elasticity year="2050">0.0337</income-elasticity>
                <income-elasticity year="2055">0.0293</income-elasticity>
                <income-elasticity year="2060">0.0252</income-elasticity>
                <income-elasticity year="2065">0.0214</income-elasticity>
                <income-elasticity year="2070">0.018</income-elasticity>
                <income-elasticity year="2075">0.0154</income-elasticity>
                <income-elasticity year="2080">0.0134</income-elasticity>
                <income-elasticity year="2085">0.0118</income-elasticity>
                <income-elasticity year="2090">0.0104</income-elasticity>
                <income-elasticity year="2095">0.0092</income-elasticity>
                <income-elasticity year="2100">0.0082</income-elasticity>
            </energy-final-demand>
        </region>
        <region name="Europe_Non_EU">
            <energy-final-demand name="FoodDemand_Crops">
                <income-elasticity year="2015">0.045</income-elasticity>
                <income-elasticity year="2020">0.0446</income-elasticity>
                <income-elasticity year="2025">0.0443</income-elasticity>
                <income-elasticity year="2030">0.0441</income-elasticity>
                <income-elasticity year="2035">0.0439</income-elasticity>
                <income-elasticity year="2040">0.0438</income-elasticity>
                <income-elasticity year="2045">0.0436</income-elasticity>
                <income-elasticity year="2050">0.0436</income-elasticity>
                <income-elasticity year="2055">0.0435</income-elasticity>
                <income-elasticity year="2060">0.0434</income-elasticity>
                <income-elasticity year="2065">0.0433</income-elasticity>
                <income-elasticity year="2070">0.0432</income-elasticity>
                <income-elasticity year="2075">0.0431</income-elasticity>
                <income-elasticity year="2080">0.0431</income-elasticity>
                <income-elasticity year="2085">0.043</income-elasticity>
                <income-elasticity year="2090">0.043</income-elasticity>
                <income-elasticity year="2095">0.0429</income-elasticity>
                <income-elasticity year="2100">0.0429</income-elasticity>
            </energy-final-demand>
            <energy-final-demand name="FoodDemand_Meat">
                <income-elasticity year="2015">0.0316</income-elasticity>
                <income-elasticity year="2020">0.0222</income-elasticity>
                <income-elasticity year="2025">0.0164</income-elasticity>
                <income-elasticity year="2030">0.0133</income-elasticity>
                <income-elasticity year="2035">0.0114</income-elasticity>
                <income-elasticity year="2040">0.0101</income-elasticity>
                <income-elasticity year="2045">0.009</income-elasticity>
                <income-elasticity year="2050">0.0082</income-elasticity>
                <income-elasticity year="2055">0.0076</income-elasticity>
                <income-elasticity year="2060">0.007</income-elasticity>
                <income-elasticity year="2065">0.0065</income-elasticity>
                <income-elasticity year="2070">0.006</income-elasticity>
                <income-elasticity year="2075">0.0056</income-elasticity>
                <income-elasticity year="2080">0.0052</income-elasticity>
                <income-elasticity year="2085">0.0049</income-elasticity>
                <income-elasticity year="2090">0.0047</income-elasticity>
                <income-elasticity year="2095">0.0044</income-elasticity>
                <income-elasticity year="2100">0.0042</income-elasticity>
            </energy-final-demand>
        </region>
        <region name="European Free Trade Association">
            <energy-final-demand name="FoodDemand_Crops">
                <income-elasticity year="2015">0.0399</income-elasticity>
                <income-elasticity year="2020">0.0398</income-elasticity>
                <income-elasticity year="2025">0.0396</income-elasticity>
                <income-elasticity year="2030">0.0395</income-elasticity>
                <income-elasticity year="2035">0.0395</income-elasticity>
                <income-elasticity year="2040">0.0394</income-elasticity>
                <income-elasticity year="2045">0.0393</income-elasticity>
                <income-elasticity year="2050">0.0392</income-elasticity>
                <income-elasticity year="2055">0.0391</income-elasticity>
                <income-elasticity year="2060">0.0391</income-elasticity>
                <income-elasticity year="2065">0.039</income-elasticity>
                <income-elasticity year="2070">0.0389</income-elasticity>
                <income-elasticity year="2075">0.0388</income-elasticity>
                <income-elasticity year="2080">0.0387</income-elasticity>
                <income-elasticity year="2085">0.0386</income-elasticity>
                <income-elasticity year="2090">0.0385</income-elasticity>
                <income-elasticity year="2095">0.0384</income-elasticity>
                <income-elasticity year="2100">0.0383</income-elasticity>
            </energy-final-demand>
            <energy-final-demand name="FoodDemand_Meat">
                <income-elasticity year="2015">3e-04</income-elasticity>
                <income-elasticity year="2020">2e-04</income-elasticity>
                <income-elasticity year="2025">2e-04</income-elasticity>
                <income-elasticity year="2030">2e-04</income-elasticity>
                <income-elasticity year="2035">2e-04</income-elasticity>
                <income-elasticity year="2040">1e-04</income-elasticity>
                <income-elasticity year="2045">1e-04</income-elasticity>
                <income-elasticity year="2050">1e-04</income-elasticity>
                <income-elasticity year="2055">1e-04</income-elasticity>
                <income-elasticity year="2060">1e-04</income-elasticity>
                <income-elasticity year="2065">1e-04</income-elasticity>
                <income-elasticity year="2070">1e-04</income-elasticity>
                <income-elasticity year="2075">1e-04</income-elasticity>
                <income-elasticity year="2080">1e-04</income-elasticity>
                <income-elasticity year="2085">1e-04</income-elasticity>
                <income-elasticity year="2090">1e-04</income-elasticity>
                <income-elasticity year="2095">1e-04</income-elasticity>
                <income-elasticity year="2100">1e-04</income-elasticity>
            </energy-final-demand>
        </region>
        <region name="India">
            <energy-final-demand name="FoodDemand_Crops">
                <income-elasticity year="2015">0.0494</income-elasticity>
                <income-elasticity year="2020">0.0488</income-elasticity>
                <income-elasticity year="2025">0.0482</income-elasticity>
                <income-elasticity year="2030">0.0478</income-elasticity>
                <income-elasticity year="2035">0.0475</income-elasticity>
                <income-elasticity year="2040">0.0473</income-elasticity>
                <income-elasticity year="2045">0.0471</income-elasticity>
                <income-elasticity year="2050">0.0469</income-elasticity>
                <income-elasticity year="2055">0.0468</income-elasticity>
                <income-elasticity year="2060">0.0467</income-elasticity>
                <income-elasticity year="2065">0.0466</income-elasticity>
                <income-elasticity year="2070">0.0465</income-elasticity>
                <income-elasticity year="2075">0.0464</income-elasticity>
                <income-elasticity year="2080">0.0463</income-elasticity>
                <income-elasticity year="2085">0.0462</income-elasticity>
                <income-elasticity year="2090">0.0461</income-elasticity>
                <income-elasticity year="2095">0.046</income-elasticity>
                <income-elasticity year="2100">0.0459</income-elasticity>
            </energy-final-demand>
            <energy-final-demand name="FoodDemand_Meat">
                <income-elasticity year="2015">0.3938</income-elasticity>
                <income-elasticity year="2020">0.3807</income-elasticity>
                <income-elasticity year="2025">0.4892</income-elasticity>
                <income-elasticity year="2030">0.6848</income-elasticity>
                <income-elasticity year="2035">0.9572</income-elasticity>
                <income-elasticity year="2040">1</income-elasticity>
                <income-elasticity year="2045">1</income-elasticity>
                <income-elasticity year="2050">0.5568</income-elasticity>
                <income-elasticity year="2055">0.1683</income-elasticity>
                <income-elasticity year="2060">0.1518</income-elasticity>
                <income-elasticity year="2065">0.1374</income-elasticity>
                <income-elasticity year="2070">0.1248</income-elasticity>
                <income-elasticity year="2075">0.1139</income-elasticity>
                <income-elasticity year="2080">0.1046</income-elasticity>
                <income-elasticity year="2085">0.0967</income-elasticity>
                <income-elasticity year="2090">0.0898</income-elasticity>
                <income-elasticity year="2095">0.0837</income-elasticity>
                <income-elasticity year="2100">0.0781</income-elasticity>
            </energy-final-demand>
        </region>
        <region name="Indonesia">
            <energy-final-demand name="FoodDemand_Crops">
                <income-elasticity year="2015">0.0475</income-elasticity>
                <income-elasticity year="2020">0.0469</income-elasticity>
                <income-elasticity year="2025">0.0463</income-elasticity>
                <income-elasticity year="2030">0.0458</income-elasticity>
                <income-elasticity year="2035">0.0454</income-elasticity>
                <income-elasticity year="2040">0.0451</income-elasticity>
                <income-elasticity year="2045">0.0449</income-elasticity>
                <income-elasticity year="2050">0.0447</income-elasticity>
                <income-elasticity year="2055">0.0445</income-elasticity>
                <income-elasticity year="2060">0.0444</income-elasticity>
                <income-elasticity year="2065">0.0443</income-elasticity>
                <income-elasticity year="2070">0.0441</income-elasticity>
                <income-elasticity year="2075">0.044</income-elasticity>
                <income-elasticity year="2080">0.0439</income-elasticity>
                <income-elasticity year="2085">0.0438</income-elasticity>
                <income-elasticity year="2090">0.0438</income-elasticity>
                <income-elasticity year="2095">0.0437</income-elasticity>
                <income-elasticity year="2100">0.0436</income-elasticity>
            </energy-final-demand>
            <energy-final-demand name="FoodDemand_Meat">
                <income-elasticity year="2015">0.318</income-elasticity>
                <income-elasticity year="2020">0.1826</income-elasticity>
                <income-elasticity year="2025">0.1045</income-elasticity>
                <income-elasticity year="2030">0.0662</income-elasticity>
                <income-elasticity year="2035">0.0473</income-elasticity>
                <income-elasticity year="2040">0.0363</income-elasticity>
                <income-elasticity year="2045">0.029</income-elasticity>
                <income-elasticity year="2050">0.0242</income-elasticity>
                <income-elasticity year="2055">0.0207</income-elasticity>
                <income-elasticity year="2060">0.0181</income-elasticity>
                <income-elasticity year="2065">0.016</income-elasticity>
                <income-elasticity year="2070">0.0144</income-elasticity>
                <income-elasticity year="2075">0.013</income-elasticity>
                <income-elasticity year="2080">0.0119</income-elasticity>
                <income-elasticity year="2085">0.0109</income-elasticity>
                <income-elasticity year="2090">0.01</income-elasticity>
                <income-elasticity year="2095">0.0093</income-elasticity>
                <income-elasticity year="2100">0.0086</income-elasticity>
            </energy-final-demand>
        </region>
        <region name="Japan">
            <energy-final-demand name="FoodDemand_Crops">
                <income-elasticity year="2015">0.0413</income-elasticity>
                <income-elasticity year="2020">0.0411</income-elasticity>
                <income-elasticity year="2025">0.041</income-elasticity>
                <income-elasticity year="2030">0.0409</income-elasticity>
                <income-elasticity year="2035">0.0407</income-elasticity>
                <income-elasticity year="2040">0.0407</income-elasticity>
                <income-elasticity year="2045">0.0406</income-elasticity>
                <income-elasticity year="2050">0.0405</income-elasticity>
                <income-elasticity year="2055">0.0405</income-elasticity>
                <income-elasticity year="2060">0.0404</income-elasticity>
                <income-elasticity year="2065">0.0403</income-elasticity>
                <income-elasticity year="2070">0.0402</income-elasticity>
                <income-elasticity year="2075">0.0402</income-elasticity>
                <income-elasticity year="2080">0.0401</income-elasticity>
                <income-elasticity year="2085">0.04</income-elasticity>
                <income-elasticity year="2090">0.0399</income-elasticity>
                <income-elasticity year="2095">0.0398</income-elasticity>
                <income-elasticity year="2100">0.0397</income-elasticity>
            </energy-final-demand>
            <energy-final-demand name="FoodDemand_Meat">
                <income-elasticity year="2015">9e-04</income-elasticity>
                <income-elasticity year="2020">8e-04</income-elasticity>
                <income-elasticity year="2025">7e-04</income-elasticity>
                <income-elasticity year="2030">6e-04</income-elasticity>
                <income-elasticity year="2035">6e-04</income-elasticity>
                <income-elasticity year="2040">5e-04</income-elasticity>
                <income-elasticity year="2045">5e-04</income-elasticity>
                <income-elasticity year="2050">4e-04</income-elasticity>
                <income-elasticity year="2055">4e-04</income-elasticity>
                <income-elasticity year="2060">4e-04</income-elasticity>
                <income-elasticity year="2065">4e-04</income-elasticity>
                <income-elasticity year="2070">3e-04</income-elasticity>
                <income-elasticity year="2075">3e-04</income-elasticity>
                <income-elasticity year="2080">3e-04</income-elasticity>
                <income-elasticity year="2085">3e-04</income-elasticity>
                <income-elasticity year="2090">2e-04</income-elasticity>
                <income-elasticity year="2095">2e-04</income-elasticity>
                <income-elasticity year="2100">2e-04</income-elasticity>
            </energy-final-demand>
        </region>
        <region name="Mexico">
            <energy-final-demand name="FoodDemand_Crops">
                <income-elasticity year="2015">0.0449</income-elasticity>
                <income-elasticity year="2020">0.0447</income-elasticity>
                <income-elasticity year="2025">0.0444</income-elasticity>
                <income-elasticity year="2030">0.0442</income-elasticity>
                <income-elasticity year="2035">0.0441</income-elasticity>
                <income-elasticity year="2040">0.044</income-elasticity>
                <income-elasticity year="2045">0.0439</income-elasticity>
                <income-elasticity year="2050">0.0438</income-elasticity>
                <income-elasticity year="2055">0.0437</income-elasticity>
                <income-elasticity year="2060">0.0436</income-elasticity>
                <income-elasticity year="2065">0.0435</income-elasticity>
                <income-elasticity year="2070">0.0434</income-elasticity>
                <income-elasticity year="2075">0.0434</income-elasticity>
                <income-elasticity year="2080">0.0433</income-elasticity>
                <income-elasticity year="2085">0.0432</income-elasticity>
                <income-elasticity year="2090">0.0432</income-elasticity>
                <income-elasticity year="2095">0.0431</income-elasticity>
                <income-elasticity year="2100">0.043</income-elasticity>
            </energy-final-demand>
            <energy-final-demand name="FoodDemand_Meat">
                <income-elasticity year="2015">0.0305</income-elasticity>
                <income-elasticity year="2020">0.0236</income-elasticity>
                <income-elasticity year="2025">0.0188</income-elasticity>
                <income-elasticity year="2030">0.0157</income-elasticity>
                <income-elasticity year="2035">0.0136</income-elasticity>
                <income-elasticity year="2040">0.0121</income-elasticity>
                <income-elasticity year="2045">0.011</income-elasticity>
                <income-elasticity year="2050">0.0102</income-elasticity>
                <income-elasticity year="2055">0.0094</income-elasticity>
                <income-elasticity year="2060">0.0087</income-elasticity>
                <income-elasticity year="2065">0.0081</income-elasticity>
                <income-elasticity year="2070">0.0075</income-elasticity>
                <income-elasticity year="2075">0.0069</income-elasticity>
                <income-elasticity year="2080">0.0064</income-elasticity>
                <income-elasticity year="2085">0.006</income-elasticity>
                <income-elasticity year="2090">0.0056</income-elasticity>
                <income-elasticity year="2095">0.0053</income-elasticity>
                <income-elasticity year="2100">0.0051</income-elasticity>
            </energy-final-demand>
        </region>
        <region name="Middle East">
            <energy-final-demand name="FoodDemand_Crops">
                <income-elasticity year="2015">0.045</income-elasticity>
                <income-elasticity year="2020">0.0447</income-elasticity>
                <income-elasticity year="2025">0.0445</income-elasticity>
                <income-elasticity year="2030">0.0443</income-elasticity>
                <income-elasticity year="2035">0.0441</income-elasticity>
                <income-elasticity year="2040">0.0439</income-elasticity>
                <income-elasticity year="2045">0.0438</income-elasticity>
                <income-elasticity year="2050">0.0437</income-elasticity>
                <income-elasticity year="2055">0.0437</income-elasticity>
                <income-elasticity year="2060">0.0437</income-elasticity>
                <income-elasticity year="2065">0.0436</income-elasticity>
                <income-elasticity year="2070">0.0436</income-elasticity>
                <income-elasticity year="2075">0.0436</income-elasticity>
                <income-elasticity year="2080">0.0435</income-elasticity>
                <income-elasticity year="2085">0.0435</income-elasticity>
                <income-elasticity year="2090">0.0434</income-elasticity>
                <income-elasticity year="2095">0.0434</income-elasticity>
                <income-elasticity year="2100">0.0433</income-elasticity>
            </energy-final-demand>
            <energy-final-demand name="FoodDemand_Meat">
                <income-elasticity year="2015">0.0318</income-elasticity>
                <income-elasticity year="2020">0.0251</income-elasticity>
                <income-elasticity year="2025">0.02</income-elasticity>
                <income-elasticity year="2030">0.0163</income-elasticity>
                <income-elasticity year="2035">0.0134</income-elasticity>
                <income-elasticity year="2040">0.0114</income-elasticity>
                <income-elasticity year="2045">0.0102</income-elasticity>
                <income-elasticity year="2050">0.0095</income-elasticity>
                <income-elasticity year="2055">0.0092</income-elasticity>
                <income-elasticity year="2060">0.0091</income-elasticity>
                <income-elasticity year="2065">0.0089</income-elasticity>
                <income-elasticity year="2070">0.0087</income-elasticity>
                <income-elasticity year="2075">0.0085</income-elasticity>
                <income-elasticity year="2080">0.0082</income-elasticity>
                <income-elasticity year="2085">0.0078</income-elasticity>
                <income-elasticity year="2090">0.0074</income-elasticity>
                <income-elasticity year="2095">0.007</income-elasticity>
                <income-elasticity year="2100">0.0066</income-elasticity>
            </energy-final-demand>
        </region>
        <region name="Pakistan">
            <energy-final-demand name="FoodDemand_Crops">
                <income-elasticity year="2015">0.0504</income-elasticity>
                <income-elasticity year="2020">0.0502</income-elasticity>
                <income-elasticity year="2025">0.0499</income-elasticity>
                <income-elasticity year="2030">0.0496</income-elasticity>
                <income-elasticity year="2035">0.0494</income-elasticity>
                <income-elasticity year="2040">0.0492</income-elasticity>
                <income-elasticity year="2045">0.0489</income-elasticity>
                <income-elasticity year="2050">0.0487</income-elasticity>
                <income-elasticity year="2055">0.0486</income-elasticity>
                <income-elasticity year="2060">0.0484</income-elasticity>
                <income-elasticity year="2065">0.0482</income-elasticity>
                <income-elasticity year="2070">0.0479</income-elasticity>
                <income-elasticity year="2075">0.0477</income-elasticity>
                <income-elasticity year="2080">0.0475</income-elasticity>
                <income-elasticity year="2085">0.0473</income-elasticity>
                <income-elasticity year="2090">0.0472</income-elasticity>
                <income-elasticity year="2095">0.047</income-elasticity>
                <income-elasticity year="2100">0.0468</income-elasticity>
            </energy-final-demand>
            <energy-final-demand name="FoodDemand_Meat">
                <income-elasticity year="2015">1</income-elasticity>
                <income-elasticity year="2020">0.9145</income-elasticity>
                <income-elasticity year="2025">0.8841</income-elasticity>
                <income-elasticity year="2030">0.9868</income-elasticity>
                <income-elasticity year="2035">1</income-elasticity>
                <income-elasticity year="2040">1</income-elasticity>
                <income-elasticity year="2045">1</income-elasticity>
                <income-elasticity year="2050">1</income-elasticity>
                <income-elasticity year="2055">1</income-elasticity>
                <income-elasticity year="2060">1</income-elasticity>
                <income-elasticity year="2065">0.5074</income-elasticity>
                <income-elasticity year="2070">0.4331</income-elasticity>
                <income-elasticity year="2075">0.3674</income-elasticity>
                <income-elasticity year="2080">0.312</income-elasticity>
                <income-elasticity year="2085">0.2662</income-elasticity>
                <income-elasticity year="2090">0.2279</income-elasticity>
                <income-elasticity year="2095">0.195</income-elasticity>
                <income-elasticity year="2100">0.1667</income-elasticity>
            </energy-final-demand>
        </region>
        <region name="Russia">
            <energy-final-demand name="FoodDemand_Crops">
                <income-elasticity year="2015">0.0445</income-elasticity>
                <income-elasticity year="2020">0.044</income-elasticity>
                <income-elasticity year="2025">0.0436</income-elasticity>
                <income-elasticity year="2030">0.0433</income-elasticity>
                <income-elasticity year="2035">0.043</income-elasticity>
                <income-elasticity year="2040">0.0428</income-elasticity>
                <income-elasticity year="2045">0.0426</income-elasticity>
                <income-elasticity year="2050">0.0426</income-elasticity>
                <income-elasticity year="2055">0.0425</income-elasticity>
                <income-elasticity year="2060">0.0425</income-elasticity>
                <income-elasticity year="2065">0.0424</income-elasticity>
                <income-elasticity year="2070">0.0423</income-elasticity>
                <income-elasticity year="2075">0.0422</income-elasticity>
                <income-elasticity year="2080">0.0421</income-elasticity>
                <income-elasticity year="2085">0.042</income-elasticity>
                <income-elasticity year="2090">0.042</income-elasticity>
                <income-elasticity year="2095">0.0419</income-elasticity>
                <income-elasticity year="2100">0.0419</income-elasticity>
            </energy-final-demand>
            <energy-final-demand name="FoodDemand_Meat">
                <income-elasticity year="2015">0.0203</income-elasticity>
                <income-elasticity year="2020">0.0131</income-elasticity>
                <income-elasticity year="2025">0.0089</income-elasticity>
                <income-elasticity year="2030">0.0064</income-elasticity>
                <income-elasticity year="2035">0.0049</income-elasticity>
                <income-elasticity year="2040">0.0039</income-elasticity>
                <income-elasticity year="2045">0.0034</income-elasticity>
                <income-elasticity year="2050">0.0032</income-elasticity>
                <income-elasticity year="2055">0.003</income-elasticity>
                <income-elasticity year="2060">0.0029</income-elasticity>
                <income-elasticity year="2065">0.0026</income-elasticity>
                <income-elasticity year="2070">0.0024</income-elasticity>
                <income-elasticity year="2075">0.0022</income-elasticity>
                <income-elasticity year="2080">0.0021</income-elasticity>
                <income-elasticity year="2085">0.0019</income-elasticity>
                <income-elasticity year="2090">0.0018</income-elasticity>
                <income-elasticity year="2095">0.0017</income-elasticity>
                <income-elasticity year="2100">0.0016</income-elasticity>
            </energy-final-demand>
        </region>
        <region name="South Africa">
            <energy-final-demand name="FoodDemand_Crops">
                <income-elasticity year="2015">0.0455</income-elasticity>
                <income-elasticity year="2020">0.0451</income-elasticity>
                <income-elasticity year="2025">0.0447</income-elasticity>
                <income-elasticity year="2030">0.0445</income-elasticity>
                <income-elasticity year="2035">0.0442</income-elasticity>
                <income-elasticity year="2040">0.0441</income-elasticity>
                <income-elasticity year="2045">0.0439</income-elasticity>
                <income-elasticity year="2050">0.0438</income-elasticity>
                <income-elasticity year="2055">0.0437</income-elasticity>
                <income-elasticity year="2060">0.0436</income-elasticity>
                <income-elasticity year="2065">0.0435</income-elasticity>
                <income-elasticity year="2070">0.0434</income-elasticity>
                <income-elasticity year="2075">0.0433</income-elasticity>
                <income-elasticity year="2080">0.0432</income-elasticity>
                <income-elasticity year="2085">0.0431</income-elasticity>
                <income-elasticity year="2090">0.043</income-elasticity>
                <income-elasticity year="2095">0.0429</income-elasticity>
                <income-elasticity year="2100">0.0428</income-elasticity>
            </energy-final-demand>
            <energy-final-demand name="FoodDemand_Meat">
                <income-elasticity year="2015">0.0515</income-elasticity>
                <income-elasticity year="2020">0.0363</income-elasticity>
                <income-elasticity year="2025">0.0255</income-elasticity>
                <income-elasticity year="2030">0.0194</income-elasticity>
                <income-elasticity year="2035">0.0158</income-elasticity>
                <income-elasticity year="2040">0.0134</income-elasticity>
                <income-elasticity year="2045">0.0117</income-elasticity>
                <income-elasticity year="2050">0.0104</income-elasticity>
                <income-elasticity year="2055">0.0094</income-elasticity>
                <income-elasticity year="2060">0.0084</income-elasticity>
                <income-elasticity year="2065">0.0076</income-elasticity>
                <income-elasticity year="2070">0.0069</income-elasticity>
                <income-elasticity year="2075">0.0062</income-elasticity>
                <income-elasticity year="2080">0.0057</income-elasticity>
                <income-elasticity year="2085">0.0052</income-elasticity>
                <income-elasticity year="2090">0.0048</income-elasticity>
                <income-elasticity year="2095">0.0044</income-elasticity>
                <income-elasticity year="2100">0.0041</income-elasticity>
            </energy-final-demand>
        </region>
        <region name="South America_Northern">
            <energy-final-demand name="FoodDemand_Crops">
                <income-elasticity year="2015">0.0441</income-elasticity>
                <income-elasticity year="2020">0.0438</income-elasticity>
                <income-elasticity year="2025">0.0436</income-elasticity>
                <income-elasticity year="2030">0.0434</income-elasticity>
                <income-elasticity year="2035">0.0432</income-elasticity>
                <income-elasticity year="2040">0.0429</income-elasticity>
                <income-elasticity year="2045">0.0426</income-elasticity>
                <income-elasticity year="2050">0.0423</income-elasticity>
                <income-elasticity year="2055">0.0421</income-elasticity>
                <income-elasticity year="2060">0.0418</income-elasticity>
                <income-elasticity year="2065">0.0417</income-elasticity>
                <income-elasticity year="2070">0.0415</income-elasticity>
                <income-elasticity year="2075">0.0414</income-elasticity>
                <income-elasticity year="2080">0.0414</income-elasticity>
                <income-elasticity year="2085">0.0413</income-elasticity>
                <income-elasticity year="2090">0.0412</income-elasticity>
                <income-elasticity year="2095">0.0411</income-elasticity>
                <income-elasticity year="2100">0.0411</income-elasticity>
            </energy-final-demand>
            <energy-final-demand name="FoodDemand_Meat">
                <income-elasticity year="2015">0.0137</income-elasticity>
                <income-elasticity year="2020">0.0109</income-elasticity>
                <income-elasticity year="2025">0.009</income-elasticity>
                <income-elasticity year="2030">0.0072</income-elasticity>
                <income-elasticity year="2035">0.0056</income-elasticity>
                <income-elasticity year="2040">0.0043</income-elasticity>
                <income-elasticity year="2045">0.0032</income-elasticity>
                <income-elasticity year="2050">0.0025</income-elasticity>
                <income-elasticity year="2055">0.002</income-elasticity>
                <income-elasticity year="2060">0.0016</income-elasticity>
                <income-elasticity year="2065">0.0014</income-elasticity>
                <income-elasticity year="2070">0.0012</income-elasticity>
                <income-elasticity year="2075">0.0011</income-elasticity>
                <income-elasticity year="2080">0.001</income-elasticity>
                <income-elasticity year="2085">9e-04</income-elasticity>
                <income-elasticity year="2090">9e-04</income-elasticity>
                <income-elasticity year="2095">8e-04</income-elasticity>
                <income-elasticity year="2100">8e-04</income-elasticity>
            </energy-final-demand>
        </region>
        <region name="South America_Southern">
            <energy-final-demand name="FoodDemand_Crops">
                <income-elasticity year="2015">0.0458</income-elasticity>
                <income-elasticity year="2020">0.0453</income-elasticity>
                <income-elasticity year="2025">0.0449</income-elasticity>
                <income-elasticity year="2030">0.0447</income-elasticity>
                <income-elasticity year="2035">0.0445</income-elasticity>
                <income-elasticity year="2040">0.0443</income-elasticity>
                <income-elasticity year="2045">0.0442</income-elasticity>
                <income-elasticity year="2050">0.0441</income-elasticity>
                <income-elasticity year="2055">0.0439</income-elasticity>
                <income-elasticity year="2060">0.0438</income-elasticity>
                <income-elasticity year="2065">0.0437</income-elasticity>
                <income-elasticity year="2070">0.0436</income-elasticity>
                <income-elasticity year="2075">0.0434</income-elasticity>
                <income-elasticity year="2080">0.0433</income-elasticity>
                <income-elasticity year="2085">0.0432</income-elasticity>
                <income-elasticity year="2090">0.0431</income-elasticity>
                <income-elasticity year="2095">0.043</income-elasticity>
                <income-elasticity year="2100">0.0428</income-elasticity>
            </energy-final-demand>
            <energy-final-demand name="FoodDemand_Meat">
                <income-elasticity year="2015">0.0656</income-elasticity>
                <income-elasticity year="2020">0.0433</income-elasticity>
                <income-elasticity year="2025">0.0305</income-elasticity>
                <income-elasticity year="2030">0.0236</income-elasticity>
                <income-elasticity year="2035">0.0197</income-elasticity>
                <income-elasticity year="2040">0.0171</income-elasticity>
                <income-elasticity year="2045">0.015</income-elasticity>
                <income-elasticity year="2050">0.0133</income-elasticity>
                <income-elasticity year="2055">0.0118</income-elasticity>
                <income-elasticity year="2060">0.0106</income-elasticity>
                <income-elasticity year="2065">0.0094</income-elasticity>
                <income-elasticity year="2070">0.0083</income-elasticity>
                <income-elasticity year="2075">0.0074</income-elasticity>
                <income-elasticity year="2080">0.0065</income-elasticity>
                <income-elasticity year="2085">0.0058</income-elasticity>
                <income-elasticity year="2090">0.0052</income-elasticity>
                <income-elasticity year="2095">0.0047</income-elasticity>
                <income-elasticity year="2100">0.0042</income-elasticity>
            </energy-final-demand>
        </region>
        <region name="South Asia">
            <energy-final-demand name="FoodDemand_Crops">
                <income-elasticity year="2015">0.0508</income-elasticity>
                <income-elasticity year="2020">0.0502</income-elasticity>
                <income-elasticity year="2025">0.0497</income-elasticity>
                <income-elasticity year="2030">0.0493</income-elasticity>
                <income-elasticity year="2035">0.049</income-elasticity>
                <income-elasticity year="2040">0.0488</income-elasticity>
                <income-elasticity year="2045">0.0486</income-elasticity>
                <income-elasticity year="2050">0.0484</income-elasticity>
                <income-elasticity year="2055">0.0482</income-elasticity>
                <income-elasticity year="2060">0.048</income-elasticity>
                <income-elasticity year="2065">0.0478</income-elasticity>
                <income-elasticity year="2070">0.0477</income-elasticity>
                <income-elasticity year="2075">0.0475</income-elasticity>
                <income-elasticity year="2080">0.0473</income-elasticity>
                <income-elasticity year="2085">0.0471</income-elasticity>
                <income-elasticity year="2090">0.0469</income-elasticity>
                <income-elasticity year="2095">0.0467</income-elasticity>
                <income-elasticity year="2100">0.0466</income-elasticity>
            </energy-final-demand>
            <energy-final-demand name="FoodDemand_Meat">
                <income-elasticity year="2015">0.4253</income-elasticity>
                <income-elasticity year="2020">0.4132</income-elasticity>
                <income-elasticity year="2025">0.5268</income-elasticity>
                <income-elasticity year="2030">0.7243</income-elasticity>
                <income-elasticity year="2035">1</income-elasticity>
                <income-elasticity year="2040">1</income-elasticity>
                <income-elasticity year="2045">1</income-elasticity>
                <income-elasticity year="2050">1</income-elasticity>
                <income-elasticity year="2055">1</income-elasticity>
                <income-elasticity year="2060">1</income-elasticity>
                <income-elasticity year="2065">1</income-elasticity>
                <income-elasticity year="2070">1</income-elasticity>
                <income-elasticity year="2075">1</income-elasticity>
                <income-elasticity year="2080">1</income-elasticity>
                <income-elasticity year="2085">1</income-elasticity>
                <income-elasticity year="2090">1</income-elasticity>
                <income-elasticity year="2095">0.4538</income-elasticity>
                <income-elasticity year="2100">0.1354</income-elasticity>
            </energy-final-demand>
        </region>
        <region name="South Korea">
            <energy-final-demand name="FoodDemand_Crops">
                <income-elasticity year="2015">0.0427</income-elasticity>
                <income-elasticity year="2020">0.0423</income-elasticity>
                <income-elasticity year="2025">0.0419</income-elasticity>
                <income-elasticity year="2030">0.0416</income-elasticity>
                <income-elasticity year="2035">0.0414</income-elasticity>
                <income-elasticity year="2040">0.0412</income-elasticity>
                <income-elasticity year="2045">0.041</income-elasticity>
                <income-elasticity year="2050">0.0408</income-elasticity>
                <income-elasticity year="2055">0.0407</income-elasticity>
                <income-elasticity year="2060">0.0406</income-elasticity>
                <income-elasticity year="2065">0.0405</income-elasticity>
                <income-elasticity year="2070">0.0403</income-elasticity>
                <income-elasticity year="2075">0.0402</income-elasticity>
                <income-elasticity year="2080">0.0401</income-elasticity>
                <income-elasticity year="2085">0.04</income-elasticity>
                <income-elasticity year="2090">0.0399</income-elasticity>
                <income-elasticity year="2095">0.0398</income-elasticity>
                <income-elasticity year="2100">0.0398</income-elasticity>
            </energy-final-demand>
            <energy-final-demand name="FoodDemand_Meat">
                <income-elasticity year="2015">0.0037</income-elasticity>
                <income-elasticity year="2020">0.0025</income-elasticity>
                <income-elasticity year="2025">0.0017</income-elasticity>
                <income-elasticity year="2030">0.0013</income-elasticity>
                <income-elasticity year="2035">0.001</income-elasticity>
                <income-elasticity year="2040">8e-04</income-elasticity>
                <income-elasticity year="2045">7e-04</income-elasticity>
                <income-elasticity year="2050">6e-04</income-elasticity>
                <income-elasticity year="2055">5e-04</income-elasticity>
                <income-elasticity year="2060">5e-04</income-elasticity>
                <income-elasticity year="2065">4e-04</income-elasticity>
                <income-elasticity year="2070">4e-04</income-elasticity>
                <income-elasticity year="2075">3e-04</income-elasticity>
                <income-elasticity year="2080">3e-04</income-elasticity>
                <income-elasticity year="2085">3e-04</income-elasticity>
                <income-elasticity year="2090">2e-04</income-elasticity>
                <income-elasticity year="2095">2e-04</income-elasticity>
                <income-elasticity year="2100">2e-04</income-elasticity>
            </energy-final-demand>
        </region>
        <region name="Southeast Asia">
            <energy-final-demand name="FoodDemand_Crops">
                <income-elasticity year="2015">0.0474</income-elasticity>
                <income-elasticity year="2020">0.0469</income-elasticity>
                <income-elasticity year="2025">0.0465</income-elasticity>
                <income-elasticity year="2030">0.0462</income-elasticity>
                <income-elasticity year="2035">0.046</income-elasticity>
                <income-elasticity year="2040">0.0458</income-elasticity>
                <income-elasticity year="2045">0.0456</income-elasticity>
                <income-elasticity year="2050">0.0454</income-elasticity>
                <income-elasticity year="2055">0.0453</income-elasticity>
                <income-elasticity year="2060">0.0451</income-elasticity>
                <income-elasticity year="2065">0.0449</income-elasticity>
                <income-elasticity year="2070">0.0448</income-elasticity>
                <income-elasticity year="2075">0.0446</income-elasticity>
                <income-elasticity year="2080">0.0445</income-elasticity>
                <income-elasticity year="2085">0.0443</income-elasticity>
                <income-elasticity year="2090">0.0442</income-elasticity>
                <income-elasticity year="2095">0.0441</income-elasticity>
                <income-elasticity year="2100">0.0439</income-elasticity>
            </energy-final-demand>
            <energy-final-demand name="FoodDemand_Meat">
                <income-elasticity year="2015">0.2799</income-elasticity>
                <income-elasticity year="2020">0.191</income-elasticity>
                <income-elasticity year="2025">0.1322</income-elasticity>
                <income-elasticity year="2030">0.0991</income-elasticity>
                <income-elasticity year="2035">0.0794</income-elasticity>
                <income-elasticity year="2040">0.066</income-elasticity>
                <income-elasticity year="2045">0.0557</income-elasticity>
                <income-elasticity year="2050">0.0477</income-elasticity>
                <income-elasticity year="2055">0.0413</income-elasticity>
                <income-elasticity year="2060">0.0357</income-elasticity>
                <income-elasticity year="2065">0.0309</income-elasticity>
                <income-elasticity year="2070">0.0266</income-elasticity>
                <income-elasticity year="2075">0.023</income-elasticity>
                <income-elasticity year="2080">0.0199</income-elasticity>
                <income-elasticity year="2085">0.0173</income-elasticity>
                <income-elasticity year="2090">0.0152</income-elasticity>
                <income-elasticity year="2095">0.0134</income-elasticity>
                <income-elasticity year="2100">0.0118</income-elasticity>
            </energy-final-demand>
        </region>
        <region name="Argentina">
            <energy-final-demand name="FoodDemand_Crops">
                <income-elasticity year="2015">0.0443</income-elasticity>
                <income-elasticity year="2020">0.044</income-elasticity>
                <income-elasticity year="2025">0.0436</income-elasticity>
                <income-elasticity year="2030">0.0434</income-elasticity>
                <income-elasticity year="2035">0.0433</income-elasticity>
                <income-elasticity year="2040">0.0431</income-elasticity>
                <income-elasticity year="2045">0.0431</income-elasticity>
                <income-elasticity year="2050">0.043</income-elasticity>
                <income-elasticity year="2055">0.0429</income-elasticity>
                <income-elasticity year="2060">0.0429</income-elasticity>
                <income-elasticity year="2065">0.0428</income-elasticity>
                <income-elasticity year="2070">0.0427</income-elasticity>
                <income-elasticity year="2075">0.0426</income-elasticity>
                <income-elasticity year="2080">0.0425</income-elasticity>
                <income-elasticity year="2085">0.0425</income-elasticity>
                <income-elasticity year="2090">0.0424</income-elasticity>
                <income-elasticity year="2095">0.0423</income-elasticity>
                <income-elasticity year="2100">0.0423</income-elasticity>
            </energy-final-demand>
            <energy-final-demand name="FoodDemand_Meat">
                <income-elasticity year="2015">0.0175</income-elasticity>
                <income-elasticity year="2020">0.0121</income-elasticity>
                <income-elasticity year="2025">0.009</income-elasticity>
                <income-elasticity year="2030">0.0072</income-elasticity>
                <income-elasticity year="2035">0.0062</income-elasticity>
                <income-elasticity year="2040">0.0055</income-elasticity>
                <income-elasticity year="2045">0.0051</income-elasticity>
                <income-elasticity year="2050">0.0048</income-elasticity>
                <income-elasticity year="2055">0.0045</income-elasticity>
                <income-elasticity year="2060">0.0042</income-elasticity>
                <income-elasticity year="2065">0.0039</income-elasticity>
                <income-elasticity year="2070">0.0036</income-elasticity>
                <income-elasticity year="2075">0.0034</income-elasticity>
                <income-elasticity year="2080">0.0031</income-elasticity>
                <income-elasticity year="2085">0.0029</income-elasticity>
                <income-elasticity year="2090">0.0027</income-elasticity>
                <income-elasticity year="2095">0.0026</income-elasticity>
                <income-elasticity year="2100">0.0025</income-elasticity>
            </energy-final-demand>
        </region>
        <region name="Colombia">
            <energy-final-demand name="FoodDemand_Crops">
                <income-elasticity year="2015">0.0459</income-elasticity>
                <income-elasticity year="2020">0.0455</income-elasticity>
                <income-elasticity year="2025">0.0452</income-elasticity>
                <income-elasticity year="2030">0.045</income-elasticity>
                <income-elasticity year="2035">0.0449</income-elasticity>
                <income-elasticity year="2040">0.0448</income-elasticity>
                <income-elasticity year="2045">0.0447</income-elasticity>
                <income-elasticity year="2050">0.0445</income-elasticity>
                <income-elasticity year="2055">0.0444</income-elasticity>
                <income-elasticity year="2060">0.0443</income-elasticity>
                <income-elasticity year="2065">0.0442</income-elasticity>
                <income-elasticity year="2070">0.0441</income-elasticity>
                <income-elasticity year="2075">0.044</income-elasticity>
                <income-elasticity year="2080">0.0438</income-elasticity>
                <income-elasticity year="2085">0.0437</income-elasticity>
                <income-elasticity year="2090">0.0436</income-elasticity>
                <income-elasticity year="2095">0.0434</income-elasticity>
                <income-elasticity year="2100">0.0433</income-elasticity>
            </energy-final-demand>
            <energy-final-demand name="FoodDemand_Meat">
                <income-elasticity year="2015">0.0719</income-elasticity>
                <income-elasticity year="2020">0.0508</income-elasticity>
                <income-elasticity year="2025">0.0394</income-elasticity>
                <income-elasticity year="2030">0.0334</income-elasticity>
                <income-elasticity year="2035">0.0292</income-elasticity>
                <income-elasticity year="2040">0.026</income-elasticity>
                <income-elasticity year="2045">0.0234</income-elasticity>
                <income-elasticity year="2050">0.0211</income-elasticity>
                <income-elasticity year="2055">0.0191</income-elasticity>
                <income-elasticity year="2060">0.0172</income-elasticity>
                <income-elasticity year="2065">0.0154</income-elasticity>
                <income-elasticity year="2070">0.0137</income-elasticity>
                <income-elasticity year="2075">0.0121</income-elasticity>
                <income-elasticity year="2080">0.0107</income-elasticity>
                <income-elasticity year="2085">0.0094</income-elasticity>
                <income-elasticity year="2090">0.0084</income-elasticity>
                <income-elasticity year="2095">0.0074</income-elasticity>
                <income-elasticity year="2100">0.0066</income-elasticity>
            </energy-final-demand>
        </region>
    </world>
</scenario>
