<?xml version="1.0" encoding="UTF-8"?>
<scenario>
    <world>
        <region name="USA">
            <energy-final-demand name="FoodDemand_Crops">
                <income-elasticity year="2015">0.041</income-elasticity>
                <income-elasticity year="2020">0.0408</income-elasticity>
                <income-elasticity year="2025">0.0406</income-elasticity>
                <income-elasticity year="2030">0.0404</income-elasticity>
                <income-elasticity year="2035">0.0403</income-elasticity>
                <income-elasticity year="2040">0.0402</income-elasticity>
                <income-elasticity year="2045">0.0401</income-elasticity>
                <income-elasticity year="2050">0.04</income-elasticity>
                <income-elasticity year="2055">0.0399</income-elasticity>
                <income-elasticity year="2060">0.0399</income-elasticity>
                <income-elasticity year="2065">0.0398</income-elasticity>
                <income-elasticity year="2070">0.0397</income-elasticity>
                <income-elasticity year="2075">0.0397</income-elasticity>
                <income-elasticity year="2080">0.0396</income-elasticity>
                <income-elasticity year="2085">0.0395</income-elasticity>
                <income-elasticity year="2090">0.0395</income-elasticity>
                <income-elasticity year="2095">0.0394</income-elasticity>
                <income-elasticity year="2100">0.0393</income-elasticity>
            </energy-final-demand>
            <energy-final-demand name="FoodDemand_Meat">
                <income-elasticity year="2015">7e-04</income-elasticity>
                <income-elasticity year="2020">6e-04</income-elasticity>
                <income-elasticity year="2025">5e-04</income-elasticity>
                <income-elasticity year="2030">4e-04</income-elasticity>
                <income-elasticity year="2035">4e-04</income-elasticity>
                <income-elasticity year="2040">3e-04</income-elasticity>
                <income-elasticity year="2045">3e-04</income-elasticity>
                <income-elasticity year="2050">3e-04</income-elasticity>
                <income-elasticity year="2055">3e-04</income-elasticity>
                <income-elasticity year="2060">2e-04</income-elasticity>
                <income-elasticity year="2065">2e-04</income-elasticity>
                <income-elasticity year="2070">2e-04</income-elasticity>
                <income-elasticity year="2075">2e-04</income-elasticity>
                <income-elasticity year="2080">2e-04</income-elasticity>
                <income-elasticity year="2085">2e-04</income-elasticity>
                <income-elasticity year="2090">2e-04</income-elasticity>
                <income-elasticity year="2095">1e-04</income-elasticity>
                <income-elasticity year="2100">1e-04</income-elasticity>
            </energy-final-demand>
        </region>
        <region name="Africa_Eastern">
            <energy-final-demand name="FoodDemand_Crops">
                <income-elasticity year="2015">0.0514</income-elasticity>
                <income-elasticity year="2020">0.051</income-elasticity>
                <income-elasticity year="2025">0.0505</income-elasticity>
                <income-elasticity year="2030">0.05</income-elasticity>
                <income-elasticity year="2035">0.0495</income-elasticity>
                <income-elasticity year="2040">0.049</income-elasticity>
                <income-elasticity year="2045">0.0484</income-elasticity>
                <income-elasticity year="2050">0.0479</income-elasticity>
                <income-elasticity year="2055">0.0474</income-elasticity>
                <income-elasticity year="2060">0.0468</income-elasticity>
                <income-elasticity year="2065">0.0463</income-elasticity>
                <income-elasticity year="2070">0.0458</income-elasticity>
                <income-elasticity year="2075">0.0453</income-elasticity>
                <income-elasticity year="2080">0.0448</income-elasticity>
                <income-elasticity year="2085">0.0444</income-elasticity>
                <income-elasticity year="2090">0.0439</income-elasticity>
                <income-elasticity year="2095">0.0435</income-elasticity>
                <income-elasticity year="2100">0.0431</income-elasticity>
            </energy-final-demand>
            <energy-final-demand name="FoodDemand_Meat">
                <income-elasticity year="2015">0.865</income-elasticity>
                <income-elasticity year="2020">0.474</income-elasticity>
                <income-elasticity year="2025">0.5034</income-elasticity>
                <income-elasticity year="2030">0.4897</income-elasticity>
                <income-elasticity year="2035">0.4917</income-elasticity>
                <income-elasticity year="2040">0.4675</income-elasticity>
                <income-elasticity year="2045">0.4535</income-elasticity>
                <income-elasticity year="2050">0.4488</income-elasticity>
                <income-elasticity year="2055">0.4494</income-elasticity>
                <income-elasticity year="2060">0.4542</income-elasticity>
                <income-elasticity year="2065">0.4633</income-elasticity>
                <income-elasticity year="2070">0.4769</income-elasticity>
                <income-elasticity year="2075">0.4954</income-elasticity>
                <income-elasticity year="2080">0.5173</income-elasticity>
                <income-elasticity year="2085">0.5412</income-elasticity>
                <income-elasticity year="2090">0.5666</income-elasticity>
                <income-elasticity year="2095">0.5951</income-elasticity>
                <income-elasticity year="2100">0.627</income-elasticity>
            </energy-final-demand>
        </region>
        <region name="Africa_Northern">
            <energy-final-demand name="FoodDemand_Crops">
                <income-elasticity year="2015">0.0473</income-elasticity>
                <income-elasticity year="2020">0.0469</income-elasticity>
                <income-elasticity year="2025">0.0464</income-elasticity>
                <income-elasticity year="2030">0.046</income-elasticity>
                <income-elasticity year="2035">0.0456</income-elasticity>
                <income-elasticity year="2040">0.0452</income-elasticity>
                <income-elasticity year="2045">0.0448</income-elasticity>
                <income-elasticity year="2050">0.0445</income-elasticity>
                <income-elasticity year="2055">0.0442</income-elasticity>
                <income-elasticity year="2060">0.0438</income-elasticity>
                <income-elasticity year="2065">0.0435</income-elasticity>
                <income-elasticity year="2070">0.0432</income-elasticity>
                <income-elasticity year="2075">0.043</income-elasticity>
                <income-elasticity year="2080">0.0427</income-elasticity>
                <income-elasticity year="2085">0.0425</income-elasticity>
                <income-elasticity year="2090">0.0422</income-elasticity>
                <income-elasticity year="2095">0.042</income-elasticity>
                <income-elasticity year="2100">0.0418</income-elasticity>
            </energy-final-demand>
            <energy-final-demand name="FoodDemand_Meat">
                <income-elasticity year="2015">0.2537</income-elasticity>
                <income-elasticity year="2020">0.1855</income-elasticity>
                <income-elasticity year="2025">0.1217</income-elasticity>
                <income-elasticity year="2030">0.0803</income-elasticity>
                <income-elasticity year="2035">0.0545</income-elasticity>
                <income-elasticity year="2040">0.0381</income-elasticity>
                <income-elasticity year="2045">0.0272</income-elasticity>
                <income-elasticity year="2050">0.0198</income-elasticity>
                <income-elasticity year="2055">0.0146</income-elasticity>
                <income-elasticity year="2060">0.0109</income-elasticity>
                <income-elasticity year="2065">0.0081</income-elasticity>
                <income-elasticity year="2070">0.0062</income-elasticity>
                <income-elasticity year="2075">0.0048</income-elasticity>
                <income-elasticity year="2080">0.0037</income-elasticity>
                <income-elasticity year="2085">0.0029</income-elasticity>
                <income-elasticity year="2090">0.0024</income-elasticity>
                <income-elasticity year="2095">0.0019</income-elasticity>
                <income-elasticity year="2100">0.0016</income-elasticity>
            </energy-final-demand>
        </region>
        <region name="Africa_Southern">
            <energy-final-demand name="FoodDemand_Crops">
                <income-elasticity year="2015">0.0497</income-elasticity>
                <income-elasticity year="2020">0.0493</income-elasticity>
                <income-elasticity year="2025">0.0489</income-elasticity>
                <income-elasticity year="2030">0.0485</income-elasticity>
                <income-elasticity year="2035">0.0482</income-elasticity>
                <income-elasticity year="2040">0.0479</income-elasticity>
                <income-elasticity year="2045">0.0475</income-elasticity>
                <income-elasticity year="2050">0.047</income-elasticity>
                <income-elasticity year="2055">0.0465</income-elasticity>
                <income-elasticity year="2060">0.0461</income-elasticity>
                <income-elasticity year="2065">0.0456</income-elasticity>
                <income-elasticity year="2070">0.0451</income-elasticity>
                <income-elasticity year="2075">0.0446</income-elasticity>
                <income-elasticity year="2080">0.0442</income-elasticity>
                <income-elasticity year="2085">0.0438</income-elasticity>
                <income-elasticity year="2090">0.0434</income-elasticity>
                <income-elasticity year="2095">0.043</income-elasticity>
                <income-elasticity year="2100">0.0426</income-elasticity>
            </energy-final-demand>
            <energy-final-demand name="FoodDemand_Meat">
                <income-elasticity year="2015">0.6442</income-elasticity>
                <income-elasticity year="2020">0.5401</income-elasticity>
                <income-elasticity year="2025">0.6847</income-elasticity>
                <income-elasticity year="2030">0.7322</income-elasticity>
                <income-elasticity year="2035">0.7574</income-elasticity>
                <income-elasticity year="2040">0.6536</income-elasticity>
                <income-elasticity year="2045">0.572</income-elasticity>
                <income-elasticity year="2050">0.5277</income-elasticity>
                <income-elasticity year="2055">0.226</income-elasticity>
                <income-elasticity year="2060">0.0877</income-elasticity>
                <income-elasticity year="2065">0.0563</income-elasticity>
                <income-elasticity year="2070">0.0361</income-elasticity>
                <income-elasticity year="2075">0.0234</income-elasticity>
                <income-elasticity year="2080">0.0153</income-elasticity>
                <income-elasticity year="2085">0.0102</income-elasticity>
                <income-elasticity year="2090">0.0069</income-elasticity>
                <income-elasticity year="2095">0.0047</income-elasticity>
                <income-elasticity year="2100">0.0033</income-elasticity>
            </energy-final-demand>
        </region>
        <region name="Africa_Western">
            <energy-final-demand name="FoodDemand_Crops">
                <income-elasticity year="2015">0.0495</income-elasticity>
                <income-elasticity year="2020">0.049</income-elasticity>
                <income-elasticity year="2025">0.0485</income-elasticity>
                <income-elasticity year="2030">0.048</income-elasticity>
                <income-elasticity year="2035">0.0475</income-elasticity>
                <income-elasticity year="2040">0.047</income-elasticity>
                <income-elasticity year="2045">0.0465</income-elasticity>
                <income-elasticity year="2050">0.046</income-elasticity>
                <income-elasticity year="2055">0.0455</income-elasticity>
                <income-elasticity year="2060">0.045</income-elasticity>
                <income-elasticity year="2065">0.0445</income-elasticity>
                <income-elasticity year="2070">0.0441</income-elasticity>
                <income-elasticity year="2075">0.0436</income-elasticity>
                <income-elasticity year="2080">0.0432</income-elasticity>
                <income-elasticity year="2085">0.0427</income-elasticity>
                <income-elasticity year="2090">0.0424</income-elasticity>
                <income-elasticity year="2095">0.042</income-elasticity>
                <income-elasticity year="2100">0.0416</income-elasticity>
            </energy-final-demand>
            <energy-final-demand name="FoodDemand_Meat">
                <income-elasticity year="2015">0.5705</income-elasticity>
                <income-elasticity year="2020">0.5097</income-elasticity>
                <income-elasticity year="2025">0.4698</income-elasticity>
                <income-elasticity year="2030">0.4734</income-elasticity>
                <income-elasticity year="2035">0.4935</income-elasticity>
                <income-elasticity year="2040">0.4885</income-elasticity>
                <income-elasticity year="2045">0.4843</income-elasticity>
                <income-elasticity year="2050">0.3113</income-elasticity>
                <income-elasticity year="2055">0.0532</income-elasticity>
                <income-elasticity year="2060">0.0334</income-elasticity>
                <income-elasticity year="2065">0.021</income-elasticity>
                <income-elasticity year="2070">0.0134</income-elasticity>
                <income-elasticity year="2075">0.0087</income-elasticity>
                <income-elasticity year="2080">0.0057</income-elasticity>
                <income-elasticity year="2085">0.0038</income-elasticity>
                <income-elasticity year="2090">0.0026</income-elasticity>
                <income-elasticity year="2095">0.0018</income-elasticity>
                <income-elasticity year="2100">0.0013</income-elasticity>
            </energy-final-demand>
        </region>
        <region name="Australia_NZ">
            <energy-final-demand name="FoodDemand_Crops">
                <income-elasticity year="2015">0.041</income-elasticity>
                <income-elasticity year="2020">0.0408</income-elasticity>
                <income-elasticity year="2025">0.0406</income-elasticity>
                <income-elasticity year="2030">0.0405</income-elasticity>
                <income-elasticity year="2035">0.0403</income-elasticity>
                <income-elasticity year="2040">0.0402</income-elasticity>
                <income-elasticity year="2045">0.0401</income-elasticity>
                <income-elasticity year="2050">0.0399</income-elasticity>
                <income-elasticity year="2055">0.0398</income-elasticity>
                <income-elasticity year="2060">0.0397</income-elasticity>
                <income-elasticity year="2065">0.0396</income-elasticity>
                <income-elasticity year="2070">0.0394</income-elasticity>
                <income-elasticity year="2075">0.0393</income-elasticity>
                <income-elasticity year="2080">0.0392</income-elasticity>
                <income-elasticity year="2085">0.039</income-elasticity>
                <income-elasticity year="2090">0.0389</income-elasticity>
                <income-elasticity year="2095">0.0388</income-elasticity>
                <income-elasticity year="2100">0.0386</income-elasticity>
            </energy-final-demand>
            <energy-final-demand name="FoodDemand_Meat">
                <income-elasticity year="2015">7e-04</income-elasticity>
                <income-elasticity year="2020">6e-04</income-elasticity>
                <income-elasticity year="2025">5e-04</income-elasticity>
                <income-elasticity year="2030">4e-04</income-elasticity>
                <income-elasticity year="2035">4e-04</income-elasticity>
                <income-elasticity year="2040">3e-04</income-elasticity>
                <income-elasticity year="2045">3e-04</income-elasticity>
                <income-elasticity year="2050">3e-04</income-elasticity>
                <income-elasticity year="2055">2e-04</income-elasticity>
                <income-elasticity year="2060">2e-04</income-elasticity>
                <income-elasticity year="2065">2e-04</income-elasticity>
                <income-elasticity year="2070">2e-04</income-elasticity>
                <income-elasticity year="2075">1e-04</income-elasticity>
                <income-elasticity year="2080">1e-04</income-elasticity>
                <income-elasticity year="2085">1e-04</income-elasticity>
                <income-elasticity year="2090">1e-04</income-elasticity>
                <income-elasticity year="2095">1e-04</income-elasticity>
                <income-elasticity year="2100">1e-04</income-elasticity>
            </energy-final-demand>
        </region>
        <region name="Brazil">
            <energy-final-demand name="FoodDemand_Crops">
                <income-elasticity year="2015">0.0445</income-elasticity>
                <income-elasticity year="2020">0.0442</income-elasticity>
                <income-elasticity year="2025">0.0438</income-elasticity>
                <income-elasticity year="2030">0.0435</income-elasticity>
                <income-elasticity year="2035">0.0433</income-elasticity>
                <income-elasticity year="2040">0.0431</income-elasticity>
                <income-elasticity year="2045">0.0429</income-elasticity>
                <income-elasticity year="2050">0.0426</income-elasticity>
                <income-elasticity year="2055">0.0424</income-elasticity>
                <income-elasticity year="2060">0.0422</income-elasticity>
                <income-elasticity year="2065">0.042</income-elasticity>
                <income-elasticity year="2070">0.0418</income-elasticity>
                <income-elasticity year="2075">0.0416</income-elasticity>
                <income-elasticity year="2080">0.0415</income-elasticity>
                <income-elasticity year="2085">0.0413</income-elasticity>
                <income-elasticity year="2090">0.0411</income-elasticity>
                <income-elasticity year="2095">0.0409</income-elasticity>
                <income-elasticity year="2100">0.0407</income-elasticity>
            </energy-final-demand>
            <energy-final-demand name="FoodDemand_Meat">
                <income-elasticity year="2015">0.0205</income-elasticity>
                <income-elasticity year="2020">0.0149</income-elasticity>
                <income-elasticity year="2025">0.0107</income-elasticity>
                <income-elasticity year="2030">0.0081</income-elasticity>
                <income-elasticity year="2035">0.0064</income-elasticity>
                <income-elasticity year="2040">0.0052</income-elasticity>
                <income-elasticity year="2045">0.0042</income-elasticity>
                <income-elasticity year="2050">0.0035</income-elasticity>
                <income-elasticity year="2055">0.0029</income-elasticity>
                <income-elasticity year="2060">0.0023</income-elasticity>
                <income-elasticity year="2065">0.0019</income-elasticity>
                <income-elasticity year="2070">0.0016</income-elasticity>
                <income-elasticity year="2075">0.0013</income-elasticity>
                <income-elasticity year="2080">0.0011</income-elasticity>
                <income-elasticity year="2085">9e-04</income-elasticity>
                <income-elasticity year="2090">8e-04</income-elasticity>
                <income-elasticity year="2095">6e-04</income-elasticity>
                <income-elasticity year="2100">5e-04</income-elasticity>
            </energy-final-demand>
        </region>
        <region name="Canada">
            <energy-final-demand name="FoodDemand_Crops">
                <income-elasticity year="2015">0.0411</income-elasticity>
                <income-elasticity year="2020">0.0409</income-elasticity>
                <income-elasticity year="2025">0.0408</income-elasticity>
                <income-elasticity year="2030">0.0406</income-elasticity>
                <income-elasticity year="2035">0.0405</income-elasticity>
                <income-elasticity year="2040">0.0404</income-elasticity>
                <income-elasticity year="2045">0.0402</income-elasticity>
                <income-elasticity year="2050">0.0401</income-elasticity>
                <income-elasticity year="2055">0.04</income-elasticity>
                <income-elasticity year="2060">0.0399</income-elasticity>
                <income-elasticity year="2065">0.0398</income-elasticity>
                <income-elasticity year="2070">0.0397</income-elasticity>
                <income-elasticity year="2075">0.0395</income-elasticity>
                <income-elasticity year="2080">0.0394</income-elasticity>
                <income-elasticity year="2085">0.0393</income-elasticity>
                <income-elasticity year="2090">0.0391</income-elasticity>
                <income-elasticity year="2095">0.039</income-elasticity>
                <income-elasticity year="2100">0.0389</income-elasticity>
            </energy-final-demand>
            <energy-final-demand name="FoodDemand_Meat">
                <income-elasticity year="2015">8e-04</income-elasticity>
                <income-elasticity year="2020">6e-04</income-elasticity>
                <income-elasticity year="2025">6e-04</income-elasticity>
                <income-elasticity year="2030">5e-04</income-elasticity>
                <income-elasticity year="2035">4e-04</income-elasticity>
                <income-elasticity year="2040">4e-04</income-elasticity>
                <income-elasticity year="2045">3e-04</income-elasticity>
                <income-elasticity year="2050">3e-04</income-elasticity>
                <income-elasticity year="2055">3e-04</income-elasticity>
                <income-elasticity year="2060">2e-04</income-elasticity>
                <income-elasticity year="2065">2e-04</income-elasticity>
                <income-elasticity year="2070">2e-04</income-elasticity>
                <income-elasticity year="2075">2e-04</income-elasticity>
                <income-elasticity year="2080">1e-04</income-elasticity>
                <income-elasticity year="2085">1e-04</income-elasticity>
                <income-elasticity year="2090">1e-04</income-elasticity>
                <income-elasticity year="2095">1e-04</income-elasticity>
                <income-elasticity year="2100">1e-04</income-elasticity>
            </energy-final-demand>
        </region>
        <region name="Central America and Caribbean">
            <energy-final-demand name="FoodDemand_Crops">
                <income-elasticity year="2015">0.0469</income-elasticity>
                <income-elasticity year="2020">0.0466</income-elasticity>
                <income-elasticity year="2025">0.0462</income-elasticity>
                <income-elasticity year="2030">0.0459</income-elasticity>
                <income-elasticity year="2035">0.0455</income-elasticity>
                <income-elasticity year="2040">0.0452</income-elasticity>
                <income-elasticity year="2045">0.0449</income-elasticity>
                <income-elasticity year="2050">0.0446</income-elasticity>
                <income-elasticity year="2055">0.0442</income-elasticity>
                <income-elasticity year="2060">0.0439</income-elasticity>
                <income-elasticity year="2065">0.0436</income-elasticity>
                <income-elasticity year="2070">0.0433</income-elasticity>
                <income-elasticity year="2075">0.043</income-elasticity>
                <income-elasticity year="2080">0.0427</income-elasticity>
                <income-elasticity year="2085">0.0424</income-elasticity>
                <income-elasticity year="2090">0.0421</income-elasticity>
                <income-elasticity year="2095">0.0418</income-elasticity>
                <income-elasticity year="2100">0.0416</income-elasticity>
            </energy-final-demand>
            <energy-final-demand name="FoodDemand_Meat">
                <income-elasticity year="2015">0.1798</income-elasticity>
                <income-elasticity year="2020">0.1349</income-elasticity>
                <income-elasticity year="2025">0.0995</income-elasticity>
                <income-elasticity year="2030">0.0731</income-elasticity>
                <income-elasticity year="2035">0.0541</income-elasticity>
                <income-elasticity year="2040">0.04</income-elasticity>
                <income-elasticity year="2045">0.0294</income-elasticity>
                <income-elasticity year="2050">0.0216</income-elasticity>
                <income-elasticity year="2055">0.0158</income-elasticity>
                <income-elasticity year="2060">0.0117</income-elasticity>
                <income-elasticity year="2065">0.0086</income-elasticity>
                <income-elasticity year="2070">0.0064</income-elasticity>
                <income-elasticity year="2075">0.0048</income-elasticity>
                <income-elasticity year="2080">0.0036</income-elasticity>
                <income-elasticity year="2085">0.0027</income-elasticity>
                <income-elasticity year="2090">0.0021</income-elasticity>
                <income-elasticity year="2095">0.0016</income-elasticity>
                <income-elasticity year="2100">0.0013</income-elasticity>
            </energy-final-demand>
        </region>
        <region name="Central Asia">
            <energy-final-demand name="FoodDemand_Crops">
                <income-elasticity year="2015">0.047</income-elasticity>
                <income-elasticity year="2020">0.0464</income-elasticity>
                <income-elasticity year="2025">0.0458</income-elasticity>
                <income-elasticity year="2030">0.0453</income-elasticity>
                <income-elasticity year="2035">0.0449</income-elasticity>
                <income-elasticity year="2040">0.0445</income-elasticity>
                <income-elasticity year="2045">0.0443</income-elasticity>
                <income-elasticity year="2050">0.044</income-elasticity>
                <income-elasticity year="2055">0.0438</income-elasticity>
                <income-elasticity year="2060">0.0436</income-elasticity>
                <income-elasticity year="2065">0.0434</income-elasticity>
                <income-elasticity year="2070">0.0432</income-elasticity>
                <income-elasticity year="2075">0.0429</income-elasticity>
                <income-elasticity year="2080">0.0428</income-elasticity>
                <income-elasticity year="2085">0.0426</income-elasticity>
                <income-elasticity year="2090">0.0424</income-elasticity>
                <income-elasticity year="2095">0.0422</income-elasticity>
                <income-elasticity year="2100">0.042</income-elasticity>
            </energy-final-demand>
            <energy-final-demand name="FoodDemand_Meat">
                <income-elasticity year="2015">0.2004</income-elasticity>
                <income-elasticity year="2020">0.1198</income-elasticity>
                <income-elasticity year="2025">0.071</income-elasticity>
                <income-elasticity year="2030">0.044</income-elasticity>
                <income-elasticity year="2035">0.0296</income-elasticity>
                <income-elasticity year="2040">0.0212</income-elasticity>
                <income-elasticity year="2045">0.016</income-elasticity>
                <income-elasticity year="2050">0.0127</income-elasticity>
                <income-elasticity year="2055">0.0104</income-elasticity>
                <income-elasticity year="2060">0.0085</income-elasticity>
                <income-elasticity year="2065">0.0069</income-elasticity>
                <income-elasticity year="2070">0.0056</income-elasticity>
                <income-elasticity year="2075">0.0046</income-elasticity>
                <income-elasticity year="2080">0.0038</income-elasticity>
                <income-elasticity year="2085">0.0032</income-elasticity>
                <income-elasticity year="2090">0.0027</income-elasticity>
                <income-elasticity year="2095">0.0022</income-elasticity>
                <income-elasticity year="2100">0.0019</income-elasticity>
            </energy-final-demand>
        </region>
        <region name="China">
            <energy-final-demand name="FoodDemand_Crops">
                <income-elasticity year="2015">0.0463</income-elasticity>
                <income-elasticity year="2020">0.0454</income-elasticity>
                <income-elasticity year="2025">0.0446</income-elasticity>
                <income-elasticity year="2030">0.044</income-elasticity>
                <income-elasticity year="2035">0.0435</income-elasticity>
                <income-elasticity year="2040">0.0432</income-elasticity>
                <income-elasticity year="2045">0.0429</income-elasticity>
                <income-elasticity year="2050">0.0426</income-elasticity>
                <income-elasticity year="2055">0.0424</income-elasticity>
                <income-elasticity year="2060">0.0422</income-elasticity>
                <income-elasticity year="2065">0.0421</income-elasticity>
                <income-elasticity year="2070">0.0419</income-elasticity>
                <income-elasticity year="2075">0.0417</income-elasticity>
                <income-elasticity year="2080">0.0416</income-elasticity>
                <income-elasticity year="2085">0.0414</income-elasticity>
                <income-elasticity year="2090">0.0413</income-elasticity>
                <income-elasticity year="2095">0.0412</income-elasticity>
                <income-elasticity year="2100">0.041</income-elasticity>
            </energy-final-demand>
            <energy-final-demand name="FoodDemand_Meat">
                <income-elasticity year="2015">0.1113</income-elasticity>
                <income-elasticity year="2020">0.0473</income-elasticity>
                <income-elasticity year="2025">0.0223</income-elasticity>
                <income-elasticity year="2030">0.0126</income-elasticity>
                <income-elasticity year="2035">0.0082</income-elasticity>
                <income-elasticity year="2040">0.0059</income-elasticity>
                <income-elasticity year="2045">0.0044</income-elasticity>
                <income-elasticity year="2050">0.0034</income-elasticity>
                <income-elasticity year="2055">0.0028</income-elasticity>
                <income-elasticity year="2060">0.0023</income-elasticity>
                <income-elasticity year="2065">0.002</income-elasticity>
                <income-elasticity year="2070">0.0017</income-elasticity>
                <income-elasticity year="2075">0.0014</income-elasticity>
                <income-elasticity year="2080">0.0012</income-elasticity>
                <income-elasticity year="2085">0.0011</income-elasticity>
                <income-elasticity year="2090">9e-04</income-elasticity>
                <income-elasticity year="2095">8e-04</income-elasticity>
                <income-elasticity year="2100">7e-04</income-elasticity>
            </energy-final-demand>
        </region>
        <region name="EU-12">
            <energy-final-demand name="FoodDemand_Crops">
                <income-elasticity year="2015">0.0443</income-elasticity>
                <income-elasticity year="2020">0.0439</income-elasticity>
                <income-elasticity year="2025">0.0436</income-elasticity>
                <income-elasticity year="2030">0.0433</income-elasticity>
                <income-elasticity year="2035">0.043</income-elasticity>
                <income-elasticity year="2040">0.0427</income-elasticity>
                <income-elasticity year="2045">0.0425</income-elasticity>
                <income-elasticity year="2050">0.0423</income-elasticity>
                <income-elasticity year="2055">0.0421</income-elasticity>
                <income-elasticity year="2060">0.0419</income-elasticity>
                <income-elasticity year="2065">0.0417</income-elasticity>
                <income-elasticity year="2070">0.0415</income-elasticity>
                <income-elasticity year="2075">0.0413</income-elasticity>
                <income-elasticity year="2080">0.0411</income-elasticity>
                <income-elasticity year="2085">0.0409</income-elasticity>
                <income-elasticity year="2090">0.0408</income-elasticity>
                <income-elasticity year="2095">0.0406</income-elasticity>
                <income-elasticity year="2100">0.0404</income-elasticity>
            </energy-final-demand>
            <energy-final-demand name="FoodDemand_Meat">
                <income-elasticity year="2015">0.0164</income-elasticity>
                <income-elasticity year="2020">0.0118</income-elasticity>
                <income-elasticity year="2025">0.0084</income-elasticity>
                <income-elasticity year="2030">0.0062</income-elasticity>
                <income-elasticity year="2035">0.0047</income-elasticity>
                <income-elasticity year="2040">0.0036</income-elasticity>
                <income-elasticity year="2045">0.0029</income-elasticity>
                <income-elasticity year="2050">0.0024</income-elasticity>
                <income-elasticity year="2055">0.002</income-elasticity>
                <income-elasticity year="2060">0.0016</income-elasticity>
                <income-elasticity year="2065">0.0014</income-elasticity>
                <income-elasticity year="2070">0.0011</income-elasticity>
                <income-elasticity year="2075">9e-04</income-elasticity>
                <income-elasticity year="2080">8e-04</income-elasticity>
                <income-elasticity year="2085">7e-04</income-elasticity>
                <income-elasticity year="2090">6e-04</income-elasticity>
                <income-elasticity year="2095">5e-04</income-elasticity>
                <income-elasticity year="2100">4e-04</income-elasticity>
            </energy-final-demand>
        </region>
        <region name="EU-15">
            <energy-final-demand name="FoodDemand_Crops">
                <income-elasticity year="2015">0.0416</income-elasticity>
                <income-elasticity year="2020">0.0415</income-elasticity>
                <income-elasticity year="2025">0.0413</income-elasticity>
                <income-elasticity year="2030">0.0412</income-elasticity>
                <income-elasticity year="2035">0.0411</income-elasticity>
                <income-elasticity year="2040">0.0409</income-elasticity>
                <income-elasticity year="2045">0.0407</income-elasticity>
                <income-elasticity year="2050">0.0406</income-elasticity>
                <income-elasticity year="2055">0.0404</income-elasticity>
                <income-elasticity year="2060">0.0403</income-elasticity>
                <income-elasticity year="2065">0.0401</income-elasticity>
                <income-elasticity year="2070">0.0399</income-elasticity>
                <income-elasticity year="2075">0.0398</income-elasticity>
                <income-elasticity year="2080">0.0396</income-elasticity>
                <income-elasticity year="2085">0.0395</income-elasticity>
                <income-elasticity year="2090">0.0393</income-elasticity>
                <income-elasticity year="2095">0.0392</income-elasticity>
                <income-elasticity year="2100">0.039</income-elasticity>
            </energy-final-demand>
            <energy-final-demand name="FoodDemand_Meat">
                <income-elasticity year="2015">0.0013</income-elasticity>
                <income-elasticity year="2020">0.0011</income-elasticity>
                <income-elasticity year="2025">0.001</income-elasticity>
                <income-elasticity year="2030">9e-04</income-elasticity>
                <income-elasticity year="2035">7e-04</income-elasticity>
                <income-elasticity year="2040">6e-04</income-elasticity>
                <income-elasticity year="2045">5e-04</income-elasticity>
                <income-elasticity year="2050">5e-04</income-elasticity>
                <income-elasticity year="2055">4e-04</income-elasticity>
                <income-elasticity year="2060">3e-04</income-elasticity>
                <income-elasticity year="2065">3e-04</income-elasticity>
                <income-elasticity year="2070">3e-04</income-elasticity>
                <income-elasticity year="2075">2e-04</income-elasticity>
                <income-elasticity year="2080">2e-04</income-elasticity>
                <income-elasticity year="2085">2e-04</income-elasticity>
                <income-elasticity year="2090">1e-04</income-elasticity>
                <income-elasticity year="2095">1e-04</income-elasticity>
                <income-elasticity year="2100">1e-04</income-elasticity>
            </energy-final-demand>
        </region>
        <region name="Europe_Eastern">
            <energy-final-demand name="FoodDemand_Crops">
                <income-elasticity year="2015">0.0473</income-elasticity>
                <income-elasticity year="2020">0.0468</income-elasticity>
                <income-elasticity year="2025">0.0463</income-elasticity>
                <income-elasticity year="2030">0.0458</income-elasticity>
                <income-elasticity year="2035">0.0454</income-elasticity>
                <income-elasticity year="2040">0.045</income-elasticity>
                <income-elasticity year="2045">0.0447</income-elasticity>
                <income-elasticity year="2050">0.0444</income-elasticity>
                <income-elasticity year="2055">0.0441</income-elasticity>
                <income-elasticity year="2060">0.0438</income-elasticity>
                <income-elasticity year="2065">0.0436</income-elasticity>
                <income-elasticity year="2070">0.0433</income-elasticity>
                <income-elasticity year="2075">0.0431</income-elasticity>
                <income-elasticity year="2080">0.0428</income-elasticity>
                <income-elasticity year="2085">0.0426</income-elasticity>
                <income-elasticity year="2090">0.0424</income-elasticity>
                <income-elasticity year="2095">0.0422</income-elasticity>
                <income-elasticity year="2100">0.0421</income-elasticity>
            </energy-final-demand>
            <energy-final-demand name="FoodDemand_Meat">
                <income-elasticity year="2015">0.2555</income-elasticity>
                <income-elasticity year="2020">0.1633</income-elasticity>
                <income-elasticity year="2025">0.105</income-elasticity>
                <income-elasticity year="2030">0.0687</income-elasticity>
                <income-elasticity year="2035">0.0464</income-elasticity>
                <income-elasticity year="2040">0.0326</income-elasticity>
                <income-elasticity year="2045">0.0238</income-elasticity>
                <income-elasticity year="2050">0.0181</income-elasticity>
                <income-elasticity year="2055">0.014</income-elasticity>
                <income-elasticity year="2060">0.0108</income-elasticity>
                <income-elasticity year="2065">0.0084</income-elasticity>
                <income-elasticity year="2070">0.0065</income-elasticity>
                <income-elasticity year="2075">0.0052</income-elasticity>
                <income-elasticity year="2080">0.0042</income-elasticity>
                <income-elasticity year="2085">0.0034</income-elasticity>
                <income-elasticity year="2090">0.0028</income-elasticity>
                <income-elasticity year="2095">0.0024</income-elasticity>
                <income-elasticity year="2100">0.002</income-elasticity>
            </energy-final-demand>
        </region>
        <region name="Europe_Non_EU">
            <energy-final-demand name="FoodDemand_Crops">
                <income-elasticity year="2015">0.045</income-elasticity>
                <income-elasticity year="2020">0.0446</income-elasticity>
                <income-elasticity year="2025">0.0442</income-elasticity>
                <income-elasticity year="2030">0.0439</income-elasticity>
                <income-elasticity year="2035">0.0436</income-elasticity>
                <income-elasticity year="2040">0.0434</income-elasticity>
                <income-elasticity year="2045">0.0431</income-elasticity>
                <income-elasticity year="2050">0.0429</income-elasticity>
                <income-elasticity year="2055">0.0427</income-elasticity>
                <income-elasticity year="2060">0.0424</income-elasticity>
                <income-elasticity year="2065">0.0422</income-elasticity>
                <income-elasticity year="2070">0.042</income-elasticity>
                <income-elasticity year="2075">0.0418</income-elasticity>
                <income-elasticity year="2080">0.0416</income-elasticity>
                <income-elasticity year="2085">0.0414</income-elasticity>
                <income-elasticity year="2090">0.0412</income-elasticity>
                <income-elasticity year="2095">0.0411</income-elasticity>
                <income-elasticity year="2100">0.0409</income-elasticity>
            </energy-final-demand>
            <energy-final-demand name="FoodDemand_Meat">
                <income-elasticity year="2015">0.0316</income-elasticity>
                <income-elasticity year="2020">0.0221</income-elasticity>
                <income-elasticity year="2025">0.0157</income-elasticity>
                <income-elasticity year="2030">0.0116</income-elasticity>
                <income-elasticity year="2035">0.0089</income-elasticity>
                <income-elasticity year="2040">0.0069</income-elasticity>
                <income-elasticity year="2045">0.0054</income-elasticity>
                <income-elasticity year="2050">0.0043</income-elasticity>
                <income-elasticity year="2055">0.0035</income-elasticity>
                <income-elasticity year="2060">0.0028</income-elasticity>
                <income-elasticity year="2065">0.0023</income-elasticity>
                <income-elasticity year="2070">0.0019</income-elasticity>
                <income-elasticity year="2075">0.0015</income-elasticity>
                <income-elasticity year="2080">0.0013</income-elasticity>
                <income-elasticity year="2085">0.0011</income-elasticity>
                <income-elasticity year="2090">9e-04</income-elasticity>
                <income-elasticity year="2095">8e-04</income-elasticity>
                <income-elasticity year="2100">6e-04</income-elasticity>
            </energy-final-demand>
        </region>
        <region name="European Free Trade Association">
            <energy-final-demand name="FoodDemand_Crops">
                <income-elasticity year="2015">0.0399</income-elasticity>
                <income-elasticity year="2020">0.0398</income-elasticity>
                <income-elasticity year="2025">0.0396</income-elasticity>
                <income-elasticity year="2030">0.0395</income-elasticity>
                <income-elasticity year="2035">0.0394</income-elasticity>
                <income-elasticity year="2040">0.0393</income-elasticity>
                <income-elasticity year="2045">0.0392</income-elasticity>
                <income-elasticity year="2050">0.0391</income-elasticity>
                <income-elasticity year="2055">0.0389</income-elasticity>
                <income-elasticity year="2060">0.0388</income-elasticity>
                <income-elasticity year="2065">0.0386</income-elasticity>
                <income-elasticity year="2070">0.0385</income-elasticity>
                <income-elasticity year="2075">0.0383</income-elasticity>
                <income-elasticity year="2080">0.0382</income-elasticity>
                <income-elasticity year="2085">0.038</income-elasticity>
                <income-elasticity year="2090">0.0379</income-elasticity>
                <income-elasticity year="2095">0.0378</income-elasticity>
                <income-elasticity year="2100">0.0376</income-elasticity>
            </energy-final-demand>
            <energy-final-demand name="FoodDemand_Meat">
                <income-elasticity year="2015">3e-04</income-elasticity>
                <income-elasticity year="2020">2e-04</income-elasticity>
                <income-elasticity year="2025">2e-04</income-elasticity>
                <income-elasticity year="2030">2e-04</income-elasticity>
                <income-elasticity year="2035">2e-04</income-elasticity>
                <income-elasticity year="2040">1e-04</income-elasticity>
                <income-elasticity year="2045">1e-04</income-elasticity>
                <income-elasticity year="2050">1e-04</income-elasticity>
                <income-elasticity year="2055">1e-04</income-elasticity>
                <income-elasticity year="2060">1e-04</income-elasticity>
                <income-elasticity year="2065">1e-04</income-elasticity>
                <income-elasticity year="2070">1e-04</income-elasticity>
                <income-elasticity year="2075">1e-04</income-elasticity>
                <income-elasticity year="2080">0</income-elasticity>
                <income-elasticity year="2085">0</income-elasticity>
                <income-elasticity year="2090">0</income-elasticity>
                <income-elasticity year="2095">0</income-elasticity>
                <income-elasticity year="2100">0</income-elasticity>
            </energy-final-demand>
        </region>
        <region name="India">
            <energy-final-demand name="FoodDemand_Crops">
                <income-elasticity year="2015">0.0494</income-elasticity>
                <income-elasticity year="2020">0.0488</income-elasticity>
                <income-elasticity year="2025">0.0481</income-elasticity>
                <income-elasticity year="2030">0.0476</income-elasticity>
                <income-elasticity year="2035">0.0471</income-elasticity>
                <income-elasticity year="2040">0.0466</income-elasticity>
                <income-elasticity year="2045">0.0462</income-elasticity>
                <income-elasticity year="2050">0.0458</income-elasticity>
                <income-elasticity year="2055">0.0455</income-elasticity>
                <income-elasticity year="2060">0.0451</income-elasticity>
                <income-elasticity year="2065">0.0448</income-elasticity>
                <income-elasticity year="2070">0.0445</income-elasticity>
                <income-elasticity year="2075">0.0442</income-elasticity>
                <income-elasticity year="2080">0.0439</income-elasticity>
                <income-elasticity year="2085">0.0436</income-elasticity>
                <income-elasticity year="2090">0.0434</income-elasticity>
                <income-elasticity year="2095">0.0431</income-elasticity>
                <income-elasticity year="2100">0.0429</income-elasticity>
            </energy-final-demand>
            <energy-final-demand name="FoodDemand_Meat">
                <income-elasticity year="2015">0.3938</income-elasticity>
                <income-elasticity year="2020">0.3673</income-elasticity>
                <income-elasticity year="2025">0.4</income-elasticity>
                <income-elasticity year="2030">0.4578</income-elasticity>
                <income-elasticity year="2035">0.5143</income-elasticity>
                <income-elasticity year="2040">0.5544</income-elasticity>
                <income-elasticity year="2045">0.6033</income-elasticity>
                <income-elasticity year="2050">0.5551</income-elasticity>
                <income-elasticity year="2055">0.0498</income-elasticity>
                <income-elasticity year="2060">0.0361</income-elasticity>
                <income-elasticity year="2065">0.0265</income-elasticity>
                <income-elasticity year="2070">0.0198</income-elasticity>
                <income-elasticity year="2075">0.015</income-elasticity>
                <income-elasticity year="2080">0.0115</income-elasticity>
                <income-elasticity year="2085">0.0089</income-elasticity>
                <income-elasticity year="2090">0.007</income-elasticity>
                <income-elasticity year="2095">0.0056</income-elasticity>
                <income-elasticity year="2100">0.0045</income-elasticity>
            </energy-final-demand>
        </region>
        <region name="Indonesia">
            <energy-final-demand name="FoodDemand_Crops">
                <income-elasticity year="2015">0.0475</income-elasticity>
                <income-elasticity year="2020">0.0469</income-elasticity>
                <income-elasticity year="2025">0.0462</income-elasticity>
                <income-elasticity year="2030">0.0456</income-elasticity>
                <income-elasticity year="2035">0.0451</income-elasticity>
                <income-elasticity year="2040">0.0446</income-elasticity>
                <income-elasticity year="2045">0.0442</income-elasticity>
                <income-elasticity year="2050">0.0438</income-elasticity>
                <income-elasticity year="2055">0.0435</income-elasticity>
                <income-elasticity year="2060">0.0431</income-elasticity>
                <income-elasticity year="2065">0.0428</income-elasticity>
                <income-elasticity year="2070">0.0425</income-elasticity>
                <income-elasticity year="2075">0.0423</income-elasticity>
                <income-elasticity year="2080">0.042</income-elasticity>
                <income-elasticity year="2085">0.0418</income-elasticity>
                <income-elasticity year="2090">0.0415</income-elasticity>
                <income-elasticity year="2095">0.0413</income-elasticity>
                <income-elasticity year="2100">0.0411</income-elasticity>
            </energy-final-demand>
            <energy-final-demand name="FoodDemand_Meat">
                <income-elasticity year="2015">0.318</income-elasticity>
                <income-elasticity year="2020">0.1815</income-elasticity>
                <income-elasticity year="2025">0.0997</income-elasticity>
                <income-elasticity year="2030">0.0572</income-elasticity>
                <income-elasticity year="2035">0.0352</income-elasticity>
                <income-elasticity year="2040">0.0228</income-elasticity>
                <income-elasticity year="2045">0.0153</income-elasticity>
                <income-elasticity year="2050">0.0106</income-elasticity>
                <income-elasticity year="2055">0.0076</income-elasticity>
                <income-elasticity year="2060">0.0055</income-elasticity>
                <income-elasticity year="2065">0.0041</income-elasticity>
                <income-elasticity year="2070">0.0031</income-elasticity>
                <income-elasticity year="2075">0.0024</income-elasticity>
                <income-elasticity year="2080">0.0019</income-elasticity>
                <income-elasticity year="2085">0.0015</income-elasticity>
                <income-elasticity year="2090">0.0012</income-elasticity>
                <income-elasticity year="2095">0.001</income-elasticity>
                <income-elasticity year="2100">8e-04</income-elasticity>
            </energy-final-demand>
        </region>
        <region name="Japan">
            <energy-final-demand name="FoodDemand_Crops">
                <income-elasticity year="2015">0.0413</income-elasticity>
                <income-elasticity year="2020">0.0411</income-elasticity>
                <income-elasticity year="2025">0.041</income-elasticity>
                <income-elasticity year="2030">0.0408</income-elasticity>
                <income-elasticity year="2035">0.0407</income-elasticity>
                <income-elasticity year="2040">0.0406</income-elasticity>
                <income-elasticity year="2045">0.0404</income-elasticity>
                <income-elasticity year="2050">0.0403</income-elasticity>
                <income-elasticity year="2055">0.0402</income-elasticity>
                <income-elasticity year="2060">0.0401</income-elasticity>
                <income-elasticity year="2065">0.0399</income-elasticity>
                <income-elasticity year="2070">0.0398</income-elasticity>
                <income-elasticity year="2075">0.0396</income-elasticity>
                <income-elasticity year="2080">0.0395</income-elasticity>
                <income-elasticity year="2085">0.0393</income-elasticity>
                <income-elasticity year="2090">0.0392</income-elasticity>
                <income-elasticity year="2095">0.039</income-elasticity>
                <income-elasticity year="2100">0.0389</income-elasticity>
            </energy-final-demand>
            <energy-final-demand name="FoodDemand_Meat">
                <income-elasticity year="2015">9e-04</income-elasticity>
                <income-elasticity year="2020">8e-04</income-elasticity>
                <income-elasticity year="2025">7e-04</income-elasticity>
                <income-elasticity year="2030">6e-04</income-elasticity>
                <income-elasticity year="2035">5e-04</income-elasticity>
                <income-elasticity year="2040">5e-04</income-elasticity>
                <income-elasticity year="2045">4e-04</income-elasticity>
                <income-elasticity year="2050">4e-04</income-elasticity>
                <income-elasticity year="2055">3e-04</income-elasticity>
                <income-elasticity year="2060">3e-04</income-elasticity>
                <income-elasticity year="2065">2e-04</income-elasticity>
                <income-elasticity year="2070">2e-04</income-elasticity>
                <income-elasticity year="2075">2e-04</income-elasticity>
                <income-elasticity year="2080">2e-04</income-elasticity>
                <income-elasticity year="2085">1e-04</income-elasticity>
                <income-elasticity year="2090">1e-04</income-elasticity>
                <income-elasticity year="2095">1e-04</income-elasticity>
                <income-elasticity year="2100">1e-04</income-elasticity>
            </energy-final-demand>
        </region>
        <region name="Mexico">
            <energy-final-demand name="FoodDemand_Crops">
                <income-elasticity year="2015">0.0449</income-elasticity>
                <income-elasticity year="2020">0.0447</income-elasticity>
                <income-elasticity year="2025">0.0444</income-elasticity>
                <income-elasticity year="2030">0.0441</income-elasticity>
                <income-elasticity year="2035">0.0439</income-elasticity>
                <income-elasticity year="2040">0.0436</income-elasticity>
                <income-elasticity year="2045">0.0433</income-elasticity>
                <income-elasticity year="2050">0.0431</income-elasticity>
                <income-elasticity year="2055">0.0428</income-elasticity>
                <income-elasticity year="2060">0.0426</income-elasticity>
                <income-elasticity year="2065">0.0423</income-elasticity>
                <income-elasticity year="2070">0.0421</income-elasticity>
                <income-elasticity year="2075">0.0419</income-elasticity>
                <income-elasticity year="2080">0.0416</income-elasticity>
                <income-elasticity year="2085">0.0414</income-elasticity>
                <income-elasticity year="2090">0.0412</income-elasticity>
                <income-elasticity year="2095">0.041</income-elasticity>
                <income-elasticity year="2100">0.0407</income-elasticity>
            </energy-final-demand>
            <energy-final-demand name="FoodDemand_Meat">
                <income-elasticity year="2015">0.0305</income-elasticity>
                <income-elasticity year="2020">0.0235</income-elasticity>
                <income-elasticity year="2025">0.0182</income-elasticity>
                <income-elasticity year="2030">0.0141</income-elasticity>
                <income-elasticity year="2035">0.011</income-elasticity>
                <income-elasticity year="2040">0.0086</income-elasticity>
                <income-elasticity year="2045">0.0068</income-elasticity>
                <income-elasticity year="2050">0.0053</income-elasticity>
                <income-elasticity year="2055">0.0042</income-elasticity>
                <income-elasticity year="2060">0.0033</income-elasticity>
                <income-elasticity year="2065">0.0026</income-elasticity>
                <income-elasticity year="2070">0.002</income-elasticity>
                <income-elasticity year="2075">0.0016</income-elasticity>
                <income-elasticity year="2080">0.0013</income-elasticity>
                <income-elasticity year="2085">0.001</income-elasticity>
                <income-elasticity year="2090">8e-04</income-elasticity>
                <income-elasticity year="2095">7e-04</income-elasticity>
                <income-elasticity year="2100">6e-04</income-elasticity>
            </energy-final-demand>
        </region>
        <region name="Middle East">
            <energy-final-demand name="FoodDemand_Crops">
                <income-elasticity year="2015">0.045</income-elasticity>
                <income-elasticity year="2020">0.0447</income-elasticity>
                <income-elasticity year="2025">0.0444</income-elasticity>
                <income-elasticity year="2030">0.0441</income-elasticity>
                <income-elasticity year="2035">0.0439</income-elasticity>
                <income-elasticity year="2040">0.0437</income-elasticity>
                <income-elasticity year="2045">0.0435</income-elasticity>
                <income-elasticity year="2050">0.0433</income-elasticity>
                <income-elasticity year="2055">0.0431</income-elasticity>
                <income-elasticity year="2060">0.0429</income-elasticity>
                <income-elasticity year="2065">0.0427</income-elasticity>
                <income-elasticity year="2070">0.0425</income-elasticity>
                <income-elasticity year="2075">0.0423</income-elasticity>
                <income-elasticity year="2080">0.0421</income-elasticity>
                <income-elasticity year="2085">0.042</income-elasticity>
                <income-elasticity year="2090">0.0418</income-elasticity>
                <income-elasticity year="2095">0.0416</income-elasticity>
                <income-elasticity year="2100">0.0414</income-elasticity>
            </energy-final-demand>
            <energy-final-demand name="FoodDemand_Meat">
                <income-elasticity year="2015">0.0315</income-elasticity>
                <income-elasticity year="2020">0.0242</income-elasticity>
                <income-elasticity year="2025">0.0186</income-elasticity>
                <income-elasticity year="2030">0.0144</income-elasticity>
                <income-elasticity year="2035">0.0113</income-elasticity>
                <income-elasticity year="2040">0.0091</income-elasticity>
                <income-elasticity year="2045">0.0075</income-elasticity>
                <income-elasticity year="2050">0.0063</income-elasticity>
                <income-elasticity year="2055">0.0053</income-elasticity>
                <income-elasticity year="2060">0.0045</income-elasticity>
                <income-elasticity year="2065">0.0037</income-elasticity>
                <income-elasticity year="2070">0.0031</income-elasticity>
                <income-elasticity year="2075">0.0026</income-elasticity>
                <income-elasticity year="2080">0.0021</income-elasticity>
                <income-elasticity year="2085">0.0018</income-elasticity>
                <income-elasticity year="2090">0.0015</income-elasticity>
                <income-elasticity year="2095">0.0012</income-elasticity>
                <income-elasticity year="2100">0.001</income-elasticity>
            </energy-final-demand>
        </region>
        <region name="Pakistan">
            <energy-final-demand name="FoodDemand_Crops">
                <income-elasticity year="2015">0.0504</income-elasticity>
                <income-elasticity year="2020">0.0502</income-elasticity>
                <income-elasticity year="2025">0.0498</income-elasticity>
                <income-elasticity year="2030">0.0494</income-elasticity>
                <income-elasticity year="2035">0.049</income-elasticity>
                <income-elasticity year="2040">0.0485</income-elasticity>
                <income-elasticity year="2045">0.0481</income-elasticity>
                <income-elasticity year="2050">0.0476</income-elasticity>
                <income-elasticity year="2055">0.0472</income-elasticity>
                <income-elasticity year="2060">0.0467</income-elasticity>
                <income-elasticity year="2065">0.0463</income-elasticity>
                <income-elasticity year="2070">0.0459</income-elasticity>
                <income-elasticity year="2075">0.0455</income-elasticity>
                <income-elasticity year="2080">0.0451</income-elasticity>
                <income-elasticity year="2085">0.0447</income-elasticity>
                <income-elasticity year="2090">0.0444</income-elasticity>
                <income-elasticity year="2095">0.044</income-elasticity>
                <income-elasticity year="2100">0.0437</income-elasticity>
            </energy-final-demand>
            <energy-final-demand name="FoodDemand_Meat">
                <income-elasticity year="2015">1</income-elasticity>
                <income-elasticity year="2020">0.8466</income-elasticity>
                <income-elasticity year="2025">0.6398</income-elasticity>
                <income-elasticity year="2030">0.5745</income-elasticity>
                <income-elasticity year="2035">0.5467</income-elasticity>
                <income-elasticity year="2040">0.5267</income-elasticity>
                <income-elasticity year="2045">0.527</income-elasticity>
                <income-elasticity year="2050">0.5371</income-elasticity>
                <income-elasticity year="2055">0.5438</income-elasticity>
                <income-elasticity year="2060">0.5503</income-elasticity>
                <income-elasticity year="2065">0.5595</income-elasticity>
                <income-elasticity year="2070">0.5724</income-elasticity>
                <income-elasticity year="2075">0.0327</income-elasticity>
                <income-elasticity year="2080">0</income-elasticity>
                <income-elasticity year="2085">0</income-elasticity>
                <income-elasticity year="2090">0</income-elasticity>
                <income-elasticity year="2095">0</income-elasticity>
                <income-elasticity year="2100">0</income-elasticity>
            </energy-final-demand>
        </region>
        <region name="Russia">
            <energy-final-demand name="FoodDemand_Crops">
                <income-elasticity year="2015">0.0445</income-elasticity>
                <income-elasticity year="2020">0.044</income-elasticity>
                <income-elasticity year="2025">0.0436</income-elasticity>
                <income-elasticity year="2030">0.0432</income-elasticity>
                <income-elasticity year="2035">0.0429</income-elasticity>
                <income-elasticity year="2040">0.0426</income-elasticity>
                <income-elasticity year="2045">0.0424</income-elasticity>
                <income-elasticity year="2050">0.0422</income-elasticity>
                <income-elasticity year="2055">0.0421</income-elasticity>
                <income-elasticity year="2060">0.0419</income-elasticity>
                <income-elasticity year="2065">0.0417</income-elasticity>
                <income-elasticity year="2070">0.0416</income-elasticity>
                <income-elasticity year="2075">0.0414</income-elasticity>
                <income-elasticity year="2080">0.0413</income-elasticity>
                <income-elasticity year="2085">0.0411</income-elasticity>
                <income-elasticity year="2090">0.041</income-elasticity>
                <income-elasticity year="2095">0.0409</income-elasticity>
                <income-elasticity year="2100">0.0407</income-elasticity>
            </energy-final-demand>
            <energy-final-demand name="FoodDemand_Meat">
                <income-elasticity year="2015">0.0203</income-elasticity>
                <income-elasticity year="2020">0.0131</income-elasticity>
                <income-elasticity year="2025">0.0087</income-elasticity>
                <income-elasticity year="2030">0.006</income-elasticity>
                <income-elasticity year="2035">0.0043</income-elasticity>
                <income-elasticity year="2040">0.0033</income-elasticity>
                <income-elasticity year="2045">0.0027</income-elasticity>
                <income-elasticity year="2050">0.0023</income-elasticity>
                <income-elasticity year="2055">0.002</income-elasticity>
                <income-elasticity year="2060">0.0017</income-elasticity>
                <income-elasticity year="2065">0.0014</income-elasticity>
                <income-elasticity year="2070">0.0012</income-elasticity>
                <income-elasticity year="2075">0.001</income-elasticity>
                <income-elasticity year="2080">9e-04</income-elasticity>
                <income-elasticity year="2085">8e-04</income-elasticity>
                <income-elasticity year="2090">7e-04</income-elasticity>
                <income-elasticity year="2095">6e-04</income-elasticity>
                <income-elasticity year="2100">6e-04</income-elasticity>
            </energy-final-demand>
        </region>
        <region name="South Africa">
            <energy-final-demand name="FoodDemand_Crops">
                <income-elasticity year="2015">0.0455</income-elasticity>
                <income-elasticity year="2020">0.0451</income-elasticity>
                <income-elasticity year="2025">0.0447</income-elasticity>
                <income-elasticity year="2030">0.0443</income-elasticity>
                <income-elasticity year="2035">0.044</income-elasticity>
                <income-elasticity year="2040">0.0437</income-elasticity>
                <income-elasticity year="2045">0.0434</income-elasticity>
                <income-elasticity year="2050">0.0432</income-elasticity>
                <income-elasticity year="2055">0.043</income-elasticity>
                <income-elasticity year="2060">0.0427</income-elasticity>
                <income-elasticity year="2065">0.0425</income-elasticity>
                <income-elasticity year="2070">0.0423</income-elasticity>
                <income-elasticity year="2075">0.0421</income-elasticity>
                <income-elasticity year="2080">0.0419</income-elasticity>
                <income-elasticity year="2085">0.0417</income-elasticity>
                <income-elasticity year="2090">0.0415</income-elasticity>
                <income-elasticity year="2095">0.0413</income-elasticity>
                <income-elasticity year="2100">0.0412</income-elasticity>
            </energy-final-demand>
            <energy-final-demand name="FoodDemand_Meat">
                <income-elasticity year="2015">0.0515</income-elasticity>
                <income-elasticity year="2020">0.0362</income-elasticity>
                <income-elasticity year="2025">0.0248</income-elasticity>
                <income-elasticity year="2030">0.0175</income-elasticity>
                <income-elasticity year="2035">0.0129</income-elasticity>
                <income-elasticity year="2040">0.0097</income-elasticity>
                <income-elasticity year="2045">0.0075</income-elasticity>
                <income-elasticity year="2050">0.0059</income-elasticity>
                <income-elasticity year="2055">0.0047</income-elasticity>
                <income-elasticity year="2060">0.0038</income-elasticity>
                <income-elasticity year="2065">0.003</income-elasticity>
                <income-elasticity year="2070">0.0025</income-elasticity>
                <income-elasticity year="2075">0.002</income-elasticity>
                <income-elasticity year="2080">0.0017</income-elasticity>
                <income-elasticity year="2085">0.0014</income-elasticity>
                <income-elasticity year="2090">0.0012</income-elasticity>
                <income-elasticity year="2095">0.001</income-elasticity>
                <income-elasticity year="2100">8e-04</income-elasticity>
            </energy-final-demand>
        </region>
        <region name="South America_Northern">
            <energy-final-demand name="FoodDemand_Crops">
                <income-elasticity year="2015">0.0441</income-elasticity>
                <income-elasticity year="2020">0.0438</income-elasticity>
                <income-elasticity year="2025">0.0436</income-elasticity>
                <income-elasticity year="2030">0.0433</income-elasticity>
                <income-elasticity year="2035">0.0431</income-elasticity>
                <income-elasticity year="2040">0.0428</income-elasticity>
                <income-elasticity year="2045">0.0426</income-elasticity>
                <income-elasticity year="2050">0.0423</income-elasticity>
                <income-elasticity year="2055">0.0421</income-elasticity>
                <income-elasticity year="2060">0.0418</income-elasticity>
                <income-elasticity year="2065">0.0416</income-elasticity>
                <income-elasticity year="2070">0.0414</income-elasticity>
                <income-elasticity year="2075">0.0411</income-elasticity>
                <income-elasticity year="2080">0.0409</income-elasticity>
                <income-elasticity year="2085">0.0407</income-elasticity>
                <income-elasticity year="2090">0.0405</income-elasticity>
                <income-elasticity year="2095">0.0403</income-elasticity>
                <income-elasticity year="2100">0.0401</income-elasticity>
            </energy-final-demand>
            <energy-final-demand name="FoodDemand_Meat">
                <income-elasticity year="2015">0.0137</income-elasticity>
                <income-elasticity year="2020">0.0108</income-elasticity>
                <income-elasticity year="2025">0.0087</income-elasticity>
                <income-elasticity year="2030">0.0068</income-elasticity>
                <income-elasticity year="2035">0.0053</income-elasticity>
                <income-elasticity year="2040">0.0041</income-elasticity>
                <income-elasticity year="2045">0.0033</income-elasticity>
                <income-elasticity year="2050">0.0026</income-elasticity>
                <income-elasticity year="2055">0.002</income-elasticity>
                <income-elasticity year="2060">0.0016</income-elasticity>
                <income-elasticity year="2065">0.0012</income-elasticity>
                <income-elasticity year="2070">0.001</income-elasticity>
                <income-elasticity year="2075">8e-04</income-elasticity>
                <income-elasticity year="2080">6e-04</income-elasticity>
                <income-elasticity year="2085">5e-04</income-elasticity>
                <income-elasticity year="2090">4e-04</income-elasticity>
                <income-elasticity year="2095">3e-04</income-elasticity>
                <income-elasticity year="2100">3e-04</income-elasticity>
            </energy-final-demand>
        </region>
        <region name="South America_Southern">
            <energy-final-demand name="FoodDemand_Crops">
                <income-elasticity year="2015">0.0458</income-elasticity>
                <income-elasticity year="2020">0.0453</income-elasticity>
                <income-elasticity year="2025">0.0449</income-elasticity>
                <income-elasticity year="2030">0.0445</income-elasticity>
                <income-elasticity year="2035">0.0442</income-elasticity>
                <income-elasticity year="2040">0.0438</income-elasticity>
                <income-elasticity year="2045">0.0435</income-elasticity>
                <income-elasticity year="2050">0.0433</income-elasticity>
                <income-elasticity year="2055">0.043</income-elasticity>
                <income-elasticity year="2060">0.0427</income-elasticity>
                <income-elasticity year="2065">0.0424</income-elasticity>
                <income-elasticity year="2070">0.0422</income-elasticity>
                <income-elasticity year="2075">0.0419</income-elasticity>
                <income-elasticity year="2080">0.0417</income-elasticity>
                <income-elasticity year="2085">0.0415</income-elasticity>
                <income-elasticity year="2090">0.0412</income-elasticity>
                <income-elasticity year="2095">0.041</income-elasticity>
                <income-elasticity year="2100">0.0408</income-elasticity>
            </energy-final-demand>
            <energy-final-demand name="FoodDemand_Meat">
                <income-elasticity year="2015">0.0656</income-elasticity>
                <income-elasticity year="2020">0.0428</income-elasticity>
                <income-elasticity year="2025">0.0287</income-elasticity>
                <income-elasticity year="2030">0.0201</income-elasticity>
                <income-elasticity year="2035">0.0147</income-elasticity>
                <income-elasticity year="2040">0.0109</income-elasticity>
                <income-elasticity year="2045">0.0082</income-elasticity>
                <income-elasticity year="2050">0.0062</income-elasticity>
                <income-elasticity year="2055">0.0047</income-elasticity>
                <income-elasticity year="2060">0.0036</income-elasticity>
                <income-elasticity year="2065">0.0028</income-elasticity>
                <income-elasticity year="2070">0.0022</income-elasticity>
                <income-elasticity year="2075">0.0017</income-elasticity>
                <income-elasticity year="2080">0.0014</income-elasticity>
                <income-elasticity year="2085">0.0011</income-elasticity>
                <income-elasticity year="2090">9e-04</income-elasticity>
                <income-elasticity year="2095">7e-04</income-elasticity>
                <income-elasticity year="2100">6e-04</income-elasticity>
            </energy-final-demand>
        </region>
        <region name="South Asia">
            <energy-final-demand name="FoodDemand_Crops">
                <income-elasticity year="2015">0.0508</income-elasticity>
                <income-elasticity year="2020">0.0502</income-elasticity>
                <income-elasticity year="2025">0.0496</income-elasticity>
                <income-elasticity year="2030">0.0491</income-elasticity>
                <income-elasticity year="2035">0.0486</income-elasticity>
                <income-elasticity year="2040">0.0482</income-elasticity>
                <income-elasticity year="2045">0.0477</income-elasticity>
                <income-elasticity year="2050">0.0473</income-elasticity>
                <income-elasticity year="2055">0.0469</income-elasticity>
                <income-elasticity year="2060">0.0465</income-elasticity>
                <income-elasticity year="2065">0.0461</income-elasticity>
                <income-elasticity year="2070">0.0457</income-elasticity>
                <income-elasticity year="2075">0.0453</income-elasticity>
                <income-elasticity year="2080">0.045</income-elasticity>
                <income-elasticity year="2085">0.0446</income-elasticity>
                <income-elasticity year="2090">0.0443</income-elasticity>
                <income-elasticity year="2095">0.0439</income-elasticity>
                <income-elasticity year="2100">0.0436</income-elasticity>
            </energy-final-demand>
            <energy-final-demand name="FoodDemand_Meat">
                <income-elasticity year="2015">0.4232</income-elasticity>
                <income-elasticity year="2020">0.3971</income-elasticity>
                <income-elasticity year="2025">0.4349</income-elasticity>
                <income-elasticity year="2030">0.4905</income-elasticity>
                <income-elasticity year="2035">0.5473</income-elasticity>
                <income-elasticity year="2040">0.5606</income-elasticity>
                <income-elasticity year="2045">0.5773</income-elasticity>
                <income-elasticity year="2050">0.5898</income-elasticity>
                <income-elasticity year="2055">0.596</income-elasticity>
                <income-elasticity year="2060">0.5997</income-elasticity>
                <income-elasticity year="2065">0.6105</income-elasticity>
                <income-elasticity year="2070">0.6245</income-elasticity>
                <income-elasticity year="2075">0.6377</income-elasticity>
                <income-elasticity year="2080">0.6569</income-elasticity>
                <income-elasticity year="2085">0.6768</income-elasticity>
                <income-elasticity year="2090">0.697</income-elasticity>
                <income-elasticity year="2095">0.6795</income-elasticity>
                <income-elasticity year="2100">0.0086</income-elasticity>
            </energy-final-demand>
        </region>
        <region name="South Korea">
            <energy-final-demand name="FoodDemand_Crops">
                <income-elasticity year="2015">0.0427</income-elasticity>
                <income-elasticity year="2020">0.0423</income-elasticity>
                <income-elasticity year="2025">0.0419</income-elasticity>
                <income-elasticity year="2030">0.0416</income-elasticity>
                <income-elasticity year="2035">0.0413</income-elasticity>
                <income-elasticity year="2040">0.041</income-elasticity>
                <income-elasticity year="2045">0.0408</income-elasticity>
                <income-elasticity year="2050">0.0406</income-elasticity>
                <income-elasticity year="2055">0.0404</income-elasticity>
                <income-elasticity year="2060">0.0403</income-elasticity>
                <income-elasticity year="2065">0.0401</income-elasticity>
                <income-elasticity year="2070">0.0399</income-elasticity>
                <income-elasticity year="2075">0.0398</income-elasticity>
                <income-elasticity year="2080">0.0396</income-elasticity>
                <income-elasticity year="2085">0.0395</income-elasticity>
                <income-elasticity year="2090">0.0394</income-elasticity>
                <income-elasticity year="2095">0.0392</income-elasticity>
                <income-elasticity year="2100">0.0391</income-elasticity>
            </energy-final-demand>
            <energy-final-demand name="FoodDemand_Meat">
                <income-elasticity year="2015">0.0037</income-elasticity>
                <income-elasticity year="2020">0.0024</income-elasticity>
                <income-elasticity year="2025">0.0017</income-elasticity>
                <income-elasticity year="2030">0.0012</income-elasticity>
                <income-elasticity year="2035">9e-04</income-elasticity>
                <income-elasticity year="2040">7e-04</income-elasticity>
                <income-elasticity year="2045">6e-04</income-elasticity>
                <income-elasticity year="2050">5e-04</income-elasticity>
                <income-elasticity year="2055">4e-04</income-elasticity>
                <income-elasticity year="2060">3e-04</income-elasticity>
                <income-elasticity year="2065">3e-04</income-elasticity>
                <income-elasticity year="2070">3e-04</income-elasticity>
                <income-elasticity year="2075">2e-04</income-elasticity>
                <income-elasticity year="2080">2e-04</income-elasticity>
                <income-elasticity year="2085">2e-04</income-elasticity>
                <income-elasticity year="2090">1e-04</income-elasticity>
                <income-elasticity year="2095">1e-04</income-elasticity>
                <income-elasticity year="2100">1e-04</income-elasticity>
            </energy-final-demand>
        </region>
        <region name="Southeast Asia">
            <energy-final-demand name="FoodDemand_Crops">
                <income-elasticity year="2015">0.0474</income-elasticity>
                <income-elasticity year="2020">0.0469</income-elasticity>
                <income-elasticity year="2025">0.0465</income-elasticity>
                <income-elasticity year="2030">0.046</income-elasticity>
                <income-elasticity year="2035">0.0456</income-elasticity>
                <income-elasticity year="2040">0.0453</income-elasticity>
                <income-elasticity year="2045">0.0449</income-elasticity>
                <income-elasticity year="2050">0.0446</income-elasticity>
                <income-elasticity year="2055">0.0443</income-elasticity>
                <income-elasticity year="2060">0.044</income-elasticity>
                <income-elasticity year="2065">0.0437</income-elasticity>
                <income-elasticity year="2070">0.0434</income-elasticity>
                <income-elasticity year="2075">0.0431</income-elasticity>
                <income-elasticity year="2080">0.0429</income-elasticity>
                <income-elasticity year="2085">0.0426</income-elasticity>
                <income-elasticity year="2090">0.0424</income-elasticity>
                <income-elasticity year="2095">0.0421</income-elasticity>
                <income-elasticity year="2100">0.0419</income-elasticity>
            </energy-final-demand>
            <energy-final-demand name="FoodDemand_Meat">
                <income-elasticity year="2015">0.2793</income-elasticity>
                <income-elasticity year="2020">0.1882</income-elasticity>
                <income-elasticity year="2025">0.1241</income-elasticity>
                <income-elasticity year="2030">0.0843</income-elasticity>
                <income-elasticity year="2035">0.0591</income-elasticity>
                <income-elasticity year="2040">0.0423</income-elasticity>
                <income-elasticity year="2045">0.0306</income-elasticity>
                <income-elasticity year="2050">0.0224</income-elasticity>
                <income-elasticity year="2055">0.0166</income-elasticity>
                <income-elasticity year="2060">0.0124</income-elasticity>
                <income-elasticity year="2065">0.0094</income-elasticity>
                <income-elasticity year="2070">0.0071</income-elasticity>
                <income-elasticity year="2075">0.0055</income-elasticity>
                <income-elasticity year="2080">0.0042</income-elasticity>
                <income-elasticity year="2085">0.0033</income-elasticity>
                <income-elasticity year="2090">0.0026</income-elasticity>
                <income-elasticity year="2095">0.0021</income-elasticity>
                <income-elasticity year="2100">0.0017</income-elasticity>
            </energy-final-demand>
        </region>
        <region name="Argentina">
            <energy-final-demand name="FoodDemand_Crops">
                <income-elasticity year="2015">0.0443</income-elasticity>
                <income-elasticity year="2020">0.0439</income-elasticity>
                <income-elasticity year="2025">0.0436</income-elasticity>
                <income-elasticity year="2030">0.0433</income-elasticity>
                <income-elasticity year="2035">0.043</income-elasticity>
                <income-elasticity year="2040">0.0427</income-elasticity>
                <income-elasticity year="2045">0.0425</income-elasticity>
                <income-elasticity year="2050">0.0423</income-elasticity>
                <income-elasticity year="2055">0.0421</income-elasticity>
                <income-elasticity year="2060">0.0419</income-elasticity>
                <income-elasticity year="2065">0.0417</income-elasticity>
                <income-elasticity year="2070">0.0415</income-elasticity>
                <income-elasticity year="2075">0.0413</income-elasticity>
                <income-elasticity year="2080">0.0411</income-elasticity>
                <income-elasticity year="2085">0.0409</income-elasticity>
                <income-elasticity year="2090">0.0408</income-elasticity>
                <income-elasticity year="2095">0.0406</income-elasticity>
                <income-elasticity year="2100">0.0405</income-elasticity>
            </energy-final-demand>
            <energy-final-demand name="FoodDemand_Meat">
                <income-elasticity year="2015">0.0175</income-elasticity>
                <income-elasticity year="2020">0.012</income-elasticity>
                <income-elasticity year="2025">0.0086</income-elasticity>
                <income-elasticity year="2030">0.0063</income-elasticity>
                <income-elasticity year="2035">0.0048</income-elasticity>
                <income-elasticity year="2040">0.0037</income-elasticity>
                <income-elasticity year="2045">0.003</income-elasticity>
                <income-elasticity year="2050">0.0024</income-elasticity>
                <income-elasticity year="2055">0.002</income-elasticity>
                <income-elasticity year="2060">0.0016</income-elasticity>
                <income-elasticity year="2065">0.0013</income-elasticity>
                <income-elasticity year="2070">0.0011</income-elasticity>
                <income-elasticity year="2075">9e-04</income-elasticity>
                <income-elasticity year="2080">8e-04</income-elasticity>
                <income-elasticity year="2085">7e-04</income-elasticity>
                <income-elasticity year="2090">6e-04</income-elasticity>
                <income-elasticity year="2095">5e-04</income-elasticity>
                <income-elasticity year="2100">4e-04</income-elasticity>
            </energy-final-demand>
        </region>
        <region name="Colombia">
            <energy-final-demand name="FoodDemand_Crops">
                <income-elasticity year="2015">0.0459</income-elasticity>
                <income-elasticity year="2020">0.0455</income-elasticity>
                <income-elasticity year="2025">0.0452</income-elasticity>
                <income-elasticity year="2030">0.0449</income-elasticity>
                <income-elasticity year="2035">0.0446</income-elasticity>
                <income-elasticity year="2040">0.0443</income-elasticity>
                <income-elasticity year="2045">0.044</income-elasticity>
                <income-elasticity year="2050">0.0438</income-elasticity>
                <income-elasticity year="2055">0.0435</income-elasticity>
                <income-elasticity year="2060">0.0432</income-elasticity>
                <income-elasticity year="2065">0.0429</income-elasticity>
                <income-elasticity year="2070">0.0427</income-elasticity>
                <income-elasticity year="2075">0.0424</income-elasticity>
                <income-elasticity year="2080">0.0422</income-elasticity>
                <income-elasticity year="2085">0.0419</income-elasticity>
                <income-elasticity year="2090">0.0417</income-elasticity>
                <income-elasticity year="2095">0.0415</income-elasticity>
                <income-elasticity year="2100">0.0412</income-elasticity>
            </energy-final-demand>
            <energy-final-demand name="FoodDemand_Meat">
                <income-elasticity year="2015">0.0719</income-elasticity>
                <income-elasticity year="2020">0.0505</income-elasticity>
                <income-elasticity year="2025">0.0379</income-elasticity>
                <income-elasticity year="2030">0.0294</income-elasticity>
                <income-elasticity year="2035">0.0225</income-elasticity>
                <income-elasticity year="2040">0.0172</income-elasticity>
                <income-elasticity year="2045">0.0131</income-elasticity>
                <income-elasticity year="2050">0.01</income-elasticity>
                <income-elasticity year="2055">0.0076</income-elasticity>
                <income-elasticity year="2060">0.0059</income-elasticity>
                <income-elasticity year="2065">0.0045</income-elasticity>
                <income-elasticity year="2070">0.0035</income-elasticity>
                <income-elasticity year="2075">0.0027</income-elasticity>
                <income-elasticity year="2080">0.0022</income-elasticity>
                <income-elasticity year="2085">0.0017</income-elasticity>
                <income-elasticity year="2090">0.0014</income-elasticity>
                <income-elasticity year="2095">0.0011</income-elasticity>
                <income-elasticity year="2100">9e-04</income-elasticity>
            </energy-final-demand>
        </region>
    </world>
</scenario>
