<?xml version="1.0" encoding="UTF-8"?>
<scenario>
    <world>
        <region name="USA">
            <energy-final-demand name="FoodDemand_Crops">
                <income-elasticity year="2015">0.041</income-elasticity>
                <income-elasticity year="2020">0.0408</income-elasticity>
                <income-elasticity year="2025">0.0406</income-elasticity>
                <income-elasticity year="2030">0.0403</income-elasticity>
                <income-elasticity year="2035">0.0402</income-elasticity>
                <income-elasticity year="2040">0.04</income-elasticity>
                <income-elasticity year="2045">0.0398</income-elasticity>
                <income-elasticity year="2050">0.0397</income-elasticity>
                <income-elasticity year="2055">0.0396</income-elasticity>
                <income-elasticity year="2060">0.0395</income-elasticity>
                <income-elasticity year="2065">0.0394</income-elasticity>
                <income-elasticity year="2070">0.0393</income-elasticity>
                <income-elasticity year="2075">0.0392</income-elasticity>
                <income-elasticity year="2080">0.0391</income-elasticity>
                <income-elasticity year="2085">0.039</income-elasticity>
                <income-elasticity year="2090">0.0389</income-elasticity>
                <income-elasticity year="2095">0.0388</income-elasticity>
                <income-elasticity year="2100">0.0387</income-elasticity>
            </energy-final-demand>
            <energy-final-demand name="FoodDemand_Meat">
                <income-elasticity year="2015">7e-04</income-elasticity>
                <income-elasticity year="2020">6e-04</income-elasticity>
                <income-elasticity year="2025">5e-04</income-elasticity>
                <income-elasticity year="2030">4e-04</income-elasticity>
                <income-elasticity year="2035">3e-04</income-elasticity>
                <income-elasticity year="2040">3e-04</income-elasticity>
                <income-elasticity year="2045">2e-04</income-elasticity>
                <income-elasticity year="2050">2e-04</income-elasticity>
                <income-elasticity year="2055">2e-04</income-elasticity>
                <income-elasticity year="2060">2e-04</income-elasticity>
                <income-elasticity year="2065">1e-04</income-elasticity>
                <income-elasticity year="2070">1e-04</income-elasticity>
                <income-elasticity year="2075">1e-04</income-elasticity>
                <income-elasticity year="2080">1e-04</income-elasticity>
                <income-elasticity year="2085">1e-04</income-elasticity>
                <income-elasticity year="2090">1e-04</income-elasticity>
                <income-elasticity year="2095">1e-04</income-elasticity>
                <income-elasticity year="2100">1e-04</income-elasticity>
            </energy-final-demand>
        </region>
        <region name="Africa_Eastern">
            <energy-final-demand name="FoodDemand_Crops">
                <income-elasticity year="2015">0.0513</income-elasticity>
                <income-elasticity year="2020">0.051</income-elasticity>
                <income-elasticity year="2025">0.0506</income-elasticity>
                <income-elasticity year="2030">0.0503</income-elasticity>
                <income-elasticity year="2035">0.05</income-elasticity>
                <income-elasticity year="2040">0.0499</income-elasticity>
                <income-elasticity year="2045">0.0497</income-elasticity>
                <income-elasticity year="2050">0.0495</income-elasticity>
                <income-elasticity year="2055">0.0493</income-elasticity>
                <income-elasticity year="2060">0.0491</income-elasticity>
                <income-elasticity year="2065">0.0489</income-elasticity>
                <income-elasticity year="2070">0.0488</income-elasticity>
                <income-elasticity year="2075">0.0486</income-elasticity>
                <income-elasticity year="2080">0.0484</income-elasticity>
                <income-elasticity year="2085">0.0482</income-elasticity>
                <income-elasticity year="2090">0.048</income-elasticity>
                <income-elasticity year="2095">0.0478</income-elasticity>
                <income-elasticity year="2100">0.0476</income-elasticity>
            </energy-final-demand>
            <energy-final-demand name="FoodDemand_Meat">
                <income-elasticity year="2015">0.8486</income-elasticity>
                <income-elasticity year="2020">0.5015</income-elasticity>
                <income-elasticity year="2025">0.7257</income-elasticity>
                <income-elasticity year="2030">0.9302</income-elasticity>
                <income-elasticity year="2035">1</income-elasticity>
                <income-elasticity year="2040">1</income-elasticity>
                <income-elasticity year="2045">1</income-elasticity>
                <income-elasticity year="2050">1</income-elasticity>
                <income-elasticity year="2055">1</income-elasticity>
                <income-elasticity year="2060">1</income-elasticity>
                <income-elasticity year="2065">1</income-elasticity>
                <income-elasticity year="2070">1</income-elasticity>
                <income-elasticity year="2075">1</income-elasticity>
                <income-elasticity year="2080">1</income-elasticity>
                <income-elasticity year="2085">1</income-elasticity>
                <income-elasticity year="2090">1</income-elasticity>
                <income-elasticity year="2095">1</income-elasticity>
                <income-elasticity year="2100">1</income-elasticity>
            </energy-final-demand>
        </region>
        <region name="Africa_Northern">
            <energy-final-demand name="FoodDemand_Crops">
                <income-elasticity year="2015">0.0473</income-elasticity>
                <income-elasticity year="2020">0.0469</income-elasticity>
                <income-elasticity year="2025">0.0464</income-elasticity>
                <income-elasticity year="2030">0.046</income-elasticity>
                <income-elasticity year="2035">0.0456</income-elasticity>
                <income-elasticity year="2040">0.0452</income-elasticity>
                <income-elasticity year="2045">0.0449</income-elasticity>
                <income-elasticity year="2050">0.0445</income-elasticity>
                <income-elasticity year="2055">0.0443</income-elasticity>
                <income-elasticity year="2060">0.044</income-elasticity>
                <income-elasticity year="2065">0.0437</income-elasticity>
                <income-elasticity year="2070">0.0434</income-elasticity>
                <income-elasticity year="2075">0.0432</income-elasticity>
                <income-elasticity year="2080">0.0429</income-elasticity>
                <income-elasticity year="2085">0.0427</income-elasticity>
                <income-elasticity year="2090">0.0425</income-elasticity>
                <income-elasticity year="2095">0.0423</income-elasticity>
                <income-elasticity year="2100">0.0421</income-elasticity>
            </energy-final-demand>
            <energy-final-demand name="FoodDemand_Meat">
                <income-elasticity year="2015">0.2537</income-elasticity>
                <income-elasticity year="2020">0.1859</income-elasticity>
                <income-elasticity year="2025">0.1225</income-elasticity>
                <income-elasticity year="2030">0.0809</income-elasticity>
                <income-elasticity year="2035">0.0548</income-elasticity>
                <income-elasticity year="2040">0.0386</income-elasticity>
                <income-elasticity year="2045">0.0283</income-elasticity>
                <income-elasticity year="2050">0.0212</income-elasticity>
                <income-elasticity year="2055">0.0161</income-elasticity>
                <income-elasticity year="2060">0.0123</income-elasticity>
                <income-elasticity year="2065">0.0094</income-elasticity>
                <income-elasticity year="2070">0.0073</income-elasticity>
                <income-elasticity year="2075">0.0057</income-elasticity>
                <income-elasticity year="2080">0.0046</income-elasticity>
                <income-elasticity year="2085">0.0037</income-elasticity>
                <income-elasticity year="2090">0.003</income-elasticity>
                <income-elasticity year="2095">0.0024</income-elasticity>
                <income-elasticity year="2100">0.002</income-elasticity>
            </energy-final-demand>
        </region>
        <region name="Africa_Southern">
            <energy-final-demand name="FoodDemand_Crops">
                <income-elasticity year="2015">0.0497</income-elasticity>
                <income-elasticity year="2020">0.0493</income-elasticity>
                <income-elasticity year="2025">0.049</income-elasticity>
                <income-elasticity year="2030">0.0487</income-elasticity>
                <income-elasticity year="2035">0.0486</income-elasticity>
                <income-elasticity year="2040">0.0485</income-elasticity>
                <income-elasticity year="2045">0.0483</income-elasticity>
                <income-elasticity year="2050">0.0482</income-elasticity>
                <income-elasticity year="2055">0.048</income-elasticity>
                <income-elasticity year="2060">0.0477</income-elasticity>
                <income-elasticity year="2065">0.0475</income-elasticity>
                <income-elasticity year="2070">0.0472</income-elasticity>
                <income-elasticity year="2075">0.047</income-elasticity>
                <income-elasticity year="2080">0.0467</income-elasticity>
                <income-elasticity year="2085">0.0465</income-elasticity>
                <income-elasticity year="2090">0.0463</income-elasticity>
                <income-elasticity year="2095">0.046</income-elasticity>
                <income-elasticity year="2100">0.0458</income-elasticity>
            </energy-final-demand>
            <energy-final-demand name="FoodDemand_Meat">
                <income-elasticity year="2015">0.6534</income-elasticity>
                <income-elasticity year="2020">0.5906</income-elasticity>
                <income-elasticity year="2025">0.9393</income-elasticity>
                <income-elasticity year="2030">1</income-elasticity>
                <income-elasticity year="2035">1</income-elasticity>
                <income-elasticity year="2040">1</income-elasticity>
                <income-elasticity year="2045">0.5766</income-elasticity>
                <income-elasticity year="2050">0.5109</income-elasticity>
                <income-elasticity year="2055">0.4398</income-elasticity>
                <income-elasticity year="2060">0.369</income-elasticity>
                <income-elasticity year="2065">0.3033</income-elasticity>
                <income-elasticity year="2070">0.2459</income-elasticity>
                <income-elasticity year="2075">0.1979</income-elasticity>
                <income-elasticity year="2080">0.159</income-elasticity>
                <income-elasticity year="2085">0.128</income-elasticity>
                <income-elasticity year="2090">0.1035</income-elasticity>
                <income-elasticity year="2095">0.084</income-elasticity>
                <income-elasticity year="2100">0.0684</income-elasticity>
            </energy-final-demand>
        </region>
        <region name="Africa_Western">
            <energy-final-demand name="FoodDemand_Crops">
                <income-elasticity year="2015">0.0495</income-elasticity>
                <income-elasticity year="2020">0.049</income-elasticity>
                <income-elasticity year="2025">0.0486</income-elasticity>
                <income-elasticity year="2030">0.0483</income-elasticity>
                <income-elasticity year="2035">0.048</income-elasticity>
                <income-elasticity year="2040">0.0478</income-elasticity>
                <income-elasticity year="2045">0.0477</income-elasticity>
                <income-elasticity year="2050">0.0475</income-elasticity>
                <income-elasticity year="2055">0.0473</income-elasticity>
                <income-elasticity year="2060">0.0471</income-elasticity>
                <income-elasticity year="2065">0.0469</income-elasticity>
                <income-elasticity year="2070">0.0467</income-elasticity>
                <income-elasticity year="2075">0.0465</income-elasticity>
                <income-elasticity year="2080">0.0464</income-elasticity>
                <income-elasticity year="2085">0.0462</income-elasticity>
                <income-elasticity year="2090">0.046</income-elasticity>
                <income-elasticity year="2095">0.0458</income-elasticity>
                <income-elasticity year="2100">0.0456</income-elasticity>
            </energy-final-demand>
            <energy-final-demand name="FoodDemand_Meat">
                <income-elasticity year="2015">0.5728</income-elasticity>
                <income-elasticity year="2020">0.546</income-elasticity>
                <income-elasticity year="2025">0.6394</income-elasticity>
                <income-elasticity year="2030">0.8041</income-elasticity>
                <income-elasticity year="2035">1</income-elasticity>
                <income-elasticity year="2040">1</income-elasticity>
                <income-elasticity year="2045">0.5995</income-elasticity>
                <income-elasticity year="2050">0.2999</income-elasticity>
                <income-elasticity year="2055">0.2597</income-elasticity>
                <income-elasticity year="2060">0.2225</income-elasticity>
                <income-elasticity year="2065">0.1891</income-elasticity>
                <income-elasticity year="2070">0.1597</income-elasticity>
                <income-elasticity year="2075">0.1343</income-elasticity>
                <income-elasticity year="2080">0.1127</income-elasticity>
                <income-elasticity year="2085">0.0948</income-elasticity>
                <income-elasticity year="2090">0.0799</income-elasticity>
                <income-elasticity year="2095">0.0676</income-elasticity>
                <income-elasticity year="2100">0.0574</income-elasticity>
            </energy-final-demand>
        </region>
        <region name="Australia_NZ">
            <energy-final-demand name="FoodDemand_Crops">
                <income-elasticity year="2015">0.041</income-elasticity>
                <income-elasticity year="2020">0.0408</income-elasticity>
                <income-elasticity year="2025">0.0406</income-elasticity>
                <income-elasticity year="2030">0.0404</income-elasticity>
                <income-elasticity year="2035">0.0402</income-elasticity>
                <income-elasticity year="2040">0.04</income-elasticity>
                <income-elasticity year="2045">0.0398</income-elasticity>
                <income-elasticity year="2050">0.0396</income-elasticity>
                <income-elasticity year="2055">0.0394</income-elasticity>
                <income-elasticity year="2060">0.0393</income-elasticity>
                <income-elasticity year="2065">0.0391</income-elasticity>
                <income-elasticity year="2070">0.0389</income-elasticity>
                <income-elasticity year="2075">0.0388</income-elasticity>
                <income-elasticity year="2080">0.0386</income-elasticity>
                <income-elasticity year="2085">0.0385</income-elasticity>
                <income-elasticity year="2090">0.0383</income-elasticity>
                <income-elasticity year="2095">0.0382</income-elasticity>
                <income-elasticity year="2100">0.038</income-elasticity>
            </energy-final-demand>
            <energy-final-demand name="FoodDemand_Meat">
                <income-elasticity year="2015">7e-04</income-elasticity>
                <income-elasticity year="2020">6e-04</income-elasticity>
                <income-elasticity year="2025">5e-04</income-elasticity>
                <income-elasticity year="2030">4e-04</income-elasticity>
                <income-elasticity year="2035">3e-04</income-elasticity>
                <income-elasticity year="2040">3e-04</income-elasticity>
                <income-elasticity year="2045">2e-04</income-elasticity>
                <income-elasticity year="2050">2e-04</income-elasticity>
                <income-elasticity year="2055">2e-04</income-elasticity>
                <income-elasticity year="2060">1e-04</income-elasticity>
                <income-elasticity year="2065">1e-04</income-elasticity>
                <income-elasticity year="2070">1e-04</income-elasticity>
                <income-elasticity year="2075">1e-04</income-elasticity>
                <income-elasticity year="2080">1e-04</income-elasticity>
                <income-elasticity year="2085">1e-04</income-elasticity>
                <income-elasticity year="2090">1e-04</income-elasticity>
                <income-elasticity year="2095">0</income-elasticity>
                <income-elasticity year="2100">0</income-elasticity>
            </energy-final-demand>
        </region>
        <region name="Brazil">
            <energy-final-demand name="FoodDemand_Crops">
                <income-elasticity year="2015">0.0445</income-elasticity>
                <income-elasticity year="2020">0.0442</income-elasticity>
                <income-elasticity year="2025">0.0438</income-elasticity>
                <income-elasticity year="2030">0.0435</income-elasticity>
                <income-elasticity year="2035">0.0433</income-elasticity>
                <income-elasticity year="2040">0.043</income-elasticity>
                <income-elasticity year="2045">0.0428</income-elasticity>
                <income-elasticity year="2050">0.0426</income-elasticity>
                <income-elasticity year="2055">0.0424</income-elasticity>
                <income-elasticity year="2060">0.0422</income-elasticity>
                <income-elasticity year="2065">0.0419</income-elasticity>
                <income-elasticity year="2070">0.0417</income-elasticity>
                <income-elasticity year="2075">0.0415</income-elasticity>
                <income-elasticity year="2080">0.0413</income-elasticity>
                <income-elasticity year="2085">0.0411</income-elasticity>
                <income-elasticity year="2090">0.0409</income-elasticity>
                <income-elasticity year="2095">0.0407</income-elasticity>
                <income-elasticity year="2100">0.0405</income-elasticity>
            </energy-final-demand>
            <energy-final-demand name="FoodDemand_Meat">
                <income-elasticity year="2015">0.0205</income-elasticity>
                <income-elasticity year="2020">0.015</income-elasticity>
                <income-elasticity year="2025">0.0107</income-elasticity>
                <income-elasticity year="2030">0.0081</income-elasticity>
                <income-elasticity year="2035">0.0063</income-elasticity>
                <income-elasticity year="2040">0.005</income-elasticity>
                <income-elasticity year="2045">0.004</income-elasticity>
                <income-elasticity year="2050">0.0033</income-elasticity>
                <income-elasticity year="2055">0.0027</income-elasticity>
                <income-elasticity year="2060">0.0022</income-elasticity>
                <income-elasticity year="2065">0.0018</income-elasticity>
                <income-elasticity year="2070">0.0014</income-elasticity>
                <income-elasticity year="2075">0.0012</income-elasticity>
                <income-elasticity year="2080">0.001</income-elasticity>
                <income-elasticity year="2085">8e-04</income-elasticity>
                <income-elasticity year="2090">6e-04</income-elasticity>
                <income-elasticity year="2095">5e-04</income-elasticity>
                <income-elasticity year="2100">4e-04</income-elasticity>
            </energy-final-demand>
        </region>
        <region name="Canada">
            <energy-final-demand name="FoodDemand_Crops">
                <income-elasticity year="2015">0.0411</income-elasticity>
                <income-elasticity year="2020">0.0409</income-elasticity>
                <income-elasticity year="2025">0.0407</income-elasticity>
                <income-elasticity year="2030">0.0406</income-elasticity>
                <income-elasticity year="2035">0.0404</income-elasticity>
                <income-elasticity year="2040">0.0403</income-elasticity>
                <income-elasticity year="2045">0.0401</income-elasticity>
                <income-elasticity year="2050">0.04</income-elasticity>
                <income-elasticity year="2055">0.0398</income-elasticity>
                <income-elasticity year="2060">0.0397</income-elasticity>
                <income-elasticity year="2065">0.0396</income-elasticity>
                <income-elasticity year="2070">0.0394</income-elasticity>
                <income-elasticity year="2075">0.0392</income-elasticity>
                <income-elasticity year="2080">0.0391</income-elasticity>
                <income-elasticity year="2085">0.039</income-elasticity>
                <income-elasticity year="2090">0.0388</income-elasticity>
                <income-elasticity year="2095">0.0387</income-elasticity>
                <income-elasticity year="2100">0.0385</income-elasticity>
            </energy-final-demand>
            <energy-final-demand name="FoodDemand_Meat">
                <income-elasticity year="2015">8e-04</income-elasticity>
                <income-elasticity year="2020">6e-04</income-elasticity>
                <income-elasticity year="2025">6e-04</income-elasticity>
                <income-elasticity year="2030">5e-04</income-elasticity>
                <income-elasticity year="2035">4e-04</income-elasticity>
                <income-elasticity year="2040">3e-04</income-elasticity>
                <income-elasticity year="2045">3e-04</income-elasticity>
                <income-elasticity year="2050">3e-04</income-elasticity>
                <income-elasticity year="2055">2e-04</income-elasticity>
                <income-elasticity year="2060">2e-04</income-elasticity>
                <income-elasticity year="2065">2e-04</income-elasticity>
                <income-elasticity year="2070">1e-04</income-elasticity>
                <income-elasticity year="2075">1e-04</income-elasticity>
                <income-elasticity year="2080">1e-04</income-elasticity>
                <income-elasticity year="2085">1e-04</income-elasticity>
                <income-elasticity year="2090">1e-04</income-elasticity>
                <income-elasticity year="2095">1e-04</income-elasticity>
                <income-elasticity year="2100">1e-04</income-elasticity>
            </energy-final-demand>
        </region>
        <region name="Central America and Caribbean">
            <energy-final-demand name="FoodDemand_Crops">
                <income-elasticity year="2015">0.0469</income-elasticity>
                <income-elasticity year="2020">0.0466</income-elasticity>
                <income-elasticity year="2025">0.0463</income-elasticity>
                <income-elasticity year="2030">0.046</income-elasticity>
                <income-elasticity year="2035">0.0458</income-elasticity>
                <income-elasticity year="2040">0.0456</income-elasticity>
                <income-elasticity year="2045">0.0454</income-elasticity>
                <income-elasticity year="2050">0.0452</income-elasticity>
                <income-elasticity year="2055">0.045</income-elasticity>
                <income-elasticity year="2060">0.0449</income-elasticity>
                <income-elasticity year="2065">0.0447</income-elasticity>
                <income-elasticity year="2070">0.0446</income-elasticity>
                <income-elasticity year="2075">0.0444</income-elasticity>
                <income-elasticity year="2080">0.0443</income-elasticity>
                <income-elasticity year="2085">0.0442</income-elasticity>
                <income-elasticity year="2090">0.0441</income-elasticity>
                <income-elasticity year="2095">0.044</income-elasticity>
                <income-elasticity year="2100">0.0439</income-elasticity>
            </energy-final-demand>
            <energy-final-demand name="FoodDemand_Meat">
                <income-elasticity year="2015">0.1808</income-elasticity>
                <income-elasticity year="2020">0.1383</income-elasticity>
                <income-elasticity year="2025">0.1066</income-elasticity>
                <income-elasticity year="2030">0.0838</income-elasticity>
                <income-elasticity year="2035">0.0673</income-elasticity>
                <income-elasticity year="2040">0.0552</income-elasticity>
                <income-elasticity year="2045">0.0458</income-elasticity>
                <income-elasticity year="2050">0.0386</income-elasticity>
                <income-elasticity year="2055">0.0328</income-elasticity>
                <income-elasticity year="2060">0.0282</income-elasticity>
                <income-elasticity year="2065">0.0245</income-elasticity>
                <income-elasticity year="2070">0.0214</income-elasticity>
                <income-elasticity year="2075">0.019</income-elasticity>
                <income-elasticity year="2080">0.017</income-elasticity>
                <income-elasticity year="2085">0.0153</income-elasticity>
                <income-elasticity year="2090">0.0139</income-elasticity>
                <income-elasticity year="2095">0.0126</income-elasticity>
                <income-elasticity year="2100">0.0116</income-elasticity>
            </energy-final-demand>
        </region>
        <region name="Central Asia">
            <energy-final-demand name="FoodDemand_Crops">
                <income-elasticity year="2015">0.047</income-elasticity>
                <income-elasticity year="2020">0.0464</income-elasticity>
                <income-elasticity year="2025">0.0458</income-elasticity>
                <income-elasticity year="2030">0.0453</income-elasticity>
                <income-elasticity year="2035">0.0448</income-elasticity>
                <income-elasticity year="2040">0.0444</income-elasticity>
                <income-elasticity year="2045">0.0441</income-elasticity>
                <income-elasticity year="2050">0.0438</income-elasticity>
                <income-elasticity year="2055">0.0436</income-elasticity>
                <income-elasticity year="2060">0.0434</income-elasticity>
                <income-elasticity year="2065">0.0432</income-elasticity>
                <income-elasticity year="2070">0.043</income-elasticity>
                <income-elasticity year="2075">0.0428</income-elasticity>
                <income-elasticity year="2080">0.0426</income-elasticity>
                <income-elasticity year="2085">0.0425</income-elasticity>
                <income-elasticity year="2090">0.0423</income-elasticity>
                <income-elasticity year="2095">0.0422</income-elasticity>
                <income-elasticity year="2100">0.042</income-elasticity>
            </energy-final-demand>
            <energy-final-demand name="FoodDemand_Meat">
                <income-elasticity year="2015">0.2005</income-elasticity>
                <income-elasticity year="2020">0.12</income-elasticity>
                <income-elasticity year="2025">0.0708</income-elasticity>
                <income-elasticity year="2030">0.0427</income-elasticity>
                <income-elasticity year="2035">0.0273</income-elasticity>
                <income-elasticity year="2040">0.0185</income-elasticity>
                <income-elasticity year="2045">0.0134</income-elasticity>
                <income-elasticity year="2050">0.0104</income-elasticity>
                <income-elasticity year="2055">0.0086</income-elasticity>
                <income-elasticity year="2060">0.0071</income-elasticity>
                <income-elasticity year="2065">0.0059</income-elasticity>
                <income-elasticity year="2070">0.0049</income-elasticity>
                <income-elasticity year="2075">0.0041</income-elasticity>
                <income-elasticity year="2080">0.0035</income-elasticity>
                <income-elasticity year="2085">0.0029</income-elasticity>
                <income-elasticity year="2090">0.0025</income-elasticity>
                <income-elasticity year="2095">0.0022</income-elasticity>
                <income-elasticity year="2100">0.0019</income-elasticity>
            </energy-final-demand>
        </region>
        <region name="China">
            <energy-final-demand name="FoodDemand_Crops">
                <income-elasticity year="2015">0.0463</income-elasticity>
                <income-elasticity year="2020">0.0454</income-elasticity>
                <income-elasticity year="2025">0.0446</income-elasticity>
                <income-elasticity year="2030">0.044</income-elasticity>
                <income-elasticity year="2035">0.0435</income-elasticity>
                <income-elasticity year="2040">0.0431</income-elasticity>
                <income-elasticity year="2045">0.0428</income-elasticity>
                <income-elasticity year="2050">0.0425</income-elasticity>
                <income-elasticity year="2055">0.0423</income-elasticity>
                <income-elasticity year="2060">0.0421</income-elasticity>
                <income-elasticity year="2065">0.0419</income-elasticity>
                <income-elasticity year="2070">0.0417</income-elasticity>
                <income-elasticity year="2075">0.0416</income-elasticity>
                <income-elasticity year="2080">0.0414</income-elasticity>
                <income-elasticity year="2085">0.0413</income-elasticity>
                <income-elasticity year="2090">0.0412</income-elasticity>
                <income-elasticity year="2095">0.041</income-elasticity>
                <income-elasticity year="2100">0.0409</income-elasticity>
            </energy-final-demand>
            <energy-final-demand name="FoodDemand_Meat">
                <income-elasticity year="2015">0.1113</income-elasticity>
                <income-elasticity year="2020">0.0472</income-elasticity>
                <income-elasticity year="2025">0.0221</income-elasticity>
                <income-elasticity year="2030">0.0122</income-elasticity>
                <income-elasticity year="2035">0.0077</income-elasticity>
                <income-elasticity year="2040">0.0054</income-elasticity>
                <income-elasticity year="2045">0.0039</income-elasticity>
                <income-elasticity year="2050">0.003</income-elasticity>
                <income-elasticity year="2055">0.0025</income-elasticity>
                <income-elasticity year="2060">0.002</income-elasticity>
                <income-elasticity year="2065">0.0017</income-elasticity>
                <income-elasticity year="2070">0.0014</income-elasticity>
                <income-elasticity year="2075">0.0012</income-elasticity>
                <income-elasticity year="2080">0.0011</income-elasticity>
                <income-elasticity year="2085">9e-04</income-elasticity>
                <income-elasticity year="2090">8e-04</income-elasticity>
                <income-elasticity year="2095">7e-04</income-elasticity>
                <income-elasticity year="2100">6e-04</income-elasticity>
            </energy-final-demand>
        </region>
        <region name="EU-12">
            <energy-final-demand name="FoodDemand_Crops">
                <income-elasticity year="2015">0.0443</income-elasticity>
                <income-elasticity year="2020">0.0439</income-elasticity>
                <income-elasticity year="2025">0.0436</income-elasticity>
                <income-elasticity year="2030">0.0432</income-elasticity>
                <income-elasticity year="2035">0.0429</income-elasticity>
                <income-elasticity year="2040">0.0426</income-elasticity>
                <income-elasticity year="2045">0.0423</income-elasticity>
                <income-elasticity year="2050">0.0421</income-elasticity>
                <income-elasticity year="2055">0.0419</income-elasticity>
                <income-elasticity year="2060">0.0417</income-elasticity>
                <income-elasticity year="2065">0.0415</income-elasticity>
                <income-elasticity year="2070">0.0413</income-elasticity>
                <income-elasticity year="2075">0.0411</income-elasticity>
                <income-elasticity year="2080">0.0409</income-elasticity>
                <income-elasticity year="2085">0.0407</income-elasticity>
                <income-elasticity year="2090">0.0406</income-elasticity>
                <income-elasticity year="2095">0.0404</income-elasticity>
                <income-elasticity year="2100">0.0403</income-elasticity>
            </energy-final-demand>
            <energy-final-demand name="FoodDemand_Meat">
                <income-elasticity year="2015">0.0164</income-elasticity>
                <income-elasticity year="2020">0.0118</income-elasticity>
                <income-elasticity year="2025">0.0083</income-elasticity>
                <income-elasticity year="2030">0.0059</income-elasticity>
                <income-elasticity year="2035">0.0043</income-elasticity>
                <income-elasticity year="2040">0.0032</income-elasticity>
                <income-elasticity year="2045">0.0025</income-elasticity>
                <income-elasticity year="2050">0.0021</income-elasticity>
                <income-elasticity year="2055">0.0017</income-elasticity>
                <income-elasticity year="2060">0.0014</income-elasticity>
                <income-elasticity year="2065">0.0012</income-elasticity>
                <income-elasticity year="2070">9e-04</income-elasticity>
                <income-elasticity year="2075">8e-04</income-elasticity>
                <income-elasticity year="2080">7e-04</income-elasticity>
                <income-elasticity year="2085">6e-04</income-elasticity>
                <income-elasticity year="2090">5e-04</income-elasticity>
                <income-elasticity year="2095">4e-04</income-elasticity>
                <income-elasticity year="2100">3e-04</income-elasticity>
            </energy-final-demand>
        </region>
        <region name="EU-15">
            <energy-final-demand name="FoodDemand_Crops">
                <income-elasticity year="2015">0.0416</income-elasticity>
                <income-elasticity year="2020">0.0415</income-elasticity>
                <income-elasticity year="2025">0.0413</income-elasticity>
                <income-elasticity year="2030">0.0411</income-elasticity>
                <income-elasticity year="2035">0.041</income-elasticity>
                <income-elasticity year="2040">0.0408</income-elasticity>
                <income-elasticity year="2045">0.0406</income-elasticity>
                <income-elasticity year="2050">0.0404</income-elasticity>
                <income-elasticity year="2055">0.0402</income-elasticity>
                <income-elasticity year="2060">0.04</income-elasticity>
                <income-elasticity year="2065">0.0399</income-elasticity>
                <income-elasticity year="2070">0.0397</income-elasticity>
                <income-elasticity year="2075">0.0395</income-elasticity>
                <income-elasticity year="2080">0.0394</income-elasticity>
                <income-elasticity year="2085">0.0392</income-elasticity>
                <income-elasticity year="2090">0.0391</income-elasticity>
                <income-elasticity year="2095">0.0389</income-elasticity>
                <income-elasticity year="2100">0.0388</income-elasticity>
            </energy-final-demand>
            <energy-final-demand name="FoodDemand_Meat">
                <income-elasticity year="2015">0.0013</income-elasticity>
                <income-elasticity year="2020">0.0011</income-elasticity>
                <income-elasticity year="2025">0.001</income-elasticity>
                <income-elasticity year="2030">8e-04</income-elasticity>
                <income-elasticity year="2035">7e-04</income-elasticity>
                <income-elasticity year="2040">6e-04</income-elasticity>
                <income-elasticity year="2045">5e-04</income-elasticity>
                <income-elasticity year="2050">4e-04</income-elasticity>
                <income-elasticity year="2055">3e-04</income-elasticity>
                <income-elasticity year="2060">3e-04</income-elasticity>
                <income-elasticity year="2065">2e-04</income-elasticity>
                <income-elasticity year="2070">2e-04</income-elasticity>
                <income-elasticity year="2075">2e-04</income-elasticity>
                <income-elasticity year="2080">1e-04</income-elasticity>
                <income-elasticity year="2085">1e-04</income-elasticity>
                <income-elasticity year="2090">1e-04</income-elasticity>
                <income-elasticity year="2095">1e-04</income-elasticity>
                <income-elasticity year="2100">1e-04</income-elasticity>
            </energy-final-demand>
        </region>
        <region name="Europe_Eastern">
            <energy-final-demand name="FoodDemand_Crops">
                <income-elasticity year="2015">0.0473</income-elasticity>
                <income-elasticity year="2020">0.0468</income-elasticity>
                <income-elasticity year="2025">0.0463</income-elasticity>
                <income-elasticity year="2030">0.0458</income-elasticity>
                <income-elasticity year="2035">0.0453</income-elasticity>
                <income-elasticity year="2040">0.045</income-elasticity>
                <income-elasticity year="2045">0.0446</income-elasticity>
                <income-elasticity year="2050">0.0443</income-elasticity>
                <income-elasticity year="2055">0.044</income-elasticity>
                <income-elasticity year="2060">0.0437</income-elasticity>
                <income-elasticity year="2065">0.0434</income-elasticity>
                <income-elasticity year="2070">0.0431</income-elasticity>
                <income-elasticity year="2075">0.0429</income-elasticity>
                <income-elasticity year="2080">0.0426</income-elasticity>
                <income-elasticity year="2085">0.0424</income-elasticity>
                <income-elasticity year="2090">0.0422</income-elasticity>
                <income-elasticity year="2095">0.042</income-elasticity>
                <income-elasticity year="2100">0.0418</income-elasticity>
            </energy-final-demand>
            <energy-final-demand name="FoodDemand_Meat">
                <income-elasticity year="2015">0.2556</income-elasticity>
                <income-elasticity year="2020">0.1634</income-elasticity>
                <income-elasticity year="2025">0.105</income-elasticity>
                <income-elasticity year="2030">0.0681</income-elasticity>
                <income-elasticity year="2035">0.0451</income-elasticity>
                <income-elasticity year="2040">0.0311</income-elasticity>
                <income-elasticity year="2045">0.0222</income-elasticity>
                <income-elasticity year="2050">0.0165</income-elasticity>
                <income-elasticity year="2055">0.0125</income-elasticity>
                <income-elasticity year="2060">0.0095</income-elasticity>
                <income-elasticity year="2065">0.0072</income-elasticity>
                <income-elasticity year="2070">0.0055</income-elasticity>
                <income-elasticity year="2075">0.0043</income-elasticity>
                <income-elasticity year="2080">0.0034</income-elasticity>
                <income-elasticity year="2085">0.0028</income-elasticity>
                <income-elasticity year="2090">0.0023</income-elasticity>
                <income-elasticity year="2095">0.0019</income-elasticity>
                <income-elasticity year="2100">0.0016</income-elasticity>
            </energy-final-demand>
        </region>
        <region name="Europe_Non_EU">
            <energy-final-demand name="FoodDemand_Crops">
                <income-elasticity year="2015">0.045</income-elasticity>
                <income-elasticity year="2020">0.0446</income-elasticity>
                <income-elasticity year="2025">0.0442</income-elasticity>
                <income-elasticity year="2030">0.0439</income-elasticity>
                <income-elasticity year="2035">0.0437</income-elasticity>
                <income-elasticity year="2040">0.0434</income-elasticity>
                <income-elasticity year="2045">0.0432</income-elasticity>
                <income-elasticity year="2050">0.043</income-elasticity>
                <income-elasticity year="2055">0.0428</income-elasticity>
                <income-elasticity year="2060">0.0426</income-elasticity>
                <income-elasticity year="2065">0.0425</income-elasticity>
                <income-elasticity year="2070">0.0423</income-elasticity>
                <income-elasticity year="2075">0.0421</income-elasticity>
                <income-elasticity year="2080">0.042</income-elasticity>
                <income-elasticity year="2085">0.0418</income-elasticity>
                <income-elasticity year="2090">0.0416</income-elasticity>
                <income-elasticity year="2095">0.0415</income-elasticity>
                <income-elasticity year="2100">0.0413</income-elasticity>
            </energy-final-demand>
            <energy-final-demand name="FoodDemand_Meat">
                <income-elasticity year="2015">0.0316</income-elasticity>
                <income-elasticity year="2020">0.0221</income-elasticity>
                <income-elasticity year="2025">0.0159</income-elasticity>
                <income-elasticity year="2030">0.012</income-elasticity>
                <income-elasticity year="2035">0.0093</income-elasticity>
                <income-elasticity year="2040">0.0074</income-elasticity>
                <income-elasticity year="2045">0.006</income-elasticity>
                <income-elasticity year="2050">0.0049</income-elasticity>
                <income-elasticity year="2055">0.0041</income-elasticity>
                <income-elasticity year="2060">0.0034</income-elasticity>
                <income-elasticity year="2065">0.0029</income-elasticity>
                <income-elasticity year="2070">0.0024</income-elasticity>
                <income-elasticity year="2075">0.0021</income-elasticity>
                <income-elasticity year="2080">0.0018</income-elasticity>
                <income-elasticity year="2085">0.0015</income-elasticity>
                <income-elasticity year="2090">0.0013</income-elasticity>
                <income-elasticity year="2095">0.0011</income-elasticity>
                <income-elasticity year="2100">0.001</income-elasticity>
            </energy-final-demand>
        </region>
        <region name="European Free Trade Association">
            <energy-final-demand name="FoodDemand_Crops">
                <income-elasticity year="2015">0.0399</income-elasticity>
                <income-elasticity year="2020">0.0398</income-elasticity>
                <income-elasticity year="2025">0.0396</income-elasticity>
                <income-elasticity year="2030">0.0395</income-elasticity>
                <income-elasticity year="2035">0.0393</income-elasticity>
                <income-elasticity year="2040">0.0391</income-elasticity>
                <income-elasticity year="2045">0.039</income-elasticity>
                <income-elasticity year="2050">0.0388</income-elasticity>
                <income-elasticity year="2055">0.0387</income-elasticity>
                <income-elasticity year="2060">0.0385</income-elasticity>
                <income-elasticity year="2065">0.0384</income-elasticity>
                <income-elasticity year="2070">0.0382</income-elasticity>
                <income-elasticity year="2075">0.0381</income-elasticity>
                <income-elasticity year="2080">0.0379</income-elasticity>
                <income-elasticity year="2085">0.0378</income-elasticity>
                <income-elasticity year="2090">0.0377</income-elasticity>
                <income-elasticity year="2095">0.0375</income-elasticity>
                <income-elasticity year="2100">0.0374</income-elasticity>
            </energy-final-demand>
            <energy-final-demand name="FoodDemand_Meat">
                <income-elasticity year="2015">3e-04</income-elasticity>
                <income-elasticity year="2020">2e-04</income-elasticity>
                <income-elasticity year="2025">2e-04</income-elasticity>
                <income-elasticity year="2030">2e-04</income-elasticity>
                <income-elasticity year="2035">1e-04</income-elasticity>
                <income-elasticity year="2040">1e-04</income-elasticity>
                <income-elasticity year="2045">1e-04</income-elasticity>
                <income-elasticity year="2050">1e-04</income-elasticity>
                <income-elasticity year="2055">1e-04</income-elasticity>
                <income-elasticity year="2060">1e-04</income-elasticity>
                <income-elasticity year="2065">1e-04</income-elasticity>
                <income-elasticity year="2070">0</income-elasticity>
                <income-elasticity year="2075">0</income-elasticity>
                <income-elasticity year="2080">0</income-elasticity>
                <income-elasticity year="2085">0</income-elasticity>
                <income-elasticity year="2090">0</income-elasticity>
                <income-elasticity year="2095">0</income-elasticity>
                <income-elasticity year="2100">0</income-elasticity>
            </energy-final-demand>
        </region>
        <region name="India">
            <energy-final-demand name="FoodDemand_Crops">
                <income-elasticity year="2015">0.0494</income-elasticity>
                <income-elasticity year="2020">0.0488</income-elasticity>
                <income-elasticity year="2025">0.0482</income-elasticity>
                <income-elasticity year="2030">0.0476</income-elasticity>
                <income-elasticity year="2035">0.0471</income-elasticity>
                <income-elasticity year="2040">0.0467</income-elasticity>
                <income-elasticity year="2045">0.0463</income-elasticity>
                <income-elasticity year="2050">0.046</income-elasticity>
                <income-elasticity year="2055">0.0456</income-elasticity>
                <income-elasticity year="2060">0.0453</income-elasticity>
                <income-elasticity year="2065">0.045</income-elasticity>
                <income-elasticity year="2070">0.0448</income-elasticity>
                <income-elasticity year="2075">0.0445</income-elasticity>
                <income-elasticity year="2080">0.0443</income-elasticity>
                <income-elasticity year="2085">0.044</income-elasticity>
                <income-elasticity year="2090">0.0438</income-elasticity>
                <income-elasticity year="2095">0.0436</income-elasticity>
                <income-elasticity year="2100">0.0434</income-elasticity>
            </energy-final-demand>
            <energy-final-demand name="FoodDemand_Meat">
                <income-elasticity year="2015">0.3938</income-elasticity>
                <income-elasticity year="2020">0.3696</income-elasticity>
                <income-elasticity year="2025">0.4142</income-elasticity>
                <income-elasticity year="2030">0.4697</income-elasticity>
                <income-elasticity year="2035">0.5349</income-elasticity>
                <income-elasticity year="2040">0.5913</income-elasticity>
                <income-elasticity year="2045">0.6612</income-elasticity>
                <income-elasticity year="2050">0.5909</income-elasticity>
                <income-elasticity year="2055">0.0586</income-elasticity>
                <income-elasticity year="2060">0.0442</income-elasticity>
                <income-elasticity year="2065">0.0337</income-elasticity>
                <income-elasticity year="2070">0.0262</income-elasticity>
                <income-elasticity year="2075">0.0206</income-elasticity>
                <income-elasticity year="2080">0.0164</income-elasticity>
                <income-elasticity year="2085">0.0132</income-elasticity>
                <income-elasticity year="2090">0.0107</income-elasticity>
                <income-elasticity year="2095">0.0087</income-elasticity>
                <income-elasticity year="2100">0.0071</income-elasticity>
            </energy-final-demand>
        </region>
        <region name="Indonesia">
            <energy-final-demand name="FoodDemand_Crops">
                <income-elasticity year="2015">0.0475</income-elasticity>
                <income-elasticity year="2020">0.0469</income-elasticity>
                <income-elasticity year="2025">0.0462</income-elasticity>
                <income-elasticity year="2030">0.0456</income-elasticity>
                <income-elasticity year="2035">0.045</income-elasticity>
                <income-elasticity year="2040">0.0445</income-elasticity>
                <income-elasticity year="2045">0.0441</income-elasticity>
                <income-elasticity year="2050">0.0437</income-elasticity>
                <income-elasticity year="2055">0.0433</income-elasticity>
                <income-elasticity year="2060">0.043</income-elasticity>
                <income-elasticity year="2065">0.0427</income-elasticity>
                <income-elasticity year="2070">0.0424</income-elasticity>
                <income-elasticity year="2075">0.0421</income-elasticity>
                <income-elasticity year="2080">0.0419</income-elasticity>
                <income-elasticity year="2085">0.0416</income-elasticity>
                <income-elasticity year="2090">0.0414</income-elasticity>
                <income-elasticity year="2095">0.0412</income-elasticity>
                <income-elasticity year="2100">0.0409</income-elasticity>
            </energy-final-demand>
            <energy-final-demand name="FoodDemand_Meat">
                <income-elasticity year="2015">0.318</income-elasticity>
                <income-elasticity year="2020">0.1815</income-elasticity>
                <income-elasticity year="2025">0.0994</income-elasticity>
                <income-elasticity year="2030">0.0562</income-elasticity>
                <income-elasticity year="2035">0.0337</income-elasticity>
                <income-elasticity year="2040">0.0212</income-elasticity>
                <income-elasticity year="2045">0.0139</income-elasticity>
                <income-elasticity year="2050">0.0095</income-elasticity>
                <income-elasticity year="2055">0.0067</income-elasticity>
                <income-elasticity year="2060">0.0049</income-elasticity>
                <income-elasticity year="2065">0.0036</income-elasticity>
                <income-elasticity year="2070">0.0027</income-elasticity>
                <income-elasticity year="2075">0.0021</income-elasticity>
                <income-elasticity year="2080">0.0017</income-elasticity>
                <income-elasticity year="2085">0.0013</income-elasticity>
                <income-elasticity year="2090">0.001</income-elasticity>
                <income-elasticity year="2095">8e-04</income-elasticity>
                <income-elasticity year="2100">7e-04</income-elasticity>
            </energy-final-demand>
        </region>
        <region name="Japan">
            <energy-final-demand name="FoodDemand_Crops">
                <income-elasticity year="2015">0.0413</income-elasticity>
                <income-elasticity year="2020">0.0411</income-elasticity>
                <income-elasticity year="2025">0.041</income-elasticity>
                <income-elasticity year="2030">0.0408</income-elasticity>
                <income-elasticity year="2035">0.0405</income-elasticity>
                <income-elasticity year="2040">0.0403</income-elasticity>
                <income-elasticity year="2045">0.0401</income-elasticity>
                <income-elasticity year="2050">0.0399</income-elasticity>
                <income-elasticity year="2055">0.0397</income-elasticity>
                <income-elasticity year="2060">0.0395</income-elasticity>
                <income-elasticity year="2065">0.0393</income-elasticity>
                <income-elasticity year="2070">0.0391</income-elasticity>
                <income-elasticity year="2075">0.039</income-elasticity>
                <income-elasticity year="2080">0.0388</income-elasticity>
                <income-elasticity year="2085">0.0387</income-elasticity>
                <income-elasticity year="2090">0.0385</income-elasticity>
                <income-elasticity year="2095">0.0383</income-elasticity>
                <income-elasticity year="2100">0.0382</income-elasticity>
            </energy-final-demand>
            <energy-final-demand name="FoodDemand_Meat">
                <income-elasticity year="2015">9e-04</income-elasticity>
                <income-elasticity year="2020">8e-04</income-elasticity>
                <income-elasticity year="2025">7e-04</income-elasticity>
                <income-elasticity year="2030">6e-04</income-elasticity>
                <income-elasticity year="2035">4e-04</income-elasticity>
                <income-elasticity year="2040">4e-04</income-elasticity>
                <income-elasticity year="2045">3e-04</income-elasticity>
                <income-elasticity year="2050">2e-04</income-elasticity>
                <income-elasticity year="2055">2e-04</income-elasticity>
                <income-elasticity year="2060">2e-04</income-elasticity>
                <income-elasticity year="2065">1e-04</income-elasticity>
                <income-elasticity year="2070">1e-04</income-elasticity>
                <income-elasticity year="2075">1e-04</income-elasticity>
                <income-elasticity year="2080">1e-04</income-elasticity>
                <income-elasticity year="2085">1e-04</income-elasticity>
                <income-elasticity year="2090">1e-04</income-elasticity>
                <income-elasticity year="2095">1e-04</income-elasticity>
                <income-elasticity year="2100">0</income-elasticity>
            </energy-final-demand>
        </region>
        <region name="Mexico">
            <energy-final-demand name="FoodDemand_Crops">
                <income-elasticity year="2015">0.0449</income-elasticity>
                <income-elasticity year="2020">0.0447</income-elasticity>
                <income-elasticity year="2025">0.0444</income-elasticity>
                <income-elasticity year="2030">0.0441</income-elasticity>
                <income-elasticity year="2035">0.0438</income-elasticity>
                <income-elasticity year="2040">0.0436</income-elasticity>
                <income-elasticity year="2045">0.0433</income-elasticity>
                <income-elasticity year="2050">0.043</income-elasticity>
                <income-elasticity year="2055">0.0428</income-elasticity>
                <income-elasticity year="2060">0.0425</income-elasticity>
                <income-elasticity year="2065">0.0423</income-elasticity>
                <income-elasticity year="2070">0.042</income-elasticity>
                <income-elasticity year="2075">0.0418</income-elasticity>
                <income-elasticity year="2080">0.0416</income-elasticity>
                <income-elasticity year="2085">0.0413</income-elasticity>
                <income-elasticity year="2090">0.0411</income-elasticity>
                <income-elasticity year="2095">0.0409</income-elasticity>
                <income-elasticity year="2100">0.0407</income-elasticity>
            </energy-final-demand>
            <energy-final-demand name="FoodDemand_Meat">
                <income-elasticity year="2015">0.0305</income-elasticity>
                <income-elasticity year="2020">0.0235</income-elasticity>
                <income-elasticity year="2025">0.0182</income-elasticity>
                <income-elasticity year="2030">0.014</income-elasticity>
                <income-elasticity year="2035">0.0107</income-elasticity>
                <income-elasticity year="2040">0.0082</income-elasticity>
                <income-elasticity year="2045">0.0064</income-elasticity>
                <income-elasticity year="2050">0.005</income-elasticity>
                <income-elasticity year="2055">0.0039</income-elasticity>
                <income-elasticity year="2060">0.0031</income-elasticity>
                <income-elasticity year="2065">0.0024</income-elasticity>
                <income-elasticity year="2070">0.0019</income-elasticity>
                <income-elasticity year="2075">0.0015</income-elasticity>
                <income-elasticity year="2080">0.0012</income-elasticity>
                <income-elasticity year="2085">0.001</income-elasticity>
                <income-elasticity year="2090">8e-04</income-elasticity>
                <income-elasticity year="2095">7e-04</income-elasticity>
                <income-elasticity year="2100">5e-04</income-elasticity>
            </energy-final-demand>
        </region>
        <region name="Middle East">
            <energy-final-demand name="FoodDemand_Crops">
                <income-elasticity year="2015">0.045</income-elasticity>
                <income-elasticity year="2020">0.0447</income-elasticity>
                <income-elasticity year="2025">0.0444</income-elasticity>
                <income-elasticity year="2030">0.0442</income-elasticity>
                <income-elasticity year="2035">0.0439</income-elasticity>
                <income-elasticity year="2040">0.0436</income-elasticity>
                <income-elasticity year="2045">0.0434</income-elasticity>
                <income-elasticity year="2050">0.0432</income-elasticity>
                <income-elasticity year="2055">0.0431</income-elasticity>
                <income-elasticity year="2060">0.043</income-elasticity>
                <income-elasticity year="2065">0.0429</income-elasticity>
                <income-elasticity year="2070">0.0428</income-elasticity>
                <income-elasticity year="2075">0.0427</income-elasticity>
                <income-elasticity year="2080">0.0426</income-elasticity>
                <income-elasticity year="2085">0.0424</income-elasticity>
                <income-elasticity year="2090">0.0423</income-elasticity>
                <income-elasticity year="2095">0.0422</income-elasticity>
                <income-elasticity year="2100">0.0421</income-elasticity>
            </energy-final-demand>
            <energy-final-demand name="FoodDemand_Meat">
                <income-elasticity year="2015">0.0316</income-elasticity>
                <income-elasticity year="2020">0.0246</income-elasticity>
                <income-elasticity year="2025">0.019</income-elasticity>
                <income-elasticity year="2030">0.0146</income-elasticity>
                <income-elasticity year="2035">0.0111</income-elasticity>
                <income-elasticity year="2040">0.0087</income-elasticity>
                <income-elasticity year="2045">0.0071</income-elasticity>
                <income-elasticity year="2050">0.0061</income-elasticity>
                <income-elasticity year="2055">0.0055</income-elasticity>
                <income-elasticity year="2060">0.0049</income-elasticity>
                <income-elasticity year="2065">0.0044</income-elasticity>
                <income-elasticity year="2070">0.004</income-elasticity>
                <income-elasticity year="2075">0.0036</income-elasticity>
                <income-elasticity year="2080">0.0032</income-elasticity>
                <income-elasticity year="2085">0.0029</income-elasticity>
                <income-elasticity year="2090">0.0025</income-elasticity>
                <income-elasticity year="2095">0.0022</income-elasticity>
                <income-elasticity year="2100">0.002</income-elasticity>
            </energy-final-demand>
        </region>
        <region name="Pakistan">
            <energy-final-demand name="FoodDemand_Crops">
                <income-elasticity year="2015">0.0504</income-elasticity>
                <income-elasticity year="2020">0.0502</income-elasticity>
                <income-elasticity year="2025">0.0499</income-elasticity>
                <income-elasticity year="2030">0.0497</income-elasticity>
                <income-elasticity year="2035">0.0495</income-elasticity>
                <income-elasticity year="2040">0.0493</income-elasticity>
                <income-elasticity year="2045">0.0491</income-elasticity>
                <income-elasticity year="2050">0.049</income-elasticity>
                <income-elasticity year="2055">0.0488</income-elasticity>
                <income-elasticity year="2060">0.0487</income-elasticity>
                <income-elasticity year="2065">0.0486</income-elasticity>
                <income-elasticity year="2070">0.0484</income-elasticity>
                <income-elasticity year="2075">0.0483</income-elasticity>
                <income-elasticity year="2080">0.0481</income-elasticity>
                <income-elasticity year="2085">0.048</income-elasticity>
                <income-elasticity year="2090">0.0478</income-elasticity>
                <income-elasticity year="2095">0.0477</income-elasticity>
                <income-elasticity year="2100">0.0476</income-elasticity>
            </energy-final-demand>
            <energy-final-demand name="FoodDemand_Meat">
                <income-elasticity year="2015">1</income-elasticity>
                <income-elasticity year="2020">0.9263</income-elasticity>
                <income-elasticity year="2025">0.9389</income-elasticity>
                <income-elasticity year="2030">1</income-elasticity>
                <income-elasticity year="2035">1</income-elasticity>
                <income-elasticity year="2040">1</income-elasticity>
                <income-elasticity year="2045">1</income-elasticity>
                <income-elasticity year="2050">1</income-elasticity>
                <income-elasticity year="2055">0.9513</income-elasticity>
                <income-elasticity year="2060">0.739</income-elasticity>
                <income-elasticity year="2065">0.6725</income-elasticity>
                <income-elasticity year="2070">0.6068</income-elasticity>
                <income-elasticity year="2075">0.5449</income-elasticity>
                <income-elasticity year="2080">0.4901</income-elasticity>
                <income-elasticity year="2085">0.4422</income-elasticity>
                <income-elasticity year="2090">0.399</income-elasticity>
                <income-elasticity year="2095">0.3589</income-elasticity>
                <income-elasticity year="2100">0.3211</income-elasticity>
            </energy-final-demand>
        </region>
        <region name="Russia">
            <energy-final-demand name="FoodDemand_Crops">
                <income-elasticity year="2015">0.0445</income-elasticity>
                <income-elasticity year="2020">0.044</income-elasticity>
                <income-elasticity year="2025">0.0436</income-elasticity>
                <income-elasticity year="2030">0.0432</income-elasticity>
                <income-elasticity year="2035">0.0428</income-elasticity>
                <income-elasticity year="2040">0.0424</income-elasticity>
                <income-elasticity year="2045">0.0422</income-elasticity>
                <income-elasticity year="2050">0.042</income-elasticity>
                <income-elasticity year="2055">0.0418</income-elasticity>
                <income-elasticity year="2060">0.0416</income-elasticity>
                <income-elasticity year="2065">0.0414</income-elasticity>
                <income-elasticity year="2070">0.0413</income-elasticity>
                <income-elasticity year="2075">0.0411</income-elasticity>
                <income-elasticity year="2080">0.0409</income-elasticity>
                <income-elasticity year="2085">0.0408</income-elasticity>
                <income-elasticity year="2090">0.0407</income-elasticity>
                <income-elasticity year="2095">0.0405</income-elasticity>
                <income-elasticity year="2100">0.0404</income-elasticity>
            </energy-final-demand>
            <energy-final-demand name="FoodDemand_Meat">
                <income-elasticity year="2015">0.0203</income-elasticity>
                <income-elasticity year="2020">0.0131</income-elasticity>
                <income-elasticity year="2025">0.0086</income-elasticity>
                <income-elasticity year="2030">0.0058</income-elasticity>
                <income-elasticity year="2035">0.004</income-elasticity>
                <income-elasticity year="2040">0.0028</income-elasticity>
                <income-elasticity year="2045">0.0022</income-elasticity>
                <income-elasticity year="2050">0.0018</income-elasticity>
                <income-elasticity year="2055">0.0015</income-elasticity>
                <income-elasticity year="2060">0.0013</income-elasticity>
                <income-elasticity year="2065">0.0011</income-elasticity>
                <income-elasticity year="2070">9e-04</income-elasticity>
                <income-elasticity year="2075">8e-04</income-elasticity>
                <income-elasticity year="2080">7e-04</income-elasticity>
                <income-elasticity year="2085">6e-04</income-elasticity>
                <income-elasticity year="2090">5e-04</income-elasticity>
                <income-elasticity year="2095">5e-04</income-elasticity>
                <income-elasticity year="2100">4e-04</income-elasticity>
            </energy-final-demand>
        </region>
        <region name="South Africa">
            <energy-final-demand name="FoodDemand_Crops">
                <income-elasticity year="2015">0.0455</income-elasticity>
                <income-elasticity year="2020">0.0451</income-elasticity>
                <income-elasticity year="2025">0.0447</income-elasticity>
                <income-elasticity year="2030">0.0444</income-elasticity>
                <income-elasticity year="2035">0.044</income-elasticity>
                <income-elasticity year="2040">0.0437</income-elasticity>
                <income-elasticity year="2045">0.0434</income-elasticity>
                <income-elasticity year="2050">0.0432</income-elasticity>
                <income-elasticity year="2055">0.043</income-elasticity>
                <income-elasticity year="2060">0.0427</income-elasticity>
                <income-elasticity year="2065">0.0425</income-elasticity>
                <income-elasticity year="2070">0.0423</income-elasticity>
                <income-elasticity year="2075">0.0421</income-elasticity>
                <income-elasticity year="2080">0.0419</income-elasticity>
                <income-elasticity year="2085">0.0417</income-elasticity>
                <income-elasticity year="2090">0.0415</income-elasticity>
                <income-elasticity year="2095">0.0414</income-elasticity>
                <income-elasticity year="2100">0.0412</income-elasticity>
            </energy-final-demand>
            <energy-final-demand name="FoodDemand_Meat">
                <income-elasticity year="2015">0.0515</income-elasticity>
                <income-elasticity year="2020">0.0363</income-elasticity>
                <income-elasticity year="2025">0.0249</income-elasticity>
                <income-elasticity year="2030">0.0177</income-elasticity>
                <income-elasticity year="2035">0.0129</income-elasticity>
                <income-elasticity year="2040">0.0097</income-elasticity>
                <income-elasticity year="2045">0.0075</income-elasticity>
                <income-elasticity year="2050">0.0059</income-elasticity>
                <income-elasticity year="2055">0.0047</income-elasticity>
                <income-elasticity year="2060">0.0038</income-elasticity>
                <income-elasticity year="2065">0.0031</income-elasticity>
                <income-elasticity year="2070">0.0025</income-elasticity>
                <income-elasticity year="2075">0.0021</income-elasticity>
                <income-elasticity year="2080">0.0017</income-elasticity>
                <income-elasticity year="2085">0.0014</income-elasticity>
                <income-elasticity year="2090">0.0012</income-elasticity>
                <income-elasticity year="2095">0.001</income-elasticity>
                <income-elasticity year="2100">8e-04</income-elasticity>
            </energy-final-demand>
        </region>
        <region name="South America_Northern">
            <energy-final-demand name="FoodDemand_Crops">
                <income-elasticity year="2015">0.0441</income-elasticity>
                <income-elasticity year="2020">0.0438</income-elasticity>
                <income-elasticity year="2025">0.0436</income-elasticity>
                <income-elasticity year="2030">0.0433</income-elasticity>
                <income-elasticity year="2035">0.0431</income-elasticity>
                <income-elasticity year="2040">0.0428</income-elasticity>
                <income-elasticity year="2045">0.0426</income-elasticity>
                <income-elasticity year="2050">0.0424</income-elasticity>
                <income-elasticity year="2055">0.0422</income-elasticity>
                <income-elasticity year="2060">0.042</income-elasticity>
                <income-elasticity year="2065">0.0418</income-elasticity>
                <income-elasticity year="2070">0.0416</income-elasticity>
                <income-elasticity year="2075">0.0414</income-elasticity>
                <income-elasticity year="2080">0.0413</income-elasticity>
                <income-elasticity year="2085">0.0411</income-elasticity>
                <income-elasticity year="2090">0.0409</income-elasticity>
                <income-elasticity year="2095">0.0407</income-elasticity>
                <income-elasticity year="2100">0.0405</income-elasticity>
            </energy-final-demand>
            <energy-final-demand name="FoodDemand_Meat">
                <income-elasticity year="2015">0.0137</income-elasticity>
                <income-elasticity year="2020">0.0109</income-elasticity>
                <income-elasticity year="2025">0.0087</income-elasticity>
                <income-elasticity year="2030">0.0068</income-elasticity>
                <income-elasticity year="2035">0.0053</income-elasticity>
                <income-elasticity year="2040">0.0041</income-elasticity>
                <income-elasticity year="2045">0.0033</income-elasticity>
                <income-elasticity year="2050">0.0027</income-elasticity>
                <income-elasticity year="2055">0.0022</income-elasticity>
                <income-elasticity year="2060">0.0018</income-elasticity>
                <income-elasticity year="2065">0.0015</income-elasticity>
                <income-elasticity year="2070">0.0013</income-elasticity>
                <income-elasticity year="2075">0.0011</income-elasticity>
                <income-elasticity year="2080">9e-04</income-elasticity>
                <income-elasticity year="2085">8e-04</income-elasticity>
                <income-elasticity year="2090">6e-04</income-elasticity>
                <income-elasticity year="2095">5e-04</income-elasticity>
                <income-elasticity year="2100">5e-04</income-elasticity>
            </energy-final-demand>
        </region>
        <region name="South America_Southern">
            <energy-final-demand name="FoodDemand_Crops">
                <income-elasticity year="2015">0.0458</income-elasticity>
                <income-elasticity year="2020">0.0453</income-elasticity>
                <income-elasticity year="2025">0.0449</income-elasticity>
                <income-elasticity year="2030">0.0445</income-elasticity>
                <income-elasticity year="2035">0.0442</income-elasticity>
                <income-elasticity year="2040">0.0439</income-elasticity>
                <income-elasticity year="2045">0.0436</income-elasticity>
                <income-elasticity year="2050">0.0434</income-elasticity>
                <income-elasticity year="2055">0.0431</income-elasticity>
                <income-elasticity year="2060">0.0429</income-elasticity>
                <income-elasticity year="2065">0.0426</income-elasticity>
                <income-elasticity year="2070">0.0424</income-elasticity>
                <income-elasticity year="2075">0.0422</income-elasticity>
                <income-elasticity year="2080">0.042</income-elasticity>
                <income-elasticity year="2085">0.0418</income-elasticity>
                <income-elasticity year="2090">0.0416</income-elasticity>
                <income-elasticity year="2095">0.0414</income-elasticity>
                <income-elasticity year="2100">0.0412</income-elasticity>
            </energy-final-demand>
            <energy-final-demand name="FoodDemand_Meat">
                <income-elasticity year="2015">0.0657</income-elasticity>
                <income-elasticity year="2020">0.0431</income-elasticity>
                <income-elasticity year="2025">0.0294</income-elasticity>
                <income-elasticity year="2030">0.021</income-elasticity>
                <income-elasticity year="2035">0.0155</income-elasticity>
                <income-elasticity year="2040">0.0117</income-elasticity>
                <income-elasticity year="2045">0.009</income-elasticity>
                <income-elasticity year="2050">0.007</income-elasticity>
                <income-elasticity year="2055">0.0055</income-elasticity>
                <income-elasticity year="2060">0.0043</income-elasticity>
                <income-elasticity year="2065">0.0035</income-elasticity>
                <income-elasticity year="2070">0.0028</income-elasticity>
                <income-elasticity year="2075">0.0022</income-elasticity>
                <income-elasticity year="2080">0.0018</income-elasticity>
                <income-elasticity year="2085">0.0015</income-elasticity>
                <income-elasticity year="2090">0.0012</income-elasticity>
                <income-elasticity year="2095">0.001</income-elasticity>
                <income-elasticity year="2100">8e-04</income-elasticity>
            </energy-final-demand>
        </region>
        <region name="South Asia">
            <energy-final-demand name="FoodDemand_Crops">
                <income-elasticity year="2015">0.0508</income-elasticity>
                <income-elasticity year="2020">0.0502</income-elasticity>
                <income-elasticity year="2025">0.0497</income-elasticity>
                <income-elasticity year="2030">0.0493</income-elasticity>
                <income-elasticity year="2035">0.0489</income-elasticity>
                <income-elasticity year="2040">0.0487</income-elasticity>
                <income-elasticity year="2045">0.0485</income-elasticity>
                <income-elasticity year="2050">0.0484</income-elasticity>
                <income-elasticity year="2055">0.0483</income-elasticity>
                <income-elasticity year="2060">0.0481</income-elasticity>
                <income-elasticity year="2065">0.048</income-elasticity>
                <income-elasticity year="2070">0.0479</income-elasticity>
                <income-elasticity year="2075">0.0478</income-elasticity>
                <income-elasticity year="2080">0.0477</income-elasticity>
                <income-elasticity year="2085">0.0476</income-elasticity>
                <income-elasticity year="2090">0.0475</income-elasticity>
                <income-elasticity year="2095">0.0474</income-elasticity>
                <income-elasticity year="2100">0.0473</income-elasticity>
            </energy-final-demand>
            <energy-final-demand name="FoodDemand_Meat">
                <income-elasticity year="2015">0.4265</income-elasticity>
                <income-elasticity year="2020">0.4137</income-elasticity>
                <income-elasticity year="2025">0.5081</income-elasticity>
                <income-elasticity year="2030">0.6704</income-elasticity>
                <income-elasticity year="2035">0.9827</income-elasticity>
                <income-elasticity year="2040">1</income-elasticity>
                <income-elasticity year="2045">1</income-elasticity>
                <income-elasticity year="2050">1</income-elasticity>
                <income-elasticity year="2055">1</income-elasticity>
                <income-elasticity year="2060">1</income-elasticity>
                <income-elasticity year="2065">1</income-elasticity>
                <income-elasticity year="2070">1</income-elasticity>
                <income-elasticity year="2075">1</income-elasticity>
                <income-elasticity year="2080">1</income-elasticity>
                <income-elasticity year="2085">1</income-elasticity>
                <income-elasticity year="2090">1</income-elasticity>
                <income-elasticity year="2095">0.2768</income-elasticity>
                <income-elasticity year="2100">0.2536</income-elasticity>
            </energy-final-demand>
        </region>
        <region name="South Korea">
            <energy-final-demand name="FoodDemand_Crops">
                <income-elasticity year="2015">0.0427</income-elasticity>
                <income-elasticity year="2020">0.0423</income-elasticity>
                <income-elasticity year="2025">0.0419</income-elasticity>
                <income-elasticity year="2030">0.0415</income-elasticity>
                <income-elasticity year="2035">0.0412</income-elasticity>
                <income-elasticity year="2040">0.0409</income-elasticity>
                <income-elasticity year="2045">0.0407</income-elasticity>
                <income-elasticity year="2050">0.0404</income-elasticity>
                <income-elasticity year="2055">0.0402</income-elasticity>
                <income-elasticity year="2060">0.0401</income-elasticity>
                <income-elasticity year="2065">0.0399</income-elasticity>
                <income-elasticity year="2070">0.0397</income-elasticity>
                <income-elasticity year="2075">0.0396</income-elasticity>
                <income-elasticity year="2080">0.0394</income-elasticity>
                <income-elasticity year="2085">0.0393</income-elasticity>
                <income-elasticity year="2090">0.0391</income-elasticity>
                <income-elasticity year="2095">0.039</income-elasticity>
                <income-elasticity year="2100">0.0388</income-elasticity>
            </energy-final-demand>
            <energy-final-demand name="FoodDemand_Meat">
                <income-elasticity year="2015">0.0037</income-elasticity>
                <income-elasticity year="2020">0.0024</income-elasticity>
                <income-elasticity year="2025">0.0016</income-elasticity>
                <income-elasticity year="2030">0.0011</income-elasticity>
                <income-elasticity year="2035">8e-04</income-elasticity>
                <income-elasticity year="2040">6e-04</income-elasticity>
                <income-elasticity year="2045">5e-04</income-elasticity>
                <income-elasticity year="2050">4e-04</income-elasticity>
                <income-elasticity year="2055">3e-04</income-elasticity>
                <income-elasticity year="2060">3e-04</income-elasticity>
                <income-elasticity year="2065">2e-04</income-elasticity>
                <income-elasticity year="2070">2e-04</income-elasticity>
                <income-elasticity year="2075">2e-04</income-elasticity>
                <income-elasticity year="2080">1e-04</income-elasticity>
                <income-elasticity year="2085">1e-04</income-elasticity>
                <income-elasticity year="2090">1e-04</income-elasticity>
                <income-elasticity year="2095">1e-04</income-elasticity>
                <income-elasticity year="2100">1e-04</income-elasticity>
            </energy-final-demand>
        </region>
        <region name="Southeast Asia">
            <energy-final-demand name="FoodDemand_Crops">
                <income-elasticity year="2015">0.0474</income-elasticity>
                <income-elasticity year="2020">0.0469</income-elasticity>
                <income-elasticity year="2025">0.0465</income-elasticity>
                <income-elasticity year="2030">0.0461</income-elasticity>
                <income-elasticity year="2035">0.0458</income-elasticity>
                <income-elasticity year="2040">0.0455</income-elasticity>
                <income-elasticity year="2045">0.0452</income-elasticity>
                <income-elasticity year="2050">0.045</income-elasticity>
                <income-elasticity year="2055">0.0448</income-elasticity>
                <income-elasticity year="2060">0.0446</income-elasticity>
                <income-elasticity year="2065">0.0444</income-elasticity>
                <income-elasticity year="2070">0.0442</income-elasticity>
                <income-elasticity year="2075">0.0441</income-elasticity>
                <income-elasticity year="2080">0.0439</income-elasticity>
                <income-elasticity year="2085">0.0438</income-elasticity>
                <income-elasticity year="2090">0.0437</income-elasticity>
                <income-elasticity year="2095">0.0436</income-elasticity>
                <income-elasticity year="2100">0.0435</income-elasticity>
            </energy-final-demand>
            <energy-final-demand name="FoodDemand_Meat">
                <income-elasticity year="2015">0.2794</income-elasticity>
                <income-elasticity year="2020">0.1894</income-elasticity>
                <income-elasticity year="2025">0.1279</income-elasticity>
                <income-elasticity year="2030">0.0907</income-elasticity>
                <income-elasticity year="2035">0.0673</income-elasticity>
                <income-elasticity year="2040">0.0518</income-elasticity>
                <income-elasticity year="2045">0.0408</income-elasticity>
                <income-elasticity year="2050">0.0328</income-elasticity>
                <income-elasticity year="2055">0.0269</income-elasticity>
                <income-elasticity year="2060">0.0223</income-elasticity>
                <income-elasticity year="2065">0.0186</income-elasticity>
                <income-elasticity year="2070">0.0158</income-elasticity>
                <income-elasticity year="2075">0.0136</income-elasticity>
                <income-elasticity year="2080">0.0118</income-elasticity>
                <income-elasticity year="2085">0.0104</income-elasticity>
                <income-elasticity year="2090">0.0093</income-elasticity>
                <income-elasticity year="2095">0.0083</income-elasticity>
                <income-elasticity year="2100">0.0075</income-elasticity>
            </energy-final-demand>
        </region>
        <region name="Argentina">
            <energy-final-demand name="FoodDemand_Crops">
                <income-elasticity year="2015">0.0443</income-elasticity>
                <income-elasticity year="2020">0.0439</income-elasticity>
                <income-elasticity year="2025">0.0436</income-elasticity>
                <income-elasticity year="2030">0.0433</income-elasticity>
                <income-elasticity year="2035">0.043</income-elasticity>
                <income-elasticity year="2040">0.0428</income-elasticity>
                <income-elasticity year="2045">0.0426</income-elasticity>
                <income-elasticity year="2050">0.0424</income-elasticity>
                <income-elasticity year="2055">0.0422</income-elasticity>
                <income-elasticity year="2060">0.042</income-elasticity>
                <income-elasticity year="2065">0.0418</income-elasticity>
                <income-elasticity year="2070">0.0416</income-elasticity>
                <income-elasticity year="2075">0.0415</income-elasticity>
                <income-elasticity year="2080">0.0413</income-elasticity>
                <income-elasticity year="2085">0.0412</income-elasticity>
                <income-elasticity year="2090">0.041</income-elasticity>
                <income-elasticity year="2095">0.0409</income-elasticity>
                <income-elasticity year="2100">0.0408</income-elasticity>
            </energy-final-demand>
            <energy-final-demand name="FoodDemand_Meat">
                <income-elasticity year="2015">0.0175</income-elasticity>
                <income-elasticity year="2020">0.012</income-elasticity>
                <income-elasticity year="2025">0.0087</income-elasticity>
                <income-elasticity year="2030">0.0064</income-elasticity>
                <income-elasticity year="2035">0.0049</income-elasticity>
                <income-elasticity year="2040">0.0039</income-elasticity>
                <income-elasticity year="2045">0.0032</income-elasticity>
                <income-elasticity year="2050">0.0026</income-elasticity>
                <income-elasticity year="2055">0.0022</income-elasticity>
                <income-elasticity year="2060">0.0018</income-elasticity>
                <income-elasticity year="2065">0.0015</income-elasticity>
                <income-elasticity year="2070">0.0013</income-elasticity>
                <income-elasticity year="2075">0.0011</income-elasticity>
                <income-elasticity year="2080">0.001</income-elasticity>
                <income-elasticity year="2085">9e-04</income-elasticity>
                <income-elasticity year="2090">7e-04</income-elasticity>
                <income-elasticity year="2095">6e-04</income-elasticity>
                <income-elasticity year="2100">6e-04</income-elasticity>
            </energy-final-demand>
        </region>
        <region name="Colombia">
            <energy-final-demand name="FoodDemand_Crops">
                <income-elasticity year="2015">0.0459</income-elasticity>
                <income-elasticity year="2020">0.0455</income-elasticity>
                <income-elasticity year="2025">0.0452</income-elasticity>
                <income-elasticity year="2030">0.0449</income-elasticity>
                <income-elasticity year="2035">0.0446</income-elasticity>
                <income-elasticity year="2040">0.0443</income-elasticity>
                <income-elasticity year="2045">0.0441</income-elasticity>
                <income-elasticity year="2050">0.0438</income-elasticity>
                <income-elasticity year="2055">0.0435</income-elasticity>
                <income-elasticity year="2060">0.0433</income-elasticity>
                <income-elasticity year="2065">0.043</income-elasticity>
                <income-elasticity year="2070">0.0427</income-elasticity>
                <income-elasticity year="2075">0.0425</income-elasticity>
                <income-elasticity year="2080">0.0423</income-elasticity>
                <income-elasticity year="2085">0.042</income-elasticity>
                <income-elasticity year="2090">0.0418</income-elasticity>
                <income-elasticity year="2095">0.0416</income-elasticity>
                <income-elasticity year="2100">0.0414</income-elasticity>
            </energy-final-demand>
            <energy-final-demand name="FoodDemand_Meat">
                <income-elasticity year="2015">0.0719</income-elasticity>
                <income-elasticity year="2020">0.0505</income-elasticity>
                <income-elasticity year="2025">0.0381</income-elasticity>
                <income-elasticity year="2030">0.0297</income-elasticity>
                <income-elasticity year="2035">0.0227</income-elasticity>
                <income-elasticity year="2040">0.0174</income-elasticity>
                <income-elasticity year="2045">0.0133</income-elasticity>
                <income-elasticity year="2050">0.0103</income-elasticity>
                <income-elasticity year="2055">0.008</income-elasticity>
                <income-elasticity year="2060">0.0062</income-elasticity>
                <income-elasticity year="2065">0.0048</income-elasticity>
                <income-elasticity year="2070">0.0038</income-elasticity>
                <income-elasticity year="2075">0.003</income-elasticity>
                <income-elasticity year="2080">0.0024</income-elasticity>
                <income-elasticity year="2085">0.002</income-elasticity>
                <income-elasticity year="2090">0.0016</income-elasticity>
                <income-elasticity year="2095">0.0013</income-elasticity>
                <income-elasticity year="2100">0.0011</income-elasticity>
            </energy-final-demand>
        </region>
    </world>
</scenario>
