<?xml version="1.0" encoding="UTF-8"?>
<scenario>
    <world>
        <region name="USA">
            <energy-final-demand name="FoodDemand_Crops">
                <income-elasticity year="2015">0.041</income-elasticity>
                <income-elasticity year="2020">0.0408</income-elasticity>
                <income-elasticity year="2025">0.0405</income-elasticity>
                <income-elasticity year="2030">0.0403</income-elasticity>
                <income-elasticity year="2035">0.0401</income-elasticity>
                <income-elasticity year="2040">0.0399</income-elasticity>
                <income-elasticity year="2045">0.0397</income-elasticity>
                <income-elasticity year="2050">0.0395</income-elasticity>
                <income-elasticity year="2055">0.0394</income-elasticity>
                <income-elasticity year="2060">0.0392</income-elasticity>
                <income-elasticity year="2065">0.0391</income-elasticity>
                <income-elasticity year="2070">0.0389</income-elasticity>
                <income-elasticity year="2075">0.0388</income-elasticity>
                <income-elasticity year="2080">0.0386</income-elasticity>
                <income-elasticity year="2085">0.0384</income-elasticity>
                <income-elasticity year="2090">0.0383</income-elasticity>
                <income-elasticity year="2095">0.0381</income-elasticity>
                <income-elasticity year="2100">0.0379</income-elasticity>
            </energy-final-demand>
            <energy-final-demand name="FoodDemand_Meat">
                <income-elasticity year="2015">7e-04</income-elasticity>
                <income-elasticity year="2020">6e-04</income-elasticity>
                <income-elasticity year="2025">5e-04</income-elasticity>
                <income-elasticity year="2030">4e-04</income-elasticity>
                <income-elasticity year="2035">3e-04</income-elasticity>
                <income-elasticity year="2040">2e-04</income-elasticity>
                <income-elasticity year="2045">2e-04</income-elasticity>
                <income-elasticity year="2050">2e-04</income-elasticity>
                <income-elasticity year="2055">1e-04</income-elasticity>
                <income-elasticity year="2060">1e-04</income-elasticity>
                <income-elasticity year="2065">1e-04</income-elasticity>
                <income-elasticity year="2070">1e-04</income-elasticity>
                <income-elasticity year="2075">1e-04</income-elasticity>
                <income-elasticity year="2080">1e-04</income-elasticity>
                <income-elasticity year="2085">1e-04</income-elasticity>
                <income-elasticity year="2090">0</income-elasticity>
                <income-elasticity year="2095">0</income-elasticity>
                <income-elasticity year="2100">0</income-elasticity>
            </energy-final-demand>
        </region>
        <region name="Africa_Eastern">
            <energy-final-demand name="FoodDemand_Crops">
                <income-elasticity year="2015">0.0514</income-elasticity>
                <income-elasticity year="2020">0.0509</income-elasticity>
                <income-elasticity year="2025">0.0503</income-elasticity>
                <income-elasticity year="2030">0.0496</income-elasticity>
                <income-elasticity year="2035">0.0487</income-elasticity>
                <income-elasticity year="2040">0.0477</income-elasticity>
                <income-elasticity year="2045">0.0469</income-elasticity>
                <income-elasticity year="2050">0.046</income-elasticity>
                <income-elasticity year="2055">0.0452</income-elasticity>
                <income-elasticity year="2060">0.0445</income-elasticity>
                <income-elasticity year="2065">0.0439</income-elasticity>
                <income-elasticity year="2070">0.0433</income-elasticity>
                <income-elasticity year="2075">0.0427</income-elasticity>
                <income-elasticity year="2080">0.0422</income-elasticity>
                <income-elasticity year="2085">0.0418</income-elasticity>
                <income-elasticity year="2090">0.0413</income-elasticity>
                <income-elasticity year="2095">0.041</income-elasticity>
                <income-elasticity year="2100">0.0406</income-elasticity>
            </energy-final-demand>
            <energy-final-demand name="FoodDemand_Meat">
                <income-elasticity year="2015">0.8662</income-elasticity>
                <income-elasticity year="2020">0.4412</income-elasticity>
                <income-elasticity year="2025">0.3568</income-elasticity>
                <income-elasticity year="2030">0.2836</income-elasticity>
                <income-elasticity year="2035">0.2596</income-elasticity>
                <income-elasticity year="2040">0.2663</income-elasticity>
                <income-elasticity year="2045">0.2805</income-elasticity>
                <income-elasticity year="2050">0.2999</income-elasticity>
                <income-elasticity year="2055">0.3234</income-elasticity>
                <income-elasticity year="2060">0.3506</income-elasticity>
                <income-elasticity year="2065">0.3829</income-elasticity>
                <income-elasticity year="2070">0.4194</income-elasticity>
                <income-elasticity year="2075">0.4578</income-elasticity>
                <income-elasticity year="2080">0.4969</income-elasticity>
                <income-elasticity year="2085">0.5362</income-elasticity>
                <income-elasticity year="2090">0.576</income-elasticity>
                <income-elasticity year="2095">0.6158</income-elasticity>
                <income-elasticity year="2100">0.6594</income-elasticity>
            </energy-final-demand>
        </region>
        <region name="Africa_Northern">
            <energy-final-demand name="FoodDemand_Crops">
                <income-elasticity year="2015">0.0473</income-elasticity>
                <income-elasticity year="2020">0.0469</income-elasticity>
                <income-elasticity year="2025">0.0463</income-elasticity>
                <income-elasticity year="2030">0.0457</income-elasticity>
                <income-elasticity year="2035">0.0451</income-elasticity>
                <income-elasticity year="2040">0.0445</income-elasticity>
                <income-elasticity year="2045">0.0439</income-elasticity>
                <income-elasticity year="2050">0.0434</income-elasticity>
                <income-elasticity year="2055">0.043</income-elasticity>
                <income-elasticity year="2060">0.0426</income-elasticity>
                <income-elasticity year="2065">0.0422</income-elasticity>
                <income-elasticity year="2070">0.0419</income-elasticity>
                <income-elasticity year="2075">0.0416</income-elasticity>
                <income-elasticity year="2080">0.0413</income-elasticity>
                <income-elasticity year="2085">0.041</income-elasticity>
                <income-elasticity year="2090">0.0407</income-elasticity>
                <income-elasticity year="2095">0.0405</income-elasticity>
                <income-elasticity year="2100">0.0402</income-elasticity>
            </energy-final-demand>
            <energy-final-demand name="FoodDemand_Meat">
                <income-elasticity year="2015">0.2536</income-elasticity>
                <income-elasticity year="2020">0.1838</income-elasticity>
                <income-elasticity year="2025">0.1132</income-elasticity>
                <income-elasticity year="2030">0.064</income-elasticity>
                <income-elasticity year="2035">0.0349</income-elasticity>
                <income-elasticity year="2040">0.0195</income-elasticity>
                <income-elasticity year="2045">0.0116</income-elasticity>
                <income-elasticity year="2050">0.0073</income-elasticity>
                <income-elasticity year="2055">0.0048</income-elasticity>
                <income-elasticity year="2060">0.0033</income-elasticity>
                <income-elasticity year="2065">0.0023</income-elasticity>
                <income-elasticity year="2070">0.0016</income-elasticity>
                <income-elasticity year="2075">0.0012</income-elasticity>
                <income-elasticity year="2080">9e-04</income-elasticity>
                <income-elasticity year="2085">7e-04</income-elasticity>
                <income-elasticity year="2090">5e-04</income-elasticity>
                <income-elasticity year="2095">4e-04</income-elasticity>
                <income-elasticity year="2100">3e-04</income-elasticity>
            </energy-final-demand>
        </region>
        <region name="Africa_Southern">
            <energy-final-demand name="FoodDemand_Crops">
                <income-elasticity year="2015">0.0497</income-elasticity>
                <income-elasticity year="2020">0.0492</income-elasticity>
                <income-elasticity year="2025">0.0487</income-elasticity>
                <income-elasticity year="2030">0.0481</income-elasticity>
                <income-elasticity year="2035">0.0474</income-elasticity>
                <income-elasticity year="2040">0.0466</income-elasticity>
                <income-elasticity year="2045">0.0459</income-elasticity>
                <income-elasticity year="2050">0.0451</income-elasticity>
                <income-elasticity year="2055">0.0444</income-elasticity>
                <income-elasticity year="2060">0.0438</income-elasticity>
                <income-elasticity year="2065">0.0431</income-elasticity>
                <income-elasticity year="2070">0.0426</income-elasticity>
                <income-elasticity year="2075">0.042</income-elasticity>
                <income-elasticity year="2080">0.0416</income-elasticity>
                <income-elasticity year="2085">0.0411</income-elasticity>
                <income-elasticity year="2090">0.0407</income-elasticity>
                <income-elasticity year="2095">0.0403</income-elasticity>
                <income-elasticity year="2100">0.04</income-elasticity>
            </energy-final-demand>
            <energy-final-demand name="FoodDemand_Meat">
                <income-elasticity year="2015">0.6346</income-elasticity>
                <income-elasticity year="2020">0.479</income-elasticity>
                <income-elasticity year="2025">0.4379</income-elasticity>
                <income-elasticity year="2030">0.3575</income-elasticity>
                <income-elasticity year="2035">0.3248</income-elasticity>
                <income-elasticity year="2040">0.3201</income-elasticity>
                <income-elasticity year="2045">0.322</income-elasticity>
                <income-elasticity year="2050">0.3303</income-elasticity>
                <income-elasticity year="2055">0.303</income-elasticity>
                <income-elasticity year="2060">0.0102</income-elasticity>
                <income-elasticity year="2065">0.0056</income-elasticity>
                <income-elasticity year="2070">0.0032</income-elasticity>
                <income-elasticity year="2075">0.0019</income-elasticity>
                <income-elasticity year="2080">0.0012</income-elasticity>
                <income-elasticity year="2085">8e-04</income-elasticity>
                <income-elasticity year="2090">5e-04</income-elasticity>
                <income-elasticity year="2095">4e-04</income-elasticity>
                <income-elasticity year="2100">3e-04</income-elasticity>
            </energy-final-demand>
        </region>
        <region name="Africa_Western">
            <energy-final-demand name="FoodDemand_Crops">
                <income-elasticity year="2015">0.0495</income-elasticity>
                <income-elasticity year="2020">0.049</income-elasticity>
                <income-elasticity year="2025">0.0484</income-elasticity>
                <income-elasticity year="2030">0.0476</income-elasticity>
                <income-elasticity year="2035">0.0467</income-elasticity>
                <income-elasticity year="2040">0.0459</income-elasticity>
                <income-elasticity year="2045">0.0451</income-elasticity>
                <income-elasticity year="2050">0.0443</income-elasticity>
                <income-elasticity year="2055">0.0436</income-elasticity>
                <income-elasticity year="2060">0.043</income-elasticity>
                <income-elasticity year="2065">0.0424</income-elasticity>
                <income-elasticity year="2070">0.0418</income-elasticity>
                <income-elasticity year="2075">0.0413</income-elasticity>
                <income-elasticity year="2080">0.0409</income-elasticity>
                <income-elasticity year="2085">0.0404</income-elasticity>
                <income-elasticity year="2090">0.04</income-elasticity>
                <income-elasticity year="2095">0.0397</income-elasticity>
                <income-elasticity year="2100">0.0393</income-elasticity>
            </energy-final-demand>
            <energy-final-demand name="FoodDemand_Meat">
                <income-elasticity year="2015">0.5682</income-elasticity>
                <income-elasticity year="2020">0.468</income-elasticity>
                <income-elasticity year="2025">0.3411</income-elasticity>
                <income-elasticity year="2030">0.2845</income-elasticity>
                <income-elasticity year="2035">0.2716</income-elasticity>
                <income-elasticity year="2040">0.2875</income-elasticity>
                <income-elasticity year="2045">0.3084</income-elasticity>
                <income-elasticity year="2050">0.2937</income-elasticity>
                <income-elasticity year="2055">0.0088</income-elasticity>
                <income-elasticity year="2060">0.0048</income-elasticity>
                <income-elasticity year="2065">0.0027</income-elasticity>
                <income-elasticity year="2070">0.0016</income-elasticity>
                <income-elasticity year="2075">0.001</income-elasticity>
                <income-elasticity year="2080">6e-04</income-elasticity>
                <income-elasticity year="2085">4e-04</income-elasticity>
                <income-elasticity year="2090">3e-04</income-elasticity>
                <income-elasticity year="2095">2e-04</income-elasticity>
                <income-elasticity year="2100">1e-04</income-elasticity>
            </energy-final-demand>
        </region>
        <region name="Australia_NZ">
            <energy-final-demand name="FoodDemand_Crops">
                <income-elasticity year="2015">0.041</income-elasticity>
                <income-elasticity year="2020">0.0408</income-elasticity>
                <income-elasticity year="2025">0.0406</income-elasticity>
                <income-elasticity year="2030">0.0404</income-elasticity>
                <income-elasticity year="2035">0.0401</income-elasticity>
                <income-elasticity year="2040">0.0398</income-elasticity>
                <income-elasticity year="2045">0.0396</income-elasticity>
                <income-elasticity year="2050">0.0394</income-elasticity>
                <income-elasticity year="2055">0.0392</income-elasticity>
                <income-elasticity year="2060">0.039</income-elasticity>
                <income-elasticity year="2065">0.0388</income-elasticity>
                <income-elasticity year="2070">0.0385</income-elasticity>
                <income-elasticity year="2075">0.0383</income-elasticity>
                <income-elasticity year="2080">0.0381</income-elasticity>
                <income-elasticity year="2085">0.0379</income-elasticity>
                <income-elasticity year="2090">0.0377</income-elasticity>
                <income-elasticity year="2095">0.0375</income-elasticity>
                <income-elasticity year="2100">0.0373</income-elasticity>
            </energy-final-demand>
            <energy-final-demand name="FoodDemand_Meat">
                <income-elasticity year="2015">7e-04</income-elasticity>
                <income-elasticity year="2020">6e-04</income-elasticity>
                <income-elasticity year="2025">5e-04</income-elasticity>
                <income-elasticity year="2030">4e-04</income-elasticity>
                <income-elasticity year="2035">3e-04</income-elasticity>
                <income-elasticity year="2040">2e-04</income-elasticity>
                <income-elasticity year="2045">2e-04</income-elasticity>
                <income-elasticity year="2050">1e-04</income-elasticity>
                <income-elasticity year="2055">1e-04</income-elasticity>
                <income-elasticity year="2060">1e-04</income-elasticity>
                <income-elasticity year="2065">1e-04</income-elasticity>
                <income-elasticity year="2070">1e-04</income-elasticity>
                <income-elasticity year="2075">1e-04</income-elasticity>
                <income-elasticity year="2080">0</income-elasticity>
                <income-elasticity year="2085">0</income-elasticity>
                <income-elasticity year="2090">0</income-elasticity>
                <income-elasticity year="2095">0</income-elasticity>
                <income-elasticity year="2100">0</income-elasticity>
            </energy-final-demand>
        </region>
        <region name="Brazil">
            <energy-final-demand name="FoodDemand_Crops">
                <income-elasticity year="2015">0.0445</income-elasticity>
                <income-elasticity year="2020">0.0442</income-elasticity>
                <income-elasticity year="2025">0.0437</income-elasticity>
                <income-elasticity year="2030">0.0433</income-elasticity>
                <income-elasticity year="2035">0.0428</income-elasticity>
                <income-elasticity year="2040">0.0423</income-elasticity>
                <income-elasticity year="2045">0.0419</income-elasticity>
                <income-elasticity year="2050">0.0414</income-elasticity>
                <income-elasticity year="2055">0.0411</income-elasticity>
                <income-elasticity year="2060">0.0407</income-elasticity>
                <income-elasticity year="2065">0.0404</income-elasticity>
                <income-elasticity year="2070">0.0401</income-elasticity>
                <income-elasticity year="2075">0.0398</income-elasticity>
                <income-elasticity year="2080">0.0396</income-elasticity>
                <income-elasticity year="2085">0.0393</income-elasticity>
                <income-elasticity year="2090">0.039</income-elasticity>
                <income-elasticity year="2095">0.0388</income-elasticity>
                <income-elasticity year="2100">0.0385</income-elasticity>
            </energy-final-demand>
            <energy-final-demand name="FoodDemand_Meat">
                <income-elasticity year="2015">0.0205</income-elasticity>
                <income-elasticity year="2020">0.0148</income-elasticity>
                <income-elasticity year="2025">0.0099</income-elasticity>
                <income-elasticity year="2030">0.0064</income-elasticity>
                <income-elasticity year="2035">0.004</income-elasticity>
                <income-elasticity year="2040">0.0025</income-elasticity>
                <income-elasticity year="2045">0.0016</income-elasticity>
                <income-elasticity year="2050">0.0011</income-elasticity>
                <income-elasticity year="2055">8e-04</income-elasticity>
                <income-elasticity year="2060">5e-04</income-elasticity>
                <income-elasticity year="2065">4e-04</income-elasticity>
                <income-elasticity year="2070">3e-04</income-elasticity>
                <income-elasticity year="2075">2e-04</income-elasticity>
                <income-elasticity year="2080">2e-04</income-elasticity>
                <income-elasticity year="2085">1e-04</income-elasticity>
                <income-elasticity year="2090">1e-04</income-elasticity>
                <income-elasticity year="2095">1e-04</income-elasticity>
                <income-elasticity year="2100">1e-04</income-elasticity>
            </energy-final-demand>
        </region>
        <region name="Canada">
            <energy-final-demand name="FoodDemand_Crops">
                <income-elasticity year="2015">0.0411</income-elasticity>
                <income-elasticity year="2020">0.0409</income-elasticity>
                <income-elasticity year="2025">0.0407</income-elasticity>
                <income-elasticity year="2030">0.0406</income-elasticity>
                <income-elasticity year="2035">0.0403</income-elasticity>
                <income-elasticity year="2040">0.0401</income-elasticity>
                <income-elasticity year="2045">0.0398</income-elasticity>
                <income-elasticity year="2050">0.0396</income-elasticity>
                <income-elasticity year="2055">0.0394</income-elasticity>
                <income-elasticity year="2060">0.0392</income-elasticity>
                <income-elasticity year="2065">0.039</income-elasticity>
                <income-elasticity year="2070">0.0388</income-elasticity>
                <income-elasticity year="2075">0.0386</income-elasticity>
                <income-elasticity year="2080">0.0384</income-elasticity>
                <income-elasticity year="2085">0.0382</income-elasticity>
                <income-elasticity year="2090">0.038</income-elasticity>
                <income-elasticity year="2095">0.0378</income-elasticity>
                <income-elasticity year="2100">0.0376</income-elasticity>
            </energy-final-demand>
            <energy-final-demand name="FoodDemand_Meat">
                <income-elasticity year="2015">8e-04</income-elasticity>
                <income-elasticity year="2020">6e-04</income-elasticity>
                <income-elasticity year="2025">6e-04</income-elasticity>
                <income-elasticity year="2030">5e-04</income-elasticity>
                <income-elasticity year="2035">4e-04</income-elasticity>
                <income-elasticity year="2040">3e-04</income-elasticity>
                <income-elasticity year="2045">2e-04</income-elasticity>
                <income-elasticity year="2050">2e-04</income-elasticity>
                <income-elasticity year="2055">1e-04</income-elasticity>
                <income-elasticity year="2060">1e-04</income-elasticity>
                <income-elasticity year="2065">1e-04</income-elasticity>
                <income-elasticity year="2070">1e-04</income-elasticity>
                <income-elasticity year="2075">1e-04</income-elasticity>
                <income-elasticity year="2080">1e-04</income-elasticity>
                <income-elasticity year="2085">0</income-elasticity>
                <income-elasticity year="2090">0</income-elasticity>
                <income-elasticity year="2095">0</income-elasticity>
                <income-elasticity year="2100">0</income-elasticity>
            </energy-final-demand>
        </region>
        <region name="Central America and Caribbean">
            <energy-final-demand name="FoodDemand_Crops">
                <income-elasticity year="2015">0.0469</income-elasticity>
                <income-elasticity year="2020">0.0465</income-elasticity>
                <income-elasticity year="2025">0.0461</income-elasticity>
                <income-elasticity year="2030">0.0456</income-elasticity>
                <income-elasticity year="2035">0.045</income-elasticity>
                <income-elasticity year="2040">0.0444</income-elasticity>
                <income-elasticity year="2045">0.0438</income-elasticity>
                <income-elasticity year="2050">0.0433</income-elasticity>
                <income-elasticity year="2055">0.0428</income-elasticity>
                <income-elasticity year="2060">0.0424</income-elasticity>
                <income-elasticity year="2065">0.042</income-elasticity>
                <income-elasticity year="2070">0.0416</income-elasticity>
                <income-elasticity year="2075">0.0412</income-elasticity>
                <income-elasticity year="2080">0.0409</income-elasticity>
                <income-elasticity year="2085">0.0406</income-elasticity>
                <income-elasticity year="2090">0.0403</income-elasticity>
                <income-elasticity year="2095">0.04</income-elasticity>
                <income-elasticity year="2100">0.0397</income-elasticity>
            </energy-final-demand>
            <energy-final-demand name="FoodDemand_Meat">
                <income-elasticity year="2015">0.179</income-elasticity>
                <income-elasticity year="2020">0.1314</income-elasticity>
                <income-elasticity year="2025">0.0893</income-elasticity>
                <income-elasticity year="2030">0.0549</income-elasticity>
                <income-elasticity year="2035">0.0317</income-elasticity>
                <income-elasticity year="2040">0.0181</income-elasticity>
                <income-elasticity year="2045">0.0107</income-elasticity>
                <income-elasticity year="2050">0.0065</income-elasticity>
                <income-elasticity year="2055">0.0041</income-elasticity>
                <income-elasticity year="2060">0.0027</income-elasticity>
                <income-elasticity year="2065">0.0018</income-elasticity>
                <income-elasticity year="2070">0.0012</income-elasticity>
                <income-elasticity year="2075">9e-04</income-elasticity>
                <income-elasticity year="2080">6e-04</income-elasticity>
                <income-elasticity year="2085">5e-04</income-elasticity>
                <income-elasticity year="2090">4e-04</income-elasticity>
                <income-elasticity year="2095">3e-04</income-elasticity>
                <income-elasticity year="2100">2e-04</income-elasticity>
            </energy-final-demand>
        </region>
        <region name="Central Asia">
            <energy-final-demand name="FoodDemand_Crops">
                <income-elasticity year="2015">0.047</income-elasticity>
                <income-elasticity year="2020">0.0464</income-elasticity>
                <income-elasticity year="2025">0.0457</income-elasticity>
                <income-elasticity year="2030">0.045</income-elasticity>
                <income-elasticity year="2035">0.0443</income-elasticity>
                <income-elasticity year="2040">0.0438</income-elasticity>
                <income-elasticity year="2045">0.0433</income-elasticity>
                <income-elasticity year="2050">0.0429</income-elasticity>
                <income-elasticity year="2055">0.0426</income-elasticity>
                <income-elasticity year="2060">0.0423</income-elasticity>
                <income-elasticity year="2065">0.042</income-elasticity>
                <income-elasticity year="2070">0.0417</income-elasticity>
                <income-elasticity year="2075">0.0415</income-elasticity>
                <income-elasticity year="2080">0.0413</income-elasticity>
                <income-elasticity year="2085">0.041</income-elasticity>
                <income-elasticity year="2090">0.0408</income-elasticity>
                <income-elasticity year="2095">0.0406</income-elasticity>
                <income-elasticity year="2100">0.0404</income-elasticity>
            </energy-final-demand>
            <energy-final-demand name="FoodDemand_Meat">
                <income-elasticity year="2015">0.2</income-elasticity>
                <income-elasticity year="2020">0.1176</income-elasticity>
                <income-elasticity year="2025">0.0642</income-elasticity>
                <income-elasticity year="2030">0.0333</income-elasticity>
                <income-elasticity year="2035">0.0177</income-elasticity>
                <income-elasticity year="2040">0.0101</income-elasticity>
                <income-elasticity year="2045">0.0064</income-elasticity>
                <income-elasticity year="2050">0.0044</income-elasticity>
                <income-elasticity year="2055">0.0033</income-elasticity>
                <income-elasticity year="2060">0.0025</income-elasticity>
                <income-elasticity year="2065">0.0019</income-elasticity>
                <income-elasticity year="2070">0.0015</income-elasticity>
                <income-elasticity year="2075">0.0011</income-elasticity>
                <income-elasticity year="2080">9e-04</income-elasticity>
                <income-elasticity year="2085">7e-04</income-elasticity>
                <income-elasticity year="2090">6e-04</income-elasticity>
                <income-elasticity year="2095">5e-04</income-elasticity>
                <income-elasticity year="2100">4e-04</income-elasticity>
            </energy-final-demand>
        </region>
        <region name="China">
            <energy-final-demand name="FoodDemand_Crops">
                <income-elasticity year="2015">0.0463</income-elasticity>
                <income-elasticity year="2020">0.0453</income-elasticity>
                <income-elasticity year="2025">0.0444</income-elasticity>
                <income-elasticity year="2030">0.0435</income-elasticity>
                <income-elasticity year="2035">0.0428</income-elasticity>
                <income-elasticity year="2040">0.0422</income-elasticity>
                <income-elasticity year="2045">0.0417</income-elasticity>
                <income-elasticity year="2050">0.0414</income-elasticity>
                <income-elasticity year="2055">0.0411</income-elasticity>
                <income-elasticity year="2060">0.0409</income-elasticity>
                <income-elasticity year="2065">0.0407</income-elasticity>
                <income-elasticity year="2070">0.0405</income-elasticity>
                <income-elasticity year="2075">0.0403</income-elasticity>
                <income-elasticity year="2080">0.0401</income-elasticity>
                <income-elasticity year="2085">0.04</income-elasticity>
                <income-elasticity year="2090">0.0398</income-elasticity>
                <income-elasticity year="2095">0.0397</income-elasticity>
                <income-elasticity year="2100">0.0395</income-elasticity>
            </energy-final-demand>
            <energy-final-demand name="FoodDemand_Meat">
                <income-elasticity year="2015">0.1112</income-elasticity>
                <income-elasticity year="2020">0.0462</income-elasticity>
                <income-elasticity year="2025">0.0191</income-elasticity>
                <income-elasticity year="2030">0.0083</income-elasticity>
                <income-elasticity year="2035">0.004</income-elasticity>
                <income-elasticity year="2040">0.0023</income-elasticity>
                <income-elasticity year="2045">0.0015</income-elasticity>
                <income-elasticity year="2050">0.001</income-elasticity>
                <income-elasticity year="2055">8e-04</income-elasticity>
                <income-elasticity year="2060">6e-04</income-elasticity>
                <income-elasticity year="2065">5e-04</income-elasticity>
                <income-elasticity year="2070">4e-04</income-elasticity>
                <income-elasticity year="2075">4e-04</income-elasticity>
                <income-elasticity year="2080">3e-04</income-elasticity>
                <income-elasticity year="2085">3e-04</income-elasticity>
                <income-elasticity year="2090">2e-04</income-elasticity>
                <income-elasticity year="2095">2e-04</income-elasticity>
                <income-elasticity year="2100">2e-04</income-elasticity>
            </energy-final-demand>
        </region>
        <region name="EU-12">
            <energy-final-demand name="FoodDemand_Crops">
                <income-elasticity year="2015">0.0443</income-elasticity>
                <income-elasticity year="2020">0.0439</income-elasticity>
                <income-elasticity year="2025">0.0435</income-elasticity>
                <income-elasticity year="2030">0.0431</income-elasticity>
                <income-elasticity year="2035">0.0427</income-elasticity>
                <income-elasticity year="2040">0.0423</income-elasticity>
                <income-elasticity year="2045">0.042</income-elasticity>
                <income-elasticity year="2050">0.0417</income-elasticity>
                <income-elasticity year="2055">0.0415</income-elasticity>
                <income-elasticity year="2060">0.0412</income-elasticity>
                <income-elasticity year="2065">0.041</income-elasticity>
                <income-elasticity year="2070">0.0407</income-elasticity>
                <income-elasticity year="2075">0.0405</income-elasticity>
                <income-elasticity year="2080">0.0402</income-elasticity>
                <income-elasticity year="2085">0.04</income-elasticity>
                <income-elasticity year="2090">0.0398</income-elasticity>
                <income-elasticity year="2095">0.0396</income-elasticity>
                <income-elasticity year="2100">0.0394</income-elasticity>
            </energy-final-demand>
            <energy-final-demand name="FoodDemand_Meat">
                <income-elasticity year="2015">0.0164</income-elasticity>
                <income-elasticity year="2020">0.0117</income-elasticity>
                <income-elasticity year="2025">0.0079</income-elasticity>
                <income-elasticity year="2030">0.0053</income-elasticity>
                <income-elasticity year="2035">0.0035</income-elasticity>
                <income-elasticity year="2040">0.0025</income-elasticity>
                <income-elasticity year="2045">0.0018</income-elasticity>
                <income-elasticity year="2050">0.0014</income-elasticity>
                <income-elasticity year="2055">0.0011</income-elasticity>
                <income-elasticity year="2060">9e-04</income-elasticity>
                <income-elasticity year="2065">7e-04</income-elasticity>
                <income-elasticity year="2070">5e-04</income-elasticity>
                <income-elasticity year="2075">4e-04</income-elasticity>
                <income-elasticity year="2080">3e-04</income-elasticity>
                <income-elasticity year="2085">3e-04</income-elasticity>
                <income-elasticity year="2090">2e-04</income-elasticity>
                <income-elasticity year="2095">2e-04</income-elasticity>
                <income-elasticity year="2100">1e-04</income-elasticity>
            </energy-final-demand>
        </region>
        <region name="EU-15">
            <energy-final-demand name="FoodDemand_Crops">
                <income-elasticity year="2015">0.0416</income-elasticity>
                <income-elasticity year="2020">0.0415</income-elasticity>
                <income-elasticity year="2025">0.0413</income-elasticity>
                <income-elasticity year="2030">0.0411</income-elasticity>
                <income-elasticity year="2035">0.0409</income-elasticity>
                <income-elasticity year="2040">0.0406</income-elasticity>
                <income-elasticity year="2045">0.0404</income-elasticity>
                <income-elasticity year="2050">0.0402</income-elasticity>
                <income-elasticity year="2055">0.0399</income-elasticity>
                <income-elasticity year="2060">0.0397</income-elasticity>
                <income-elasticity year="2065">0.0395</income-elasticity>
                <income-elasticity year="2070">0.0393</income-elasticity>
                <income-elasticity year="2075">0.039</income-elasticity>
                <income-elasticity year="2080">0.0388</income-elasticity>
                <income-elasticity year="2085">0.0386</income-elasticity>
                <income-elasticity year="2090">0.0384</income-elasticity>
                <income-elasticity year="2095">0.0382</income-elasticity>
                <income-elasticity year="2100">0.038</income-elasticity>
            </energy-final-demand>
            <energy-final-demand name="FoodDemand_Meat">
                <income-elasticity year="2015">0.0013</income-elasticity>
                <income-elasticity year="2020">0.0011</income-elasticity>
                <income-elasticity year="2025">0.001</income-elasticity>
                <income-elasticity year="2030">8e-04</income-elasticity>
                <income-elasticity year="2035">6e-04</income-elasticity>
                <income-elasticity year="2040">5e-04</income-elasticity>
                <income-elasticity year="2045">4e-04</income-elasticity>
                <income-elasticity year="2050">3e-04</income-elasticity>
                <income-elasticity year="2055">3e-04</income-elasticity>
                <income-elasticity year="2060">2e-04</income-elasticity>
                <income-elasticity year="2065">2e-04</income-elasticity>
                <income-elasticity year="2070">1e-04</income-elasticity>
                <income-elasticity year="2075">1e-04</income-elasticity>
                <income-elasticity year="2080">1e-04</income-elasticity>
                <income-elasticity year="2085">1e-04</income-elasticity>
                <income-elasticity year="2090">1e-04</income-elasticity>
                <income-elasticity year="2095">0</income-elasticity>
                <income-elasticity year="2100">0</income-elasticity>
            </energy-final-demand>
        </region>
        <region name="Europe_Eastern">
            <energy-final-demand name="FoodDemand_Crops">
                <income-elasticity year="2015">0.0473</income-elasticity>
                <income-elasticity year="2020">0.0467</income-elasticity>
                <income-elasticity year="2025">0.0461</income-elasticity>
                <income-elasticity year="2030">0.0455</income-elasticity>
                <income-elasticity year="2035">0.0448</income-elasticity>
                <income-elasticity year="2040">0.0442</income-elasticity>
                <income-elasticity year="2045">0.0437</income-elasticity>
                <income-elasticity year="2050">0.0432</income-elasticity>
                <income-elasticity year="2055">0.0429</income-elasticity>
                <income-elasticity year="2060">0.0425</income-elasticity>
                <income-elasticity year="2065">0.0422</income-elasticity>
                <income-elasticity year="2070">0.0419</income-elasticity>
                <income-elasticity year="2075">0.0416</income-elasticity>
                <income-elasticity year="2080">0.0414</income-elasticity>
                <income-elasticity year="2085">0.0411</income-elasticity>
                <income-elasticity year="2090">0.0409</income-elasticity>
                <income-elasticity year="2095">0.0407</income-elasticity>
                <income-elasticity year="2100">0.0404</income-elasticity>
            </energy-final-demand>
            <energy-final-demand name="FoodDemand_Meat">
                <income-elasticity year="2015">0.2555</income-elasticity>
                <income-elasticity year="2020">0.1607</income-elasticity>
                <income-elasticity year="2025">0.0945</income-elasticity>
                <income-elasticity year="2030">0.0509</income-elasticity>
                <income-elasticity year="2035">0.027</income-elasticity>
                <income-elasticity year="2040">0.0151</income-elasticity>
                <income-elasticity year="2045">0.0093</income-elasticity>
                <income-elasticity year="2050">0.0062</income-elasticity>
                <income-elasticity year="2055">0.0043</income-elasticity>
                <income-elasticity year="2060">0.0031</income-elasticity>
                <income-elasticity year="2065">0.0023</income-elasticity>
                <income-elasticity year="2070">0.0017</income-elasticity>
                <income-elasticity year="2075">0.0013</income-elasticity>
                <income-elasticity year="2080">0.001</income-elasticity>
                <income-elasticity year="2085">8e-04</income-elasticity>
                <income-elasticity year="2090">6e-04</income-elasticity>
                <income-elasticity year="2095">5e-04</income-elasticity>
                <income-elasticity year="2100">4e-04</income-elasticity>
            </energy-final-demand>
        </region>
        <region name="Europe_Non_EU">
            <energy-final-demand name="FoodDemand_Crops">
                <income-elasticity year="2015">0.045</income-elasticity>
                <income-elasticity year="2020">0.0446</income-elasticity>
                <income-elasticity year="2025">0.0442</income-elasticity>
                <income-elasticity year="2030">0.0437</income-elasticity>
                <income-elasticity year="2035">0.0433</income-elasticity>
                <income-elasticity year="2040">0.0428</income-elasticity>
                <income-elasticity year="2045">0.0424</income-elasticity>
                <income-elasticity year="2050">0.0421</income-elasticity>
                <income-elasticity year="2055">0.0418</income-elasticity>
                <income-elasticity year="2060">0.0415</income-elasticity>
                <income-elasticity year="2065">0.0412</income-elasticity>
                <income-elasticity year="2070">0.0409</income-elasticity>
                <income-elasticity year="2075">0.0407</income-elasticity>
                <income-elasticity year="2080">0.0405</income-elasticity>
                <income-elasticity year="2085">0.0402</income-elasticity>
                <income-elasticity year="2090">0.04</income-elasticity>
                <income-elasticity year="2095">0.0398</income-elasticity>
                <income-elasticity year="2100">0.0395</income-elasticity>
            </energy-final-demand>
            <energy-final-demand name="FoodDemand_Meat">
                <income-elasticity year="2015">0.0316</income-elasticity>
                <income-elasticity year="2020">0.0219</income-elasticity>
                <income-elasticity year="2025">0.0148</income-elasticity>
                <income-elasticity year="2030">0.0097</income-elasticity>
                <income-elasticity year="2035">0.0063</income-elasticity>
                <income-elasticity year="2040">0.0041</income-elasticity>
                <income-elasticity year="2045">0.0028</income-elasticity>
                <income-elasticity year="2050">0.002</income-elasticity>
                <income-elasticity year="2055">0.0015</income-elasticity>
                <income-elasticity year="2060">0.0011</income-elasticity>
                <income-elasticity year="2065">9e-04</income-elasticity>
                <income-elasticity year="2070">7e-04</income-elasticity>
                <income-elasticity year="2075">5e-04</income-elasticity>
                <income-elasticity year="2080">4e-04</income-elasticity>
                <income-elasticity year="2085">3e-04</income-elasticity>
                <income-elasticity year="2090">3e-04</income-elasticity>
                <income-elasticity year="2095">2e-04</income-elasticity>
                <income-elasticity year="2100">2e-04</income-elasticity>
            </energy-final-demand>
        </region>
        <region name="European Free Trade Association">
            <energy-final-demand name="FoodDemand_Crops">
                <income-elasticity year="2015">0.0399</income-elasticity>
                <income-elasticity year="2020">0.0398</income-elasticity>
                <income-elasticity year="2025">0.0396</income-elasticity>
                <income-elasticity year="2030">0.0394</income-elasticity>
                <income-elasticity year="2035">0.0392</income-elasticity>
                <income-elasticity year="2040">0.039</income-elasticity>
                <income-elasticity year="2045">0.0388</income-elasticity>
                <income-elasticity year="2050">0.0386</income-elasticity>
                <income-elasticity year="2055">0.0385</income-elasticity>
                <income-elasticity year="2060">0.0383</income-elasticity>
                <income-elasticity year="2065">0.0381</income-elasticity>
                <income-elasticity year="2070">0.0379</income-elasticity>
                <income-elasticity year="2075">0.0377</income-elasticity>
                <income-elasticity year="2080">0.0375</income-elasticity>
                <income-elasticity year="2085">0.0373</income-elasticity>
                <income-elasticity year="2090">0.0371</income-elasticity>
                <income-elasticity year="2095">0.0369</income-elasticity>
                <income-elasticity year="2100">0.0367</income-elasticity>
            </energy-final-demand>
            <energy-final-demand name="FoodDemand_Meat">
                <income-elasticity year="2015">3e-04</income-elasticity>
                <income-elasticity year="2020">2e-04</income-elasticity>
                <income-elasticity year="2025">2e-04</income-elasticity>
                <income-elasticity year="2030">2e-04</income-elasticity>
                <income-elasticity year="2035">1e-04</income-elasticity>
                <income-elasticity year="2040">1e-04</income-elasticity>
                <income-elasticity year="2045">1e-04</income-elasticity>
                <income-elasticity year="2050">1e-04</income-elasticity>
                <income-elasticity year="2055">1e-04</income-elasticity>
                <income-elasticity year="2060">0</income-elasticity>
                <income-elasticity year="2065">0</income-elasticity>
                <income-elasticity year="2070">0</income-elasticity>
                <income-elasticity year="2075">0</income-elasticity>
                <income-elasticity year="2080">0</income-elasticity>
                <income-elasticity year="2085">0</income-elasticity>
                <income-elasticity year="2090">0</income-elasticity>
                <income-elasticity year="2095">0</income-elasticity>
                <income-elasticity year="2100">0</income-elasticity>
            </energy-final-demand>
        </region>
        <region name="India">
            <energy-final-demand name="FoodDemand_Crops">
                <income-elasticity year="2015">0.0494</income-elasticity>
                <income-elasticity year="2020">0.0488</income-elasticity>
                <income-elasticity year="2025">0.048</income-elasticity>
                <income-elasticity year="2030">0.0472</income-elasticity>
                <income-elasticity year="2035">0.0464</income-elasticity>
                <income-elasticity year="2040">0.0456</income-elasticity>
                <income-elasticity year="2045">0.0449</income-elasticity>
                <income-elasticity year="2050">0.0444</income-elasticity>
                <income-elasticity year="2055">0.0438</income-elasticity>
                <income-elasticity year="2060">0.0434</income-elasticity>
                <income-elasticity year="2065">0.0429</income-elasticity>
                <income-elasticity year="2070">0.0426</income-elasticity>
                <income-elasticity year="2075">0.0422</income-elasticity>
                <income-elasticity year="2080">0.0419</income-elasticity>
                <income-elasticity year="2085">0.0416</income-elasticity>
                <income-elasticity year="2090">0.0413</income-elasticity>
                <income-elasticity year="2095">0.041</income-elasticity>
                <income-elasticity year="2100">0.0407</income-elasticity>
            </energy-final-demand>
            <energy-final-demand name="FoodDemand_Meat">
                <income-elasticity year="2015">0.3938</income-elasticity>
                <income-elasticity year="2020">0.3464</income-elasticity>
                <income-elasticity year="2025">0.308</income-elasticity>
                <income-elasticity year="2030">0.2923</income-elasticity>
                <income-elasticity year="2035">0.2993</income-elasticity>
                <income-elasticity year="2040">0.3353</income-elasticity>
                <income-elasticity year="2045">0.3814</income-elasticity>
                <income-elasticity year="2050">0.4363</income-elasticity>
                <income-elasticity year="2055">0.0364</income-elasticity>
                <income-elasticity year="2060">0.007</income-elasticity>
                <income-elasticity year="2065">0.0046</income-elasticity>
                <income-elasticity year="2070">0.0032</income-elasticity>
                <income-elasticity year="2075">0.0023</income-elasticity>
                <income-elasticity year="2080">0.0017</income-elasticity>
                <income-elasticity year="2085">0.0012</income-elasticity>
                <income-elasticity year="2090">9e-04</income-elasticity>
                <income-elasticity year="2095">7e-04</income-elasticity>
                <income-elasticity year="2100">6e-04</income-elasticity>
            </energy-final-demand>
        </region>
        <region name="Indonesia">
            <energy-final-demand name="FoodDemand_Crops">
                <income-elasticity year="2015">0.0475</income-elasticity>
                <income-elasticity year="2020">0.0469</income-elasticity>
                <income-elasticity year="2025">0.0461</income-elasticity>
                <income-elasticity year="2030">0.0452</income-elasticity>
                <income-elasticity year="2035">0.0443</income-elasticity>
                <income-elasticity year="2040">0.0436</income-elasticity>
                <income-elasticity year="2045">0.0429</income-elasticity>
                <income-elasticity year="2050">0.0423</income-elasticity>
                <income-elasticity year="2055">0.0418</income-elasticity>
                <income-elasticity year="2060">0.0414</income-elasticity>
                <income-elasticity year="2065">0.0409</income-elasticity>
                <income-elasticity year="2070">0.0406</income-elasticity>
                <income-elasticity year="2075">0.0403</income-elasticity>
                <income-elasticity year="2080">0.04</income-elasticity>
                <income-elasticity year="2085">0.0397</income-elasticity>
                <income-elasticity year="2090">0.0394</income-elasticity>
                <income-elasticity year="2095">0.0392</income-elasticity>
                <income-elasticity year="2100">0.0389</income-elasticity>
            </energy-final-demand>
            <energy-final-demand name="FoodDemand_Meat">
                <income-elasticity year="2015">0.318</income-elasticity>
                <income-elasticity year="2020">0.1788</income-elasticity>
                <income-elasticity year="2025">0.0889</income-elasticity>
                <income-elasticity year="2030">0.0402</income-elasticity>
                <income-elasticity year="2035">0.0179</income-elasticity>
                <income-elasticity year="2040">0.0084</income-elasticity>
                <income-elasticity year="2045">0.0044</income-elasticity>
                <income-elasticity year="2050">0.0025</income-elasticity>
                <income-elasticity year="2055">0.0015</income-elasticity>
                <income-elasticity year="2060">0.001</income-elasticity>
                <income-elasticity year="2065">7e-04</income-elasticity>
                <income-elasticity year="2070">5e-04</income-elasticity>
                <income-elasticity year="2075">3e-04</income-elasticity>
                <income-elasticity year="2080">3e-04</income-elasticity>
                <income-elasticity year="2085">2e-04</income-elasticity>
                <income-elasticity year="2090">2e-04</income-elasticity>
                <income-elasticity year="2095">1e-04</income-elasticity>
                <income-elasticity year="2100">1e-04</income-elasticity>
            </energy-final-demand>
        </region>
        <region name="Japan">
            <energy-final-demand name="FoodDemand_Crops">
                <income-elasticity year="2015">0.0413</income-elasticity>
                <income-elasticity year="2020">0.0411</income-elasticity>
                <income-elasticity year="2025">0.041</income-elasticity>
                <income-elasticity year="2030">0.0407</income-elasticity>
                <income-elasticity year="2035">0.0404</income-elasticity>
                <income-elasticity year="2040">0.0401</income-elasticity>
                <income-elasticity year="2045">0.0399</income-elasticity>
                <income-elasticity year="2050">0.0396</income-elasticity>
                <income-elasticity year="2055">0.0394</income-elasticity>
                <income-elasticity year="2060">0.0392</income-elasticity>
                <income-elasticity year="2065">0.0389</income-elasticity>
                <income-elasticity year="2070">0.0387</income-elasticity>
                <income-elasticity year="2075">0.0385</income-elasticity>
                <income-elasticity year="2080">0.0383</income-elasticity>
                <income-elasticity year="2085">0.038</income-elasticity>
                <income-elasticity year="2090">0.0378</income-elasticity>
                <income-elasticity year="2095">0.0376</income-elasticity>
                <income-elasticity year="2100">0.0374</income-elasticity>
            </energy-final-demand>
            <energy-final-demand name="FoodDemand_Meat">
                <income-elasticity year="2015">9e-04</income-elasticity>
                <income-elasticity year="2020">8e-04</income-elasticity>
                <income-elasticity year="2025">7e-04</income-elasticity>
                <income-elasticity year="2030">5e-04</income-elasticity>
                <income-elasticity year="2035">4e-04</income-elasticity>
                <income-elasticity year="2040">3e-04</income-elasticity>
                <income-elasticity year="2045">2e-04</income-elasticity>
                <income-elasticity year="2050">2e-04</income-elasticity>
                <income-elasticity year="2055">1e-04</income-elasticity>
                <income-elasticity year="2060">1e-04</income-elasticity>
                <income-elasticity year="2065">1e-04</income-elasticity>
                <income-elasticity year="2070">1e-04</income-elasticity>
                <income-elasticity year="2075">1e-04</income-elasticity>
                <income-elasticity year="2080">0</income-elasticity>
                <income-elasticity year="2085">0</income-elasticity>
                <income-elasticity year="2090">0</income-elasticity>
                <income-elasticity year="2095">0</income-elasticity>
                <income-elasticity year="2100">0</income-elasticity>
            </energy-final-demand>
        </region>
        <region name="Mexico">
            <energy-final-demand name="FoodDemand_Crops">
                <income-elasticity year="2015">0.0449</income-elasticity>
                <income-elasticity year="2020">0.0447</income-elasticity>
                <income-elasticity year="2025">0.0443</income-elasticity>
                <income-elasticity year="2030">0.0439</income-elasticity>
                <income-elasticity year="2035">0.0434</income-elasticity>
                <income-elasticity year="2040">0.043</income-elasticity>
                <income-elasticity year="2045">0.0425</income-elasticity>
                <income-elasticity year="2050">0.0421</income-elasticity>
                <income-elasticity year="2055">0.0417</income-elasticity>
                <income-elasticity year="2060">0.0414</income-elasticity>
                <income-elasticity year="2065">0.041</income-elasticity>
                <income-elasticity year="2070">0.0407</income-elasticity>
                <income-elasticity year="2075">0.0404</income-elasticity>
                <income-elasticity year="2080">0.0401</income-elasticity>
                <income-elasticity year="2085">0.0399</income-elasticity>
                <income-elasticity year="2090">0.0396</income-elasticity>
                <income-elasticity year="2095">0.0393</income-elasticity>
                <income-elasticity year="2100">0.0391</income-elasticity>
            </energy-final-demand>
            <energy-final-demand name="FoodDemand_Meat">
                <income-elasticity year="2015">0.0305</income-elasticity>
                <income-elasticity year="2020">0.0234</income-elasticity>
                <income-elasticity year="2025">0.0172</income-elasticity>
                <income-elasticity year="2030">0.0117</income-elasticity>
                <income-elasticity year="2035">0.0075</income-elasticity>
                <income-elasticity year="2040">0.0047</income-elasticity>
                <income-elasticity year="2045">0.0031</income-elasticity>
                <income-elasticity year="2050">0.0021</income-elasticity>
                <income-elasticity year="2055">0.0014</income-elasticity>
                <income-elasticity year="2060">0.001</income-elasticity>
                <income-elasticity year="2065">7e-04</income-elasticity>
                <income-elasticity year="2070">5e-04</income-elasticity>
                <income-elasticity year="2075">4e-04</income-elasticity>
                <income-elasticity year="2080">3e-04</income-elasticity>
                <income-elasticity year="2085">2e-04</income-elasticity>
                <income-elasticity year="2090">2e-04</income-elasticity>
                <income-elasticity year="2095">1e-04</income-elasticity>
                <income-elasticity year="2100">1e-04</income-elasticity>
            </energy-final-demand>
        </region>
        <region name="Middle East">
            <energy-final-demand name="FoodDemand_Crops">
                <income-elasticity year="2015">0.045</income-elasticity>
                <income-elasticity year="2020">0.0446</income-elasticity>
                <income-elasticity year="2025">0.0443</income-elasticity>
                <income-elasticity year="2030">0.0438</income-elasticity>
                <income-elasticity year="2035">0.0434</income-elasticity>
                <income-elasticity year="2040">0.0429</income-elasticity>
                <income-elasticity year="2045">0.0425</income-elasticity>
                <income-elasticity year="2050">0.0422</income-elasticity>
                <income-elasticity year="2055">0.0419</income-elasticity>
                <income-elasticity year="2060">0.0416</income-elasticity>
                <income-elasticity year="2065">0.0413</income-elasticity>
                <income-elasticity year="2070">0.041</income-elasticity>
                <income-elasticity year="2075">0.0408</income-elasticity>
                <income-elasticity year="2080">0.0406</income-elasticity>
                <income-elasticity year="2085">0.0403</income-elasticity>
                <income-elasticity year="2090">0.0401</income-elasticity>
                <income-elasticity year="2095">0.0398</income-elasticity>
                <income-elasticity year="2100">0.0396</income-elasticity>
            </energy-final-demand>
            <energy-final-demand name="FoodDemand_Meat">
                <income-elasticity year="2015">0.0312</income-elasticity>
                <income-elasticity year="2020">0.0233</income-elasticity>
                <income-elasticity year="2025">0.0165</income-elasticity>
                <income-elasticity year="2030">0.011</income-elasticity>
                <income-elasticity year="2035">0.007</income-elasticity>
                <income-elasticity year="2040">0.0045</income-elasticity>
                <income-elasticity year="2045">0.0031</income-elasticity>
                <income-elasticity year="2050">0.0022</income-elasticity>
                <income-elasticity year="2055">0.0016</income-elasticity>
                <income-elasticity year="2060">0.0012</income-elasticity>
                <income-elasticity year="2065">0.001</income-elasticity>
                <income-elasticity year="2070">7e-04</income-elasticity>
                <income-elasticity year="2075">6e-04</income-elasticity>
                <income-elasticity year="2080">5e-04</income-elasticity>
                <income-elasticity year="2085">4e-04</income-elasticity>
                <income-elasticity year="2090">3e-04</income-elasticity>
                <income-elasticity year="2095">2e-04</income-elasticity>
                <income-elasticity year="2100">2e-04</income-elasticity>
            </energy-final-demand>
        </region>
        <region name="Pakistan">
            <energy-final-demand name="FoodDemand_Crops">
                <income-elasticity year="2015">0.0504</income-elasticity>
                <income-elasticity year="2020">0.0501</income-elasticity>
                <income-elasticity year="2025">0.0497</income-elasticity>
                <income-elasticity year="2030">0.0491</income-elasticity>
                <income-elasticity year="2035">0.0484</income-elasticity>
                <income-elasticity year="2040">0.0476</income-elasticity>
                <income-elasticity year="2045">0.0469</income-elasticity>
                <income-elasticity year="2050">0.0462</income-elasticity>
                <income-elasticity year="2055">0.0456</income-elasticity>
                <income-elasticity year="2060">0.045</income-elasticity>
                <income-elasticity year="2065">0.0445</income-elasticity>
                <income-elasticity year="2070">0.044</income-elasticity>
                <income-elasticity year="2075">0.0435</income-elasticity>
                <income-elasticity year="2080">0.0431</income-elasticity>
                <income-elasticity year="2085">0.0427</income-elasticity>
                <income-elasticity year="2090">0.0424</income-elasticity>
                <income-elasticity year="2095">0.042</income-elasticity>
                <income-elasticity year="2100">0.0417</income-elasticity>
            </energy-final-demand>
            <energy-final-demand name="FoodDemand_Meat">
                <income-elasticity year="2015">1</income-elasticity>
                <income-elasticity year="2020">0.7864</income-elasticity>
                <income-elasticity year="2025">0.4632</income-elasticity>
                <income-elasticity year="2030">0.3505</income-elasticity>
                <income-elasticity year="2035">0.3132</income-elasticity>
                <income-elasticity year="2040">0.319</income-elasticity>
                <income-elasticity year="2045">0.3387</income-elasticity>
                <income-elasticity year="2050">0.3692</income-elasticity>
                <income-elasticity year="2055">0.4027</income-elasticity>
                <income-elasticity year="2060">0.4377</income-elasticity>
                <income-elasticity year="2065">0.4755</income-elasticity>
                <income-elasticity year="2070">0.5139</income-elasticity>
                <income-elasticity year="2075">0.341</income-elasticity>
                <income-elasticity year="2080">0.0055</income-elasticity>
                <income-elasticity year="2085">0.0038</income-elasticity>
                <income-elasticity year="2090">0.0027</income-elasticity>
                <income-elasticity year="2095">0.002</income-elasticity>
                <income-elasticity year="2100">0.0014</income-elasticity>
            </energy-final-demand>
        </region>
        <region name="Russia">
            <energy-final-demand name="FoodDemand_Crops">
                <income-elasticity year="2015">0.0445</income-elasticity>
                <income-elasticity year="2020">0.044</income-elasticity>
                <income-elasticity year="2025">0.0435</income-elasticity>
                <income-elasticity year="2030">0.0429</income-elasticity>
                <income-elasticity year="2035">0.0424</income-elasticity>
                <income-elasticity year="2040">0.0419</income-elasticity>
                <income-elasticity year="2045">0.0415</income-elasticity>
                <income-elasticity year="2050">0.0412</income-elasticity>
                <income-elasticity year="2055">0.041</income-elasticity>
                <income-elasticity year="2060">0.0408</income-elasticity>
                <income-elasticity year="2065">0.0406</income-elasticity>
                <income-elasticity year="2070">0.0403</income-elasticity>
                <income-elasticity year="2075">0.0402</income-elasticity>
                <income-elasticity year="2080">0.04</income-elasticity>
                <income-elasticity year="2085">0.0398</income-elasticity>
                <income-elasticity year="2090">0.0396</income-elasticity>
                <income-elasticity year="2095">0.0394</income-elasticity>
                <income-elasticity year="2100">0.0392</income-elasticity>
            </energy-final-demand>
            <energy-final-demand name="FoodDemand_Meat">
                <income-elasticity year="2015">0.0203</income-elasticity>
                <income-elasticity year="2020">0.0129</income-elasticity>
                <income-elasticity year="2025">0.0079</income-elasticity>
                <income-elasticity year="2030">0.0046</income-elasticity>
                <income-elasticity year="2035">0.0026</income-elasticity>
                <income-elasticity year="2040">0.0017</income-elasticity>
                <income-elasticity year="2045">0.0012</income-elasticity>
                <income-elasticity year="2050">9e-04</income-elasticity>
                <income-elasticity year="2055">7e-04</income-elasticity>
                <income-elasticity year="2060">6e-04</income-elasticity>
                <income-elasticity year="2065">5e-04</income-elasticity>
                <income-elasticity year="2070">4e-04</income-elasticity>
                <income-elasticity year="2075">3e-04</income-elasticity>
                <income-elasticity year="2080">3e-04</income-elasticity>
                <income-elasticity year="2085">2e-04</income-elasticity>
                <income-elasticity year="2090">2e-04</income-elasticity>
                <income-elasticity year="2095">1e-04</income-elasticity>
                <income-elasticity year="2100">1e-04</income-elasticity>
            </energy-final-demand>
        </region>
        <region name="South Africa">
            <energy-final-demand name="FoodDemand_Crops">
                <income-elasticity year="2015">0.0455</income-elasticity>
                <income-elasticity year="2020">0.0451</income-elasticity>
                <income-elasticity year="2025">0.0447</income-elasticity>
                <income-elasticity year="2030">0.0442</income-elasticity>
                <income-elasticity year="2035">0.0437</income-elasticity>
                <income-elasticity year="2040">0.0432</income-elasticity>
                <income-elasticity year="2045">0.0428</income-elasticity>
                <income-elasticity year="2050">0.0424</income-elasticity>
                <income-elasticity year="2055">0.042</income-elasticity>
                <income-elasticity year="2060">0.0417</income-elasticity>
                <income-elasticity year="2065">0.0414</income-elasticity>
                <income-elasticity year="2070">0.0412</income-elasticity>
                <income-elasticity year="2075">0.0409</income-elasticity>
                <income-elasticity year="2080">0.0407</income-elasticity>
                <income-elasticity year="2085">0.0405</income-elasticity>
                <income-elasticity year="2090">0.0403</income-elasticity>
                <income-elasticity year="2095">0.04</income-elasticity>
                <income-elasticity year="2100">0.0398</income-elasticity>
            </energy-final-demand>
            <energy-final-demand name="FoodDemand_Meat">
                <income-elasticity year="2015">0.0515</income-elasticity>
                <income-elasticity year="2020">0.036</income-elasticity>
                <income-elasticity year="2025">0.0237</income-elasticity>
                <income-elasticity year="2030">0.015</income-elasticity>
                <income-elasticity year="2035">0.0094</income-elasticity>
                <income-elasticity year="2040">0.0059</income-elasticity>
                <income-elasticity year="2045">0.0039</income-elasticity>
                <income-elasticity year="2050">0.0027</income-elasticity>
                <income-elasticity year="2055">0.002</income-elasticity>
                <income-elasticity year="2060">0.0014</income-elasticity>
                <income-elasticity year="2065">0.0011</income-elasticity>
                <income-elasticity year="2070">8e-04</income-elasticity>
                <income-elasticity year="2075">7e-04</income-elasticity>
                <income-elasticity year="2080">5e-04</income-elasticity>
                <income-elasticity year="2085">4e-04</income-elasticity>
                <income-elasticity year="2090">3e-04</income-elasticity>
                <income-elasticity year="2095">3e-04</income-elasticity>
                <income-elasticity year="2100">2e-04</income-elasticity>
            </energy-final-demand>
        </region>
        <region name="South America_Northern">
            <energy-final-demand name="FoodDemand_Crops">
                <income-elasticity year="2015">0.0441</income-elasticity>
                <income-elasticity year="2020">0.0438</income-elasticity>
                <income-elasticity year="2025">0.0435</income-elasticity>
                <income-elasticity year="2030">0.0431</income-elasticity>
                <income-elasticity year="2035">0.0427</income-elasticity>
                <income-elasticity year="2040">0.0422</income-elasticity>
                <income-elasticity year="2045">0.0417</income-elasticity>
                <income-elasticity year="2050">0.0413</income-elasticity>
                <income-elasticity year="2055">0.0409</income-elasticity>
                <income-elasticity year="2060">0.0405</income-elasticity>
                <income-elasticity year="2065">0.0402</income-elasticity>
                <income-elasticity year="2070">0.0399</income-elasticity>
                <income-elasticity year="2075">0.0396</income-elasticity>
                <income-elasticity year="2080">0.0393</income-elasticity>
                <income-elasticity year="2085">0.039</income-elasticity>
                <income-elasticity year="2090">0.0388</income-elasticity>
                <income-elasticity year="2095">0.0385</income-elasticity>
                <income-elasticity year="2100">0.0383</income-elasticity>
            </energy-final-demand>
            <energy-final-demand name="FoodDemand_Meat">
                <income-elasticity year="2015">0.0137</income-elasticity>
                <income-elasticity year="2020">0.0108</income-elasticity>
                <income-elasticity year="2025">0.0082</income-elasticity>
                <income-elasticity year="2030">0.0056</income-elasticity>
                <income-elasticity year="2035">0.0036</income-elasticity>
                <income-elasticity year="2040">0.0022</income-elasticity>
                <income-elasticity year="2045">0.0014</income-elasticity>
                <income-elasticity year="2050">9e-04</income-elasticity>
                <income-elasticity year="2055">6e-04</income-elasticity>
                <income-elasticity year="2060">4e-04</income-elasticity>
                <income-elasticity year="2065">3e-04</income-elasticity>
                <income-elasticity year="2070">2e-04</income-elasticity>
                <income-elasticity year="2075">2e-04</income-elasticity>
                <income-elasticity year="2080">1e-04</income-elasticity>
                <income-elasticity year="2085">1e-04</income-elasticity>
                <income-elasticity year="2090">1e-04</income-elasticity>
                <income-elasticity year="2095">1e-04</income-elasticity>
                <income-elasticity year="2100">0</income-elasticity>
            </energy-final-demand>
        </region>
        <region name="South America_Southern">
            <energy-final-demand name="FoodDemand_Crops">
                <income-elasticity year="2015">0.0458</income-elasticity>
                <income-elasticity year="2020">0.0453</income-elasticity>
                <income-elasticity year="2025">0.0448</income-elasticity>
                <income-elasticity year="2030">0.0442</income-elasticity>
                <income-elasticity year="2035">0.0436</income-elasticity>
                <income-elasticity year="2040">0.0431</income-elasticity>
                <income-elasticity year="2045">0.0426</income-elasticity>
                <income-elasticity year="2050">0.0422</income-elasticity>
                <income-elasticity year="2055">0.0418</income-elasticity>
                <income-elasticity year="2060">0.0414</income-elasticity>
                <income-elasticity year="2065">0.0411</income-elasticity>
                <income-elasticity year="2070">0.0408</income-elasticity>
                <income-elasticity year="2075">0.0405</income-elasticity>
                <income-elasticity year="2080">0.0402</income-elasticity>
                <income-elasticity year="2085">0.0399</income-elasticity>
                <income-elasticity year="2090">0.0397</income-elasticity>
                <income-elasticity year="2095">0.0394</income-elasticity>
                <income-elasticity year="2100">0.0392</income-elasticity>
            </energy-final-demand>
            <energy-final-demand name="FoodDemand_Meat">
                <income-elasticity year="2015">0.0655</income-elasticity>
                <income-elasticity year="2020">0.0422</income-elasticity>
                <income-elasticity year="2025">0.0264</income-elasticity>
                <income-elasticity year="2030">0.0157</income-elasticity>
                <income-elasticity year="2035">0.0091</income-elasticity>
                <income-elasticity year="2040">0.0054</income-elasticity>
                <income-elasticity year="2045">0.0034</income-elasticity>
                <income-elasticity year="2050">0.0022</income-elasticity>
                <income-elasticity year="2055">0.0015</income-elasticity>
                <income-elasticity year="2060">0.0011</income-elasticity>
                <income-elasticity year="2065">8e-04</income-elasticity>
                <income-elasticity year="2070">6e-04</income-elasticity>
                <income-elasticity year="2075">4e-04</income-elasticity>
                <income-elasticity year="2080">3e-04</income-elasticity>
                <income-elasticity year="2085">2e-04</income-elasticity>
                <income-elasticity year="2090">2e-04</income-elasticity>
                <income-elasticity year="2095">1e-04</income-elasticity>
                <income-elasticity year="2100">1e-04</income-elasticity>
            </energy-final-demand>
        </region>
        <region name="South Asia">
            <energy-final-demand name="FoodDemand_Crops">
                <income-elasticity year="2015">0.0508</income-elasticity>
                <income-elasticity year="2020">0.0502</income-elasticity>
                <income-elasticity year="2025">0.0495</income-elasticity>
                <income-elasticity year="2030">0.0487</income-elasticity>
                <income-elasticity year="2035">0.0478</income-elasticity>
                <income-elasticity year="2040">0.047</income-elasticity>
                <income-elasticity year="2045">0.0463</income-elasticity>
                <income-elasticity year="2050">0.0456</income-elasticity>
                <income-elasticity year="2055">0.045</income-elasticity>
                <income-elasticity year="2060">0.0444</income-elasticity>
                <income-elasticity year="2065">0.0439</income-elasticity>
                <income-elasticity year="2070">0.0434</income-elasticity>
                <income-elasticity year="2075">0.043</income-elasticity>
                <income-elasticity year="2080">0.0426</income-elasticity>
                <income-elasticity year="2085">0.0422</income-elasticity>
                <income-elasticity year="2090">0.0419</income-elasticity>
                <income-elasticity year="2095">0.0415</income-elasticity>
                <income-elasticity year="2100">0.0412</income-elasticity>
            </energy-final-demand>
            <energy-final-demand name="FoodDemand_Meat">
                <income-elasticity year="2015">0.4224</income-elasticity>
                <income-elasticity year="2020">0.3713</income-elasticity>
                <income-elasticity year="2025">0.3222</income-elasticity>
                <income-elasticity year="2030">0.2889</income-elasticity>
                <income-elasticity year="2035">0.2844</income-elasticity>
                <income-elasticity year="2040">0.3086</income-elasticity>
                <income-elasticity year="2045">0.3406</income-elasticity>
                <income-elasticity year="2050">0.3761</income-elasticity>
                <income-elasticity year="2055">0.4123</income-elasticity>
                <income-elasticity year="2060">0.4485</income-elasticity>
                <income-elasticity year="2065">0.4913</income-elasticity>
                <income-elasticity year="2070">0.5373</income-elasticity>
                <income-elasticity year="2075">0.579</income-elasticity>
                <income-elasticity year="2080">0.6177</income-elasticity>
                <income-elasticity year="2085">0.6558</income-elasticity>
                <income-elasticity year="2090">0.6898</income-elasticity>
                <income-elasticity year="2095">0.7097</income-elasticity>
                <income-elasticity year="2100">9e-04</income-elasticity>
            </energy-final-demand>
        </region>
        <region name="South Korea">
            <energy-final-demand name="FoodDemand_Crops">
                <income-elasticity year="2015">0.0427</income-elasticity>
                <income-elasticity year="2020">0.0423</income-elasticity>
                <income-elasticity year="2025">0.0418</income-elasticity>
                <income-elasticity year="2030">0.0414</income-elasticity>
                <income-elasticity year="2035">0.0411</income-elasticity>
                <income-elasticity year="2040">0.0408</income-elasticity>
                <income-elasticity year="2045">0.0405</income-elasticity>
                <income-elasticity year="2050">0.0403</income-elasticity>
                <income-elasticity year="2055">0.0401</income-elasticity>
                <income-elasticity year="2060">0.0398</income-elasticity>
                <income-elasticity year="2065">0.0396</income-elasticity>
                <income-elasticity year="2070">0.0394</income-elasticity>
                <income-elasticity year="2075">0.0392</income-elasticity>
                <income-elasticity year="2080">0.039</income-elasticity>
                <income-elasticity year="2085">0.0388</income-elasticity>
                <income-elasticity year="2090">0.0386</income-elasticity>
                <income-elasticity year="2095">0.0384</income-elasticity>
                <income-elasticity year="2100">0.0382</income-elasticity>
            </energy-final-demand>
            <energy-final-demand name="FoodDemand_Meat">
                <income-elasticity year="2015">0.0037</income-elasticity>
                <income-elasticity year="2020">0.0024</income-elasticity>
                <income-elasticity year="2025">0.0016</income-elasticity>
                <income-elasticity year="2030">0.0011</income-elasticity>
                <income-elasticity year="2035">8e-04</income-elasticity>
                <income-elasticity year="2040">6e-04</income-elasticity>
                <income-elasticity year="2045">4e-04</income-elasticity>
                <income-elasticity year="2050">4e-04</income-elasticity>
                <income-elasticity year="2055">3e-04</income-elasticity>
                <income-elasticity year="2060">2e-04</income-elasticity>
                <income-elasticity year="2065">2e-04</income-elasticity>
                <income-elasticity year="2070">2e-04</income-elasticity>
                <income-elasticity year="2075">1e-04</income-elasticity>
                <income-elasticity year="2080">1e-04</income-elasticity>
                <income-elasticity year="2085">1e-04</income-elasticity>
                <income-elasticity year="2090">1e-04</income-elasticity>
                <income-elasticity year="2095">1e-04</income-elasticity>
                <income-elasticity year="2100">0</income-elasticity>
            </energy-final-demand>
        </region>
        <region name="Southeast Asia">
            <energy-final-demand name="FoodDemand_Crops">
                <income-elasticity year="2015">0.0474</income-elasticity>
                <income-elasticity year="2020">0.0469</income-elasticity>
                <income-elasticity year="2025">0.0463</income-elasticity>
                <income-elasticity year="2030">0.0457</income-elasticity>
                <income-elasticity year="2035">0.0451</income-elasticity>
                <income-elasticity year="2040">0.0445</income-elasticity>
                <income-elasticity year="2045">0.0439</income-elasticity>
                <income-elasticity year="2050">0.0434</income-elasticity>
                <income-elasticity year="2055">0.043</income-elasticity>
                <income-elasticity year="2060">0.0425</income-elasticity>
                <income-elasticity year="2065">0.0422</income-elasticity>
                <income-elasticity year="2070">0.0418</income-elasticity>
                <income-elasticity year="2075">0.0415</income-elasticity>
                <income-elasticity year="2080">0.0412</income-elasticity>
                <income-elasticity year="2085">0.0409</income-elasticity>
                <income-elasticity year="2090">0.0406</income-elasticity>
                <income-elasticity year="2095">0.0403</income-elasticity>
                <income-elasticity year="2100">0.0401</income-elasticity>
            </energy-final-demand>
            <energy-final-demand name="FoodDemand_Meat">
                <income-elasticity year="2015">0.2785</income-elasticity>
                <income-elasticity year="2020">0.1844</income-elasticity>
                <income-elasticity year="2025">0.1122</income-elasticity>
                <income-elasticity year="2030">0.0638</income-elasticity>
                <income-elasticity year="2035">0.0351</income-elasticity>
                <income-elasticity year="2040">0.0198</income-elasticity>
                <income-elasticity year="2045">0.0117</income-elasticity>
                <income-elasticity year="2050">0.0073</income-elasticity>
                <income-elasticity year="2055">0.0047</income-elasticity>
                <income-elasticity year="2060">0.0032</income-elasticity>
                <income-elasticity year="2065">0.0022</income-elasticity>
                <income-elasticity year="2070">0.0015</income-elasticity>
                <income-elasticity year="2075">0.0011</income-elasticity>
                <income-elasticity year="2080">8e-04</income-elasticity>
                <income-elasticity year="2085">6e-04</income-elasticity>
                <income-elasticity year="2090">5e-04</income-elasticity>
                <income-elasticity year="2095">4e-04</income-elasticity>
                <income-elasticity year="2100">3e-04</income-elasticity>
            </energy-final-demand>
        </region>
        <region name="Argentina">
            <energy-final-demand name="FoodDemand_Crops">
                <income-elasticity year="2015">0.0443</income-elasticity>
                <income-elasticity year="2020">0.0439</income-elasticity>
                <income-elasticity year="2025">0.0435</income-elasticity>
                <income-elasticity year="2030">0.0431</income-elasticity>
                <income-elasticity year="2035">0.0426</income-elasticity>
                <income-elasticity year="2040">0.0421</income-elasticity>
                <income-elasticity year="2045">0.0417</income-elasticity>
                <income-elasticity year="2050">0.0414</income-elasticity>
                <income-elasticity year="2055">0.0411</income-elasticity>
                <income-elasticity year="2060">0.0408</income-elasticity>
                <income-elasticity year="2065">0.0405</income-elasticity>
                <income-elasticity year="2070">0.0403</income-elasticity>
                <income-elasticity year="2075">0.0401</income-elasticity>
                <income-elasticity year="2080">0.0398</income-elasticity>
                <income-elasticity year="2085">0.0396</income-elasticity>
                <income-elasticity year="2090">0.0394</income-elasticity>
                <income-elasticity year="2095">0.0392</income-elasticity>
                <income-elasticity year="2100">0.039</income-elasticity>
            </energy-final-demand>
            <energy-final-demand name="FoodDemand_Meat">
                <income-elasticity year="2015">0.0175</income-elasticity>
                <income-elasticity year="2020">0.0119</income-elasticity>
                <income-elasticity year="2025">0.0081</income-elasticity>
                <income-elasticity year="2030">0.0052</income-elasticity>
                <income-elasticity year="2035">0.0033</income-elasticity>
                <income-elasticity year="2040">0.0021</income-elasticity>
                <income-elasticity year="2045">0.0015</income-elasticity>
                <income-elasticity year="2050">0.001</income-elasticity>
                <income-elasticity year="2055">8e-04</income-elasticity>
                <income-elasticity year="2060">6e-04</income-elasticity>
                <income-elasticity year="2065">5e-04</income-elasticity>
                <income-elasticity year="2070">4e-04</income-elasticity>
                <income-elasticity year="2075">3e-04</income-elasticity>
                <income-elasticity year="2080">2e-04</income-elasticity>
                <income-elasticity year="2085">2e-04</income-elasticity>
                <income-elasticity year="2090">1e-04</income-elasticity>
                <income-elasticity year="2095">1e-04</income-elasticity>
                <income-elasticity year="2100">1e-04</income-elasticity>
            </energy-final-demand>
        </region>
        <region name="Colombia">
            <energy-final-demand name="FoodDemand_Crops">
                <income-elasticity year="2015">0.0459</income-elasticity>
                <income-elasticity year="2020">0.0455</income-elasticity>
                <income-elasticity year="2025">0.0451</income-elasticity>
                <income-elasticity year="2030">0.0446</income-elasticity>
                <income-elasticity year="2035">0.0441</income-elasticity>
                <income-elasticity year="2040">0.0436</income-elasticity>
                <income-elasticity year="2045">0.0431</income-elasticity>
                <income-elasticity year="2050">0.0426</income-elasticity>
                <income-elasticity year="2055">0.0422</income-elasticity>
                <income-elasticity year="2060">0.0418</income-elasticity>
                <income-elasticity year="2065">0.0414</income-elasticity>
                <income-elasticity year="2070">0.0411</income-elasticity>
                <income-elasticity year="2075">0.0408</income-elasticity>
                <income-elasticity year="2080">0.0405</income-elasticity>
                <income-elasticity year="2085">0.0402</income-elasticity>
                <income-elasticity year="2090">0.04</income-elasticity>
                <income-elasticity year="2095">0.0397</income-elasticity>
                <income-elasticity year="2100">0.0394</income-elasticity>
            </energy-final-demand>
            <energy-final-demand name="FoodDemand_Meat">
                <income-elasticity year="2015">0.0719</income-elasticity>
                <income-elasticity year="2020">0.0501</income-elasticity>
                <income-elasticity year="2025">0.0351</income-elasticity>
                <income-elasticity year="2030">0.0232</income-elasticity>
                <income-elasticity year="2035">0.014</income-elasticity>
                <income-elasticity year="2040">0.0084</income-elasticity>
                <income-elasticity year="2045">0.0052</income-elasticity>
                <income-elasticity year="2050">0.0033</income-elasticity>
                <income-elasticity year="2055">0.0022</income-elasticity>
                <income-elasticity year="2060">0.0015</income-elasticity>
                <income-elasticity year="2065">0.0011</income-elasticity>
                <income-elasticity year="2070">8e-04</income-elasticity>
                <income-elasticity year="2075">6e-04</income-elasticity>
                <income-elasticity year="2080">4e-04</income-elasticity>
                <income-elasticity year="2085">3e-04</income-elasticity>
                <income-elasticity year="2090">3e-04</income-elasticity>
                <income-elasticity year="2095">2e-04</income-elasticity>
                <income-elasticity year="2100">2e-04</income-elasticity>
            </energy-final-demand>
        </region>
    </world>
</scenario>
