<?xml version="1.0" encoding="UTF-8"?>
<scenario>
    <world>
        <global-technology-database>
            <location-info sector-name="electricity" subsector-name="geothermal">
                <technology name="geothermal">
                    <period year="1975">
                        <input-capital name="capital">
                            <capital-overnight>1363</capital-overnight>
                            <fixed-charge-rate>0.13</fixed-charge-rate>
                        </input-capital>
                    </period>
                    <period year="1990">
                        <input-capital name="capital">
                            <capital-overnight>1363</capital-overnight>
                            <fixed-charge-rate>0.13</fixed-charge-rate>
                        </input-capital>
                    </period>
                    <period year="2005">
                        <input-capital name="capital">
                            <capital-overnight>1363</capital-overnight>
                            <fixed-charge-rate>0.13</fixed-charge-rate>
                        </input-capital>
                    </period>
                    <period year="2010">
                        <input-capital name="capital">
                            <capital-overnight>1363</capital-overnight>
                            <fixed-charge-rate>0.13</fixed-charge-rate>
                        </input-capital>
                    </period>
                    <period year="2015">
                        <input-capital name="capital">
                            <capital-overnight>1363</capital-overnight>
                            <fixed-charge-rate>0.13</fixed-charge-rate>
                        </input-capital>
                    </period>
                    <period year="2020">
                        <input-capital name="capital">
                            <capital-overnight>1305</capital-overnight>
                            <fixed-charge-rate>0.13</fixed-charge-rate>
                        </input-capital>
                    </period>
                    <period year="2025">
                        <input-capital name="capital">
                            <capital-overnight>1256</capital-overnight>
                            <fixed-charge-rate>0.13</fixed-charge-rate>
                        </input-capital>
                    </period>
                    <period year="2030">
                        <input-capital name="capital">
                            <capital-overnight>1213</capital-overnight>
                            <fixed-charge-rate>0.13</fixed-charge-rate>
                        </input-capital>
                    </period>
                    <period year="2035">
                        <input-capital name="capital">
                            <capital-overnight>1177</capital-overnight>
                            <fixed-charge-rate>0.13</fixed-charge-rate>
                        </input-capital>
                    </period>
                    <period year="2040">
                        <input-capital name="capital">
                            <capital-overnight>1145</capital-overnight>
                            <fixed-charge-rate>0.13</fixed-charge-rate>
                        </input-capital>
                    </period>
                    <period year="2045">
                        <input-capital name="capital">
                            <capital-overnight>1118</capital-overnight>
                            <fixed-charge-rate>0.13</fixed-charge-rate>
                        </input-capital>
                    </period>
                    <period year="2050">
                        <input-capital name="capital">
                            <capital-overnight>1095</capital-overnight>
                            <fixed-charge-rate>0.13</fixed-charge-rate>
                        </input-capital>
                    </period>
                    <period year="2055">
                        <input-capital name="capital">
                            <capital-overnight>1075</capital-overnight>
                            <fixed-charge-rate>0.13</fixed-charge-rate>
                        </input-capital>
                    </period>
                    <period year="2060">
                        <input-capital name="capital">
                            <capital-overnight>1058</capital-overnight>
                            <fixed-charge-rate>0.13</fixed-charge-rate>
                        </input-capital>
                    </period>
                    <period year="2065">
                        <input-capital name="capital">
                            <capital-overnight>1043</capital-overnight>
                            <fixed-charge-rate>0.13</fixed-charge-rate>
                        </input-capital>
                    </period>
                    <period year="2070">
                        <input-capital name="capital">
                            <capital-overnight>1031</capital-overnight>
                            <fixed-charge-rate>0.13</fixed-charge-rate>
                        </input-capital>
                    </period>
                    <period year="2075">
                        <input-capital name="capital">
                            <capital-overnight>1020</capital-overnight>
                            <fixed-charge-rate>0.13</fixed-charge-rate>
                        </input-capital>
                    </period>
                    <period year="2080">
                        <input-capital name="capital">
                            <capital-overnight>1011</capital-overnight>
                            <fixed-charge-rate>0.13</fixed-charge-rate>
                        </input-capital>
                    </period>
                    <period year="2085">
                        <input-capital name="capital">
                            <capital-overnight>1003</capital-overnight>
                            <fixed-charge-rate>0.13</fixed-charge-rate>
                        </input-capital>
                    </period>
                    <period year="2090">
                        <input-capital name="capital">
                            <capital-overnight>996</capital-overnight>
                            <fixed-charge-rate>0.13</fixed-charge-rate>
                        </input-capital>
                    </period>
                    <period year="2095">
                        <input-capital name="capital">
                            <capital-overnight>990</capital-overnight>
                            <fixed-charge-rate>0.13</fixed-charge-rate>
                        </input-capital>
                    </period>
                    <period year="2100">
                        <input-capital name="capital">
                            <capital-overnight>985</capital-overnight>
                            <fixed-charge-rate>0.13</fixed-charge-rate>
                        </input-capital>
                    </period>
                </technology>
            </location-info>
        </global-technology-database>
    </world>
</scenario>
