<?xml version="1.0" encoding="UTF-8"?>
<scenario>
    <world>
        <region name="USA">
            <renewresource name="geothermal">
                <sub-renewable-resource name="EGS">
                    <grade name="grade 1">
                        <available>0</available>
                        <extractioncost>0.569</extractioncost>
                    </grade>
                    <grade name="grade 2">
                        <available>78.46119</available>
                        <extractioncost>1.352</extractioncost>
                    </grade>
                    <maxSubResource fillout="1" year="1975">1</maxSubResource>
                </sub-renewable-resource>
            </renewresource>
        </region>
        <region name="Africa_Eastern">
            <renewresource name="geothermal">
                <sub-renewable-resource name="EGS">
                    <grade name="grade 1">
                        <available>0</available>
                        <extractioncost>0.569</extractioncost>
                    </grade>
                    <grade name="grade 2">
                        <available>1.11524</available>
                        <extractioncost>1.352</extractioncost>
                    </grade>
                    <maxSubResource fillout="1" year="1975">1</maxSubResource>
                </sub-renewable-resource>
            </renewresource>
        </region>
        <region name="Africa_Northern">
            <renewresource name="geothermal">
                <sub-renewable-resource name="EGS">
                    <grade name="grade 1">
                        <available>0</available>
                        <extractioncost>0.569</extractioncost>
                    </grade>
                    <grade name="grade 2">
                        <available>1.10323</available>
                        <extractioncost>1.352</extractioncost>
                    </grade>
                    <maxSubResource fillout="1" year="1975">1</maxSubResource>
                </sub-renewable-resource>
            </renewresource>
        </region>
        <region name="Africa_Southern">
            <renewresource name="geothermal">
                <sub-renewable-resource name="EGS">
                    <grade name="grade 1">
                        <available>0</available>
                        <extractioncost>0.569</extractioncost>
                    </grade>
                    <grade name="grade 2">
                        <available>1.07048</available>
                        <extractioncost>1.352</extractioncost>
                    </grade>
                    <maxSubResource fillout="1" year="1975">1</maxSubResource>
                </sub-renewable-resource>
            </renewresource>
        </region>
        <region name="Africa_Western">
            <renewresource name="geothermal">
                <sub-renewable-resource name="EGS">
                    <grade name="grade 1">
                        <available>0</available>
                        <extractioncost>0.569</extractioncost>
                    </grade>
                    <grade name="grade 2">
                        <available>2.16682</available>
                        <extractioncost>1.352</extractioncost>
                    </grade>
                    <maxSubResource fillout="1" year="1975">1</maxSubResource>
                </sub-renewable-resource>
            </renewresource>
        </region>
        <region name="Australia_NZ">
            <renewresource name="geothermal">
                <sub-renewable-resource name="EGS">
                    <grade name="grade 1">
                        <available>0</available>
                        <extractioncost>0.569</extractioncost>
                    </grade>
                    <grade name="grade 2">
                        <available>7.03603</available>
                        <extractioncost>1.352</extractioncost>
                    </grade>
                    <maxSubResource fillout="1" year="1975">1</maxSubResource>
                </sub-renewable-resource>
            </renewresource>
        </region>
        <region name="Brazil">
            <renewresource name="geothermal">
                <sub-renewable-resource name="EGS">
                    <grade name="grade 1">
                        <available>0</available>
                        <extractioncost>0.569</extractioncost>
                    </grade>
                    <grade name="grade 2">
                        <available>15.42026</available>
                        <extractioncost>1.352</extractioncost>
                    </grade>
                    <maxSubResource fillout="1" year="1975">1</maxSubResource>
                </sub-renewable-resource>
            </renewresource>
        </region>
        <region name="Canada">
            <renewresource name="geothermal">
                <sub-renewable-resource name="EGS">
                    <grade name="grade 1">
                        <available>0</available>
                        <extractioncost>0.569</extractioncost>
                    </grade>
                    <grade name="grade 2">
                        <available>3.01763</available>
                        <extractioncost>1.352</extractioncost>
                    </grade>
                    <maxSubResource fillout="1" year="1975">1</maxSubResource>
                </sub-renewable-resource>
            </renewresource>
        </region>
        <region name="Central America and Caribbean">
            <renewresource name="geothermal">
                <sub-renewable-resource name="EGS">
                    <grade name="grade 1">
                        <available>0</available>
                        <extractioncost>0.569</extractioncost>
                    </grade>
                    <grade name="grade 2">
                        <available>1.32012</available>
                        <extractioncost>1.352</extractioncost>
                    </grade>
                    <maxSubResource fillout="1" year="1975">1</maxSubResource>
                </sub-renewable-resource>
            </renewresource>
        </region>
        <region name="Central Asia">
            <renewresource name="geothermal">
                <sub-renewable-resource name="EGS">
                    <grade name="grade 1">
                        <available>0</available>
                        <extractioncost>0.569</extractioncost>
                    </grade>
                    <grade name="grade 2">
                        <available>6.83626</available>
                        <extractioncost>1.352</extractioncost>
                    </grade>
                    <maxSubResource fillout="1" year="1975">1</maxSubResource>
                </sub-renewable-resource>
            </renewresource>
        </region>
        <region name="China">
            <renewresource name="geothermal">
                <sub-renewable-resource name="EGS">
                    <grade name="grade 1">
                        <available>0</available>
                        <extractioncost>0.569</extractioncost>
                    </grade>
                    <grade name="grade 2">
                        <available>11.64202</available>
                        <extractioncost>1.352</extractioncost>
                    </grade>
                    <maxSubResource fillout="1" year="1975">1</maxSubResource>
                </sub-renewable-resource>
            </renewresource>
        </region>
        <region name="EU-12">
            <renewresource name="geothermal">
                <sub-renewable-resource name="EGS">
                    <grade name="grade 1">
                        <available>0</available>
                        <extractioncost>0.569</extractioncost>
                    </grade>
                    <grade name="grade 2">
                        <available>7.04602</available>
                        <extractioncost>1.352</extractioncost>
                    </grade>
                    <maxSubResource fillout="1" year="1975">1</maxSubResource>
                </sub-renewable-resource>
            </renewresource>
        </region>
        <region name="EU-15">
            <renewresource name="geothermal">
                <sub-renewable-resource name="EGS">
                    <grade name="grade 1">
                        <available>0</available>
                        <extractioncost>0.569</extractioncost>
                    </grade>
                    <grade name="grade 2">
                        <available>35.31717</available>
                        <extractioncost>1.352</extractioncost>
                    </grade>
                    <maxSubResource fillout="1" year="1975">1</maxSubResource>
                </sub-renewable-resource>
            </renewresource>
        </region>
        <region name="Europe_Eastern">
            <renewresource name="geothermal">
                <sub-renewable-resource name="EGS">
                    <grade name="grade 1">
                        <available>0</available>
                        <extractioncost>0.569</extractioncost>
                    </grade>
                    <grade name="grade 2">
                        <available>0.99672</available>
                        <extractioncost>1.352</extractioncost>
                    </grade>
                    <maxSubResource fillout="1" year="1975">1</maxSubResource>
                </sub-renewable-resource>
            </renewresource>
        </region>
        <region name="Europe_Non_EU">
            <renewresource name="geothermal">
                <sub-renewable-resource name="EGS">
                    <grade name="grade 1">
                        <available>0</available>
                        <extractioncost>0.569</extractioncost>
                    </grade>
                    <grade name="grade 2">
                        <available>7.18354</available>
                        <extractioncost>1.352</extractioncost>
                    </grade>
                    <maxSubResource fillout="1" year="1975">1</maxSubResource>
                </sub-renewable-resource>
            </renewresource>
        </region>
        <region name="European Free Trade Association">
            <renewresource name="geothermal">
                <sub-renewable-resource name="EGS">
                    <grade name="grade 1">
                        <available>0</available>
                        <extractioncost>0.569</extractioncost>
                    </grade>
                    <grade name="grade 2">
                        <available>3.17505</available>
                        <extractioncost>1.352</extractioncost>
                    </grade>
                    <maxSubResource fillout="1" year="1975">1</maxSubResource>
                </sub-renewable-resource>
            </renewresource>
        </region>
        <region name="India">
            <renewresource name="geothermal">
                <sub-renewable-resource name="EGS">
                    <grade name="grade 1">
                        <available>0</available>
                        <extractioncost>0.569</extractioncost>
                    </grade>
                    <grade name="grade 2">
                        <available>5.74418</available>
                        <extractioncost>1.352</extractioncost>
                    </grade>
                    <maxSubResource fillout="1" year="1975">1</maxSubResource>
                </sub-renewable-resource>
            </renewresource>
        </region>
        <region name="Indonesia">
            <renewresource name="geothermal">
                <sub-renewable-resource name="EGS">
                    <grade name="grade 1">
                        <available>0</available>
                        <extractioncost>0.569</extractioncost>
                    </grade>
                    <grade name="grade 2">
                        <available>16.97795</available>
                        <extractioncost>1.352</extractioncost>
                    </grade>
                    <maxSubResource fillout="1" year="1975">1</maxSubResource>
                </sub-renewable-resource>
            </renewresource>
        </region>
        <region name="Japan">
            <renewresource name="geothermal">
                <sub-renewable-resource name="EGS">
                    <grade name="grade 1">
                        <available>0</available>
                        <extractioncost>0.569</extractioncost>
                    </grade>
                    <grade name="grade 2">
                        <available>5.74418</available>
                        <extractioncost>1.352</extractioncost>
                    </grade>
                    <maxSubResource fillout="1" year="1975">1</maxSubResource>
                </sub-renewable-resource>
            </renewresource>
        </region>
        <region name="Mexico">
            <renewresource name="geothermal">
                <sub-renewable-resource name="EGS">
                    <grade name="grade 1">
                        <available>0</available>
                        <extractioncost>0.569</extractioncost>
                    </grade>
                    <grade name="grade 2">
                        <available>3.54546</available>
                        <extractioncost>1.352</extractioncost>
                    </grade>
                    <maxSubResource fillout="1" year="1975">1</maxSubResource>
                </sub-renewable-resource>
            </renewresource>
        </region>
        <region name="Middle East">
            <renewresource name="geothermal">
                <sub-renewable-resource name="EGS">
                    <grade name="grade 1">
                        <available>0</available>
                        <extractioncost>0.569</extractioncost>
                    </grade>
                    <grade name="grade 2">
                        <available>5.74418</available>
                        <extractioncost>1.352</extractioncost>
                    </grade>
                    <maxSubResource fillout="1" year="1975">1</maxSubResource>
                </sub-renewable-resource>
            </renewresource>
        </region>
        <region name="Pakistan">
            <renewresource name="geothermal">
                <sub-renewable-resource name="EGS">
                    <grade name="grade 1">
                        <available>0</available>
                        <extractioncost>0.569</extractioncost>
                    </grade>
                    <grade name="grade 2">
                        <available>7.73164</available>
                        <extractioncost>1.352</extractioncost>
                    </grade>
                    <maxSubResource fillout="1" year="1975">1</maxSubResource>
                </sub-renewable-resource>
            </renewresource>
        </region>
        <region name="Russia">
            <renewresource name="geothermal">
                <sub-renewable-resource name="EGS">
                    <grade name="grade 1">
                        <available>0</available>
                        <extractioncost>0.569</extractioncost>
                    </grade>
                    <grade name="grade 2">
                        <available>19.73159</available>
                        <extractioncost>1.352</extractioncost>
                    </grade>
                    <maxSubResource fillout="1" year="1975">1</maxSubResource>
                </sub-renewable-resource>
            </renewresource>
        </region>
        <region name="South Africa">
            <renewresource name="geothermal">
                <sub-renewable-resource name="EGS">
                    <grade name="grade 1">
                        <available>0</available>
                        <extractioncost>0.569</extractioncost>
                    </grade>
                    <grade name="grade 2">
                        <available>0.23354</available>
                        <extractioncost>1.352</extractioncost>
                    </grade>
                    <maxSubResource fillout="1" year="1975">1</maxSubResource>
                </sub-renewable-resource>
            </renewresource>
        </region>
        <region name="South America_Northern">
            <renewresource name="geothermal">
                <sub-renewable-resource name="EGS">
                    <grade name="grade 1">
                        <available>0</available>
                        <extractioncost>0.569</extractioncost>
                    </grade>
                    <grade name="grade 2">
                        <available>2.46711</available>
                        <extractioncost>1.352</extractioncost>
                    </grade>
                    <maxSubResource fillout="1" year="1975">1</maxSubResource>
                </sub-renewable-resource>
            </renewresource>
        </region>
        <region name="South America_Southern">
            <renewresource name="geothermal">
                <sub-renewable-resource name="EGS">
                    <grade name="grade 1">
                        <available>0</available>
                        <extractioncost>0.569</extractioncost>
                    </grade>
                    <grade name="grade 2">
                        <available>7.17378</available>
                        <extractioncost>1.352</extractioncost>
                    </grade>
                    <maxSubResource fillout="1" year="1975">1</maxSubResource>
                </sub-renewable-resource>
            </renewresource>
        </region>
        <region name="South Asia">
            <renewresource name="geothermal">
                <sub-renewable-resource name="EGS">
                    <grade name="grade 1">
                        <available>0</available>
                        <extractioncost>0.569</extractioncost>
                    </grade>
                    <grade name="grade 2">
                        <available>9.15373</available>
                        <extractioncost>1.352</extractioncost>
                    </grade>
                    <maxSubResource fillout="1" year="1975">1</maxSubResource>
                </sub-renewable-resource>
            </renewresource>
        </region>
        <region name="South Korea">
            <renewresource name="geothermal">
                <sub-renewable-resource name="EGS">
                    <grade name="grade 1">
                        <available>0</available>
                        <extractioncost>0.569</extractioncost>
                    </grade>
                    <grade name="grade 2">
                        <available>0.001</available>
                        <extractioncost>1.352</extractioncost>
                    </grade>
                    <maxSubResource fillout="1" year="1975">1</maxSubResource>
                </sub-renewable-resource>
            </renewresource>
        </region>
        <region name="Southeast Asia">
            <renewresource name="geothermal">
                <sub-renewable-resource name="EGS">
                    <grade name="grade 1">
                        <available>0</available>
                        <extractioncost>0.569</extractioncost>
                    </grade>
                    <grade name="grade 2">
                        <available>24.01082</available>
                        <extractioncost>1.352</extractioncost>
                    </grade>
                    <maxSubResource fillout="1" year="1975">1</maxSubResource>
                </sub-renewable-resource>
            </renewresource>
        </region>
        <region name="Taiwan">
            <renewresource name="geothermal">
                <sub-renewable-resource name="EGS">
                    <grade name="grade 1">
                        <available>0</available>
                        <extractioncost>0.569</extractioncost>
                    </grade>
                    <grade name="grade 2">
                        <available>0.31932</available>
                        <extractioncost>1.352</extractioncost>
                    </grade>
                    <maxSubResource fillout="1" year="1975">1</maxSubResource>
                </sub-renewable-resource>
            </renewresource>
        </region>
        <region name="Argentina">
            <renewresource name="geothermal">
                <sub-renewable-resource name="EGS">
                    <grade name="grade 1">
                        <available>0</available>
                        <extractioncost>0.569</extractioncost>
                    </grade>
                    <grade name="grade 2">
                        <available>5.04748</available>
                        <extractioncost>1.352</extractioncost>
                    </grade>
                    <maxSubResource fillout="1" year="1975">1</maxSubResource>
                </sub-renewable-resource>
            </renewresource>
        </region>
        <region name="Colombia">
            <renewresource name="geothermal">
                <sub-renewable-resource name="EGS">
                    <grade name="grade 1">
                        <available>0</available>
                        <extractioncost>0.569</extractioncost>
                    </grade>
                    <grade name="grade 2">
                        <available>2.07938</available>
                        <extractioncost>1.352</extractioncost>
                    </grade>
                    <maxSubResource fillout="1" year="1975">1</maxSubResource>
                </sub-renewable-resource>
            </renewresource>
        </region>
    </world>
</scenario>
