<?xml version="1.0" encoding="UTF-8"?>
<scenario>
    <world>
        <region name="USA">
            <energy-final-demand name="industry">
                <income-elasticity year="2100">0.22</income-elasticity>
                <income-elasticity year="2095">0.221</income-elasticity>
                <income-elasticity year="2090">0.222</income-elasticity>
                <income-elasticity year="2085">0.223</income-elasticity>
                <income-elasticity year="2080">0.224</income-elasticity>
                <income-elasticity year="2075">0.224</income-elasticity>
                <income-elasticity year="2070">0.225</income-elasticity>
                <income-elasticity year="2065">0.226</income-elasticity>
                <income-elasticity year="2060">0.227</income-elasticity>
                <income-elasticity year="2055">0.228</income-elasticity>
                <income-elasticity year="2050">0.228</income-elasticity>
                <income-elasticity year="2045">0.229</income-elasticity>
                <income-elasticity year="2040">0.23</income-elasticity>
                <income-elasticity year="2035">0.231</income-elasticity>
                <income-elasticity year="2030">0.233</income-elasticity>
                <income-elasticity year="2025">0.234</income-elasticity>
                <income-elasticity year="2020">0.236</income-elasticity>
                <income-elasticity year="2015">0.239</income-elasticity>
            </energy-final-demand>
        </region>
        <region name="Africa_Eastern">
            <energy-final-demand name="industry">
                <income-elasticity year="2100">0.28</income-elasticity>
                <income-elasticity year="2095">0.298</income-elasticity>
                <income-elasticity year="2090">0.317</income-elasticity>
                <income-elasticity year="2085">0.337</income-elasticity>
                <income-elasticity year="2080">0.374</income-elasticity>
                <income-elasticity year="2075">0.443</income-elasticity>
                <income-elasticity year="2070">0.52</income-elasticity>
                <income-elasticity year="2065">0.603</income-elasticity>
                <income-elasticity year="2060">0.684</income-elasticity>
                <income-elasticity year="2055">0.763</income-elasticity>
                <income-elasticity year="2050">0.837</income-elasticity>
                <income-elasticity year="2045">0.904</income-elasticity>
                <income-elasticity year="2040">1.013</income-elasticity>
                <income-elasticity year="2035">1.104</income-elasticity>
                <income-elasticity year="2030">1.186</income-elasticity>
                <income-elasticity year="2025">1.257</income-elasticity>
                <income-elasticity year="2020">1.312</income-elasticity>
                <income-elasticity year="2015">1.353</income-elasticity>
            </energy-final-demand>
        </region>
        <region name="Africa_Northern">
            <energy-final-demand name="industry">
                <income-elasticity year="2100">0.304</income-elasticity>
                <income-elasticity year="2095">0.313</income-elasticity>
                <income-elasticity year="2090">0.323</income-elasticity>
                <income-elasticity year="2085">0.334</income-elasticity>
                <income-elasticity year="2080">0.345</income-elasticity>
                <income-elasticity year="2075">0.369</income-elasticity>
                <income-elasticity year="2070">0.406</income-elasticity>
                <income-elasticity year="2065">0.448</income-elasticity>
                <income-elasticity year="2060">0.494</income-elasticity>
                <income-elasticity year="2055">0.543</income-elasticity>
                <income-elasticity year="2050">0.594</income-elasticity>
                <income-elasticity year="2045">0.644</income-elasticity>
                <income-elasticity year="2040">0.697</income-elasticity>
                <income-elasticity year="2035">0.751</income-elasticity>
                <income-elasticity year="2030">0.807</income-elasticity>
                <income-elasticity year="2025">0.864</income-elasticity>
                <income-elasticity year="2020">0.936</income-elasticity>
                <income-elasticity year="2015">1.014</income-elasticity>
            </energy-final-demand>
        </region>
        <region name="Africa_Southern">
            <energy-final-demand name="industry">
                <income-elasticity year="2100">0.283</income-elasticity>
                <income-elasticity year="2095">0.3</income-elasticity>
                <income-elasticity year="2090">0.318</income-elasticity>
                <income-elasticity year="2085">0.337</income-elasticity>
                <income-elasticity year="2080">0.372</income-elasticity>
                <income-elasticity year="2075">0.437</income-elasticity>
                <income-elasticity year="2070">0.509</income-elasticity>
                <income-elasticity year="2065">0.585</income-elasticity>
                <income-elasticity year="2060">0.661</income-elasticity>
                <income-elasticity year="2055">0.734</income-elasticity>
                <income-elasticity year="2050">0.802</income-elasticity>
                <income-elasticity year="2045">0.862</income-elasticity>
                <income-elasticity year="2040">0.921</income-elasticity>
                <income-elasticity year="2035">0.995</income-elasticity>
                <income-elasticity year="2030">1.053</income-elasticity>
                <income-elasticity year="2025">1.109</income-elasticity>
                <income-elasticity year="2020">1.168</income-elasticity>
                <income-elasticity year="2015">1.219</income-elasticity>
            </energy-final-demand>
        </region>
        <region name="Africa_Western">
            <energy-final-demand name="industry">
                <income-elasticity year="2100">0.289</income-elasticity>
                <income-elasticity year="2095">0.304</income-elasticity>
                <income-elasticity year="2090">0.321</income-elasticity>
                <income-elasticity year="2085">0.34</income-elasticity>
                <income-elasticity year="2080">0.376</income-elasticity>
                <income-elasticity year="2075">0.439</income-elasticity>
                <income-elasticity year="2070">0.51</income-elasticity>
                <income-elasticity year="2065">0.587</income-elasticity>
                <income-elasticity year="2060">0.663</income-elasticity>
                <income-elasticity year="2055">0.739</income-elasticity>
                <income-elasticity year="2050">0.81</income-elasticity>
                <income-elasticity year="2045">0.874</income-elasticity>
                <income-elasticity year="2040">0.958</income-elasticity>
                <income-elasticity year="2035">1.052</income-elasticity>
                <income-elasticity year="2030">1.135</income-elasticity>
                <income-elasticity year="2025">1.217</income-elasticity>
                <income-elasticity year="2020">1.284</income-elasticity>
                <income-elasticity year="2015">1.318</income-elasticity>
            </energy-final-demand>
        </region>
        <region name="Australia_NZ">
            <energy-final-demand name="industry">
                <income-elasticity year="2100">0.142</income-elasticity>
                <income-elasticity year="2095">0.145</income-elasticity>
                <income-elasticity year="2090">0.148</income-elasticity>
                <income-elasticity year="2085">0.151</income-elasticity>
                <income-elasticity year="2080">0.154</income-elasticity>
                <income-elasticity year="2075">0.157</income-elasticity>
                <income-elasticity year="2070">0.16</income-elasticity>
                <income-elasticity year="2065">0.163</income-elasticity>
                <income-elasticity year="2060">0.166</income-elasticity>
                <income-elasticity year="2055">0.168</income-elasticity>
                <income-elasticity year="2050">0.171</income-elasticity>
                <income-elasticity year="2045">0.174</income-elasticity>
                <income-elasticity year="2040">0.177</income-elasticity>
                <income-elasticity year="2035">0.18</income-elasticity>
                <income-elasticity year="2030">0.183</income-elasticity>
                <income-elasticity year="2025">0.186</income-elasticity>
                <income-elasticity year="2020">0.19</income-elasticity>
                <income-elasticity year="2015">0.194</income-elasticity>
            </energy-final-demand>
        </region>
        <region name="Brazil">
            <energy-final-demand name="industry">
                <income-elasticity year="2100">0.269</income-elasticity>
                <income-elasticity year="2095">0.278</income-elasticity>
                <income-elasticity year="2090">0.286</income-elasticity>
                <income-elasticity year="2085">0.295</income-elasticity>
                <income-elasticity year="2080">0.304</income-elasticity>
                <income-elasticity year="2075">0.313</income-elasticity>
                <income-elasticity year="2070">0.323</income-elasticity>
                <income-elasticity year="2065">0.332</income-elasticity>
                <income-elasticity year="2060">0.341</income-elasticity>
                <income-elasticity year="2055">0.351</income-elasticity>
                <income-elasticity year="2050">0.379</income-elasticity>
                <income-elasticity year="2045">0.408</income-elasticity>
                <income-elasticity year="2040">0.438</income-elasticity>
                <income-elasticity year="2035">0.471</income-elasticity>
                <income-elasticity year="2030">0.506</income-elasticity>
                <income-elasticity year="2025">0.548</income-elasticity>
                <income-elasticity year="2020">0.599</income-elasticity>
                <income-elasticity year="2015">0.616</income-elasticity>
            </energy-final-demand>
        </region>
        <region name="Canada">
            <energy-final-demand name="industry">
                <income-elasticity year="2100">0.021</income-elasticity>
                <income-elasticity year="2095">0.023</income-elasticity>
                <income-elasticity year="2090">0.024</income-elasticity>
                <income-elasticity year="2085">0.026</income-elasticity>
                <income-elasticity year="2080">0.027</income-elasticity>
                <income-elasticity year="2075">0.029</income-elasticity>
                <income-elasticity year="2070">0.031</income-elasticity>
                <income-elasticity year="2065">0.033</income-elasticity>
                <income-elasticity year="2060">0.035</income-elasticity>
                <income-elasticity year="2055">0.036</income-elasticity>
                <income-elasticity year="2050">0.038</income-elasticity>
                <income-elasticity year="2045">0.04</income-elasticity>
                <income-elasticity year="2040">0.042</income-elasticity>
                <income-elasticity year="2035">0.044</income-elasticity>
                <income-elasticity year="2030">0.047</income-elasticity>
                <income-elasticity year="2025">0.05</income-elasticity>
                <income-elasticity year="2020">0.052</income-elasticity>
                <income-elasticity year="2015">0.055</income-elasticity>
            </energy-final-demand>
        </region>
        <region name="Central America and Caribbean">
            <energy-final-demand name="industry">
                <income-elasticity year="2100">0.26</income-elasticity>
                <income-elasticity year="2095">0.272</income-elasticity>
                <income-elasticity year="2090">0.284</income-elasticity>
                <income-elasticity year="2085">0.297</income-elasticity>
                <income-elasticity year="2080">0.31</income-elasticity>
                <income-elasticity year="2075">0.324</income-elasticity>
                <income-elasticity year="2070">0.338</income-elasticity>
                <income-elasticity year="2065">0.356</income-elasticity>
                <income-elasticity year="2060">0.4</income-elasticity>
                <income-elasticity year="2055">0.448</income-elasticity>
                <income-elasticity year="2050">0.498</income-elasticity>
                <income-elasticity year="2045">0.55</income-elasticity>
                <income-elasticity year="2040">0.603</income-elasticity>
                <income-elasticity year="2035">0.653</income-elasticity>
                <income-elasticity year="2030">0.702</income-elasticity>
                <income-elasticity year="2025">0.75</income-elasticity>
                <income-elasticity year="2020">0.798</income-elasticity>
                <income-elasticity year="2015">0.833</income-elasticity>
            </energy-final-demand>
        </region>
        <region name="Central Asia">
            <energy-final-demand name="industry">
                <income-elasticity year="2100">0.234</income-elasticity>
                <income-elasticity year="2095">0.236</income-elasticity>
                <income-elasticity year="2090">0.238</income-elasticity>
                <income-elasticity year="2085">0.24</income-elasticity>
                <income-elasticity year="2080">0.242</income-elasticity>
                <income-elasticity year="2075">0.244</income-elasticity>
                <income-elasticity year="2070">0.246</income-elasticity>
                <income-elasticity year="2065">0.248</income-elasticity>
                <income-elasticity year="2060">0.251</income-elasticity>
                <income-elasticity year="2055">0.253</income-elasticity>
                <income-elasticity year="2050">0.255</income-elasticity>
                <income-elasticity year="2045">0.257</income-elasticity>
                <income-elasticity year="2040">0.26</income-elasticity>
                <income-elasticity year="2035">0.274</income-elasticity>
                <income-elasticity year="2030">0.291</income-elasticity>
                <income-elasticity year="2025">0.313</income-elasticity>
                <income-elasticity year="2020">0.34</income-elasticity>
                <income-elasticity year="2015">0.386</income-elasticity>
            </energy-final-demand>
        </region>
        <region name="China">
            <energy-final-demand name="industry">
                <income-elasticity year="2100">0.237</income-elasticity>
                <income-elasticity year="2095">0.238</income-elasticity>
                <income-elasticity year="2090">0.24</income-elasticity>
                <income-elasticity year="2085">0.241</income-elasticity>
                <income-elasticity year="2080">0.243</income-elasticity>
                <income-elasticity year="2075">0.244</income-elasticity>
                <income-elasticity year="2070">0.246</income-elasticity>
                <income-elasticity year="2065">0.248</income-elasticity>
                <income-elasticity year="2060">0.25</income-elasticity>
                <income-elasticity year="2055">0.251</income-elasticity>
                <income-elasticity year="2050">0.253</income-elasticity>
                <income-elasticity year="2045">0.256</income-elasticity>
                <income-elasticity year="2040">0.259</income-elasticity>
                <income-elasticity year="2035">0.268</income-elasticity>
                <income-elasticity year="2030">0.286</income-elasticity>
                <income-elasticity year="2025">0.31</income-elasticity>
                <income-elasticity year="2020">0.342</income-elasticity>
                <income-elasticity year="2015">0.433</income-elasticity>
            </energy-final-demand>
        </region>
        <region name="EU-12">
            <energy-final-demand name="industry">
                <income-elasticity year="2100">0.255</income-elasticity>
                <income-elasticity year="2095">0.256</income-elasticity>
                <income-elasticity year="2090">0.258</income-elasticity>
                <income-elasticity year="2085">0.26</income-elasticity>
                <income-elasticity year="2080">0.265</income-elasticity>
                <income-elasticity year="2075">0.274</income-elasticity>
                <income-elasticity year="2070">0.282</income-elasticity>
                <income-elasticity year="2065">0.292</income-elasticity>
                <income-elasticity year="2060">0.301</income-elasticity>
                <income-elasticity year="2055">0.31</income-elasticity>
                <income-elasticity year="2050">0.319</income-elasticity>
                <income-elasticity year="2045">0.328</income-elasticity>
                <income-elasticity year="2040">0.338</income-elasticity>
                <income-elasticity year="2035">0.35</income-elasticity>
                <income-elasticity year="2030">0.389</income-elasticity>
                <income-elasticity year="2025">0.434</income-elasticity>
                <income-elasticity year="2020">0.485</income-elasticity>
                <income-elasticity year="2015">0.545</income-elasticity>
            </energy-final-demand>
        </region>
        <region name="EU-15">
            <energy-final-demand name="industry">
                <income-elasticity year="2100">0.251</income-elasticity>
                <income-elasticity year="2095">0.252</income-elasticity>
                <income-elasticity year="2090">0.254</income-elasticity>
                <income-elasticity year="2085">0.255</income-elasticity>
                <income-elasticity year="2080">0.257</income-elasticity>
                <income-elasticity year="2075">0.258</income-elasticity>
                <income-elasticity year="2070">0.26</income-elasticity>
                <income-elasticity year="2065">0.266</income-elasticity>
                <income-elasticity year="2060">0.274</income-elasticity>
                <income-elasticity year="2055">0.281</income-elasticity>
                <income-elasticity year="2050">0.288</income-elasticity>
                <income-elasticity year="2045">0.295</income-elasticity>
                <income-elasticity year="2040">0.303</income-elasticity>
                <income-elasticity year="2035">0.31</income-elasticity>
                <income-elasticity year="2030">0.317</income-elasticity>
                <income-elasticity year="2025">0.324</income-elasticity>
                <income-elasticity year="2020">0.33</income-elasticity>
                <income-elasticity year="2015">0.338</income-elasticity>
            </energy-final-demand>
        </region>
        <region name="Europe_Eastern">
            <energy-final-demand name="industry">
                <income-elasticity year="2100">0.225</income-elasticity>
                <income-elasticity year="2095">0.227</income-elasticity>
                <income-elasticity year="2090">0.23</income-elasticity>
                <income-elasticity year="2085">0.232</income-elasticity>
                <income-elasticity year="2080">0.234</income-elasticity>
                <income-elasticity year="2075">0.237</income-elasticity>
                <income-elasticity year="2070">0.239</income-elasticity>
                <income-elasticity year="2065">0.242</income-elasticity>
                <income-elasticity year="2060">0.245</income-elasticity>
                <income-elasticity year="2055">0.248</income-elasticity>
                <income-elasticity year="2050">0.251</income-elasticity>
                <income-elasticity year="2045">0.253</income-elasticity>
                <income-elasticity year="2040">0.256</income-elasticity>
                <income-elasticity year="2035">0.26</income-elasticity>
                <income-elasticity year="2030">0.278</income-elasticity>
                <income-elasticity year="2025">0.298</income-elasticity>
                <income-elasticity year="2020">0.321</income-elasticity>
                <income-elasticity year="2015">0.339</income-elasticity>
            </energy-final-demand>
        </region>
        <region name="Europe_Non_EU">
            <energy-final-demand name="industry">
                <income-elasticity year="2100">0.294</income-elasticity>
                <income-elasticity year="2095">0.302</income-elasticity>
                <income-elasticity year="2090">0.31</income-elasticity>
                <income-elasticity year="2085">0.318</income-elasticity>
                <income-elasticity year="2080">0.327</income-elasticity>
                <income-elasticity year="2075">0.336</income-elasticity>
                <income-elasticity year="2070">0.345</income-elasticity>
                <income-elasticity year="2065">0.364</income-elasticity>
                <income-elasticity year="2060">0.393</income-elasticity>
                <income-elasticity year="2055">0.425</income-elasticity>
                <income-elasticity year="2050">0.458</income-elasticity>
                <income-elasticity year="2045">0.493</income-elasticity>
                <income-elasticity year="2040">0.531</income-elasticity>
                <income-elasticity year="2035">0.572</income-elasticity>
                <income-elasticity year="2030">0.615</income-elasticity>
                <income-elasticity year="2025">0.66</income-elasticity>
                <income-elasticity year="2020">0.711</income-elasticity>
                <income-elasticity year="2015">0.754</income-elasticity>
            </energy-final-demand>
        </region>
        <region name="European Free Trade Association">
            <energy-final-demand name="industry">
                <income-elasticity year="2100">0.182</income-elasticity>
                <income-elasticity year="2095">0.186</income-elasticity>
                <income-elasticity year="2090">0.189</income-elasticity>
                <income-elasticity year="2085">0.192</income-elasticity>
                <income-elasticity year="2080">0.196</income-elasticity>
                <income-elasticity year="2075">0.199</income-elasticity>
                <income-elasticity year="2070">0.203</income-elasticity>
                <income-elasticity year="2065">0.207</income-elasticity>
                <income-elasticity year="2060">0.211</income-elasticity>
                <income-elasticity year="2055">0.214</income-elasticity>
                <income-elasticity year="2050">0.218</income-elasticity>
                <income-elasticity year="2045">0.221</income-elasticity>
                <income-elasticity year="2040">0.222</income-elasticity>
                <income-elasticity year="2035">0.223</income-elasticity>
                <income-elasticity year="2030">0.225</income-elasticity>
                <income-elasticity year="2025">0.226</income-elasticity>
                <income-elasticity year="2020">0.227</income-elasticity>
                <income-elasticity year="2015">0.229</income-elasticity>
            </energy-final-demand>
        </region>
        <region name="India">
            <energy-final-demand name="industry">
                <income-elasticity year="2100">0.278</income-elasticity>
                <income-elasticity year="2095">0.288</income-elasticity>
                <income-elasticity year="2090">0.299</income-elasticity>
                <income-elasticity year="2085">0.31</income-elasticity>
                <income-elasticity year="2080">0.322</income-elasticity>
                <income-elasticity year="2075">0.335</income-elasticity>
                <income-elasticity year="2070">0.348</income-elasticity>
                <income-elasticity year="2065">0.386</income-elasticity>
                <income-elasticity year="2060">0.433</income-elasticity>
                <income-elasticity year="2055">0.484</income-elasticity>
                <income-elasticity year="2050">0.539</income-elasticity>
                <income-elasticity year="2045">0.599</income-elasticity>
                <income-elasticity year="2040">0.661</income-elasticity>
                <income-elasticity year="2035">0.727</income-elasticity>
                <income-elasticity year="2030">0.794</income-elasticity>
                <income-elasticity year="2025">0.863</income-elasticity>
                <income-elasticity year="2020">0.963</income-elasticity>
                <income-elasticity year="2015">1.103</income-elasticity>
            </energy-final-demand>
        </region>
        <region name="Indonesia">
            <energy-final-demand name="industry">
                <income-elasticity year="2100">0.257</income-elasticity>
                <income-elasticity year="2095">0.259</income-elasticity>
                <income-elasticity year="2090">0.267</income-elasticity>
                <income-elasticity year="2085">0.277</income-elasticity>
                <income-elasticity year="2080">0.288</income-elasticity>
                <income-elasticity year="2075">0.3</income-elasticity>
                <income-elasticity year="2070">0.312</income-elasticity>
                <income-elasticity year="2065">0.325</income-elasticity>
                <income-elasticity year="2060">0.339</income-elasticity>
                <income-elasticity year="2055">0.36</income-elasticity>
                <income-elasticity year="2050">0.408</income-elasticity>
                <income-elasticity year="2045">0.464</income-elasticity>
                <income-elasticity year="2040">0.527</income-elasticity>
                <income-elasticity year="2035">0.599</income-elasticity>
                <income-elasticity year="2030">0.675</income-elasticity>
                <income-elasticity year="2025">0.758</income-elasticity>
                <income-elasticity year="2020">0.847</income-elasticity>
                <income-elasticity year="2015">0.931</income-elasticity>
            </energy-final-demand>
        </region>
        <region name="Japan">
            <energy-final-demand name="industry">
                <income-elasticity year="2100">0.227</income-elasticity>
                <income-elasticity year="2095">0.229</income-elasticity>
                <income-elasticity year="2090">0.231</income-elasticity>
                <income-elasticity year="2085">0.232</income-elasticity>
                <income-elasticity year="2080">0.234</income-elasticity>
                <income-elasticity year="2075">0.236</income-elasticity>
                <income-elasticity year="2070">0.237</income-elasticity>
                <income-elasticity year="2065">0.239</income-elasticity>
                <income-elasticity year="2060">0.241</income-elasticity>
                <income-elasticity year="2055">0.242</income-elasticity>
                <income-elasticity year="2050">0.244</income-elasticity>
                <income-elasticity year="2045">0.245</income-elasticity>
                <income-elasticity year="2040">0.247</income-elasticity>
                <income-elasticity year="2035">0.248</income-elasticity>
                <income-elasticity year="2030">0.249</income-elasticity>
                <income-elasticity year="2025">0.251</income-elasticity>
                <income-elasticity year="2020">0.253</income-elasticity>
                <income-elasticity year="2015">0.254</income-elasticity>
            </energy-final-demand>
        </region>
        <region name="Mexico">
            <energy-final-demand name="industry">
                <income-elasticity year="2100">0.283</income-elasticity>
                <income-elasticity year="2095">0.293</income-elasticity>
                <income-elasticity year="2090">0.303</income-elasticity>
                <income-elasticity year="2085">0.313</income-elasticity>
                <income-elasticity year="2080">0.323</income-elasticity>
                <income-elasticity year="2075">0.334</income-elasticity>
                <income-elasticity year="2070">0.345</income-elasticity>
                <income-elasticity year="2065">0.369</income-elasticity>
                <income-elasticity year="2060">0.404</income-elasticity>
                <income-elasticity year="2055">0.441</income-elasticity>
                <income-elasticity year="2050">0.48</income-elasticity>
                <income-elasticity year="2045">0.52</income-elasticity>
                <income-elasticity year="2040">0.56</income-elasticity>
                <income-elasticity year="2035">0.6</income-elasticity>
                <income-elasticity year="2030">0.64</income-elasticity>
                <income-elasticity year="2025">0.68</income-elasticity>
                <income-elasticity year="2020">0.72</income-elasticity>
                <income-elasticity year="2015">0.757</income-elasticity>
            </energy-final-demand>
        </region>
        <region name="Middle East">
            <energy-final-demand name="industry">
                <income-elasticity year="2100">0.24</income-elasticity>
                <income-elasticity year="2095">0.242</income-elasticity>
                <income-elasticity year="2090">0.244</income-elasticity>
                <income-elasticity year="2085">0.246</income-elasticity>
                <income-elasticity year="2080">0.248</income-elasticity>
                <income-elasticity year="2075">0.25</income-elasticity>
                <income-elasticity year="2070">0.252</income-elasticity>
                <income-elasticity year="2065">0.254</income-elasticity>
                <income-elasticity year="2060">0.256</income-elasticity>
                <income-elasticity year="2055">0.258</income-elasticity>
                <income-elasticity year="2050">0.26</income-elasticity>
                <income-elasticity year="2045">0.267</income-elasticity>
                <income-elasticity year="2040">0.276</income-elasticity>
                <income-elasticity year="2035">0.286</income-elasticity>
                <income-elasticity year="2030">0.297</income-elasticity>
                <income-elasticity year="2025">0.309</income-elasticity>
                <income-elasticity year="2020">0.322</income-elasticity>
                <income-elasticity year="2015">0.331</income-elasticity>
            </energy-final-demand>
        </region>
        <region name="Pakistan">
            <energy-final-demand name="industry">
                <income-elasticity year="2100">0.32</income-elasticity>
                <income-elasticity year="2095">0.334</income-elasticity>
                <income-elasticity year="2090">0.349</income-elasticity>
                <income-elasticity year="2085">0.394</income-elasticity>
                <income-elasticity year="2080">0.446</income-elasticity>
                <income-elasticity year="2075">0.505</income-elasticity>
                <income-elasticity year="2070">0.569</income-elasticity>
                <income-elasticity year="2065">0.636</income-elasticity>
                <income-elasticity year="2060">0.702</income-elasticity>
                <income-elasticity year="2055">0.766</income-elasticity>
                <income-elasticity year="2050">0.827</income-elasticity>
                <income-elasticity year="2045">0.883</income-elasticity>
                <income-elasticity year="2040">0.965</income-elasticity>
                <income-elasticity year="2035">1.052</income-elasticity>
                <income-elasticity year="2030">1.126</income-elasticity>
                <income-elasticity year="2025">1.196</income-elasticity>
                <income-elasticity year="2020">1.249</income-elasticity>
                <income-elasticity year="2015">1.294</income-elasticity>
            </energy-final-demand>
        </region>
        <region name="Russia">
            <energy-final-demand name="industry">
                <income-elasticity year="2100">0.099</income-elasticity>
                <income-elasticity year="2095">0.102</income-elasticity>
                <income-elasticity year="2090">0.104</income-elasticity>
                <income-elasticity year="2085">0.106</income-elasticity>
                <income-elasticity year="2080">0.108</income-elasticity>
                <income-elasticity year="2075">0.111</income-elasticity>
                <income-elasticity year="2070">0.113</income-elasticity>
                <income-elasticity year="2065">0.116</income-elasticity>
                <income-elasticity year="2060">0.119</income-elasticity>
                <income-elasticity year="2055">0.122</income-elasticity>
                <income-elasticity year="2050">0.125</income-elasticity>
                <income-elasticity year="2045">0.128</income-elasticity>
                <income-elasticity year="2040">0.131</income-elasticity>
                <income-elasticity year="2035">0.136</income-elasticity>
                <income-elasticity year="2030">0.142</income-elasticity>
                <income-elasticity year="2025">0.15</income-elasticity>
                <income-elasticity year="2020">0.159</income-elasticity>
                <income-elasticity year="2015">0.162</income-elasticity>
            </energy-final-demand>
        </region>
        <region name="South Africa">
            <energy-final-demand name="industry">
                <income-elasticity year="2100">0.243</income-elasticity>
                <income-elasticity year="2095">0.245</income-elasticity>
                <income-elasticity year="2090">0.246</income-elasticity>
                <income-elasticity year="2085">0.248</income-elasticity>
                <income-elasticity year="2080">0.25</income-elasticity>
                <income-elasticity year="2075">0.252</income-elasticity>
                <income-elasticity year="2070">0.255</income-elasticity>
                <income-elasticity year="2065">0.257</income-elasticity>
                <income-elasticity year="2060">0.259</income-elasticity>
                <income-elasticity year="2055">0.265</income-elasticity>
                <income-elasticity year="2050">0.275</income-elasticity>
                <income-elasticity year="2045">0.286</income-elasticity>
                <income-elasticity year="2040">0.298</income-elasticity>
                <income-elasticity year="2035">0.312</income-elasticity>
                <income-elasticity year="2030">0.326</income-elasticity>
                <income-elasticity year="2025">0.342</income-elasticity>
                <income-elasticity year="2020">0.381</income-elasticity>
                <income-elasticity year="2015">0.403</income-elasticity>
            </energy-final-demand>
        </region>
        <region name="South America_Northern">
            <energy-final-demand name="industry">
                <income-elasticity year="2100">0.249</income-elasticity>
                <income-elasticity year="2095">0.252</income-elasticity>
                <income-elasticity year="2090">0.254</income-elasticity>
                <income-elasticity year="2085">0.256</income-elasticity>
                <income-elasticity year="2080">0.258</income-elasticity>
                <income-elasticity year="2075">0.261</income-elasticity>
                <income-elasticity year="2070">0.271</income-elasticity>
                <income-elasticity year="2065">0.281</income-elasticity>
                <income-elasticity year="2060">0.292</income-elasticity>
                <income-elasticity year="2055">0.304</income-elasticity>
                <income-elasticity year="2050">0.315</income-elasticity>
                <income-elasticity year="2045">0.327</income-elasticity>
                <income-elasticity year="2040">0.339</income-elasticity>
                <income-elasticity year="2035">0.352</income-elasticity>
                <income-elasticity year="2030">0.387</income-elasticity>
                <income-elasticity year="2025">0.424</income-elasticity>
                <income-elasticity year="2020">0.464</income-elasticity>
                <income-elasticity year="2015">0.397</income-elasticity>
            </energy-final-demand>
        </region>
        <region name="South America_Southern">
            <energy-final-demand name="industry">
                <income-elasticity year="2100">0.299</income-elasticity>
                <income-elasticity year="2095">0.308</income-elasticity>
                <income-elasticity year="2090">0.318</income-elasticity>
                <income-elasticity year="2085">0.329</income-elasticity>
                <income-elasticity year="2080">0.339</income-elasticity>
                <income-elasticity year="2075">0.351</income-elasticity>
                <income-elasticity year="2070">0.385</income-elasticity>
                <income-elasticity year="2065">0.421</income-elasticity>
                <income-elasticity year="2060">0.461</income-elasticity>
                <income-elasticity year="2055">0.503</income-elasticity>
                <income-elasticity year="2050">0.547</income-elasticity>
                <income-elasticity year="2045">0.593</income-elasticity>
                <income-elasticity year="2040">0.64</income-elasticity>
                <income-elasticity year="2035">0.686</income-elasticity>
                <income-elasticity year="2030">0.733</income-elasticity>
                <income-elasticity year="2025">0.783</income-elasticity>
                <income-elasticity year="2020">0.837</income-elasticity>
                <income-elasticity year="2015">0.872</income-elasticity>
            </energy-final-demand>
        </region>
        <region name="South Asia">
            <energy-final-demand name="industry">
                <income-elasticity year="2100">0.365</income-elasticity>
                <income-elasticity year="2095">0.411</income-elasticity>
                <income-elasticity year="2090">0.462</income-elasticity>
                <income-elasticity year="2085">0.515</income-elasticity>
                <income-elasticity year="2080">0.572</income-elasticity>
                <income-elasticity year="2075">0.63</income-elasticity>
                <income-elasticity year="2070">0.688</income-elasticity>
                <income-elasticity year="2065">0.745</income-elasticity>
                <income-elasticity year="2060">0.8</income-elasticity>
                <income-elasticity year="2055">0.853</income-elasticity>
                <income-elasticity year="2050">0.902</income-elasticity>
                <income-elasticity year="2045">0.986</income-elasticity>
                <income-elasticity year="2040">1.063</income-elasticity>
                <income-elasticity year="2035">1.136</income-elasticity>
                <income-elasticity year="2030">1.207</income-elasticity>
                <income-elasticity year="2025">1.273</income-elasticity>
                <income-elasticity year="2020">1.333</income-elasticity>
                <income-elasticity year="2015">1.38</income-elasticity>
            </energy-final-demand>
        </region>
        <region name="South Korea">
            <energy-final-demand name="industry">
                <income-elasticity year="2100">0.084</income-elasticity>
                <income-elasticity year="2095">0.088</income-elasticity>
                <income-elasticity year="2090">0.093</income-elasticity>
                <income-elasticity year="2085">0.098</income-elasticity>
                <income-elasticity year="2080">0.102</income-elasticity>
                <income-elasticity year="2075">0.104</income-elasticity>
                <income-elasticity year="2070">0.107</income-elasticity>
                <income-elasticity year="2065">0.109</income-elasticity>
                <income-elasticity year="2060">0.112</income-elasticity>
                <income-elasticity year="2055">0.115</income-elasticity>
                <income-elasticity year="2050">0.118</income-elasticity>
                <income-elasticity year="2045">0.122</income-elasticity>
                <income-elasticity year="2040">0.126</income-elasticity>
                <income-elasticity year="2035">0.13</income-elasticity>
                <income-elasticity year="2030">0.135</income-elasticity>
                <income-elasticity year="2025">0.141</income-elasticity>
                <income-elasticity year="2020">0.149</income-elasticity>
                <income-elasticity year="2015">0.157</income-elasticity>
            </energy-final-demand>
        </region>
        <region name="Southeast Asia">
            <energy-final-demand name="industry">
                <income-elasticity year="2100">0.258</income-elasticity>
                <income-elasticity year="2095">0.26</income-elasticity>
                <income-elasticity year="2090">0.269</income-elasticity>
                <income-elasticity year="2085">0.28</income-elasticity>
                <income-elasticity year="2080">0.291</income-elasticity>
                <income-elasticity year="2075">0.303</income-elasticity>
                <income-elasticity year="2070">0.316</income-elasticity>
                <income-elasticity year="2065">0.329</income-elasticity>
                <income-elasticity year="2060">0.343</income-elasticity>
                <income-elasticity year="2055">0.37</income-elasticity>
                <income-elasticity year="2050">0.415</income-elasticity>
                <income-elasticity year="2045">0.463</income-elasticity>
                <income-elasticity year="2040">0.516</income-elasticity>
                <income-elasticity year="2035">0.572</income-elasticity>
                <income-elasticity year="2030">0.63</income-elasticity>
                <income-elasticity year="2025">0.692</income-elasticity>
                <income-elasticity year="2020">0.758</income-elasticity>
                <income-elasticity year="2015">0.822</income-elasticity>
            </energy-final-demand>
        </region>
        <region name="Taiwan">
            <energy-final-demand name="industry">
                <income-elasticity year="2100">0.086</income-elasticity>
                <income-elasticity year="2095">0.086</income-elasticity>
                <income-elasticity year="2090">0.087</income-elasticity>
                <income-elasticity year="2085">0.088</income-elasticity>
                <income-elasticity year="2080">0.09</income-elasticity>
                <income-elasticity year="2075">0.093</income-elasticity>
                <income-elasticity year="2070">0.097</income-elasticity>
                <income-elasticity year="2065">0.1</income-elasticity>
                <income-elasticity year="2060">0.102</income-elasticity>
                <income-elasticity year="2055">0.103</income-elasticity>
                <income-elasticity year="2050">0.103</income-elasticity>
                <income-elasticity year="2045">0.104</income-elasticity>
                <income-elasticity year="2040">0.106</income-elasticity>
                <income-elasticity year="2035">0.109</income-elasticity>
                <income-elasticity year="2030">0.112</income-elasticity>
                <income-elasticity year="2025">0.115</income-elasticity>
                <income-elasticity year="2020">0.12</income-elasticity>
                <income-elasticity year="2015">0.127</income-elasticity>
            </energy-final-demand>
        </region>
        <region name="Argentina">
            <energy-final-demand name="industry">
                <income-elasticity year="2100">0.262</income-elasticity>
                <income-elasticity year="2095">0.269</income-elasticity>
                <income-elasticity year="2090">0.276</income-elasticity>
                <income-elasticity year="2085">0.283</income-elasticity>
                <income-elasticity year="2080">0.291</income-elasticity>
                <income-elasticity year="2075">0.299</income-elasticity>
                <income-elasticity year="2070">0.307</income-elasticity>
                <income-elasticity year="2065">0.316</income-elasticity>
                <income-elasticity year="2060">0.325</income-elasticity>
                <income-elasticity year="2055">0.334</income-elasticity>
                <income-elasticity year="2050">0.344</income-elasticity>
                <income-elasticity year="2045">0.362</income-elasticity>
                <income-elasticity year="2040">0.392</income-elasticity>
                <income-elasticity year="2035">0.428</income-elasticity>
                <income-elasticity year="2030">0.47</income-elasticity>
                <income-elasticity year="2025">0.518</income-elasticity>
                <income-elasticity year="2020">0.572</income-elasticity>
                <income-elasticity year="2015">0.558</income-elasticity>
            </energy-final-demand>
        </region>
        <region name="Colombia">
            <energy-final-demand name="industry">
                <income-elasticity year="2100">0.373</income-elasticity>
                <income-elasticity year="2095">0.402</income-elasticity>
                <income-elasticity year="2090">0.434</income-elasticity>
                <income-elasticity year="2085">0.469</income-elasticity>
                <income-elasticity year="2080">0.506</income-elasticity>
                <income-elasticity year="2075">0.546</income-elasticity>
                <income-elasticity year="2070">0.586</income-elasticity>
                <income-elasticity year="2065">0.628</income-elasticity>
                <income-elasticity year="2060">0.669</income-elasticity>
                <income-elasticity year="2055">0.71</income-elasticity>
                <income-elasticity year="2050">0.751</income-elasticity>
                <income-elasticity year="2045">0.79</income-elasticity>
                <income-elasticity year="2040">0.828</income-elasticity>
                <income-elasticity year="2035">0.865</income-elasticity>
                <income-elasticity year="2030">0.898</income-elasticity>
                <income-elasticity year="2025">0.955</income-elasticity>
                <income-elasticity year="2020">1.005</income-elasticity>
                <income-elasticity year="2015">1.056</income-elasticity>
            </energy-final-demand>
        </region>
    </world>
</scenario>
