<?xml version="1.0" encoding="UTF-8"?>
<scenario>
    <world>
        <region name="USA">
            <energy-final-demand name="industry">
                <income-elasticity year="2100">0.21</income-elasticity>
                <income-elasticity year="2095">0.212</income-elasticity>
                <income-elasticity year="2090">0.215</income-elasticity>
                <income-elasticity year="2085">0.217</income-elasticity>
                <income-elasticity year="2080">0.219</income-elasticity>
                <income-elasticity year="2075">0.22</income-elasticity>
                <income-elasticity year="2070">0.221</income-elasticity>
                <income-elasticity year="2065">0.222</income-elasticity>
                <income-elasticity year="2060">0.223</income-elasticity>
                <income-elasticity year="2055">0.225</income-elasticity>
                <income-elasticity year="2050">0.226</income-elasticity>
                <income-elasticity year="2045">0.227</income-elasticity>
                <income-elasticity year="2040">0.228</income-elasticity>
                <income-elasticity year="2035">0.23</income-elasticity>
                <income-elasticity year="2030">0.232</income-elasticity>
                <income-elasticity year="2025">0.234</income-elasticity>
                <income-elasticity year="2020">0.236</income-elasticity>
                <income-elasticity year="2015">0.239</income-elasticity>
            </energy-final-demand>
        </region>
        <region name="Africa_Eastern">
            <energy-final-demand name="industry">
                <income-elasticity year="2100">0.25</income-elasticity>
                <income-elasticity year="2095">0.253</income-elasticity>
                <income-elasticity year="2090">0.257</income-elasticity>
                <income-elasticity year="2085">0.261</income-elasticity>
                <income-elasticity year="2080">0.279</income-elasticity>
                <income-elasticity year="2075">0.298</income-elasticity>
                <income-elasticity year="2070">0.32</income-elasticity>
                <income-elasticity year="2065">0.345</income-elasticity>
                <income-elasticity year="2060">0.418</income-elasticity>
                <income-elasticity year="2055">0.518</income-elasticity>
                <income-elasticity year="2050">0.629</income-elasticity>
                <income-elasticity year="2045">0.741</income-elasticity>
                <income-elasticity year="2040">0.846</income-elasticity>
                <income-elasticity year="2035">0.974</income-elasticity>
                <income-elasticity year="2030">1.115</income-elasticity>
                <income-elasticity year="2025">1.231</income-elasticity>
                <income-elasticity year="2020">1.305</income-elasticity>
                <income-elasticity year="2015">1.35</income-elasticity>
            </energy-final-demand>
        </region>
        <region name="Africa_Northern">
            <energy-final-demand name="industry">
                <income-elasticity year="2100">0.279</income-elasticity>
                <income-elasticity year="2095">0.287</income-elasticity>
                <income-elasticity year="2090">0.296</income-elasticity>
                <income-elasticity year="2085">0.305</income-elasticity>
                <income-elasticity year="2080">0.314</income-elasticity>
                <income-elasticity year="2075">0.324</income-elasticity>
                <income-elasticity year="2070">0.335</income-elasticity>
                <income-elasticity year="2065">0.348</income-elasticity>
                <income-elasticity year="2060">0.384</income-elasticity>
                <income-elasticity year="2055">0.432</income-elasticity>
                <income-elasticity year="2050">0.486</income-elasticity>
                <income-elasticity year="2045">0.547</income-elasticity>
                <income-elasticity year="2040">0.618</income-elasticity>
                <income-elasticity year="2035">0.695</income-elasticity>
                <income-elasticity year="2030">0.775</income-elasticity>
                <income-elasticity year="2025">0.851</income-elasticity>
                <income-elasticity year="2020">0.929</income-elasticity>
                <income-elasticity year="2015">1.011</income-elasticity>
            </energy-final-demand>
        </region>
        <region name="Africa_Southern">
            <energy-final-demand name="industry">
                <income-elasticity year="2100">0.25</income-elasticity>
                <income-elasticity year="2095">0.253</income-elasticity>
                <income-elasticity year="2090">0.257</income-elasticity>
                <income-elasticity year="2085">0.26</income-elasticity>
                <income-elasticity year="2080">0.277</income-elasticity>
                <income-elasticity year="2075">0.296</income-elasticity>
                <income-elasticity year="2070">0.317</income-elasticity>
                <income-elasticity year="2065">0.341</income-elasticity>
                <income-elasticity year="2060">0.401</income-elasticity>
                <income-elasticity year="2055">0.494</income-elasticity>
                <income-elasticity year="2050">0.598</income-elasticity>
                <income-elasticity year="2045">0.7</income-elasticity>
                <income-elasticity year="2040">0.796</income-elasticity>
                <income-elasticity year="2035">0.877</income-elasticity>
                <income-elasticity year="2030">0.981</income-elasticity>
                <income-elasticity year="2025">1.078</income-elasticity>
                <income-elasticity year="2020">1.156</income-elasticity>
                <income-elasticity year="2015">1.214</income-elasticity>
            </energy-final-demand>
        </region>
        <region name="Africa_Western">
            <energy-final-demand name="industry">
                <income-elasticity year="2100">0.254</income-elasticity>
                <income-elasticity year="2095">0.257</income-elasticity>
                <income-elasticity year="2090">0.26</income-elasticity>
                <income-elasticity year="2085">0.273</income-elasticity>
                <income-elasticity year="2080">0.29</income-elasticity>
                <income-elasticity year="2075">0.308</income-elasticity>
                <income-elasticity year="2070">0.328</income-elasticity>
                <income-elasticity year="2065">0.352</income-elasticity>
                <income-elasticity year="2060">0.428</income-elasticity>
                <income-elasticity year="2055">0.519</income-elasticity>
                <income-elasticity year="2050">0.62</income-elasticity>
                <income-elasticity year="2045">0.722</income-elasticity>
                <income-elasticity year="2040">0.821</income-elasticity>
                <income-elasticity year="2035">0.921</income-elasticity>
                <income-elasticity year="2030">1.067</income-elasticity>
                <income-elasticity year="2025">1.19</income-elasticity>
                <income-elasticity year="2020">1.278</income-elasticity>
                <income-elasticity year="2015">1.316</income-elasticity>
            </energy-final-demand>
        </region>
        <region name="Australia_NZ">
            <energy-final-demand name="industry">
                <income-elasticity year="2100">0.135</income-elasticity>
                <income-elasticity year="2095">0.138</income-elasticity>
                <income-elasticity year="2090">0.141</income-elasticity>
                <income-elasticity year="2085">0.144</income-elasticity>
                <income-elasticity year="2080">0.146</income-elasticity>
                <income-elasticity year="2075">0.149</income-elasticity>
                <income-elasticity year="2070">0.152</income-elasticity>
                <income-elasticity year="2065">0.155</income-elasticity>
                <income-elasticity year="2060">0.159</income-elasticity>
                <income-elasticity year="2055">0.162</income-elasticity>
                <income-elasticity year="2050">0.165</income-elasticity>
                <income-elasticity year="2045">0.168</income-elasticity>
                <income-elasticity year="2040">0.172</income-elasticity>
                <income-elasticity year="2035">0.176</income-elasticity>
                <income-elasticity year="2030">0.181</income-elasticity>
                <income-elasticity year="2025">0.185</income-elasticity>
                <income-elasticity year="2020">0.19</income-elasticity>
                <income-elasticity year="2015">0.194</income-elasticity>
            </energy-final-demand>
        </region>
        <region name="Brazil">
            <energy-final-demand name="industry">
                <income-elasticity year="2100">0.251</income-elasticity>
                <income-elasticity year="2095">0.253</income-elasticity>
                <income-elasticity year="2090">0.255</income-elasticity>
                <income-elasticity year="2085">0.257</income-elasticity>
                <income-elasticity year="2080">0.259</income-elasticity>
                <income-elasticity year="2075">0.264</income-elasticity>
                <income-elasticity year="2070">0.273</income-elasticity>
                <income-elasticity year="2065">0.283</income-elasticity>
                <income-elasticity year="2060">0.295</income-elasticity>
                <income-elasticity year="2055">0.307</income-elasticity>
                <income-elasticity year="2050">0.321</income-elasticity>
                <income-elasticity year="2045">0.335</income-elasticity>
                <income-elasticity year="2040">0.354</income-elasticity>
                <income-elasticity year="2035">0.409</income-elasticity>
                <income-elasticity year="2030">0.469</income-elasticity>
                <income-elasticity year="2025">0.531</income-elasticity>
                <income-elasticity year="2020">0.594</income-elasticity>
                <income-elasticity year="2015">0.614</income-elasticity>
            </energy-final-demand>
        </region>
        <region name="Canada">
            <energy-final-demand name="industry">
                <income-elasticity year="2100">0.021</income-elasticity>
                <income-elasticity year="2095">0.022</income-elasticity>
                <income-elasticity year="2090">0.024</income-elasticity>
                <income-elasticity year="2085">0.026</income-elasticity>
                <income-elasticity year="2080">0.027</income-elasticity>
                <income-elasticity year="2075">0.029</income-elasticity>
                <income-elasticity year="2070">0.031</income-elasticity>
                <income-elasticity year="2065">0.033</income-elasticity>
                <income-elasticity year="2060">0.035</income-elasticity>
                <income-elasticity year="2055">0.037</income-elasticity>
                <income-elasticity year="2050">0.039</income-elasticity>
                <income-elasticity year="2045">0.041</income-elasticity>
                <income-elasticity year="2040">0.043</income-elasticity>
                <income-elasticity year="2035">0.046</income-elasticity>
                <income-elasticity year="2030">0.048</income-elasticity>
                <income-elasticity year="2025">0.05</income-elasticity>
                <income-elasticity year="2020">0.053</income-elasticity>
                <income-elasticity year="2015">0.055</income-elasticity>
            </energy-final-demand>
        </region>
        <region name="Central America and Caribbean">
            <energy-final-demand name="industry">
                <income-elasticity year="2100">0.252</income-elasticity>
                <income-elasticity year="2095">0.255</income-elasticity>
                <income-elasticity year="2090">0.257</income-elasticity>
                <income-elasticity year="2085">0.259</income-elasticity>
                <income-elasticity year="2080">0.268</income-elasticity>
                <income-elasticity year="2075">0.28</income-elasticity>
                <income-elasticity year="2070">0.293</income-elasticity>
                <income-elasticity year="2065">0.307</income-elasticity>
                <income-elasticity year="2060">0.322</income-elasticity>
                <income-elasticity year="2055">0.339</income-elasticity>
                <income-elasticity year="2050">0.373</income-elasticity>
                <income-elasticity year="2045">0.434</income-elasticity>
                <income-elasticity year="2040">0.506</income-elasticity>
                <income-elasticity year="2035">0.583</income-elasticity>
                <income-elasticity year="2030">0.66</income-elasticity>
                <income-elasticity year="2025">0.731</income-elasticity>
                <income-elasticity year="2020">0.792</income-elasticity>
                <income-elasticity year="2015">0.831</income-elasticity>
            </energy-final-demand>
        </region>
        <region name="Central Asia">
            <energy-final-demand name="industry">
                <income-elasticity year="2100">0.228</income-elasticity>
                <income-elasticity year="2095">0.23</income-elasticity>
                <income-elasticity year="2090">0.232</income-elasticity>
                <income-elasticity year="2085">0.234</income-elasticity>
                <income-elasticity year="2080">0.235</income-elasticity>
                <income-elasticity year="2075">0.237</income-elasticity>
                <income-elasticity year="2070">0.239</income-elasticity>
                <income-elasticity year="2065">0.241</income-elasticity>
                <income-elasticity year="2060">0.244</income-elasticity>
                <income-elasticity year="2055">0.246</income-elasticity>
                <income-elasticity year="2050">0.249</income-elasticity>
                <income-elasticity year="2045">0.252</income-elasticity>
                <income-elasticity year="2040">0.255</income-elasticity>
                <income-elasticity year="2035">0.26</income-elasticity>
                <income-elasticity year="2030">0.281</income-elasticity>
                <income-elasticity year="2025">0.308</income-elasticity>
                <income-elasticity year="2020">0.338</income-elasticity>
                <income-elasticity year="2015">0.384</income-elasticity>
            </energy-final-demand>
        </region>
        <region name="China">
            <energy-final-demand name="industry">
                <income-elasticity year="2100">0.231</income-elasticity>
                <income-elasticity year="2095">0.232</income-elasticity>
                <income-elasticity year="2090">0.234</income-elasticity>
                <income-elasticity year="2085">0.235</income-elasticity>
                <income-elasticity year="2080">0.236</income-elasticity>
                <income-elasticity year="2075">0.237</income-elasticity>
                <income-elasticity year="2070">0.238</income-elasticity>
                <income-elasticity year="2065">0.239</income-elasticity>
                <income-elasticity year="2060">0.241</income-elasticity>
                <income-elasticity year="2055">0.243</income-elasticity>
                <income-elasticity year="2050">0.245</income-elasticity>
                <income-elasticity year="2045">0.248</income-elasticity>
                <income-elasticity year="2040">0.252</income-elasticity>
                <income-elasticity year="2035">0.256</income-elasticity>
                <income-elasticity year="2030">0.269</income-elasticity>
                <income-elasticity year="2025">0.302</income-elasticity>
                <income-elasticity year="2020">0.342</income-elasticity>
                <income-elasticity year="2015">0.432</income-elasticity>
            </energy-final-demand>
        </region>
        <region name="EU-12">
            <energy-final-demand name="industry">
                <income-elasticity year="2100">0.254</income-elasticity>
                <income-elasticity year="2095">0.256</income-elasticity>
                <income-elasticity year="2090">0.257</income-elasticity>
                <income-elasticity year="2085">0.259</income-elasticity>
                <income-elasticity year="2080">0.262</income-elasticity>
                <income-elasticity year="2075">0.268</income-elasticity>
                <income-elasticity year="2070">0.276</income-elasticity>
                <income-elasticity year="2065">0.284</income-elasticity>
                <income-elasticity year="2060">0.292</income-elasticity>
                <income-elasticity year="2055">0.3</income-elasticity>
                <income-elasticity year="2050">0.308</income-elasticity>
                <income-elasticity year="2045">0.318</income-elasticity>
                <income-elasticity year="2040">0.329</income-elasticity>
                <income-elasticity year="2035">0.342</income-elasticity>
                <income-elasticity year="2030">0.375</income-elasticity>
                <income-elasticity year="2025">0.428</income-elasticity>
                <income-elasticity year="2020">0.485</income-elasticity>
                <income-elasticity year="2015">0.545</income-elasticity>
            </energy-final-demand>
        </region>
        <region name="EU-15">
            <energy-final-demand name="industry">
                <income-elasticity year="2100">0.25</income-elasticity>
                <income-elasticity year="2095">0.251</income-elasticity>
                <income-elasticity year="2090">0.253</income-elasticity>
                <income-elasticity year="2085">0.254</income-elasticity>
                <income-elasticity year="2080">0.256</income-elasticity>
                <income-elasticity year="2075">0.257</income-elasticity>
                <income-elasticity year="2070">0.259</income-elasticity>
                <income-elasticity year="2065">0.261</income-elasticity>
                <income-elasticity year="2060">0.268</income-elasticity>
                <income-elasticity year="2055">0.275</income-elasticity>
                <income-elasticity year="2050">0.282</income-elasticity>
                <income-elasticity year="2045">0.289</income-elasticity>
                <income-elasticity year="2040">0.297</income-elasticity>
                <income-elasticity year="2035">0.306</income-elasticity>
                <income-elasticity year="2030">0.315</income-elasticity>
                <income-elasticity year="2025">0.323</income-elasticity>
                <income-elasticity year="2020">0.331</income-elasticity>
                <income-elasticity year="2015">0.338</income-elasticity>
            </energy-final-demand>
        </region>
        <region name="Europe_Eastern">
            <energy-final-demand name="industry">
                <income-elasticity year="2100">0.22</income-elasticity>
                <income-elasticity year="2095">0.222</income-elasticity>
                <income-elasticity year="2090">0.224</income-elasticity>
                <income-elasticity year="2085">0.225</income-elasticity>
                <income-elasticity year="2080">0.227</income-elasticity>
                <income-elasticity year="2075">0.229</income-elasticity>
                <income-elasticity year="2070">0.232</income-elasticity>
                <income-elasticity year="2065">0.234</income-elasticity>
                <income-elasticity year="2060">0.237</income-elasticity>
                <income-elasticity year="2055">0.24</income-elasticity>
                <income-elasticity year="2050">0.243</income-elasticity>
                <income-elasticity year="2045">0.247</income-elasticity>
                <income-elasticity year="2040">0.251</income-elasticity>
                <income-elasticity year="2035">0.256</income-elasticity>
                <income-elasticity year="2030">0.266</income-elasticity>
                <income-elasticity year="2025">0.294</income-elasticity>
                <income-elasticity year="2020">0.321</income-elasticity>
                <income-elasticity year="2015">0.338</income-elasticity>
            </energy-final-demand>
        </region>
        <region name="Europe_Non_EU">
            <energy-final-demand name="industry">
                <income-elasticity year="2100">0.279</income-elasticity>
                <income-elasticity year="2095">0.286</income-elasticity>
                <income-elasticity year="2090">0.293</income-elasticity>
                <income-elasticity year="2085">0.3</income-elasticity>
                <income-elasticity year="2080">0.308</income-elasticity>
                <income-elasticity year="2075">0.315</income-elasticity>
                <income-elasticity year="2070">0.323</income-elasticity>
                <income-elasticity year="2065">0.332</income-elasticity>
                <income-elasticity year="2060">0.341</income-elasticity>
                <income-elasticity year="2055">0.355</income-elasticity>
                <income-elasticity year="2050">0.388</income-elasticity>
                <income-elasticity year="2045">0.426</income-elasticity>
                <income-elasticity year="2040">0.472</income-elasticity>
                <income-elasticity year="2035">0.525</income-elasticity>
                <income-elasticity year="2030">0.585</income-elasticity>
                <income-elasticity year="2025">0.646</income-elasticity>
                <income-elasticity year="2020">0.706</income-elasticity>
                <income-elasticity year="2015">0.753</income-elasticity>
            </energy-final-demand>
        </region>
        <region name="European Free Trade Association">
            <energy-final-demand name="industry">
                <income-elasticity year="2100">0.183</income-elasticity>
                <income-elasticity year="2095">0.186</income-elasticity>
                <income-elasticity year="2090">0.189</income-elasticity>
                <income-elasticity year="2085">0.192</income-elasticity>
                <income-elasticity year="2080">0.196</income-elasticity>
                <income-elasticity year="2075">0.199</income-elasticity>
                <income-elasticity year="2070">0.202</income-elasticity>
                <income-elasticity year="2065">0.205</income-elasticity>
                <income-elasticity year="2060">0.209</income-elasticity>
                <income-elasticity year="2055">0.212</income-elasticity>
                <income-elasticity year="2050">0.215</income-elasticity>
                <income-elasticity year="2045">0.218</income-elasticity>
                <income-elasticity year="2040">0.22</income-elasticity>
                <income-elasticity year="2035">0.222</income-elasticity>
                <income-elasticity year="2030">0.224</income-elasticity>
                <income-elasticity year="2025">0.226</income-elasticity>
                <income-elasticity year="2020">0.227</income-elasticity>
                <income-elasticity year="2015">0.229</income-elasticity>
            </energy-final-demand>
        </region>
        <region name="India">
            <energy-final-demand name="industry">
                <income-elasticity year="2100">0.253</income-elasticity>
                <income-elasticity year="2095">0.255</income-elasticity>
                <income-elasticity year="2090">0.257</income-elasticity>
                <income-elasticity year="2085">0.259</income-elasticity>
                <income-elasticity year="2080">0.266</income-elasticity>
                <income-elasticity year="2075">0.277</income-elasticity>
                <income-elasticity year="2070">0.29</income-elasticity>
                <income-elasticity year="2065">0.304</income-elasticity>
                <income-elasticity year="2060">0.32</income-elasticity>
                <income-elasticity year="2055">0.338</income-elasticity>
                <income-elasticity year="2050">0.373</income-elasticity>
                <income-elasticity year="2045">0.444</income-elasticity>
                <income-elasticity year="2040">0.533</income-elasticity>
                <income-elasticity year="2035">0.635</income-elasticity>
                <income-elasticity year="2030">0.742</income-elasticity>
                <income-elasticity year="2025">0.842</income-elasticity>
                <income-elasticity year="2020">0.952</income-elasticity>
                <income-elasticity year="2015">1.1</income-elasticity>
            </energy-final-demand>
        </region>
        <region name="Indonesia">
            <energy-final-demand name="industry">
                <income-elasticity year="2100">0.245</income-elasticity>
                <income-elasticity year="2095">0.247</income-elasticity>
                <income-elasticity year="2090">0.249</income-elasticity>
                <income-elasticity year="2085">0.251</income-elasticity>
                <income-elasticity year="2080">0.253</income-elasticity>
                <income-elasticity year="2075">0.256</income-elasticity>
                <income-elasticity year="2070">0.258</income-elasticity>
                <income-elasticity year="2065">0.265</income-elasticity>
                <income-elasticity year="2060">0.28</income-elasticity>
                <income-elasticity year="2055">0.297</income-elasticity>
                <income-elasticity year="2050">0.316</income-elasticity>
                <income-elasticity year="2045">0.339</income-elasticity>
                <income-elasticity year="2040">0.395</income-elasticity>
                <income-elasticity year="2035">0.497</income-elasticity>
                <income-elasticity year="2030">0.617</income-elasticity>
                <income-elasticity year="2025">0.736</income-elasticity>
                <income-elasticity year="2020">0.844</income-elasticity>
                <income-elasticity year="2015">0.929</income-elasticity>
            </energy-final-demand>
        </region>
        <region name="Japan">
            <energy-final-demand name="industry">
                <income-elasticity year="2100">0.222</income-elasticity>
                <income-elasticity year="2095">0.224</income-elasticity>
                <income-elasticity year="2090">0.225</income-elasticity>
                <income-elasticity year="2085">0.227</income-elasticity>
                <income-elasticity year="2080">0.229</income-elasticity>
                <income-elasticity year="2075">0.231</income-elasticity>
                <income-elasticity year="2070">0.233</income-elasticity>
                <income-elasticity year="2065">0.234</income-elasticity>
                <income-elasticity year="2060">0.236</income-elasticity>
                <income-elasticity year="2055">0.238</income-elasticity>
                <income-elasticity year="2050">0.24</income-elasticity>
                <income-elasticity year="2045">0.242</income-elasticity>
                <income-elasticity year="2040">0.244</income-elasticity>
                <income-elasticity year="2035">0.246</income-elasticity>
                <income-elasticity year="2030">0.248</income-elasticity>
                <income-elasticity year="2025">0.251</income-elasticity>
                <income-elasticity year="2020">0.253</income-elasticity>
                <income-elasticity year="2015">0.254</income-elasticity>
            </energy-final-demand>
        </region>
        <region name="Mexico">
            <energy-final-demand name="industry">
                <income-elasticity year="2100">0.259</income-elasticity>
                <income-elasticity year="2095">0.266</income-elasticity>
                <income-elasticity year="2090">0.274</income-elasticity>
                <income-elasticity year="2085">0.283</income-elasticity>
                <income-elasticity year="2080">0.292</income-elasticity>
                <income-elasticity year="2075">0.302</income-elasticity>
                <income-elasticity year="2070">0.312</income-elasticity>
                <income-elasticity year="2065">0.323</income-elasticity>
                <income-elasticity year="2060">0.335</income-elasticity>
                <income-elasticity year="2055">0.349</income-elasticity>
                <income-elasticity year="2050">0.389</income-elasticity>
                <income-elasticity year="2045">0.437</income-elasticity>
                <income-elasticity year="2040">0.491</income-elasticity>
                <income-elasticity year="2035">0.549</income-elasticity>
                <income-elasticity year="2030">0.611</income-elasticity>
                <income-elasticity year="2025">0.667</income-elasticity>
                <income-elasticity year="2020">0.715</income-elasticity>
                <income-elasticity year="2015">0.755</income-elasticity>
            </energy-final-demand>
        </region>
        <region name="Middle East">
            <energy-final-demand name="industry">
                <income-elasticity year="2100">0.234</income-elasticity>
                <income-elasticity year="2095">0.236</income-elasticity>
                <income-elasticity year="2090">0.238</income-elasticity>
                <income-elasticity year="2085">0.24</income-elasticity>
                <income-elasticity year="2080">0.242</income-elasticity>
                <income-elasticity year="2075">0.244</income-elasticity>
                <income-elasticity year="2070">0.247</income-elasticity>
                <income-elasticity year="2065">0.249</income-elasticity>
                <income-elasticity year="2060">0.251</income-elasticity>
                <income-elasticity year="2055">0.253</income-elasticity>
                <income-elasticity year="2050">0.255</income-elasticity>
                <income-elasticity year="2045">0.258</income-elasticity>
                <income-elasticity year="2040">0.261</income-elasticity>
                <income-elasticity year="2035">0.274</income-elasticity>
                <income-elasticity year="2030">0.289</income-elasticity>
                <income-elasticity year="2025">0.305</income-elasticity>
                <income-elasticity year="2020">0.32</income-elasticity>
                <income-elasticity year="2015">0.331</income-elasticity>
            </energy-final-demand>
        </region>
        <region name="Pakistan">
            <energy-final-demand name="industry">
                <income-elasticity year="2100">0.28</income-elasticity>
                <income-elasticity year="2095">0.291</income-elasticity>
                <income-elasticity year="2090">0.304</income-elasticity>
                <income-elasticity year="2085">0.317</income-elasticity>
                <income-elasticity year="2080">0.331</income-elasticity>
                <income-elasticity year="2075">0.346</income-elasticity>
                <income-elasticity year="2070">0.391</income-elasticity>
                <income-elasticity year="2065">0.451</income-elasticity>
                <income-elasticity year="2060">0.52</income-elasticity>
                <income-elasticity year="2055">0.599</income-elasticity>
                <income-elasticity year="2050">0.68</income-elasticity>
                <income-elasticity year="2045">0.765</income-elasticity>
                <income-elasticity year="2040">0.849</income-elasticity>
                <income-elasticity year="2035">0.949</income-elasticity>
                <income-elasticity year="2030">1.072</income-elasticity>
                <income-elasticity year="2025">1.171</income-elasticity>
                <income-elasticity year="2020">1.241</income-elasticity>
                <income-elasticity year="2015">1.292</income-elasticity>
            </energy-final-demand>
        </region>
        <region name="Russia">
            <energy-final-demand name="industry">
                <income-elasticity year="2100">0.089</income-elasticity>
                <income-elasticity year="2095">0.093</income-elasticity>
                <income-elasticity year="2090">0.098</income-elasticity>
                <income-elasticity year="2085">0.101</income-elasticity>
                <income-elasticity year="2080">0.102</income-elasticity>
                <income-elasticity year="2075">0.104</income-elasticity>
                <income-elasticity year="2070">0.106</income-elasticity>
                <income-elasticity year="2065">0.108</income-elasticity>
                <income-elasticity year="2060">0.111</income-elasticity>
                <income-elasticity year="2055">0.114</income-elasticity>
                <income-elasticity year="2050">0.116</income-elasticity>
                <income-elasticity year="2045">0.119</income-elasticity>
                <income-elasticity year="2040">0.124</income-elasticity>
                <income-elasticity year="2035">0.13</income-elasticity>
                <income-elasticity year="2030">0.139</income-elasticity>
                <income-elasticity year="2025">0.149</income-elasticity>
                <income-elasticity year="2020">0.159</income-elasticity>
                <income-elasticity year="2015">0.162</income-elasticity>
            </energy-final-demand>
        </region>
        <region name="South Africa">
            <energy-final-demand name="industry">
                <income-elasticity year="2100">0.24</income-elasticity>
                <income-elasticity year="2095">0.242</income-elasticity>
                <income-elasticity year="2090">0.243</income-elasticity>
                <income-elasticity year="2085">0.245</income-elasticity>
                <income-elasticity year="2080">0.246</income-elasticity>
                <income-elasticity year="2075">0.248</income-elasticity>
                <income-elasticity year="2070">0.25</income-elasticity>
                <income-elasticity year="2065">0.252</income-elasticity>
                <income-elasticity year="2060">0.254</income-elasticity>
                <income-elasticity year="2055">0.256</income-elasticity>
                <income-elasticity year="2050">0.259</income-elasticity>
                <income-elasticity year="2045">0.267</income-elasticity>
                <income-elasticity year="2040">0.282</income-elasticity>
                <income-elasticity year="2035">0.3</income-elasticity>
                <income-elasticity year="2030">0.319</income-elasticity>
                <income-elasticity year="2025">0.339</income-elasticity>
                <income-elasticity year="2020">0.38</income-elasticity>
                <income-elasticity year="2015">0.403</income-elasticity>
            </energy-final-demand>
        </region>
        <region name="South America_Northern">
            <energy-final-demand name="industry">
                <income-elasticity year="2100">0.246</income-elasticity>
                <income-elasticity year="2095">0.248</income-elasticity>
                <income-elasticity year="2090">0.25</income-elasticity>
                <income-elasticity year="2085">0.252</income-elasticity>
                <income-elasticity year="2080">0.254</income-elasticity>
                <income-elasticity year="2075">0.256</income-elasticity>
                <income-elasticity year="2070">0.258</income-elasticity>
                <income-elasticity year="2065">0.263</income-elasticity>
                <income-elasticity year="2060">0.274</income-elasticity>
                <income-elasticity year="2055">0.287</income-elasticity>
                <income-elasticity year="2050">0.3</income-elasticity>
                <income-elasticity year="2045">0.313</income-elasticity>
                <income-elasticity year="2040">0.327</income-elasticity>
                <income-elasticity year="2035">0.341</income-elasticity>
                <income-elasticity year="2030">0.365</income-elasticity>
                <income-elasticity year="2025">0.412</income-elasticity>
                <income-elasticity year="2020">0.459</income-elasticity>
                <income-elasticity year="2015">0.395</income-elasticity>
            </energy-final-demand>
        </region>
        <region name="South America_Southern">
            <energy-final-demand name="industry">
                <income-elasticity year="2100">0.272</income-elasticity>
                <income-elasticity year="2095">0.28</income-elasticity>
                <income-elasticity year="2090">0.288</income-elasticity>
                <income-elasticity year="2085">0.297</income-elasticity>
                <income-elasticity year="2080">0.306</income-elasticity>
                <income-elasticity year="2075">0.316</income-elasticity>
                <income-elasticity year="2070">0.326</income-elasticity>
                <income-elasticity year="2065">0.338</income-elasticity>
                <income-elasticity year="2060">0.35</income-elasticity>
                <income-elasticity year="2055">0.391</income-elasticity>
                <income-elasticity year="2050">0.437</income-elasticity>
                <income-elasticity year="2045">0.492</income-elasticity>
                <income-elasticity year="2040">0.555</income-elasticity>
                <income-elasticity year="2035">0.625</income-elasticity>
                <income-elasticity year="2030">0.697</income-elasticity>
                <income-elasticity year="2025">0.767</income-elasticity>
                <income-elasticity year="2020">0.832</income-elasticity>
                <income-elasticity year="2015">0.87</income-elasticity>
            </energy-final-demand>
        </region>
        <region name="South Asia">
            <energy-final-demand name="industry">
                <income-elasticity year="2100">0.298</income-elasticity>
                <income-elasticity year="2095">0.31</income-elasticity>
                <income-elasticity year="2090">0.322</income-elasticity>
                <income-elasticity year="2085">0.336</income-elasticity>
                <income-elasticity year="2080">0.35</income-elasticity>
                <income-elasticity year="2075">0.396</income-elasticity>
                <income-elasticity year="2070">0.449</income-elasticity>
                <income-elasticity year="2065">0.51</income-elasticity>
                <income-elasticity year="2060">0.579</income-elasticity>
                <income-elasticity year="2055">0.655</income-elasticity>
                <income-elasticity year="2050">0.733</income-elasticity>
                <income-elasticity year="2045">0.813</income-elasticity>
                <income-elasticity year="2040">0.891</income-elasticity>
                <income-elasticity year="2035">1.022</income-elasticity>
                <income-elasticity year="2030">1.145</income-elasticity>
                <income-elasticity year="2025">1.253</income-elasticity>
                <income-elasticity year="2020">1.328</income-elasticity>
                <income-elasticity year="2015">1.379</income-elasticity>
            </energy-final-demand>
        </region>
        <region name="South Korea">
            <energy-final-demand name="industry">
                <income-elasticity year="2100">0.087</income-elasticity>
                <income-elasticity year="2095">0.092</income-elasticity>
                <income-elasticity year="2090">0.096</income-elasticity>
                <income-elasticity year="2085">0.1</income-elasticity>
                <income-elasticity year="2080">0.103</income-elasticity>
                <income-elasticity year="2075">0.105</income-elasticity>
                <income-elasticity year="2070">0.107</income-elasticity>
                <income-elasticity year="2065">0.109</income-elasticity>
                <income-elasticity year="2060">0.112</income-elasticity>
                <income-elasticity year="2055">0.114</income-elasticity>
                <income-elasticity year="2050">0.117</income-elasticity>
                <income-elasticity year="2045">0.12</income-elasticity>
                <income-elasticity year="2040">0.124</income-elasticity>
                <income-elasticity year="2035">0.129</income-elasticity>
                <income-elasticity year="2030">0.134</income-elasticity>
                <income-elasticity year="2025">0.141</income-elasticity>
                <income-elasticity year="2020">0.149</income-elasticity>
                <income-elasticity year="2015">0.157</income-elasticity>
            </energy-final-demand>
        </region>
        <region name="Southeast Asia">
            <energy-final-demand name="industry">
                <income-elasticity year="2100">0.25</income-elasticity>
                <income-elasticity year="2095">0.252</income-elasticity>
                <income-elasticity year="2090">0.254</income-elasticity>
                <income-elasticity year="2085">0.256</income-elasticity>
                <income-elasticity year="2080">0.259</income-elasticity>
                <income-elasticity year="2075">0.264</income-elasticity>
                <income-elasticity year="2070">0.276</income-elasticity>
                <income-elasticity year="2065">0.288</income-elasticity>
                <income-elasticity year="2060">0.302</income-elasticity>
                <income-elasticity year="2055">0.318</income-elasticity>
                <income-elasticity year="2050">0.335</income-elasticity>
                <income-elasticity year="2045">0.362</income-elasticity>
                <income-elasticity year="2040">0.426</income-elasticity>
                <income-elasticity year="2035">0.503</income-elasticity>
                <income-elasticity year="2030">0.589</income-elasticity>
                <income-elasticity year="2025">0.674</income-elasticity>
                <income-elasticity year="2020">0.753</income-elasticity>
                <income-elasticity year="2015">0.821</income-elasticity>
            </energy-final-demand>
        </region>
        <region name="Taiwan">
            <energy-final-demand name="industry">
                <income-elasticity year="2100">0.107</income-elasticity>
                <income-elasticity year="2095">0.105</income-elasticity>
                <income-elasticity year="2090">0.104</income-elasticity>
                <income-elasticity year="2085">0.104</income-elasticity>
                <income-elasticity year="2080">0.103</income-elasticity>
                <income-elasticity year="2075">0.103</income-elasticity>
                <income-elasticity year="2070">0.103</income-elasticity>
                <income-elasticity year="2065">0.104</income-elasticity>
                <income-elasticity year="2060">0.104</income-elasticity>
                <income-elasticity year="2055">0.104</income-elasticity>
                <income-elasticity year="2050">0.104</income-elasticity>
                <income-elasticity year="2045">0.105</income-elasticity>
                <income-elasticity year="2040">0.106</income-elasticity>
                <income-elasticity year="2035">0.108</income-elasticity>
                <income-elasticity year="2030">0.112</income-elasticity>
                <income-elasticity year="2025">0.115</income-elasticity>
                <income-elasticity year="2020">0.12</income-elasticity>
                <income-elasticity year="2015">0.127</income-elasticity>
            </energy-final-demand>
        </region>
        <region name="Argentina">
            <energy-final-demand name="industry">
                <income-elasticity year="2100">0.257</income-elasticity>
                <income-elasticity year="2095">0.258</income-elasticity>
                <income-elasticity year="2090">0.259</income-elasticity>
                <income-elasticity year="2085">0.264</income-elasticity>
                <income-elasticity year="2080">0.27</income-elasticity>
                <income-elasticity year="2075">0.277</income-elasticity>
                <income-elasticity year="2070">0.284</income-elasticity>
                <income-elasticity year="2065">0.292</income-elasticity>
                <income-elasticity year="2060">0.3</income-elasticity>
                <income-elasticity year="2055">0.31</income-elasticity>
                <income-elasticity year="2050">0.321</income-elasticity>
                <income-elasticity year="2045">0.333</income-elasticity>
                <income-elasticity year="2040">0.346</income-elasticity>
                <income-elasticity year="2035">0.387</income-elasticity>
                <income-elasticity year="2030">0.443</income-elasticity>
                <income-elasticity year="2025">0.504</income-elasticity>
                <income-elasticity year="2020">0.568</income-elasticity>
                <income-elasticity year="2015">0.557</income-elasticity>
            </energy-final-demand>
        </region>
        <region name="Colombia">
            <energy-final-demand name="industry">
                <income-elasticity year="2100">0.326</income-elasticity>
                <income-elasticity year="2095">0.334</income-elasticity>
                <income-elasticity year="2090">0.343</income-elasticity>
                <income-elasticity year="2085">0.356</income-elasticity>
                <income-elasticity year="2080">0.384</income-elasticity>
                <income-elasticity year="2075">0.415</income-elasticity>
                <income-elasticity year="2070">0.45</income-elasticity>
                <income-elasticity year="2065">0.489</income-elasticity>
                <income-elasticity year="2060">0.533</income-elasticity>
                <income-elasticity year="2055">0.583</income-elasticity>
                <income-elasticity year="2050">0.636</income-elasticity>
                <income-elasticity year="2045">0.692</income-elasticity>
                <income-elasticity year="2040">0.751</income-elasticity>
                <income-elasticity year="2035">0.812</income-elasticity>
                <income-elasticity year="2030">0.87</income-elasticity>
                <income-elasticity year="2025">0.934</income-elasticity>
                <income-elasticity year="2020">0.998</income-elasticity>
                <income-elasticity year="2015">1.054</income-elasticity>
            </energy-final-demand>
        </region>
    </world>
</scenario>
