<?xml version="1.0" encoding="UTF-8"?>
<scenario>
    <world>
        <region name="USA">
            <energy-final-demand name="industry">
                <income-elasticity year="2100">0.223</income-elasticity>
                <income-elasticity year="2095">0.224</income-elasticity>
                <income-elasticity year="2090">0.224</income-elasticity>
                <income-elasticity year="2085">0.224</income-elasticity>
                <income-elasticity year="2080">0.225</income-elasticity>
                <income-elasticity year="2075">0.225</income-elasticity>
                <income-elasticity year="2070">0.225</income-elasticity>
                <income-elasticity year="2065">0.226</income-elasticity>
                <income-elasticity year="2060">0.227</income-elasticity>
                <income-elasticity year="2055">0.227</income-elasticity>
                <income-elasticity year="2050">0.228</income-elasticity>
                <income-elasticity year="2045">0.229</income-elasticity>
                <income-elasticity year="2040">0.23</income-elasticity>
                <income-elasticity year="2035">0.231</income-elasticity>
                <income-elasticity year="2030">0.232</income-elasticity>
                <income-elasticity year="2025">0.234</income-elasticity>
                <income-elasticity year="2020">0.236</income-elasticity>
                <income-elasticity year="2015">0.238</income-elasticity>
            </energy-final-demand>
        </region>
        <region name="Africa_Eastern">
            <energy-final-demand name="industry">
                <income-elasticity year="2100">0.655</income-elasticity>
                <income-elasticity year="2095">0.691</income-elasticity>
                <income-elasticity year="2090">0.728</income-elasticity>
                <income-elasticity year="2085">0.764</income-elasticity>
                <income-elasticity year="2080">0.801</income-elasticity>
                <income-elasticity year="2075">0.837</income-elasticity>
                <income-elasticity year="2070">0.872</income-elasticity>
                <income-elasticity year="2065">0.911</income-elasticity>
                <income-elasticity year="2060">0.969</income-elasticity>
                <income-elasticity year="2055">1.023</income-elasticity>
                <income-elasticity year="2050">1.072</income-elasticity>
                <income-elasticity year="2045">1.116</income-elasticity>
                <income-elasticity year="2040">1.162</income-elasticity>
                <income-elasticity year="2035">1.204</income-elasticity>
                <income-elasticity year="2030">1.24</income-elasticity>
                <income-elasticity year="2025">1.278</income-elasticity>
                <income-elasticity year="2020">1.317</income-elasticity>
                <income-elasticity year="2015">1.354</income-elasticity>
            </energy-final-demand>
        </region>
        <region name="Africa_Northern">
            <energy-final-demand name="industry">
                <income-elasticity year="2100">0.524</income-elasticity>
                <income-elasticity year="2095">0.543</income-elasticity>
                <income-elasticity year="2090">0.563</income-elasticity>
                <income-elasticity year="2085">0.583</income-elasticity>
                <income-elasticity year="2080">0.604</income-elasticity>
                <income-elasticity year="2075">0.626</income-elasticity>
                <income-elasticity year="2070">0.648</income-elasticity>
                <income-elasticity year="2065">0.672</income-elasticity>
                <income-elasticity year="2060">0.696</income-elasticity>
                <income-elasticity year="2055">0.718</income-elasticity>
                <income-elasticity year="2050">0.738</income-elasticity>
                <income-elasticity year="2045">0.758</income-elasticity>
                <income-elasticity year="2040">0.781</income-elasticity>
                <income-elasticity year="2035">0.807</income-elasticity>
                <income-elasticity year="2030">0.839</income-elasticity>
                <income-elasticity year="2025">0.878</income-elasticity>
                <income-elasticity year="2020">0.945</income-elasticity>
                <income-elasticity year="2015">1.016</income-elasticity>
            </energy-final-demand>
        </region>
        <region name="Africa_Southern">
            <energy-final-demand name="industry">
                <income-elasticity year="2100">0.631</income-elasticity>
                <income-elasticity year="2095">0.664</income-elasticity>
                <income-elasticity year="2090">0.698</income-elasticity>
                <income-elasticity year="2085">0.732</income-elasticity>
                <income-elasticity year="2080">0.767</income-elasticity>
                <income-elasticity year="2075">0.801</income-elasticity>
                <income-elasticity year="2070">0.835</income-elasticity>
                <income-elasticity year="2065">0.868</income-elasticity>
                <income-elasticity year="2060">0.898</income-elasticity>
                <income-elasticity year="2055">0.948</income-elasticity>
                <income-elasticity year="2050">0.993</income-elasticity>
                <income-elasticity year="2045">1.031</income-elasticity>
                <income-elasticity year="2040">1.06</income-elasticity>
                <income-elasticity year="2035">1.083</income-elasticity>
                <income-elasticity year="2030">1.103</income-elasticity>
                <income-elasticity year="2025">1.133</income-elasticity>
                <income-elasticity year="2020">1.177</income-elasticity>
                <income-elasticity year="2015">1.221</income-elasticity>
            </energy-final-demand>
        </region>
        <region name="Africa_Western">
            <energy-final-demand name="industry">
                <income-elasticity year="2100">0.652</income-elasticity>
                <income-elasticity year="2095">0.685</income-elasticity>
                <income-elasticity year="2090">0.719</income-elasticity>
                <income-elasticity year="2085">0.754</income-elasticity>
                <income-elasticity year="2080">0.788</income-elasticity>
                <income-elasticity year="2075">0.823</income-elasticity>
                <income-elasticity year="2070">0.856</income-elasticity>
                <income-elasticity year="2065">0.888</income-elasticity>
                <income-elasticity year="2060">0.932</income-elasticity>
                <income-elasticity year="2055">0.982</income-elasticity>
                <income-elasticity year="2050">1.028</income-elasticity>
                <income-elasticity year="2045">1.07</income-elasticity>
                <income-elasticity year="2040">1.108</income-elasticity>
                <income-elasticity year="2035">1.15</income-elasticity>
                <income-elasticity year="2030">1.193</income-elasticity>
                <income-elasticity year="2025">1.241</income-elasticity>
                <income-elasticity year="2020">1.291</income-elasticity>
                <income-elasticity year="2015">1.321</income-elasticity>
            </energy-final-demand>
        </region>
        <region name="Australia_NZ">
            <energy-final-demand name="industry">
                <income-elasticity year="2100">0.156</income-elasticity>
                <income-elasticity year="2095">0.158</income-elasticity>
                <income-elasticity year="2090">0.16</income-elasticity>
                <income-elasticity year="2085">0.162</income-elasticity>
                <income-elasticity year="2080">0.164</income-elasticity>
                <income-elasticity year="2075">0.165</income-elasticity>
                <income-elasticity year="2070">0.167</income-elasticity>
                <income-elasticity year="2065">0.169</income-elasticity>
                <income-elasticity year="2060">0.171</income-elasticity>
                <income-elasticity year="2055">0.172</income-elasticity>
                <income-elasticity year="2050">0.174</income-elasticity>
                <income-elasticity year="2045">0.175</income-elasticity>
                <income-elasticity year="2040">0.177</income-elasticity>
                <income-elasticity year="2035">0.179</income-elasticity>
                <income-elasticity year="2030">0.181</income-elasticity>
                <income-elasticity year="2025">0.184</income-elasticity>
                <income-elasticity year="2020">0.188</income-elasticity>
                <income-elasticity year="2015">0.193</income-elasticity>
            </energy-final-demand>
        </region>
        <region name="Brazil">
            <energy-final-demand name="industry">
                <income-elasticity year="2100">0.495</income-elasticity>
                <income-elasticity year="2095">0.493</income-elasticity>
                <income-elasticity year="2090">0.491</income-elasticity>
                <income-elasticity year="2085">0.491</income-elasticity>
                <income-elasticity year="2080">0.491</income-elasticity>
                <income-elasticity year="2075">0.492</income-elasticity>
                <income-elasticity year="2070">0.496</income-elasticity>
                <income-elasticity year="2065">0.498</income-elasticity>
                <income-elasticity year="2060">0.501</income-elasticity>
                <income-elasticity year="2055">0.504</income-elasticity>
                <income-elasticity year="2050">0.508</income-elasticity>
                <income-elasticity year="2045">0.511</income-elasticity>
                <income-elasticity year="2040">0.517</income-elasticity>
                <income-elasticity year="2035">0.526</income-elasticity>
                <income-elasticity year="2030">0.539</income-elasticity>
                <income-elasticity year="2025">0.563</income-elasticity>
                <income-elasticity year="2020">0.603</income-elasticity>
                <income-elasticity year="2015">0.617</income-elasticity>
            </energy-final-demand>
        </region>
        <region name="Canada">
            <energy-final-demand name="industry">
                <income-elasticity year="2100">0.02</income-elasticity>
                <income-elasticity year="2095">0.021</income-elasticity>
                <income-elasticity year="2090">0.022</income-elasticity>
                <income-elasticity year="2085">0.023</income-elasticity>
                <income-elasticity year="2080">0.024</income-elasticity>
                <income-elasticity year="2075">0.025</income-elasticity>
                <income-elasticity year="2070">0.027</income-elasticity>
                <income-elasticity year="2065">0.028</income-elasticity>
                <income-elasticity year="2060">0.03</income-elasticity>
                <income-elasticity year="2055">0.031</income-elasticity>
                <income-elasticity year="2050">0.033</income-elasticity>
                <income-elasticity year="2045">0.036</income-elasticity>
                <income-elasticity year="2040">0.039</income-elasticity>
                <income-elasticity year="2035">0.042</income-elasticity>
                <income-elasticity year="2030">0.045</income-elasticity>
                <income-elasticity year="2025">0.048</income-elasticity>
                <income-elasticity year="2020">0.051</income-elasticity>
                <income-elasticity year="2015">0.055</income-elasticity>
            </energy-final-demand>
        </region>
        <region name="Central America and Caribbean">
            <energy-final-demand name="industry">
                <income-elasticity year="2100">0.44</income-elasticity>
                <income-elasticity year="2095">0.46</income-elasticity>
                <income-elasticity year="2090">0.482</income-elasticity>
                <income-elasticity year="2085">0.504</income-elasticity>
                <income-elasticity year="2080">0.526</income-elasticity>
                <income-elasticity year="2075">0.55</income-elasticity>
                <income-elasticity year="2070">0.574</income-elasticity>
                <income-elasticity year="2065">0.598</income-elasticity>
                <income-elasticity year="2060">0.621</income-elasticity>
                <income-elasticity year="2055">0.642</income-elasticity>
                <income-elasticity year="2050">0.663</income-elasticity>
                <income-elasticity year="2045">0.684</income-elasticity>
                <income-elasticity year="2040">0.706</income-elasticity>
                <income-elasticity year="2035">0.727</income-elasticity>
                <income-elasticity year="2030">0.749</income-elasticity>
                <income-elasticity year="2025">0.775</income-elasticity>
                <income-elasticity year="2020">0.807</income-elasticity>
                <income-elasticity year="2015">0.836</income-elasticity>
            </energy-final-demand>
        </region>
        <region name="Central Asia">
            <energy-final-demand name="industry">
                <income-elasticity year="2100">0.251</income-elasticity>
                <income-elasticity year="2095">0.252</income-elasticity>
                <income-elasticity year="2090">0.253</income-elasticity>
                <income-elasticity year="2085">0.254</income-elasticity>
                <income-elasticity year="2080">0.255</income-elasticity>
                <income-elasticity year="2075">0.256</income-elasticity>
                <income-elasticity year="2070">0.257</income-elasticity>
                <income-elasticity year="2065">0.259</income-elasticity>
                <income-elasticity year="2060">0.26</income-elasticity>
                <income-elasticity year="2055">0.262</income-elasticity>
                <income-elasticity year="2050">0.265</income-elasticity>
                <income-elasticity year="2045">0.269</income-elasticity>
                <income-elasticity year="2040">0.276</income-elasticity>
                <income-elasticity year="2035">0.287</income-elasticity>
                <income-elasticity year="2030">0.301</income-elasticity>
                <income-elasticity year="2025">0.318</income-elasticity>
                <income-elasticity year="2020">0.342</income-elasticity>
                <income-elasticity year="2015">0.388</income-elasticity>
            </energy-final-demand>
        </region>
        <region name="China">
            <energy-final-demand name="industry">
                <income-elasticity year="2100">0.256</income-elasticity>
                <income-elasticity year="2095">0.257</income-elasticity>
                <income-elasticity year="2090">0.257</income-elasticity>
                <income-elasticity year="2085">0.257</income-elasticity>
                <income-elasticity year="2080">0.257</income-elasticity>
                <income-elasticity year="2075">0.258</income-elasticity>
                <income-elasticity year="2070">0.259</income-elasticity>
                <income-elasticity year="2065">0.259</income-elasticity>
                <income-elasticity year="2060">0.26</income-elasticity>
                <income-elasticity year="2055">0.262</income-elasticity>
                <income-elasticity year="2050">0.266</income-elasticity>
                <income-elasticity year="2045">0.27</income-elasticity>
                <income-elasticity year="2040">0.277</income-elasticity>
                <income-elasticity year="2035">0.285</income-elasticity>
                <income-elasticity year="2030">0.296</income-elasticity>
                <income-elasticity year="2025">0.314</income-elasticity>
                <income-elasticity year="2020">0.343</income-elasticity>
                <income-elasticity year="2015">0.433</income-elasticity>
            </energy-final-demand>
        </region>
        <region name="EU-12">
            <energy-final-demand name="industry">
                <income-elasticity year="2100">0.291</income-elasticity>
                <income-elasticity year="2095">0.294</income-elasticity>
                <income-elasticity year="2090">0.298</income-elasticity>
                <income-elasticity year="2085">0.301</income-elasticity>
                <income-elasticity year="2080">0.305</income-elasticity>
                <income-elasticity year="2075">0.309</income-elasticity>
                <income-elasticity year="2070">0.314</income-elasticity>
                <income-elasticity year="2065">0.32</income-elasticity>
                <income-elasticity year="2060">0.326</income-elasticity>
                <income-elasticity year="2055">0.332</income-elasticity>
                <income-elasticity year="2050">0.337</income-elasticity>
                <income-elasticity year="2045">0.342</income-elasticity>
                <income-elasticity year="2040">0.349</income-elasticity>
                <income-elasticity year="2035">0.37</income-elasticity>
                <income-elasticity year="2030">0.399</income-elasticity>
                <income-elasticity year="2025">0.436</income-elasticity>
                <income-elasticity year="2020">0.482</income-elasticity>
                <income-elasticity year="2015">0.544</income-elasticity>
            </energy-final-demand>
        </region>
        <region name="EU-15">
            <energy-final-demand name="industry">
                <income-elasticity year="2100">0.258</income-elasticity>
                <income-elasticity year="2095">0.259</income-elasticity>
                <income-elasticity year="2090">0.261</income-elasticity>
                <income-elasticity year="2085">0.266</income-elasticity>
                <income-elasticity year="2080">0.27</income-elasticity>
                <income-elasticity year="2075">0.274</income-elasticity>
                <income-elasticity year="2070">0.278</income-elasticity>
                <income-elasticity year="2065">0.282</income-elasticity>
                <income-elasticity year="2060">0.287</income-elasticity>
                <income-elasticity year="2055">0.292</income-elasticity>
                <income-elasticity year="2050">0.297</income-elasticity>
                <income-elasticity year="2045">0.301</income-elasticity>
                <income-elasticity year="2040">0.306</income-elasticity>
                <income-elasticity year="2035">0.311</income-elasticity>
                <income-elasticity year="2030">0.316</income-elasticity>
                <income-elasticity year="2025">0.322</income-elasticity>
                <income-elasticity year="2020">0.328</income-elasticity>
                <income-elasticity year="2015">0.337</income-elasticity>
            </energy-final-demand>
        </region>
        <region name="Europe_Eastern">
            <energy-final-demand name="industry">
                <income-elasticity year="2100">0.243</income-elasticity>
                <income-elasticity year="2095">0.244</income-elasticity>
                <income-elasticity year="2090">0.245</income-elasticity>
                <income-elasticity year="2085">0.247</income-elasticity>
                <income-elasticity year="2080">0.248</income-elasticity>
                <income-elasticity year="2075">0.25</income-elasticity>
                <income-elasticity year="2070">0.251</income-elasticity>
                <income-elasticity year="2065">0.253</income-elasticity>
                <income-elasticity year="2060">0.255</income-elasticity>
                <income-elasticity year="2055">0.256</income-elasticity>
                <income-elasticity year="2050">0.258</income-elasticity>
                <income-elasticity year="2045">0.259</income-elasticity>
                <income-elasticity year="2040">0.265</income-elasticity>
                <income-elasticity year="2035">0.275</income-elasticity>
                <income-elasticity year="2030">0.287</income-elasticity>
                <income-elasticity year="2025">0.302</income-elasticity>
                <income-elasticity year="2020">0.321</income-elasticity>
                <income-elasticity year="2015">0.339</income-elasticity>
            </energy-final-demand>
        </region>
        <region name="Europe_Non_EU">
            <energy-final-demand name="industry">
                <income-elasticity year="2100">0.476</income-elasticity>
                <income-elasticity year="2095">0.484</income-elasticity>
                <income-elasticity year="2090">0.491</income-elasticity>
                <income-elasticity year="2085">0.499</income-elasticity>
                <income-elasticity year="2080">0.508</income-elasticity>
                <income-elasticity year="2075">0.519</income-elasticity>
                <income-elasticity year="2070">0.531</income-elasticity>
                <income-elasticity year="2065">0.543</income-elasticity>
                <income-elasticity year="2060">0.556</income-elasticity>
                <income-elasticity year="2055">0.568</income-elasticity>
                <income-elasticity year="2050">0.581</income-elasticity>
                <income-elasticity year="2045">0.595</income-elasticity>
                <income-elasticity year="2040">0.61</income-elasticity>
                <income-elasticity year="2035">0.629</income-elasticity>
                <income-elasticity year="2030">0.65</income-elasticity>
                <income-elasticity year="2025">0.678</income-elasticity>
                <income-elasticity year="2020">0.716</income-elasticity>
                <income-elasticity year="2015">0.756</income-elasticity>
            </energy-final-demand>
        </region>
        <region name="European Free Trade Association">
            <energy-final-demand name="industry">
                <income-elasticity year="2100">0.198</income-elasticity>
                <income-elasticity year="2095">0.201</income-elasticity>
                <income-elasticity year="2090">0.203</income-elasticity>
                <income-elasticity year="2085">0.205</income-elasticity>
                <income-elasticity year="2080">0.207</income-elasticity>
                <income-elasticity year="2075">0.209</income-elasticity>
                <income-elasticity year="2070">0.211</income-elasticity>
                <income-elasticity year="2065">0.214</income-elasticity>
                <income-elasticity year="2060">0.216</income-elasticity>
                <income-elasticity year="2055">0.219</income-elasticity>
                <income-elasticity year="2050">0.22</income-elasticity>
                <income-elasticity year="2045">0.221</income-elasticity>
                <income-elasticity year="2040">0.222</income-elasticity>
                <income-elasticity year="2035">0.223</income-elasticity>
                <income-elasticity year="2030">0.224</income-elasticity>
                <income-elasticity year="2025">0.225</income-elasticity>
                <income-elasticity year="2020">0.227</income-elasticity>
                <income-elasticity year="2015">0.228</income-elasticity>
            </energy-final-demand>
        </region>
        <region name="India">
            <energy-final-demand name="industry">
                <income-elasticity year="2100">0.598</income-elasticity>
                <income-elasticity year="2095">0.61</income-elasticity>
                <income-elasticity year="2090">0.621</income-elasticity>
                <income-elasticity year="2085">0.633</income-elasticity>
                <income-elasticity year="2080">0.645</income-elasticity>
                <income-elasticity year="2075">0.658</income-elasticity>
                <income-elasticity year="2070">0.673</income-elasticity>
                <income-elasticity year="2065">0.688</income-elasticity>
                <income-elasticity year="2060">0.704</income-elasticity>
                <income-elasticity year="2055">0.721</income-elasticity>
                <income-elasticity year="2050">0.738</income-elasticity>
                <income-elasticity year="2045">0.756</income-elasticity>
                <income-elasticity year="2040">0.779</income-elasticity>
                <income-elasticity year="2035">0.807</income-elasticity>
                <income-elasticity year="2030">0.839</income-elasticity>
                <income-elasticity year="2025">0.883</income-elasticity>
                <income-elasticity year="2020">0.972</income-elasticity>
                <income-elasticity year="2015">1.106</income-elasticity>
            </energy-final-demand>
        </region>
        <region name="Indonesia">
            <energy-final-demand name="industry">
                <income-elasticity year="2100">0.412</income-elasticity>
                <income-elasticity year="2095">0.423</income-elasticity>
                <income-elasticity year="2090">0.434</income-elasticity>
                <income-elasticity year="2085">0.446</income-elasticity>
                <income-elasticity year="2080">0.459</income-elasticity>
                <income-elasticity year="2075">0.473</income-elasticity>
                <income-elasticity year="2070">0.488</income-elasticity>
                <income-elasticity year="2065">0.504</income-elasticity>
                <income-elasticity year="2060">0.523</income-elasticity>
                <income-elasticity year="2055">0.544</income-elasticity>
                <income-elasticity year="2050">0.568</income-elasticity>
                <income-elasticity year="2045">0.595</income-elasticity>
                <income-elasticity year="2040">0.628</income-elasticity>
                <income-elasticity year="2035">0.667</income-elasticity>
                <income-elasticity year="2030">0.713</income-elasticity>
                <income-elasticity year="2025">0.773</income-elasticity>
                <income-elasticity year="2020">0.85</income-elasticity>
                <income-elasticity year="2015">0.933</income-elasticity>
            </energy-final-demand>
        </region>
        <region name="Japan">
            <energy-final-demand name="industry">
                <income-elasticity year="2100">0.237</income-elasticity>
                <income-elasticity year="2095">0.238</income-elasticity>
                <income-elasticity year="2090">0.239</income-elasticity>
                <income-elasticity year="2085">0.24</income-elasticity>
                <income-elasticity year="2080">0.241</income-elasticity>
                <income-elasticity year="2075">0.242</income-elasticity>
                <income-elasticity year="2070">0.243</income-elasticity>
                <income-elasticity year="2065">0.244</income-elasticity>
                <income-elasticity year="2060">0.245</income-elasticity>
                <income-elasticity year="2055">0.245</income-elasticity>
                <income-elasticity year="2050">0.246</income-elasticity>
                <income-elasticity year="2045">0.247</income-elasticity>
                <income-elasticity year="2040">0.247</income-elasticity>
                <income-elasticity year="2035">0.248</income-elasticity>
                <income-elasticity year="2030">0.249</income-elasticity>
                <income-elasticity year="2025">0.251</income-elasticity>
                <income-elasticity year="2020">0.252</income-elasticity>
                <income-elasticity year="2015">0.254</income-elasticity>
            </energy-final-demand>
        </region>
        <region name="Mexico">
            <energy-final-demand name="industry">
                <income-elasticity year="2100">0.499</income-elasticity>
                <income-elasticity year="2095">0.507</income-elasticity>
                <income-elasticity year="2090">0.515</income-elasticity>
                <income-elasticity year="2085">0.525</income-elasticity>
                <income-elasticity year="2080">0.535</income-elasticity>
                <income-elasticity year="2075">0.547</income-elasticity>
                <income-elasticity year="2070">0.559</income-elasticity>
                <income-elasticity year="2065">0.572</income-elasticity>
                <income-elasticity year="2060">0.584</income-elasticity>
                <income-elasticity year="2055">0.597</income-elasticity>
                <income-elasticity year="2050">0.61</income-elasticity>
                <income-elasticity year="2045">0.622</income-elasticity>
                <income-elasticity year="2040">0.635</income-elasticity>
                <income-elasticity year="2035">0.651</income-elasticity>
                <income-elasticity year="2030">0.671</income-elasticity>
                <income-elasticity year="2025">0.696</income-elasticity>
                <income-elasticity year="2020">0.728</income-elasticity>
                <income-elasticity year="2015">0.759</income-elasticity>
            </energy-final-demand>
        </region>
        <region name="Middle East">
            <energy-final-demand name="industry">
                <income-elasticity year="2100">0.263</income-elasticity>
                <income-elasticity year="2095">0.266</income-elasticity>
                <income-elasticity year="2090">0.269</income-elasticity>
                <income-elasticity year="2085">0.272</income-elasticity>
                <income-elasticity year="2080">0.274</income-elasticity>
                <income-elasticity year="2075">0.276</income-elasticity>
                <income-elasticity year="2070">0.277</income-elasticity>
                <income-elasticity year="2065">0.278</income-elasticity>
                <income-elasticity year="2060">0.279</income-elasticity>
                <income-elasticity year="2055">0.28</income-elasticity>
                <income-elasticity year="2050">0.281</income-elasticity>
                <income-elasticity year="2045">0.283</income-elasticity>
                <income-elasticity year="2040">0.287</income-elasticity>
                <income-elasticity year="2035">0.294</income-elasticity>
                <income-elasticity year="2030">0.303</income-elasticity>
                <income-elasticity year="2025">0.313</income-elasticity>
                <income-elasticity year="2020">0.323</income-elasticity>
                <income-elasticity year="2015">0.332</income-elasticity>
            </energy-final-demand>
        </region>
        <region name="Pakistan">
            <energy-final-demand name="industry">
                <income-elasticity year="2100">0.746</income-elasticity>
                <income-elasticity year="2095">0.771</income-elasticity>
                <income-elasticity year="2090">0.795</income-elasticity>
                <income-elasticity year="2085">0.819</income-elasticity>
                <income-elasticity year="2080">0.843</income-elasticity>
                <income-elasticity year="2075">0.867</income-elasticity>
                <income-elasticity year="2070">0.891</income-elasticity>
                <income-elasticity year="2065">0.928</income-elasticity>
                <income-elasticity year="2060">0.969</income-elasticity>
                <income-elasticity year="2055">1.007</income-elasticity>
                <income-elasticity year="2050">1.041</income-elasticity>
                <income-elasticity year="2045">1.075</income-elasticity>
                <income-elasticity year="2040">1.109</income-elasticity>
                <income-elasticity year="2035">1.147</income-elasticity>
                <income-elasticity year="2030">1.184</income-elasticity>
                <income-elasticity year="2025">1.22</income-elasticity>
                <income-elasticity year="2020">1.257</income-elasticity>
                <income-elasticity year="2015">1.296</income-elasticity>
            </energy-final-demand>
        </region>
        <region name="Russia">
            <energy-final-demand name="industry">
                <income-elasticity year="2100">0.12</income-elasticity>
                <income-elasticity year="2095">0.121</income-elasticity>
                <income-elasticity year="2090">0.122</income-elasticity>
                <income-elasticity year="2085">0.123</income-elasticity>
                <income-elasticity year="2080">0.124</income-elasticity>
                <income-elasticity year="2075">0.125</income-elasticity>
                <income-elasticity year="2070">0.127</income-elasticity>
                <income-elasticity year="2065">0.128</income-elasticity>
                <income-elasticity year="2060">0.13</income-elasticity>
                <income-elasticity year="2055">0.132</income-elasticity>
                <income-elasticity year="2050">0.132</income-elasticity>
                <income-elasticity year="2045">0.133</income-elasticity>
                <income-elasticity year="2040">0.135</income-elasticity>
                <income-elasticity year="2035">0.139</income-elasticity>
                <income-elasticity year="2030">0.144</income-elasticity>
                <income-elasticity year="2025">0.151</income-elasticity>
                <income-elasticity year="2020">0.159</income-elasticity>
                <income-elasticity year="2015">0.162</income-elasticity>
            </energy-final-demand>
        </region>
        <region name="South Africa">
            <energy-final-demand name="industry">
                <income-elasticity year="2100">0.262</income-elasticity>
                <income-elasticity year="2095">0.265</income-elasticity>
                <income-elasticity year="2090">0.268</income-elasticity>
                <income-elasticity year="2085">0.272</income-elasticity>
                <income-elasticity year="2080">0.276</income-elasticity>
                <income-elasticity year="2075">0.28</income-elasticity>
                <income-elasticity year="2070">0.285</income-elasticity>
                <income-elasticity year="2065">0.29</income-elasticity>
                <income-elasticity year="2060">0.295</income-elasticity>
                <income-elasticity year="2055">0.3</income-elasticity>
                <income-elasticity year="2050">0.304</income-elasticity>
                <income-elasticity year="2045">0.31</income-elasticity>
                <income-elasticity year="2040">0.316</income-elasticity>
                <income-elasticity year="2035">0.323</income-elasticity>
                <income-elasticity year="2030">0.332</income-elasticity>
                <income-elasticity year="2025">0.343</income-elasticity>
                <income-elasticity year="2020">0.376</income-elasticity>
                <income-elasticity year="2015">0.402</income-elasticity>
            </energy-final-demand>
        </region>
        <region name="South America_Northern">
            <energy-final-demand name="industry">
                <income-elasticity year="2100">0.264</income-elasticity>
                <income-elasticity year="2095">0.266</income-elasticity>
                <income-elasticity year="2090">0.269</income-elasticity>
                <income-elasticity year="2085">0.272</income-elasticity>
                <income-elasticity year="2080">0.275</income-elasticity>
                <income-elasticity year="2075">0.279</income-elasticity>
                <income-elasticity year="2070">0.283</income-elasticity>
                <income-elasticity year="2065">0.289</income-elasticity>
                <income-elasticity year="2060">0.295</income-elasticity>
                <income-elasticity year="2055">0.304</income-elasticity>
                <income-elasticity year="2050">0.315</income-elasticity>
                <income-elasticity year="2045">0.327</income-elasticity>
                <income-elasticity year="2040">0.341</income-elasticity>
                <income-elasticity year="2035">0.363</income-elasticity>
                <income-elasticity year="2030">0.402</income-elasticity>
                <income-elasticity year="2025">0.438</income-elasticity>
                <income-elasticity year="2020">0.47</income-elasticity>
                <income-elasticity year="2015">0.399</income-elasticity>
            </energy-final-demand>
        </region>
        <region name="South America_Southern">
            <energy-final-demand name="industry">
                <income-elasticity year="2100">0.508</income-elasticity>
                <income-elasticity year="2095">0.526</income-elasticity>
                <income-elasticity year="2090">0.544</income-elasticity>
                <income-elasticity year="2085">0.562</income-elasticity>
                <income-elasticity year="2080">0.581</income-elasticity>
                <income-elasticity year="2075">0.601</income-elasticity>
                <income-elasticity year="2070">0.62</income-elasticity>
                <income-elasticity year="2065">0.639</income-elasticity>
                <income-elasticity year="2060">0.658</income-elasticity>
                <income-elasticity year="2055">0.676</income-elasticity>
                <income-elasticity year="2050">0.693</income-elasticity>
                <income-elasticity year="2045">0.711</income-elasticity>
                <income-elasticity year="2040">0.731</income-elasticity>
                <income-elasticity year="2035">0.751</income-elasticity>
                <income-elasticity year="2030">0.773</income-elasticity>
                <income-elasticity year="2025">0.803</income-elasticity>
                <income-elasticity year="2020">0.845</income-elasticity>
                <income-elasticity year="2015">0.874</income-elasticity>
            </energy-final-demand>
        </region>
        <region name="South Asia">
            <energy-final-demand name="industry">
                <income-elasticity year="2100">0.831</income-elasticity>
                <income-elasticity year="2095">0.853</income-elasticity>
                <income-elasticity year="2090">0.874</income-elasticity>
                <income-elasticity year="2085">0.895</income-elasticity>
                <income-elasticity year="2080">0.927</income-elasticity>
                <income-elasticity year="2075">0.964</income-elasticity>
                <income-elasticity year="2070">1.001</income-elasticity>
                <income-elasticity year="2065">1.035</income-elasticity>
                <income-elasticity year="2060">1.068</income-elasticity>
                <income-elasticity year="2055">1.098</income-elasticity>
                <income-elasticity year="2050">1.126</income-elasticity>
                <income-elasticity year="2045">1.155</income-elasticity>
                <income-elasticity year="2040">1.186</income-elasticity>
                <income-elasticity year="2035">1.218</income-elasticity>
                <income-elasticity year="2030">1.25</income-elasticity>
                <income-elasticity year="2025">1.291</income-elasticity>
                <income-elasticity year="2020">1.337</income-elasticity>
                <income-elasticity year="2015">1.381</income-elasticity>
            </energy-final-demand>
        </region>
        <region name="South Korea">
            <energy-final-demand name="industry">
                <income-elasticity year="2100">0.104</income-elasticity>
                <income-elasticity year="2095">0.105</income-elasticity>
                <income-elasticity year="2090">0.106</income-elasticity>
                <income-elasticity year="2085">0.108</income-elasticity>
                <income-elasticity year="2080">0.11</income-elasticity>
                <income-elasticity year="2075">0.112</income-elasticity>
                <income-elasticity year="2070">0.113</income-elasticity>
                <income-elasticity year="2065">0.116</income-elasticity>
                <income-elasticity year="2060">0.118</income-elasticity>
                <income-elasticity year="2055">0.12</income-elasticity>
                <income-elasticity year="2050">0.122</income-elasticity>
                <income-elasticity year="2045">0.125</income-elasticity>
                <income-elasticity year="2040">0.128</income-elasticity>
                <income-elasticity year="2035">0.132</income-elasticity>
                <income-elasticity year="2030">0.136</income-elasticity>
                <income-elasticity year="2025">0.141</income-elasticity>
                <income-elasticity year="2020">0.148</income-elasticity>
                <income-elasticity year="2015">0.157</income-elasticity>
            </energy-final-demand>
        </region>
        <region name="Southeast Asia">
            <energy-final-demand name="industry">
                <income-elasticity year="2100">0.348</income-elasticity>
                <income-elasticity year="2095">0.361</income-elasticity>
                <income-elasticity year="2090">0.378</income-elasticity>
                <income-elasticity year="2085">0.397</income-elasticity>
                <income-elasticity year="2080">0.417</income-elasticity>
                <income-elasticity year="2075">0.439</income-elasticity>
                <income-elasticity year="2070">0.462</income-elasticity>
                <income-elasticity year="2065">0.485</income-elasticity>
                <income-elasticity year="2060">0.509</income-elasticity>
                <income-elasticity year="2055">0.533</income-elasticity>
                <income-elasticity year="2050">0.557</income-elasticity>
                <income-elasticity year="2045">0.582</income-elasticity>
                <income-elasticity year="2040">0.609</income-elasticity>
                <income-elasticity year="2035">0.638</income-elasticity>
                <income-elasticity year="2030">0.67</income-elasticity>
                <income-elasticity year="2025">0.71</income-elasticity>
                <income-elasticity year="2020">0.763</income-elasticity>
                <income-elasticity year="2015">0.824</income-elasticity>
            </energy-final-demand>
        </region>
        <region name="Taiwan">
            <energy-final-demand name="industry">
                <income-elasticity year="2100">0.108</income-elasticity>
                <income-elasticity year="2095">0.109</income-elasticity>
                <income-elasticity year="2090">0.109</income-elasticity>
                <income-elasticity year="2085">0.11</income-elasticity>
                <income-elasticity year="2080">0.111</income-elasticity>
                <income-elasticity year="2075">0.112</income-elasticity>
                <income-elasticity year="2070">0.114</income-elasticity>
                <income-elasticity year="2065">0.115</income-elasticity>
                <income-elasticity year="2060">0.116</income-elasticity>
                <income-elasticity year="2055">0.115</income-elasticity>
                <income-elasticity year="2050">0.114</income-elasticity>
                <income-elasticity year="2045">0.113</income-elasticity>
                <income-elasticity year="2040">0.114</income-elasticity>
                <income-elasticity year="2035">0.114</income-elasticity>
                <income-elasticity year="2030">0.115</income-elasticity>
                <income-elasticity year="2025">0.117</income-elasticity>
                <income-elasticity year="2020">0.12</income-elasticity>
                <income-elasticity year="2015">0.127</income-elasticity>
            </energy-final-demand>
        </region>
        <region name="Argentina">
            <energy-final-demand name="industry">
                <income-elasticity year="2100">0.355</income-elasticity>
                <income-elasticity year="2095">0.362</income-elasticity>
                <income-elasticity year="2090">0.369</income-elasticity>
                <income-elasticity year="2085">0.377</income-elasticity>
                <income-elasticity year="2080">0.386</income-elasticity>
                <income-elasticity year="2075">0.397</income-elasticity>
                <income-elasticity year="2070">0.408</income-elasticity>
                <income-elasticity year="2065">0.419</income-elasticity>
                <income-elasticity year="2060">0.431</income-elasticity>
                <income-elasticity year="2055">0.441</income-elasticity>
                <income-elasticity year="2050">0.45</income-elasticity>
                <income-elasticity year="2045">0.46</income-elasticity>
                <income-elasticity year="2040">0.471</income-elasticity>
                <income-elasticity year="2035">0.486</income-elasticity>
                <income-elasticity year="2030">0.506</income-elasticity>
                <income-elasticity year="2025">0.536</income-elasticity>
                <income-elasticity year="2020">0.578</income-elasticity>
                <income-elasticity year="2015">0.56</income-elasticity>
            </energy-final-demand>
        </region>
        <region name="Colombia">
            <energy-final-demand name="industry">
                <income-elasticity year="2100">0.709</income-elasticity>
                <income-elasticity year="2095">0.726</income-elasticity>
                <income-elasticity year="2090">0.743</income-elasticity>
                <income-elasticity year="2085">0.761</income-elasticity>
                <income-elasticity year="2080">0.779</income-elasticity>
                <income-elasticity year="2075">0.797</income-elasticity>
                <income-elasticity year="2070">0.814</income-elasticity>
                <income-elasticity year="2065">0.831</income-elasticity>
                <income-elasticity year="2060">0.846</income-elasticity>
                <income-elasticity year="2055">0.86</income-elasticity>
                <income-elasticity year="2050">0.873</income-elasticity>
                <income-elasticity year="2045">0.885</income-elasticity>
                <income-elasticity year="2040">0.898</income-elasticity>
                <income-elasticity year="2035">0.92</income-elasticity>
                <income-elasticity year="2030">0.945</income-elasticity>
                <income-elasticity year="2025">0.977</income-elasticity>
                <income-elasticity year="2020">1.013</income-elasticity>
                <income-elasticity year="2015">1.059</income-elasticity>
            </energy-final-demand>
        </region>
    </world>
</scenario>
