<?xml version="1.0" encoding="UTF-8"?>
<scenario>
    <world>
        <region name="USA">
            <energy-final-demand name="industry">
                <income-elasticity year="2100">0.196</income-elasticity>
                <income-elasticity year="2095">0.2</income-elasticity>
                <income-elasticity year="2090">0.204</income-elasticity>
                <income-elasticity year="2085">0.208</income-elasticity>
                <income-elasticity year="2080">0.212</income-elasticity>
                <income-elasticity year="2075">0.216</income-elasticity>
                <income-elasticity year="2070">0.22</income-elasticity>
                <income-elasticity year="2065">0.222</income-elasticity>
                <income-elasticity year="2060">0.224</income-elasticity>
                <income-elasticity year="2055">0.225</income-elasticity>
                <income-elasticity year="2050">0.227</income-elasticity>
                <income-elasticity year="2045">0.229</income-elasticity>
                <income-elasticity year="2040">0.231</income-elasticity>
                <income-elasticity year="2035">0.232</income-elasticity>
                <income-elasticity year="2030">0.234</income-elasticity>
                <income-elasticity year="2025">0.235</income-elasticity>
                <income-elasticity year="2020">0.237</income-elasticity>
                <income-elasticity year="2015">0.238</income-elasticity>
            </energy-final-demand>
        </region>
        <region name="Africa_Eastern">
            <energy-final-demand name="industry">
                <income-elasticity year="2100">0.325</income-elasticity>
                <income-elasticity year="2095">0.344</income-elasticity>
                <income-elasticity year="2090">0.394</income-elasticity>
                <income-elasticity year="2085">0.461</income-elasticity>
                <income-elasticity year="2080">0.531</income-elasticity>
                <income-elasticity year="2075">0.606</income-elasticity>
                <income-elasticity year="2070">0.68</income-elasticity>
                <income-elasticity year="2065">0.754</income-elasticity>
                <income-elasticity year="2060">0.819</income-elasticity>
                <income-elasticity year="2055">0.877</income-elasticity>
                <income-elasticity year="2050">0.947</income-elasticity>
                <income-elasticity year="2045">1.028</income-elasticity>
                <income-elasticity year="2040">1.091</income-elasticity>
                <income-elasticity year="2035">1.147</income-elasticity>
                <income-elasticity year="2030">1.193</income-elasticity>
                <income-elasticity year="2025">1.233</income-elasticity>
                <income-elasticity year="2020">1.267</income-elasticity>
                <income-elasticity year="2015">1.301</income-elasticity>
            </energy-final-demand>
        </region>
        <region name="Africa_Northern">
            <energy-final-demand name="industry">
                <income-elasticity year="2100">0.34</income-elasticity>
                <income-elasticity year="2095">0.35</income-elasticity>
                <income-elasticity year="2090">0.385</income-elasticity>
                <income-elasticity year="2085">0.42</income-elasticity>
                <income-elasticity year="2080">0.454</income-elasticity>
                <income-elasticity year="2075">0.492</income-elasticity>
                <income-elasticity year="2070">0.532</income-elasticity>
                <income-elasticity year="2065">0.576</income-elasticity>
                <income-elasticity year="2060">0.614</income-elasticity>
                <income-elasticity year="2055">0.651</income-elasticity>
                <income-elasticity year="2050">0.681</income-elasticity>
                <income-elasticity year="2045">0.711</income-elasticity>
                <income-elasticity year="2040">0.737</income-elasticity>
                <income-elasticity year="2035">0.764</income-elasticity>
                <income-elasticity year="2030">0.79</income-elasticity>
                <income-elasticity year="2025">0.82</income-elasticity>
                <income-elasticity year="2020">0.852</income-elasticity>
                <income-elasticity year="2015">0.885</income-elasticity>
            </energy-final-demand>
        </region>
        <region name="Africa_Southern">
            <energy-final-demand name="industry">
                <income-elasticity year="2100">0.358</income-elasticity>
                <income-elasticity year="2095">0.412</income-elasticity>
                <income-elasticity year="2090">0.477</income-elasticity>
                <income-elasticity year="2085">0.545</income-elasticity>
                <income-elasticity year="2080">0.613</income-elasticity>
                <income-elasticity year="2075">0.68</income-elasticity>
                <income-elasticity year="2070">0.747</income-elasticity>
                <income-elasticity year="2065">0.811</income-elasticity>
                <income-elasticity year="2060">0.866</income-elasticity>
                <income-elasticity year="2055">0.927</income-elasticity>
                <income-elasticity year="2050">1</income-elasticity>
                <income-elasticity year="2045">1.06</income-elasticity>
                <income-elasticity year="2040">1.102</income-elasticity>
                <income-elasticity year="2035">1.133</income-elasticity>
                <income-elasticity year="2030">1.153</income-elasticity>
                <income-elasticity year="2025">1.171</income-elasticity>
                <income-elasticity year="2020">1.192</income-elasticity>
                <income-elasticity year="2015">1.226</income-elasticity>
            </energy-final-demand>
        </region>
        <region name="Africa_Western">
            <energy-final-demand name="industry">
                <income-elasticity year="2100">0.444</income-elasticity>
                <income-elasticity year="2095">0.498</income-elasticity>
                <income-elasticity year="2090">0.563</income-elasticity>
                <income-elasticity year="2085">0.627</income-elasticity>
                <income-elasticity year="2080">0.689</income-elasticity>
                <income-elasticity year="2075">0.752</income-elasticity>
                <income-elasticity year="2070">0.813</income-elasticity>
                <income-elasticity year="2065">0.872</income-elasticity>
                <income-elasticity year="2060">0.941</income-elasticity>
                <income-elasticity year="2055">1.025</income-elasticity>
                <income-elasticity year="2050">1.093</income-elasticity>
                <income-elasticity year="2045">1.156</income-elasticity>
                <income-elasticity year="2040">1.208</income-elasticity>
                <income-elasticity year="2035">1.251</income-elasticity>
                <income-elasticity year="2030">1.286</income-elasticity>
                <income-elasticity year="2025">1.317</income-elasticity>
                <income-elasticity year="2020">1.345</income-elasticity>
                <income-elasticity year="2015">1.366</income-elasticity>
            </energy-final-demand>
        </region>
        <region name="Australia_NZ">
            <energy-final-demand name="industry">
                <income-elasticity year="2100">0.139</income-elasticity>
                <income-elasticity year="2095">0.142</income-elasticity>
                <income-elasticity year="2090">0.145</income-elasticity>
                <income-elasticity year="2085">0.148</income-elasticity>
                <income-elasticity year="2080">0.151</income-elasticity>
                <income-elasticity year="2075">0.154</income-elasticity>
                <income-elasticity year="2070">0.156</income-elasticity>
                <income-elasticity year="2065">0.16</income-elasticity>
                <income-elasticity year="2060">0.163</income-elasticity>
                <income-elasticity year="2055">0.166</income-elasticity>
                <income-elasticity year="2050">0.169</income-elasticity>
                <income-elasticity year="2045">0.173</income-elasticity>
                <income-elasticity year="2040">0.176</income-elasticity>
                <income-elasticity year="2035">0.18</income-elasticity>
                <income-elasticity year="2030">0.183</income-elasticity>
                <income-elasticity year="2025">0.186</income-elasticity>
                <income-elasticity year="2020">0.189</income-elasticity>
                <income-elasticity year="2015">0.193</income-elasticity>
            </energy-final-demand>
        </region>
        <region name="Brazil">
            <energy-final-demand name="industry">
                <income-elasticity year="2100">0.26</income-elasticity>
                <income-elasticity year="2095">0.272</income-elasticity>
                <income-elasticity year="2090">0.284</income-elasticity>
                <income-elasticity year="2085">0.298</income-elasticity>
                <income-elasticity year="2080">0.312</income-elasticity>
                <income-elasticity year="2075">0.327</income-elasticity>
                <income-elasticity year="2070">0.342</income-elasticity>
                <income-elasticity year="2065">0.366</income-elasticity>
                <income-elasticity year="2060">0.4</income-elasticity>
                <income-elasticity year="2055">0.434</income-elasticity>
                <income-elasticity year="2050">0.462</income-elasticity>
                <income-elasticity year="2045">0.493</income-elasticity>
                <income-elasticity year="2040">0.519</income-elasticity>
                <income-elasticity year="2035">0.547</income-elasticity>
                <income-elasticity year="2030">0.571</income-elasticity>
                <income-elasticity year="2025">0.6</income-elasticity>
                <income-elasticity year="2020">0.632</income-elasticity>
                <income-elasticity year="2015">0.671</income-elasticity>
            </energy-final-demand>
        </region>
        <region name="Canada">
            <energy-final-demand name="industry">
                <income-elasticity year="2100">0.017</income-elasticity>
                <income-elasticity year="2095">0.018</income-elasticity>
                <income-elasticity year="2090">0.02</income-elasticity>
                <income-elasticity year="2085">0.021</income-elasticity>
                <income-elasticity year="2080">0.023</income-elasticity>
                <income-elasticity year="2075">0.024</income-elasticity>
                <income-elasticity year="2070">0.026</income-elasticity>
                <income-elasticity year="2065">0.028</income-elasticity>
                <income-elasticity year="2060">0.03</income-elasticity>
                <income-elasticity year="2055">0.032</income-elasticity>
                <income-elasticity year="2050">0.034</income-elasticity>
                <income-elasticity year="2045">0.037</income-elasticity>
                <income-elasticity year="2040">0.039</income-elasticity>
                <income-elasticity year="2035">0.042</income-elasticity>
                <income-elasticity year="2030">0.045</income-elasticity>
                <income-elasticity year="2025">0.047</income-elasticity>
                <income-elasticity year="2020">0.05</income-elasticity>
                <income-elasticity year="2015">0.054</income-elasticity>
            </energy-final-demand>
        </region>
        <region name="Central America and Caribbean">
            <energy-final-demand name="industry">
                <income-elasticity year="2100">0.251</income-elasticity>
                <income-elasticity year="2095">0.254</income-elasticity>
                <income-elasticity year="2090">0.258</income-elasticity>
                <income-elasticity year="2085">0.268</income-elasticity>
                <income-elasticity year="2080">0.287</income-elasticity>
                <income-elasticity year="2075">0.307</income-elasticity>
                <income-elasticity year="2070">0.326</income-elasticity>
                <income-elasticity year="2065">0.345</income-elasticity>
                <income-elasticity year="2060">0.385</income-elasticity>
                <income-elasticity year="2055">0.436</income-elasticity>
                <income-elasticity year="2050">0.483</income-elasticity>
                <income-elasticity year="2045">0.534</income-elasticity>
                <income-elasticity year="2040">0.58</income-elasticity>
                <income-elasticity year="2035">0.625</income-elasticity>
                <income-elasticity year="2030">0.663</income-elasticity>
                <income-elasticity year="2025">0.701</income-elasticity>
                <income-elasticity year="2020">0.735</income-elasticity>
                <income-elasticity year="2015">0.763</income-elasticity>
            </energy-final-demand>
        </region>
        <region name="Central Asia">
            <energy-final-demand name="industry">
                <income-elasticity year="2100">0.203</income-elasticity>
                <income-elasticity year="2095">0.211</income-elasticity>
                <income-elasticity year="2090">0.219</income-elasticity>
                <income-elasticity year="2085">0.223</income-elasticity>
                <income-elasticity year="2080">0.228</income-elasticity>
                <income-elasticity year="2075">0.232</income-elasticity>
                <income-elasticity year="2070">0.236</income-elasticity>
                <income-elasticity year="2065">0.239</income-elasticity>
                <income-elasticity year="2060">0.243</income-elasticity>
                <income-elasticity year="2055">0.247</income-elasticity>
                <income-elasticity year="2050">0.251</income-elasticity>
                <income-elasticity year="2045">0.255</income-elasticity>
                <income-elasticity year="2040">0.259</income-elasticity>
                <income-elasticity year="2035">0.273</income-elasticity>
                <income-elasticity year="2030">0.29</income-elasticity>
                <income-elasticity year="2025">0.31</income-elasticity>
                <income-elasticity year="2020">0.333</income-elasticity>
                <income-elasticity year="2015">0.372</income-elasticity>
            </energy-final-demand>
        </region>
        <region name="China">
            <energy-final-demand name="industry">
                <income-elasticity year="2100">0.204</income-elasticity>
                <income-elasticity year="2095">0.209</income-elasticity>
                <income-elasticity year="2090">0.215</income-elasticity>
                <income-elasticity year="2085">0.221</income-elasticity>
                <income-elasticity year="2080">0.225</income-elasticity>
                <income-elasticity year="2075">0.229</income-elasticity>
                <income-elasticity year="2070">0.233</income-elasticity>
                <income-elasticity year="2065">0.237</income-elasticity>
                <income-elasticity year="2060">0.241</income-elasticity>
                <income-elasticity year="2055">0.244</income-elasticity>
                <income-elasticity year="2050">0.248</income-elasticity>
                <income-elasticity year="2045">0.252</income-elasticity>
                <income-elasticity year="2040">0.257</income-elasticity>
                <income-elasticity year="2035">0.267</income-elasticity>
                <income-elasticity year="2030">0.291</income-elasticity>
                <income-elasticity year="2025">0.318</income-elasticity>
                <income-elasticity year="2020">0.347</income-elasticity>
                <income-elasticity year="2015">0.448</income-elasticity>
            </energy-final-demand>
        </region>
        <region name="EU-12">
            <energy-final-demand name="industry">
                <income-elasticity year="2100">0.234</income-elasticity>
                <income-elasticity year="2095">0.237</income-elasticity>
                <income-elasticity year="2090">0.241</income-elasticity>
                <income-elasticity year="2085">0.244</income-elasticity>
                <income-elasticity year="2080">0.247</income-elasticity>
                <income-elasticity year="2075">0.251</income-elasticity>
                <income-elasticity year="2070">0.254</income-elasticity>
                <income-elasticity year="2065">0.258</income-elasticity>
                <income-elasticity year="2060">0.263</income-elasticity>
                <income-elasticity year="2055">0.279</income-elasticity>
                <income-elasticity year="2050">0.293</income-elasticity>
                <income-elasticity year="2045">0.311</income-elasticity>
                <income-elasticity year="2040">0.327</income-elasticity>
                <income-elasticity year="2035">0.344</income-elasticity>
                <income-elasticity year="2030">0.373</income-elasticity>
                <income-elasticity year="2025">0.42</income-elasticity>
                <income-elasticity year="2020">0.467</income-elasticity>
                <income-elasticity year="2015">0.527</income-elasticity>
            </energy-final-demand>
        </region>
        <region name="EU-15">
            <energy-final-demand name="industry">
                <income-elasticity year="2100">0.252</income-elasticity>
                <income-elasticity year="2095">0.253</income-elasticity>
                <income-elasticity year="2090">0.255</income-elasticity>
                <income-elasticity year="2085">0.256</income-elasticity>
                <income-elasticity year="2080">0.258</income-elasticity>
                <income-elasticity year="2075">0.259</income-elasticity>
                <income-elasticity year="2070">0.263</income-elasticity>
                <income-elasticity year="2065">0.27</income-elasticity>
                <income-elasticity year="2060">0.276</income-elasticity>
                <income-elasticity year="2055">0.283</income-elasticity>
                <income-elasticity year="2050">0.289</income-elasticity>
                <income-elasticity year="2045">0.296</income-elasticity>
                <income-elasticity year="2040">0.302</income-elasticity>
                <income-elasticity year="2035">0.309</income-elasticity>
                <income-elasticity year="2030">0.314</income-elasticity>
                <income-elasticity year="2025">0.321</income-elasticity>
                <income-elasticity year="2020">0.328</income-elasticity>
                <income-elasticity year="2015">0.334</income-elasticity>
            </energy-final-demand>
        </region>
        <region name="Europe_Eastern">
            <energy-final-demand name="industry">
                <income-elasticity year="2100">0.154</income-elasticity>
                <income-elasticity year="2095">0.161</income-elasticity>
                <income-elasticity year="2090">0.169</income-elasticity>
                <income-elasticity year="2085">0.177</income-elasticity>
                <income-elasticity year="2080">0.185</income-elasticity>
                <income-elasticity year="2075">0.193</income-elasticity>
                <income-elasticity year="2070">0.202</income-elasticity>
                <income-elasticity year="2065">0.211</income-elasticity>
                <income-elasticity year="2060">0.22</income-elasticity>
                <income-elasticity year="2055">0.225</income-elasticity>
                <income-elasticity year="2050">0.23</income-elasticity>
                <income-elasticity year="2045">0.235</income-elasticity>
                <income-elasticity year="2040">0.24</income-elasticity>
                <income-elasticity year="2035">0.245</income-elasticity>
                <income-elasticity year="2030">0.249</income-elasticity>
                <income-elasticity year="2025">0.253</income-elasticity>
                <income-elasticity year="2020">0.257</income-elasticity>
                <income-elasticity year="2015">0.267</income-elasticity>
            </energy-final-demand>
        </region>
        <region name="Europe_Non_EU">
            <energy-final-demand name="industry">
                <income-elasticity year="2100">0.254</income-elasticity>
                <income-elasticity year="2095">0.255</income-elasticity>
                <income-elasticity year="2090">0.257</income-elasticity>
                <income-elasticity year="2085">0.259</income-elasticity>
                <income-elasticity year="2080">0.266</income-elasticity>
                <income-elasticity year="2075">0.275</income-elasticity>
                <income-elasticity year="2070">0.285</income-elasticity>
                <income-elasticity year="2065">0.295</income-elasticity>
                <income-elasticity year="2060">0.305</income-elasticity>
                <income-elasticity year="2055">0.315</income-elasticity>
                <income-elasticity year="2050">0.325</income-elasticity>
                <income-elasticity year="2045">0.337</income-elasticity>
                <income-elasticity year="2040">0.347</income-elasticity>
                <income-elasticity year="2035">0.376</income-elasticity>
                <income-elasticity year="2030">0.411</income-elasticity>
                <income-elasticity year="2025">0.455</income-elasticity>
                <income-elasticity year="2020">0.507</income-elasticity>
                <income-elasticity year="2015">0.569</income-elasticity>
            </energy-final-demand>
        </region>
        <region name="European Free Trade Association">
            <energy-final-demand name="industry">
                <income-elasticity year="2100">0.206</income-elasticity>
                <income-elasticity year="2095">0.209</income-elasticity>
                <income-elasticity year="2090">0.212</income-elasticity>
                <income-elasticity year="2085">0.216</income-elasticity>
                <income-elasticity year="2080">0.219</income-elasticity>
                <income-elasticity year="2075">0.221</income-elasticity>
                <income-elasticity year="2070">0.223</income-elasticity>
                <income-elasticity year="2065">0.225</income-elasticity>
                <income-elasticity year="2060">0.227</income-elasticity>
                <income-elasticity year="2055">0.228</income-elasticity>
                <income-elasticity year="2050">0.23</income-elasticity>
                <income-elasticity year="2045">0.231</income-elasticity>
                <income-elasticity year="2040">0.232</income-elasticity>
                <income-elasticity year="2035">0.233</income-elasticity>
                <income-elasticity year="2030">0.234</income-elasticity>
                <income-elasticity year="2025">0.236</income-elasticity>
                <income-elasticity year="2020">0.237</income-elasticity>
                <income-elasticity year="2015">0.239</income-elasticity>
            </energy-final-demand>
        </region>
        <region name="India">
            <energy-final-demand name="industry">
                <income-elasticity year="2100">0.248</income-elasticity>
                <income-elasticity year="2095">0.251</income-elasticity>
                <income-elasticity year="2090">0.255</income-elasticity>
                <income-elasticity year="2085">0.259</income-elasticity>
                <income-elasticity year="2080">0.274</income-elasticity>
                <income-elasticity year="2075">0.291</income-elasticity>
                <income-elasticity year="2070">0.31</income-elasticity>
                <income-elasticity year="2065">0.329</income-elasticity>
                <income-elasticity year="2060">0.35</income-elasticity>
                <income-elasticity year="2055">0.413</income-elasticity>
                <income-elasticity year="2050">0.487</income-elasticity>
                <income-elasticity year="2045">0.566</income-elasticity>
                <income-elasticity year="2040">0.647</income-elasticity>
                <income-elasticity year="2035">0.728</income-elasticity>
                <income-elasticity year="2030">0.807</income-elasticity>
                <income-elasticity year="2025">0.881</income-elasticity>
                <income-elasticity year="2020">0.991</income-elasticity>
                <income-elasticity year="2015">1.102</income-elasticity>
            </energy-final-demand>
        </region>
        <region name="Indonesia">
            <energy-final-demand name="industry">
                <income-elasticity year="2100">0.242</income-elasticity>
                <income-elasticity year="2095">0.245</income-elasticity>
                <income-elasticity year="2090">0.248</income-elasticity>
                <income-elasticity year="2085">0.252</income-elasticity>
                <income-elasticity year="2080">0.255</income-elasticity>
                <income-elasticity year="2075">0.258</income-elasticity>
                <income-elasticity year="2070">0.268</income-elasticity>
                <income-elasticity year="2065">0.284</income-elasticity>
                <income-elasticity year="2060">0.303</income-elasticity>
                <income-elasticity year="2055">0.323</income-elasticity>
                <income-elasticity year="2050">0.344</income-elasticity>
                <income-elasticity year="2045">0.398</income-elasticity>
                <income-elasticity year="2040">0.474</income-elasticity>
                <income-elasticity year="2035">0.559</income-elasticity>
                <income-elasticity year="2030">0.651</income-elasticity>
                <income-elasticity year="2025">0.747</income-elasticity>
                <income-elasticity year="2020">0.846</income-elasticity>
                <income-elasticity year="2015">0.967</income-elasticity>
            </energy-final-demand>
        </region>
        <region name="Japan">
            <energy-final-demand name="industry">
                <income-elasticity year="2100">0.225</income-elasticity>
                <income-elasticity year="2095">0.227</income-elasticity>
                <income-elasticity year="2090">0.229</income-elasticity>
                <income-elasticity year="2085">0.23</income-elasticity>
                <income-elasticity year="2080">0.232</income-elasticity>
                <income-elasticity year="2075">0.234</income-elasticity>
                <income-elasticity year="2070">0.236</income-elasticity>
                <income-elasticity year="2065">0.237</income-elasticity>
                <income-elasticity year="2060">0.239</income-elasticity>
                <income-elasticity year="2055">0.241</income-elasticity>
                <income-elasticity year="2050">0.243</income-elasticity>
                <income-elasticity year="2045">0.244</income-elasticity>
                <income-elasticity year="2040">0.246</income-elasticity>
                <income-elasticity year="2035">0.248</income-elasticity>
                <income-elasticity year="2030">0.249</income-elasticity>
                <income-elasticity year="2025">0.25</income-elasticity>
                <income-elasticity year="2020">0.252</income-elasticity>
                <income-elasticity year="2015">0.253</income-elasticity>
            </energy-final-demand>
        </region>
        <region name="Mexico">
            <energy-final-demand name="industry">
                <income-elasticity year="2100">0.258</income-elasticity>
                <income-elasticity year="2095">0.264</income-elasticity>
                <income-elasticity year="2090">0.278</income-elasticity>
                <income-elasticity year="2085">0.293</income-elasticity>
                <income-elasticity year="2080">0.309</income-elasticity>
                <income-elasticity year="2075">0.326</income-elasticity>
                <income-elasticity year="2070">0.342</income-elasticity>
                <income-elasticity year="2065">0.373</income-elasticity>
                <income-elasticity year="2060">0.415</income-elasticity>
                <income-elasticity year="2055">0.457</income-elasticity>
                <income-elasticity year="2050">0.494</income-elasticity>
                <income-elasticity year="2045">0.534</income-elasticity>
                <income-elasticity year="2040">0.567</income-elasticity>
                <income-elasticity year="2035">0.601</income-elasticity>
                <income-elasticity year="2030">0.629</income-elasticity>
                <income-elasticity year="2025">0.657</income-elasticity>
                <income-elasticity year="2020">0.682</income-elasticity>
                <income-elasticity year="2015">0.703</income-elasticity>
            </energy-final-demand>
        </region>
        <region name="Middle East">
            <energy-final-demand name="industry">
                <income-elasticity year="2100">0.238</income-elasticity>
                <income-elasticity year="2095">0.24</income-elasticity>
                <income-elasticity year="2090">0.243</income-elasticity>
                <income-elasticity year="2085">0.245</income-elasticity>
                <income-elasticity year="2080">0.247</income-elasticity>
                <income-elasticity year="2075">0.249</income-elasticity>
                <income-elasticity year="2070">0.252</income-elasticity>
                <income-elasticity year="2065">0.254</income-elasticity>
                <income-elasticity year="2060">0.256</income-elasticity>
                <income-elasticity year="2055">0.258</income-elasticity>
                <income-elasticity year="2050">0.259</income-elasticity>
                <income-elasticity year="2045">0.267</income-elasticity>
                <income-elasticity year="2040">0.276</income-elasticity>
                <income-elasticity year="2035">0.286</income-elasticity>
                <income-elasticity year="2030">0.295</income-elasticity>
                <income-elasticity year="2025">0.305</income-elasticity>
                <income-elasticity year="2020">0.315</income-elasticity>
                <income-elasticity year="2015">0.327</income-elasticity>
            </energy-final-demand>
        </region>
        <region name="Pakistan">
            <energy-final-demand name="industry">
                <income-elasticity year="2100">0.247</income-elasticity>
                <income-elasticity year="2095">0.251</income-elasticity>
                <income-elasticity year="2090">0.255</income-elasticity>
                <income-elasticity year="2085">0.259</income-elasticity>
                <income-elasticity year="2080">0.276</income-elasticity>
                <income-elasticity year="2075">0.297</income-elasticity>
                <income-elasticity year="2070">0.32</income-elasticity>
                <income-elasticity year="2065">0.344</income-elasticity>
                <income-elasticity year="2060">0.41</income-elasticity>
                <income-elasticity year="2055">0.495</income-elasticity>
                <income-elasticity year="2050">0.587</income-elasticity>
                <income-elasticity year="2045">0.672</income-elasticity>
                <income-elasticity year="2040">0.755</income-elasticity>
                <income-elasticity year="2035">0.829</income-elasticity>
                <income-elasticity year="2030">0.894</income-elasticity>
                <income-elasticity year="2025">0.992</income-elasticity>
                <income-elasticity year="2020">1.072</income-elasticity>
                <income-elasticity year="2015">1.128</income-elasticity>
            </energy-final-demand>
        </region>
        <region name="Russia">
            <energy-final-demand name="industry">
                <income-elasticity year="2100">0.04</income-elasticity>
                <income-elasticity year="2095">0.045</income-elasticity>
                <income-elasticity year="2090">0.051</income-elasticity>
                <income-elasticity year="2085">0.058</income-elasticity>
                <income-elasticity year="2080">0.066</income-elasticity>
                <income-elasticity year="2075">0.074</income-elasticity>
                <income-elasticity year="2070">0.084</income-elasticity>
                <income-elasticity year="2065">0.096</income-elasticity>
                <income-elasticity year="2060">0.103</income-elasticity>
                <income-elasticity year="2055">0.108</income-elasticity>
                <income-elasticity year="2050">0.113</income-elasticity>
                <income-elasticity year="2045">0.119</income-elasticity>
                <income-elasticity year="2040">0.125</income-elasticity>
                <income-elasticity year="2035">0.131</income-elasticity>
                <income-elasticity year="2030">0.137</income-elasticity>
                <income-elasticity year="2025">0.144</income-elasticity>
                <income-elasticity year="2020">0.151</income-elasticity>
                <income-elasticity year="2015">0.159</income-elasticity>
            </energy-final-demand>
        </region>
        <region name="South Africa">
            <energy-final-demand name="industry">
                <income-elasticity year="2100">0.258</income-elasticity>
                <income-elasticity year="2095">0.259</income-elasticity>
                <income-elasticity year="2090">0.267</income-elasticity>
                <income-elasticity year="2085">0.276</income-elasticity>
                <income-elasticity year="2080">0.284</income-elasticity>
                <income-elasticity year="2075">0.293</income-elasticity>
                <income-elasticity year="2070">0.302</income-elasticity>
                <income-elasticity year="2065">0.312</income-elasticity>
                <income-elasticity year="2060">0.319</income-elasticity>
                <income-elasticity year="2055">0.327</income-elasticity>
                <income-elasticity year="2050">0.332</income-elasticity>
                <income-elasticity year="2045">0.337</income-elasticity>
                <income-elasticity year="2040">0.342</income-elasticity>
                <income-elasticity year="2035">0.347</income-elasticity>
                <income-elasticity year="2030">0.355</income-elasticity>
                <income-elasticity year="2025">0.371</income-elasticity>
                <income-elasticity year="2020">0.395</income-elasticity>
                <income-elasticity year="2015">0.424</income-elasticity>
            </energy-final-demand>
        </region>
        <region name="South America_Northern">
            <energy-final-demand name="industry">
                <income-elasticity year="2100">0.243</income-elasticity>
                <income-elasticity year="2095">0.246</income-elasticity>
                <income-elasticity year="2090">0.249</income-elasticity>
                <income-elasticity year="2085">0.252</income-elasticity>
                <income-elasticity year="2080">0.256</income-elasticity>
                <income-elasticity year="2075">0.259</income-elasticity>
                <income-elasticity year="2070">0.271</income-elasticity>
                <income-elasticity year="2065">0.286</income-elasticity>
                <income-elasticity year="2060">0.299</income-elasticity>
                <income-elasticity year="2055">0.312</income-elasticity>
                <income-elasticity year="2050">0.323</income-elasticity>
                <income-elasticity year="2045">0.335</income-elasticity>
                <income-elasticity year="2040">0.345</income-elasticity>
                <income-elasticity year="2035">0.364</income-elasticity>
                <income-elasticity year="2030">0.388</income-elasticity>
                <income-elasticity year="2025">0.414</income-elasticity>
                <income-elasticity year="2020">0.436</income-elasticity>
                <income-elasticity year="2015">0.448</income-elasticity>
            </energy-final-demand>
        </region>
        <region name="South America_Southern">
            <energy-final-demand name="industry">
                <income-elasticity year="2100">0.259</income-elasticity>
                <income-elasticity year="2095">0.27</income-elasticity>
                <income-elasticity year="2090">0.283</income-elasticity>
                <income-elasticity year="2085">0.298</income-elasticity>
                <income-elasticity year="2080">0.315</income-elasticity>
                <income-elasticity year="2075">0.332</income-elasticity>
                <income-elasticity year="2070">0.348</income-elasticity>
                <income-elasticity year="2065">0.394</income-elasticity>
                <income-elasticity year="2060">0.439</income-elasticity>
                <income-elasticity year="2055">0.485</income-elasticity>
                <income-elasticity year="2050">0.526</income-elasticity>
                <income-elasticity year="2045">0.572</income-elasticity>
                <income-elasticity year="2040">0.613</income-elasticity>
                <income-elasticity year="2035">0.654</income-elasticity>
                <income-elasticity year="2030">0.69</income-elasticity>
                <income-elasticity year="2025">0.73</income-elasticity>
                <income-elasticity year="2020">0.772</income-elasticity>
                <income-elasticity year="2015">0.815</income-elasticity>
            </energy-final-demand>
        </region>
        <region name="South Asia">
            <energy-final-demand name="industry">
                <income-elasticity year="2100">0.256</income-elasticity>
                <income-elasticity year="2095">0.26</income-elasticity>
                <income-elasticity year="2090">0.278</income-elasticity>
                <income-elasticity year="2085">0.298</income-elasticity>
                <income-elasticity year="2080">0.318</income-elasticity>
                <income-elasticity year="2075">0.339</income-elasticity>
                <income-elasticity year="2070">0.386</income-elasticity>
                <income-elasticity year="2065">0.456</income-elasticity>
                <income-elasticity year="2060">0.537</income-elasticity>
                <income-elasticity year="2055">0.619</income-elasticity>
                <income-elasticity year="2050">0.7</income-elasticity>
                <income-elasticity year="2045">0.773</income-elasticity>
                <income-elasticity year="2040">0.842</income-elasticity>
                <income-elasticity year="2035">0.907</income-elasticity>
                <income-elasticity year="2030">1.014</income-elasticity>
                <income-elasticity year="2025">1.114</income-elasticity>
                <income-elasticity year="2020">1.215</income-elasticity>
                <income-elasticity year="2015">1.3</income-elasticity>
            </energy-final-demand>
        </region>
        <region name="South Korea">
            <energy-final-demand name="industry">
                <income-elasticity year="2100">0.091</income-elasticity>
                <income-elasticity year="2095">0.099</income-elasticity>
                <income-elasticity year="2090">0.103</income-elasticity>
                <income-elasticity year="2085">0.106</income-elasticity>
                <income-elasticity year="2080">0.11</income-elasticity>
                <income-elasticity year="2075">0.113</income-elasticity>
                <income-elasticity year="2070">0.117</income-elasticity>
                <income-elasticity year="2065">0.121</income-elasticity>
                <income-elasticity year="2060">0.124</income-elasticity>
                <income-elasticity year="2055">0.128</income-elasticity>
                <income-elasticity year="2050">0.132</income-elasticity>
                <income-elasticity year="2045">0.137</income-elasticity>
                <income-elasticity year="2040">0.141</income-elasticity>
                <income-elasticity year="2035">0.145</income-elasticity>
                <income-elasticity year="2030">0.149</income-elasticity>
                <income-elasticity year="2025">0.153</income-elasticity>
                <income-elasticity year="2020">0.156</income-elasticity>
                <income-elasticity year="2015">0.16</income-elasticity>
            </energy-final-demand>
        </region>
        <region name="Southeast Asia">
            <energy-final-demand name="industry">
                <income-elasticity year="2100">0.24</income-elasticity>
                <income-elasticity year="2095">0.244</income-elasticity>
                <income-elasticity year="2090">0.247</income-elasticity>
                <income-elasticity year="2085">0.251</income-elasticity>
                <income-elasticity year="2080">0.254</income-elasticity>
                <income-elasticity year="2075">0.258</income-elasticity>
                <income-elasticity year="2070">0.268</income-elasticity>
                <income-elasticity year="2065">0.286</income-elasticity>
                <income-elasticity year="2060">0.304</income-elasticity>
                <income-elasticity year="2055">0.324</income-elasticity>
                <income-elasticity year="2050">0.344</income-elasticity>
                <income-elasticity year="2045">0.392</income-elasticity>
                <income-elasticity year="2040">0.458</income-elasticity>
                <income-elasticity year="2035">0.528</income-elasticity>
                <income-elasticity year="2030">0.602</income-elasticity>
                <income-elasticity year="2025">0.676</income-elasticity>
                <income-elasticity year="2020">0.748</income-elasticity>
                <income-elasticity year="2015">0.819</income-elasticity>
            </energy-final-demand>
        </region>
        <region name="Taiwan">
            <energy-final-demand name="industry">
                <income-elasticity year="2100">0.034</income-elasticity>
                <income-elasticity year="2095">0.035</income-elasticity>
                <income-elasticity year="2090">0.037</income-elasticity>
                <income-elasticity year="2085">0.039</income-elasticity>
                <income-elasticity year="2080">0.041</income-elasticity>
                <income-elasticity year="2075">0.044</income-elasticity>
                <income-elasticity year="2070">0.048</income-elasticity>
                <income-elasticity year="2065">0.052</income-elasticity>
                <income-elasticity year="2060">0.057</income-elasticity>
                <income-elasticity year="2055">0.061</income-elasticity>
                <income-elasticity year="2050">0.065</income-elasticity>
                <income-elasticity year="2045">0.069</income-elasticity>
                <income-elasticity year="2040">0.075</income-elasticity>
                <income-elasticity year="2035">0.083</income-elasticity>
                <income-elasticity year="2030">0.093</income-elasticity>
                <income-elasticity year="2025">0.102</income-elasticity>
                <income-elasticity year="2020">0.107</income-elasticity>
                <income-elasticity year="2015">0.116</income-elasticity>
            </energy-final-demand>
        </region>
        <region name="Argentina">
            <energy-final-demand name="industry">
                <income-elasticity year="2100">0.25</income-elasticity>
                <income-elasticity year="2095">0.252</income-elasticity>
                <income-elasticity year="2090">0.254</income-elasticity>
                <income-elasticity year="2085">0.257</income-elasticity>
                <income-elasticity year="2080">0.26</income-elasticity>
                <income-elasticity year="2075">0.273</income-elasticity>
                <income-elasticity year="2070">0.286</income-elasticity>
                <income-elasticity year="2065">0.299</income-elasticity>
                <income-elasticity year="2060">0.31</income-elasticity>
                <income-elasticity year="2055">0.321</income-elasticity>
                <income-elasticity year="2050">0.33</income-elasticity>
                <income-elasticity year="2045">0.34</income-elasticity>
                <income-elasticity year="2040">0.348</income-elasticity>
                <income-elasticity year="2035">0.373</income-elasticity>
                <income-elasticity year="2030">0.401</income-elasticity>
                <income-elasticity year="2025">0.435</income-elasticity>
                <income-elasticity year="2020">0.469</income-elasticity>
                <income-elasticity year="2015">0.505</income-elasticity>
            </energy-final-demand>
        </region>
        <region name="Colombia">
            <energy-final-demand name="industry">
                <income-elasticity year="2100">0.322</income-elasticity>
                <income-elasticity year="2095">0.336</income-elasticity>
                <income-elasticity year="2090">0.35</income-elasticity>
                <income-elasticity year="2085">0.397</income-elasticity>
                <income-elasticity year="2080">0.451</income-elasticity>
                <income-elasticity year="2075">0.509</income-elasticity>
                <income-elasticity year="2070">0.568</income-elasticity>
                <income-elasticity year="2065">0.625</income-elasticity>
                <income-elasticity year="2060">0.673</income-elasticity>
                <income-elasticity year="2055">0.719</income-elasticity>
                <income-elasticity year="2050">0.756</income-elasticity>
                <income-elasticity year="2045">0.796</income-elasticity>
                <income-elasticity year="2040">0.828</income-elasticity>
                <income-elasticity year="2035">0.86</income-elasticity>
                <income-elasticity year="2030">0.885</income-elasticity>
                <income-elasticity year="2025">0.915</income-elasticity>
                <income-elasticity year="2020">0.945</income-elasticity>
                <income-elasticity year="2015">0.989</income-elasticity>
            </energy-final-demand>
        </region>
    </world>
</scenario>
