<?xml version="1.0" encoding="UTF-8"?>
<scenario>
    <world>
        <region name="USA">
            <energy-final-demand name="industry">
                <income-elasticity year="2100">0.201</income-elasticity>
                <income-elasticity year="2095">0.204</income-elasticity>
                <income-elasticity year="2090">0.207</income-elasticity>
                <income-elasticity year="2085">0.209</income-elasticity>
                <income-elasticity year="2080">0.212</income-elasticity>
                <income-elasticity year="2075">0.214</income-elasticity>
                <income-elasticity year="2070">0.217</income-elasticity>
                <income-elasticity year="2065">0.219</income-elasticity>
                <income-elasticity year="2060">0.221</income-elasticity>
                <income-elasticity year="2055">0.222</income-elasticity>
                <income-elasticity year="2050">0.223</income-elasticity>
                <income-elasticity year="2045">0.225</income-elasticity>
                <income-elasticity year="2040">0.226</income-elasticity>
                <income-elasticity year="2035">0.228</income-elasticity>
                <income-elasticity year="2030">0.23</income-elasticity>
                <income-elasticity year="2025">0.233</income-elasticity>
                <income-elasticity year="2020">0.235</income-elasticity>
                <income-elasticity year="2015">0.238</income-elasticity>
            </energy-final-demand>
        </region>
        <region name="Africa_Eastern">
            <energy-final-demand name="industry">
                <income-elasticity year="2100">0.816</income-elasticity>
                <income-elasticity year="2095">0.84</income-elasticity>
                <income-elasticity year="2090">0.862</income-elasticity>
                <income-elasticity year="2085">0.884</income-elasticity>
                <income-elasticity year="2080">0.91</income-elasticity>
                <income-elasticity year="2075">0.949</income-elasticity>
                <income-elasticity year="2070">0.987</income-elasticity>
                <income-elasticity year="2065">1.023</income-elasticity>
                <income-elasticity year="2060">1.058</income-elasticity>
                <income-elasticity year="2055">1.089</income-elasticity>
                <income-elasticity year="2050">1.117</income-elasticity>
                <income-elasticity year="2045">1.147</income-elasticity>
                <income-elasticity year="2040">1.176</income-elasticity>
                <income-elasticity year="2035">1.203</income-elasticity>
                <income-elasticity year="2030">1.229</income-elasticity>
                <income-elasticity year="2025">1.263</income-elasticity>
                <income-elasticity year="2020">1.302</income-elasticity>
                <income-elasticity year="2015">1.348</income-elasticity>
            </energy-final-demand>
        </region>
        <region name="Africa_Northern">
            <energy-final-demand name="industry">
                <income-elasticity year="2100">0.299</income-elasticity>
                <income-elasticity year="2095">0.309</income-elasticity>
                <income-elasticity year="2090">0.319</income-elasticity>
                <income-elasticity year="2085">0.329</income-elasticity>
                <income-elasticity year="2080">0.339</income-elasticity>
                <income-elasticity year="2075">0.35</income-elasticity>
                <income-elasticity year="2070">0.382</income-elasticity>
                <income-elasticity year="2065">0.419</income-elasticity>
                <income-elasticity year="2060">0.461</income-elasticity>
                <income-elasticity year="2055">0.505</income-elasticity>
                <income-elasticity year="2050">0.551</income-elasticity>
                <income-elasticity year="2045">0.597</income-elasticity>
                <income-elasticity year="2040">0.646</income-elasticity>
                <income-elasticity year="2035">0.699</income-elasticity>
                <income-elasticity year="2030">0.757</income-elasticity>
                <income-elasticity year="2025">0.819</income-elasticity>
                <income-elasticity year="2020">0.878</income-elasticity>
                <income-elasticity year="2015">0.961</income-elasticity>
            </energy-final-demand>
        </region>
        <region name="Africa_Southern">
            <energy-final-demand name="industry">
                <income-elasticity year="2100">0.628</income-elasticity>
                <income-elasticity year="2095">0.661</income-elasticity>
                <income-elasticity year="2090">0.695</income-elasticity>
                <income-elasticity year="2085">0.729</income-elasticity>
                <income-elasticity year="2080">0.763</income-elasticity>
                <income-elasticity year="2075">0.797</income-elasticity>
                <income-elasticity year="2070">0.83</income-elasticity>
                <income-elasticity year="2065">0.862</income-elasticity>
                <income-elasticity year="2060">0.891</income-elasticity>
                <income-elasticity year="2055">0.933</income-elasticity>
                <income-elasticity year="2050">0.976</income-elasticity>
                <income-elasticity year="2045">1.01</income-elasticity>
                <income-elasticity year="2040">1.038</income-elasticity>
                <income-elasticity year="2035">1.059</income-elasticity>
                <income-elasticity year="2030">1.078</income-elasticity>
                <income-elasticity year="2025">1.109</income-elasticity>
                <income-elasticity year="2020">1.152</income-elasticity>
                <income-elasticity year="2015">1.216</income-elasticity>
            </energy-final-demand>
        </region>
        <region name="Africa_Western">
            <energy-final-demand name="industry">
                <income-elasticity year="2100">0.746</income-elasticity>
                <income-elasticity year="2095">0.77</income-elasticity>
                <income-elasticity year="2090">0.795</income-elasticity>
                <income-elasticity year="2085">0.819</income-elasticity>
                <income-elasticity year="2080">0.843</income-elasticity>
                <income-elasticity year="2075">0.867</income-elasticity>
                <income-elasticity year="2070">0.89</income-elasticity>
                <income-elasticity year="2065">0.922</income-elasticity>
                <income-elasticity year="2060">0.96</income-elasticity>
                <income-elasticity year="2055">0.996</income-elasticity>
                <income-elasticity year="2050">1.029</income-elasticity>
                <income-elasticity year="2045">1.059</income-elasticity>
                <income-elasticity year="2040">1.087</income-elasticity>
                <income-elasticity year="2035">1.117</income-elasticity>
                <income-elasticity year="2030">1.153</income-elasticity>
                <income-elasticity year="2025">1.201</income-elasticity>
                <income-elasticity year="2020">1.254</income-elasticity>
                <income-elasticity year="2015">1.306</income-elasticity>
            </energy-final-demand>
        </region>
        <region name="Australia_NZ">
            <energy-final-demand name="industry">
                <income-elasticity year="2100">0.128</income-elasticity>
                <income-elasticity year="2095">0.131</income-elasticity>
                <income-elasticity year="2090">0.134</income-elasticity>
                <income-elasticity year="2085">0.137</income-elasticity>
                <income-elasticity year="2080">0.14</income-elasticity>
                <income-elasticity year="2075">0.143</income-elasticity>
                <income-elasticity year="2070">0.146</income-elasticity>
                <income-elasticity year="2065">0.149</income-elasticity>
                <income-elasticity year="2060">0.153</income-elasticity>
                <income-elasticity year="2055">0.157</income-elasticity>
                <income-elasticity year="2050">0.16</income-elasticity>
                <income-elasticity year="2045">0.164</income-elasticity>
                <income-elasticity year="2040">0.168</income-elasticity>
                <income-elasticity year="2035">0.173</income-elasticity>
                <income-elasticity year="2030">0.178</income-elasticity>
                <income-elasticity year="2025">0.182</income-elasticity>
                <income-elasticity year="2020">0.187</income-elasticity>
                <income-elasticity year="2015">0.192</income-elasticity>
            </energy-final-demand>
        </region>
        <region name="Brazil">
            <energy-final-demand name="industry">
                <income-elasticity year="2100">0.254</income-elasticity>
                <income-elasticity year="2095">0.257</income-elasticity>
                <income-elasticity year="2090">0.259</income-elasticity>
                <income-elasticity year="2085">0.264</income-elasticity>
                <income-elasticity year="2080">0.273</income-elasticity>
                <income-elasticity year="2075">0.282</income-elasticity>
                <income-elasticity year="2070">0.292</income-elasticity>
                <income-elasticity year="2065">0.302</income-elasticity>
                <income-elasticity year="2060">0.311</income-elasticity>
                <income-elasticity year="2055">0.322</income-elasticity>
                <income-elasticity year="2050">0.332</income-elasticity>
                <income-elasticity year="2045">0.341</income-elasticity>
                <income-elasticity year="2040">0.355</income-elasticity>
                <income-elasticity year="2035">0.388</income-elasticity>
                <income-elasticity year="2030">0.423</income-elasticity>
                <income-elasticity year="2025">0.464</income-elasticity>
                <income-elasticity year="2020">0.512</income-elasticity>
                <income-elasticity year="2015">0.574</income-elasticity>
            </energy-final-demand>
        </region>
        <region name="Canada">
            <energy-final-demand name="industry">
                <income-elasticity year="2100">0.017</income-elasticity>
                <income-elasticity year="2095">0.019</income-elasticity>
                <income-elasticity year="2090">0.02</income-elasticity>
                <income-elasticity year="2085">0.021</income-elasticity>
                <income-elasticity year="2080">0.023</income-elasticity>
                <income-elasticity year="2075">0.024</income-elasticity>
                <income-elasticity year="2070">0.026</income-elasticity>
                <income-elasticity year="2065">0.028</income-elasticity>
                <income-elasticity year="2060">0.03</income-elasticity>
                <income-elasticity year="2055">0.032</income-elasticity>
                <income-elasticity year="2050">0.034</income-elasticity>
                <income-elasticity year="2045">0.036</income-elasticity>
                <income-elasticity year="2040">0.038</income-elasticity>
                <income-elasticity year="2035">0.041</income-elasticity>
                <income-elasticity year="2030">0.045</income-elasticity>
                <income-elasticity year="2025">0.048</income-elasticity>
                <income-elasticity year="2020">0.05</income-elasticity>
                <income-elasticity year="2015">0.054</income-elasticity>
            </energy-final-demand>
        </region>
        <region name="Central America and Caribbean">
            <energy-final-demand name="industry">
                <income-elasticity year="2100">0.402</income-elasticity>
                <income-elasticity year="2095">0.415</income-elasticity>
                <income-elasticity year="2090">0.429</income-elasticity>
                <income-elasticity year="2085">0.443</income-elasticity>
                <income-elasticity year="2080">0.459</income-elasticity>
                <income-elasticity year="2075">0.476</income-elasticity>
                <income-elasticity year="2070">0.495</income-elasticity>
                <income-elasticity year="2065">0.515</income-elasticity>
                <income-elasticity year="2060">0.538</income-elasticity>
                <income-elasticity year="2055">0.562</income-elasticity>
                <income-elasticity year="2050">0.588</income-elasticity>
                <income-elasticity year="2045">0.616</income-elasticity>
                <income-elasticity year="2040">0.645</income-elasticity>
                <income-elasticity year="2035">0.676</income-elasticity>
                <income-elasticity year="2030">0.709</income-elasticity>
                <income-elasticity year="2025">0.745</income-elasticity>
                <income-elasticity year="2020">0.784</income-elasticity>
                <income-elasticity year="2015">0.824</income-elasticity>
            </energy-final-demand>
        </region>
        <region name="Central Asia">
            <energy-final-demand name="industry">
                <income-elasticity year="2100">0.232</income-elasticity>
                <income-elasticity year="2095">0.234</income-elasticity>
                <income-elasticity year="2090">0.235</income-elasticity>
                <income-elasticity year="2085">0.237</income-elasticity>
                <income-elasticity year="2080">0.239</income-elasticity>
                <income-elasticity year="2075">0.241</income-elasticity>
                <income-elasticity year="2070">0.243</income-elasticity>
                <income-elasticity year="2065">0.245</income-elasticity>
                <income-elasticity year="2060">0.247</income-elasticity>
                <income-elasticity year="2055">0.249</income-elasticity>
                <income-elasticity year="2050">0.251</income-elasticity>
                <income-elasticity year="2045">0.253</income-elasticity>
                <income-elasticity year="2040">0.256</income-elasticity>
                <income-elasticity year="2035">0.261</income-elasticity>
                <income-elasticity year="2030">0.281</income-elasticity>
                <income-elasticity year="2025">0.305</income-elasticity>
                <income-elasticity year="2020">0.332</income-elasticity>
                <income-elasticity year="2015">0.38</income-elasticity>
            </energy-final-demand>
        </region>
        <region name="China">
            <energy-final-demand name="industry">
                <income-elasticity year="2100">0.231</income-elasticity>
                <income-elasticity year="2095">0.232</income-elasticity>
                <income-elasticity year="2090">0.234</income-elasticity>
                <income-elasticity year="2085">0.235</income-elasticity>
                <income-elasticity year="2080">0.237</income-elasticity>
                <income-elasticity year="2075">0.238</income-elasticity>
                <income-elasticity year="2070">0.24</income-elasticity>
                <income-elasticity year="2065">0.242</income-elasticity>
                <income-elasticity year="2060">0.244</income-elasticity>
                <income-elasticity year="2055">0.246</income-elasticity>
                <income-elasticity year="2050">0.248</income-elasticity>
                <income-elasticity year="2045">0.251</income-elasticity>
                <income-elasticity year="2040">0.254</income-elasticity>
                <income-elasticity year="2035">0.257</income-elasticity>
                <income-elasticity year="2030">0.265</income-elasticity>
                <income-elasticity year="2025">0.291</income-elasticity>
                <income-elasticity year="2020">0.324</income-elasticity>
                <income-elasticity year="2015">0.411</income-elasticity>
            </energy-final-demand>
        </region>
        <region name="EU-12">
            <energy-final-demand name="industry">
                <income-elasticity year="2100">0.252</income-elasticity>
                <income-elasticity year="2095">0.254</income-elasticity>
                <income-elasticity year="2090">0.256</income-elasticity>
                <income-elasticity year="2085">0.257</income-elasticity>
                <income-elasticity year="2080">0.259</income-elasticity>
                <income-elasticity year="2075">0.264</income-elasticity>
                <income-elasticity year="2070">0.272</income-elasticity>
                <income-elasticity year="2065">0.282</income-elasticity>
                <income-elasticity year="2060">0.291</income-elasticity>
                <income-elasticity year="2055">0.3</income-elasticity>
                <income-elasticity year="2050">0.309</income-elasticity>
                <income-elasticity year="2045">0.319</income-elasticity>
                <income-elasticity year="2040">0.33</income-elasticity>
                <income-elasticity year="2035">0.342</income-elasticity>
                <income-elasticity year="2030">0.372</income-elasticity>
                <income-elasticity year="2025">0.423</income-elasticity>
                <income-elasticity year="2020">0.478</income-elasticity>
                <income-elasticity year="2015">0.539</income-elasticity>
            </energy-final-demand>
        </region>
        <region name="EU-15">
            <energy-final-demand name="industry">
                <income-elasticity year="2100">0.247</income-elasticity>
                <income-elasticity year="2095">0.249</income-elasticity>
                <income-elasticity year="2090">0.25</income-elasticity>
                <income-elasticity year="2085">0.252</income-elasticity>
                <income-elasticity year="2080">0.253</income-elasticity>
                <income-elasticity year="2075">0.255</income-elasticity>
                <income-elasticity year="2070">0.257</income-elasticity>
                <income-elasticity year="2065">0.258</income-elasticity>
                <income-elasticity year="2060">0.26</income-elasticity>
                <income-elasticity year="2055">0.268</income-elasticity>
                <income-elasticity year="2050">0.276</income-elasticity>
                <income-elasticity year="2045">0.284</income-elasticity>
                <income-elasticity year="2040">0.293</income-elasticity>
                <income-elasticity year="2035">0.302</income-elasticity>
                <income-elasticity year="2030">0.311</income-elasticity>
                <income-elasticity year="2025">0.319</income-elasticity>
                <income-elasticity year="2020">0.327</income-elasticity>
                <income-elasticity year="2015">0.335</income-elasticity>
            </energy-final-demand>
        </region>
        <region name="Europe_Eastern">
            <energy-final-demand name="industry">
                <income-elasticity year="2100">0.208</income-elasticity>
                <income-elasticity year="2095">0.212</income-elasticity>
                <income-elasticity year="2090">0.217</income-elasticity>
                <income-elasticity year="2085">0.221</income-elasticity>
                <income-elasticity year="2080">0.223</income-elasticity>
                <income-elasticity year="2075">0.226</income-elasticity>
                <income-elasticity year="2070">0.229</income-elasticity>
                <income-elasticity year="2065">0.232</income-elasticity>
                <income-elasticity year="2060">0.235</income-elasticity>
                <income-elasticity year="2055">0.239</income-elasticity>
                <income-elasticity year="2050">0.242</income-elasticity>
                <income-elasticity year="2045">0.245</income-elasticity>
                <income-elasticity year="2040">0.248</income-elasticity>
                <income-elasticity year="2035">0.252</income-elasticity>
                <income-elasticity year="2030">0.257</income-elasticity>
                <income-elasticity year="2025">0.265</income-elasticity>
                <income-elasticity year="2020">0.288</income-elasticity>
                <income-elasticity year="2015">0.311</income-elasticity>
            </energy-final-demand>
        </region>
        <region name="Europe_Non_EU">
            <energy-final-demand name="industry">
                <income-elasticity year="2100">0.309</income-elasticity>
                <income-elasticity year="2095">0.316</income-elasticity>
                <income-elasticity year="2090">0.323</income-elasticity>
                <income-elasticity year="2085">0.33</income-elasticity>
                <income-elasticity year="2080">0.337</income-elasticity>
                <income-elasticity year="2075">0.345</income-elasticity>
                <income-elasticity year="2070">0.357</income-elasticity>
                <income-elasticity year="2065">0.38</income-elasticity>
                <income-elasticity year="2060">0.405</income-elasticity>
                <income-elasticity year="2055">0.432</income-elasticity>
                <income-elasticity year="2050">0.46</income-elasticity>
                <income-elasticity year="2045">0.489</income-elasticity>
                <income-elasticity year="2040">0.522</income-elasticity>
                <income-elasticity year="2035">0.559</income-elasticity>
                <income-elasticity year="2030">0.599</income-elasticity>
                <income-elasticity year="2025">0.642</income-elasticity>
                <income-elasticity year="2020">0.69</income-elasticity>
                <income-elasticity year="2015">0.747</income-elasticity>
            </energy-final-demand>
        </region>
        <region name="European Free Trade Association">
            <energy-final-demand name="industry">
                <income-elasticity year="2100">0.174</income-elasticity>
                <income-elasticity year="2095">0.177</income-elasticity>
                <income-elasticity year="2090">0.18</income-elasticity>
                <income-elasticity year="2085">0.184</income-elasticity>
                <income-elasticity year="2080">0.187</income-elasticity>
                <income-elasticity year="2075">0.191</income-elasticity>
                <income-elasticity year="2070">0.194</income-elasticity>
                <income-elasticity year="2065">0.198</income-elasticity>
                <income-elasticity year="2060">0.201</income-elasticity>
                <income-elasticity year="2055">0.205</income-elasticity>
                <income-elasticity year="2050">0.208</income-elasticity>
                <income-elasticity year="2045">0.212</income-elasticity>
                <income-elasticity year="2040">0.216</income-elasticity>
                <income-elasticity year="2035">0.219</income-elasticity>
                <income-elasticity year="2030">0.222</income-elasticity>
                <income-elasticity year="2025">0.224</income-elasticity>
                <income-elasticity year="2020">0.226</income-elasticity>
                <income-elasticity year="2015">0.228</income-elasticity>
            </energy-final-demand>
        </region>
        <region name="India">
            <energy-final-demand name="industry">
                <income-elasticity year="2100">0.306</income-elasticity>
                <income-elasticity year="2095">0.316</income-elasticity>
                <income-elasticity year="2090">0.326</income-elasticity>
                <income-elasticity year="2085">0.336</income-elasticity>
                <income-elasticity year="2080">0.347</income-elasticity>
                <income-elasticity year="2075">0.372</income-elasticity>
                <income-elasticity year="2070">0.407</income-elasticity>
                <income-elasticity year="2065">0.445</income-elasticity>
                <income-elasticity year="2060">0.488</income-elasticity>
                <income-elasticity year="2055">0.534</income-elasticity>
                <income-elasticity year="2050">0.584</income-elasticity>
                <income-elasticity year="2045">0.636</income-elasticity>
                <income-elasticity year="2040">0.691</income-elasticity>
                <income-elasticity year="2035">0.751</income-elasticity>
                <income-elasticity year="2030">0.814</income-elasticity>
                <income-elasticity year="2025">0.879</income-elasticity>
                <income-elasticity year="2020">0.986</income-elasticity>
                <income-elasticity year="2015">1.105</income-elasticity>
            </energy-final-demand>
        </region>
        <region name="Indonesia">
            <energy-final-demand name="industry">
                <income-elasticity year="2100">0.253</income-elasticity>
                <income-elasticity year="2095">0.255</income-elasticity>
                <income-elasticity year="2090">0.258</income-elasticity>
                <income-elasticity year="2085">0.26</income-elasticity>
                <income-elasticity year="2080">0.27</income-elasticity>
                <income-elasticity year="2075">0.282</income-elasticity>
                <income-elasticity year="2070">0.294</income-elasticity>
                <income-elasticity year="2065">0.307</income-elasticity>
                <income-elasticity year="2060">0.321</income-elasticity>
                <income-elasticity year="2055">0.336</income-elasticity>
                <income-elasticity year="2050">0.357</income-elasticity>
                <income-elasticity year="2045">0.41</income-elasticity>
                <income-elasticity year="2040">0.474</income-elasticity>
                <income-elasticity year="2035">0.55</income-elasticity>
                <income-elasticity year="2030">0.633</income-elasticity>
                <income-elasticity year="2025">0.723</income-elasticity>
                <income-elasticity year="2020">0.817</income-elasticity>
                <income-elasticity year="2015">0.908</income-elasticity>
            </energy-final-demand>
        </region>
        <region name="Japan">
            <energy-final-demand name="industry">
                <income-elasticity year="2100">0.215</income-elasticity>
                <income-elasticity year="2095">0.219</income-elasticity>
                <income-elasticity year="2090">0.222</income-elasticity>
                <income-elasticity year="2085">0.223</income-elasticity>
                <income-elasticity year="2080">0.225</income-elasticity>
                <income-elasticity year="2075">0.227</income-elasticity>
                <income-elasticity year="2070">0.229</income-elasticity>
                <income-elasticity year="2065">0.231</income-elasticity>
                <income-elasticity year="2060">0.233</income-elasticity>
                <income-elasticity year="2055">0.236</income-elasticity>
                <income-elasticity year="2050">0.238</income-elasticity>
                <income-elasticity year="2045">0.24</income-elasticity>
                <income-elasticity year="2040">0.242</income-elasticity>
                <income-elasticity year="2035">0.245</income-elasticity>
                <income-elasticity year="2030">0.247</income-elasticity>
                <income-elasticity year="2025">0.25</income-elasticity>
                <income-elasticity year="2020">0.252</income-elasticity>
                <income-elasticity year="2015">0.253</income-elasticity>
            </energy-final-demand>
        </region>
        <region name="Mexico">
            <energy-final-demand name="industry">
                <income-elasticity year="2100">0.276</income-elasticity>
                <income-elasticity year="2095">0.286</income-elasticity>
                <income-elasticity year="2090">0.296</income-elasticity>
                <income-elasticity year="2085">0.306</income-elasticity>
                <income-elasticity year="2080">0.316</income-elasticity>
                <income-elasticity year="2075">0.326</income-elasticity>
                <income-elasticity year="2070">0.337</income-elasticity>
                <income-elasticity year="2065">0.348</income-elasticity>
                <income-elasticity year="2060">0.379</income-elasticity>
                <income-elasticity year="2055">0.415</income-elasticity>
                <income-elasticity year="2050">0.454</income-elasticity>
                <income-elasticity year="2045">0.494</income-elasticity>
                <income-elasticity year="2040">0.534</income-elasticity>
                <income-elasticity year="2035">0.577</income-elasticity>
                <income-elasticity year="2030">0.621</income-elasticity>
                <income-elasticity year="2025">0.665</income-elasticity>
                <income-elasticity year="2020">0.705</income-elasticity>
                <income-elasticity year="2015">0.745</income-elasticity>
            </energy-final-demand>
        </region>
        <region name="Middle East">
            <energy-final-demand name="industry">
                <income-elasticity year="2100">0.245</income-elasticity>
                <income-elasticity year="2095">0.247</income-elasticity>
                <income-elasticity year="2090">0.248</income-elasticity>
                <income-elasticity year="2085">0.25</income-elasticity>
                <income-elasticity year="2080">0.251</income-elasticity>
                <income-elasticity year="2075">0.252</income-elasticity>
                <income-elasticity year="2070">0.253</income-elasticity>
                <income-elasticity year="2065">0.254</income-elasticity>
                <income-elasticity year="2060">0.256</income-elasticity>
                <income-elasticity year="2055">0.257</income-elasticity>
                <income-elasticity year="2050">0.258</income-elasticity>
                <income-elasticity year="2045">0.259</income-elasticity>
                <income-elasticity year="2040">0.264</income-elasticity>
                <income-elasticity year="2035">0.274</income-elasticity>
                <income-elasticity year="2030">0.287</income-elasticity>
                <income-elasticity year="2025">0.3</income-elasticity>
                <income-elasticity year="2020">0.313</income-elasticity>
                <income-elasticity year="2015">0.326</income-elasticity>
            </energy-final-demand>
        </region>
        <region name="Pakistan">
            <energy-final-demand name="industry">
                <income-elasticity year="2100">0.867</income-elasticity>
                <income-elasticity year="2095">0.883</income-elasticity>
                <income-elasticity year="2090">0.899</income-elasticity>
                <income-elasticity year="2085">0.925</income-elasticity>
                <income-elasticity year="2080">0.951</income-elasticity>
                <income-elasticity year="2075">0.978</income-elasticity>
                <income-elasticity year="2070">1.006</income-elasticity>
                <income-elasticity year="2065">1.034</income-elasticity>
                <income-elasticity year="2060">1.06</income-elasticity>
                <income-elasticity year="2055">1.083</income-elasticity>
                <income-elasticity year="2050">1.105</income-elasticity>
                <income-elasticity year="2045">1.127</income-elasticity>
                <income-elasticity year="2040">1.153</income-elasticity>
                <income-elasticity year="2035">1.181</income-elasticity>
                <income-elasticity year="2030">1.208</income-elasticity>
                <income-elasticity year="2025">1.239</income-elasticity>
                <income-elasticity year="2020">1.272</income-elasticity>
                <income-elasticity year="2015">1.302</income-elasticity>
            </energy-final-demand>
        </region>
        <region name="Russia">
            <energy-final-demand name="industry">
                <income-elasticity year="2100">0.065</income-elasticity>
                <income-elasticity year="2095">0.068</income-elasticity>
                <income-elasticity year="2090">0.072</income-elasticity>
                <income-elasticity year="2085">0.077</income-elasticity>
                <income-elasticity year="2080">0.081</income-elasticity>
                <income-elasticity year="2075">0.086</income-elasticity>
                <income-elasticity year="2070">0.091</income-elasticity>
                <income-elasticity year="2065">0.098</income-elasticity>
                <income-elasticity year="2060">0.102</income-elasticity>
                <income-elasticity year="2055">0.105</income-elasticity>
                <income-elasticity year="2050">0.108</income-elasticity>
                <income-elasticity year="2045">0.111</income-elasticity>
                <income-elasticity year="2040">0.115</income-elasticity>
                <income-elasticity year="2035">0.121</income-elasticity>
                <income-elasticity year="2030">0.128</income-elasticity>
                <income-elasticity year="2025">0.136</income-elasticity>
                <income-elasticity year="2020">0.145</income-elasticity>
                <income-elasticity year="2015">0.154</income-elasticity>
            </energy-final-demand>
        </region>
        <region name="South Africa">
            <energy-final-demand name="industry">
                <income-elasticity year="2100">0.238</income-elasticity>
                <income-elasticity year="2095">0.24</income-elasticity>
                <income-elasticity year="2090">0.242</income-elasticity>
                <income-elasticity year="2085">0.244</income-elasticity>
                <income-elasticity year="2080">0.246</income-elasticity>
                <income-elasticity year="2075">0.248</income-elasticity>
                <income-elasticity year="2070">0.25</income-elasticity>
                <income-elasticity year="2065">0.252</income-elasticity>
                <income-elasticity year="2060">0.254</income-elasticity>
                <income-elasticity year="2055">0.256</income-elasticity>
                <income-elasticity year="2050">0.259</income-elasticity>
                <income-elasticity year="2045">0.265</income-elasticity>
                <income-elasticity year="2040">0.277</income-elasticity>
                <income-elasticity year="2035">0.29</income-elasticity>
                <income-elasticity year="2030">0.305</income-elasticity>
                <income-elasticity year="2025">0.321</income-elasticity>
                <income-elasticity year="2020">0.338</income-elasticity>
                <income-elasticity year="2015">0.375</income-elasticity>
            </energy-final-demand>
        </region>
        <region name="South America_Northern">
            <energy-final-demand name="industry">
                <income-elasticity year="2100">0.242</income-elasticity>
                <income-elasticity year="2095">0.244</income-elasticity>
                <income-elasticity year="2090">0.246</income-elasticity>
                <income-elasticity year="2085">0.248</income-elasticity>
                <income-elasticity year="2080">0.25</income-elasticity>
                <income-elasticity year="2075">0.252</income-elasticity>
                <income-elasticity year="2070">0.253</income-elasticity>
                <income-elasticity year="2065">0.255</income-elasticity>
                <income-elasticity year="2060">0.257</income-elasticity>
                <income-elasticity year="2055">0.259</income-elasticity>
                <income-elasticity year="2050">0.265</income-elasticity>
                <income-elasticity year="2045">0.274</income-elasticity>
                <income-elasticity year="2040">0.284</income-elasticity>
                <income-elasticity year="2035">0.295</income-elasticity>
                <income-elasticity year="2030">0.308</income-elasticity>
                <income-elasticity year="2025">0.32</income-elasticity>
                <income-elasticity year="2020">0.332</income-elasticity>
                <income-elasticity year="2015">0.342</income-elasticity>
            </energy-final-demand>
        </region>
        <region name="South America_Southern">
            <energy-final-demand name="industry">
                <income-elasticity year="2100">0.305</income-elasticity>
                <income-elasticity year="2095">0.314</income-elasticity>
                <income-elasticity year="2090">0.323</income-elasticity>
                <income-elasticity year="2085">0.332</income-elasticity>
                <income-elasticity year="2080">0.342</income-elasticity>
                <income-elasticity year="2075">0.355</income-elasticity>
                <income-elasticity year="2070">0.385</income-elasticity>
                <income-elasticity year="2065">0.417</income-elasticity>
                <income-elasticity year="2060">0.452</income-elasticity>
                <income-elasticity year="2055">0.489</income-elasticity>
                <income-elasticity year="2050">0.528</income-elasticity>
                <income-elasticity year="2045">0.569</income-elasticity>
                <income-elasticity year="2040">0.612</income-elasticity>
                <income-elasticity year="2035">0.656</income-elasticity>
                <income-elasticity year="2030">0.701</income-elasticity>
                <income-elasticity year="2025">0.751</income-elasticity>
                <income-elasticity year="2020">0.803</income-elasticity>
                <income-elasticity year="2015">0.86</income-elasticity>
            </energy-final-demand>
        </region>
        <region name="South Asia">
            <energy-final-demand name="industry">
                <income-elasticity year="2100">0.93</income-elasticity>
                <income-elasticity year="2095">0.951</income-elasticity>
                <income-elasticity year="2090">0.971</income-elasticity>
                <income-elasticity year="2085">0.99</income-elasticity>
                <income-elasticity year="2080">1.009</income-elasticity>
                <income-elasticity year="2075">1.027</income-elasticity>
                <income-elasticity year="2070">1.045</income-elasticity>
                <income-elasticity year="2065">1.064</income-elasticity>
                <income-elasticity year="2060">1.083</income-elasticity>
                <income-elasticity year="2055">1.103</income-elasticity>
                <income-elasticity year="2050">1.124</income-elasticity>
                <income-elasticity year="2045">1.147</income-elasticity>
                <income-elasticity year="2040">1.174</income-elasticity>
                <income-elasticity year="2035">1.205</income-elasticity>
                <income-elasticity year="2030">1.24</income-elasticity>
                <income-elasticity year="2025">1.285</income-elasticity>
                <income-elasticity year="2020">1.334</income-elasticity>
                <income-elasticity year="2015">1.381</income-elasticity>
            </energy-final-demand>
        </region>
        <region name="South Korea">
            <energy-final-demand name="industry">
                <income-elasticity year="2100">0.07</income-elasticity>
                <income-elasticity year="2095">0.074</income-elasticity>
                <income-elasticity year="2090">0.078</income-elasticity>
                <income-elasticity year="2085">0.083</income-elasticity>
                <income-elasticity year="2080">0.089</income-elasticity>
                <income-elasticity year="2075">0.095</income-elasticity>
                <income-elasticity year="2070">0.1</income-elasticity>
                <income-elasticity year="2065">0.103</income-elasticity>
                <income-elasticity year="2060">0.106</income-elasticity>
                <income-elasticity year="2055">0.109</income-elasticity>
                <income-elasticity year="2050">0.112</income-elasticity>
                <income-elasticity year="2045">0.116</income-elasticity>
                <income-elasticity year="2040">0.12</income-elasticity>
                <income-elasticity year="2035">0.125</income-elasticity>
                <income-elasticity year="2030">0.131</income-elasticity>
                <income-elasticity year="2025">0.138</income-elasticity>
                <income-elasticity year="2020">0.146</income-elasticity>
                <income-elasticity year="2015">0.155</income-elasticity>
            </energy-final-demand>
        </region>
        <region name="Southeast Asia">
            <energy-final-demand name="industry">
                <income-elasticity year="2100">0.324</income-elasticity>
                <income-elasticity year="2095">0.329</income-elasticity>
                <income-elasticity year="2090">0.334</income-elasticity>
                <income-elasticity year="2085">0.339</income-elasticity>
                <income-elasticity year="2080">0.345</income-elasticity>
                <income-elasticity year="2075">0.353</income-elasticity>
                <income-elasticity year="2070">0.373</income-elasticity>
                <income-elasticity year="2065">0.396</income-elasticity>
                <income-elasticity year="2060">0.422</income-elasticity>
                <income-elasticity year="2055">0.451</income-elasticity>
                <income-elasticity year="2050">0.482</income-elasticity>
                <income-elasticity year="2045">0.516</income-elasticity>
                <income-elasticity year="2040">0.554</income-elasticity>
                <income-elasticity year="2035">0.597</income-elasticity>
                <income-elasticity year="2030">0.642</income-elasticity>
                <income-elasticity year="2025">0.696</income-elasticity>
                <income-elasticity year="2020">0.755</income-elasticity>
                <income-elasticity year="2015">0.822</income-elasticity>
            </energy-final-demand>
        </region>
        <region name="Taiwan">
            <energy-final-demand name="industry">
                <income-elasticity year="2100">0.085</income-elasticity>
                <income-elasticity year="2095">0.085</income-elasticity>
                <income-elasticity year="2090">0.084</income-elasticity>
                <income-elasticity year="2085">0.085</income-elasticity>
                <income-elasticity year="2080">0.086</income-elasticity>
                <income-elasticity year="2075">0.088</income-elasticity>
                <income-elasticity year="2070">0.091</income-elasticity>
                <income-elasticity year="2065">0.094</income-elasticity>
                <income-elasticity year="2060">0.098</income-elasticity>
                <income-elasticity year="2055">0.099</income-elasticity>
                <income-elasticity year="2050">0.099</income-elasticity>
                <income-elasticity year="2045">0.101</income-elasticity>
                <income-elasticity year="2040">0.102</income-elasticity>
                <income-elasticity year="2035">0.105</income-elasticity>
                <income-elasticity year="2030">0.108</income-elasticity>
                <income-elasticity year="2025">0.111</income-elasticity>
                <income-elasticity year="2020">0.116</income-elasticity>
                <income-elasticity year="2015">0.125</income-elasticity>
            </energy-final-demand>
        </region>
        <region name="Argentina">
            <energy-final-demand name="industry">
                <income-elasticity year="2100">0.257</income-elasticity>
                <income-elasticity year="2095">0.258</income-elasticity>
                <income-elasticity year="2090">0.259</income-elasticity>
                <income-elasticity year="2085">0.264</income-elasticity>
                <income-elasticity year="2080">0.271</income-elasticity>
                <income-elasticity year="2075">0.278</income-elasticity>
                <income-elasticity year="2070">0.285</income-elasticity>
                <income-elasticity year="2065">0.292</income-elasticity>
                <income-elasticity year="2060">0.3</income-elasticity>
                <income-elasticity year="2055">0.308</income-elasticity>
                <income-elasticity year="2050">0.317</income-elasticity>
                <income-elasticity year="2045">0.326</income-elasticity>
                <income-elasticity year="2040">0.335</income-elasticity>
                <income-elasticity year="2035">0.346</income-elasticity>
                <income-elasticity year="2030">0.374</income-elasticity>
                <income-elasticity year="2025">0.416</income-elasticity>
                <income-elasticity year="2020">0.465</income-elasticity>
                <income-elasticity year="2015">0.523</income-elasticity>
            </energy-final-demand>
        </region>
        <region name="Colombia">
            <energy-final-demand name="industry">
                <income-elasticity year="2100">0.385</income-elasticity>
                <income-elasticity year="2095">0.414</income-elasticity>
                <income-elasticity year="2090">0.445</income-elasticity>
                <income-elasticity year="2085">0.478</income-elasticity>
                <income-elasticity year="2080">0.512</income-elasticity>
                <income-elasticity year="2075">0.549</income-elasticity>
                <income-elasticity year="2070">0.586</income-elasticity>
                <income-elasticity year="2065">0.625</income-elasticity>
                <income-elasticity year="2060">0.664</income-elasticity>
                <income-elasticity year="2055">0.703</income-elasticity>
                <income-elasticity year="2050">0.742</income-elasticity>
                <income-elasticity year="2045">0.78</income-elasticity>
                <income-elasticity year="2040">0.817</income-elasticity>
                <income-elasticity year="2035">0.854</income-elasticity>
                <income-elasticity year="2030">0.888</income-elasticity>
                <income-elasticity year="2025">0.937</income-elasticity>
                <income-elasticity year="2020">0.987</income-elasticity>
                <income-elasticity year="2015">1.053</income-elasticity>
            </energy-final-demand>
        </region>
    </world>
</scenario>
