<?xml version="1.0" encoding="UTF-8"?>
<scenario>
    <world>
        <region name="USA">
            <energy-final-demand name="industry">
                <income-elasticity year="2100">0.223</income-elasticity>
                <income-elasticity year="2095">0.223</income-elasticity>
                <income-elasticity year="2090">0.223</income-elasticity>
                <income-elasticity year="2085">0.224</income-elasticity>
                <income-elasticity year="2080">0.224</income-elasticity>
                <income-elasticity year="2075">0.225</income-elasticity>
                <income-elasticity year="2070">0.225</income-elasticity>
                <income-elasticity year="2065">0.225</income-elasticity>
                <income-elasticity year="2060">0.226</income-elasticity>
                <income-elasticity year="2055">0.227</income-elasticity>
                <income-elasticity year="2050">0.228</income-elasticity>
                <income-elasticity year="2045">0.228</income-elasticity>
                <income-elasticity year="2040">0.229</income-elasticity>
                <income-elasticity year="2035">0.231</income-elasticity>
                <income-elasticity year="2030">0.232</income-elasticity>
                <income-elasticity year="2025">0.233</income-elasticity>
                <income-elasticity year="2020">0.235</income-elasticity>
                <income-elasticity year="2015">0.238</income-elasticity>
            </energy-final-demand>
        </region>
        <region name="Africa_Eastern">
            <energy-final-demand name="industry">
                <income-elasticity year="2100">0.631</income-elasticity>
                <income-elasticity year="2095">0.668</income-elasticity>
                <income-elasticity year="2090">0.705</income-elasticity>
                <income-elasticity year="2085">0.742</income-elasticity>
                <income-elasticity year="2080">0.78</income-elasticity>
                <income-elasticity year="2075">0.817</income-elasticity>
                <income-elasticity year="2070">0.853</income-elasticity>
                <income-elasticity year="2065">0.888</income-elasticity>
                <income-elasticity year="2060">0.938</income-elasticity>
                <income-elasticity year="2055">0.994</income-elasticity>
                <income-elasticity year="2050">1.045</income-elasticity>
                <income-elasticity year="2045">1.091</income-elasticity>
                <income-elasticity year="2040">1.136</income-elasticity>
                <income-elasticity year="2035">1.18</income-elasticity>
                <income-elasticity year="2030">1.218</income-elasticity>
                <income-elasticity year="2025">1.259</income-elasticity>
                <income-elasticity year="2020">1.301</income-elasticity>
                <income-elasticity year="2015">1.348</income-elasticity>
            </energy-final-demand>
        </region>
        <region name="Africa_Northern">
            <energy-final-demand name="industry">
                <income-elasticity year="2100">0.464</income-elasticity>
                <income-elasticity year="2095">0.483</income-elasticity>
                <income-elasticity year="2090">0.502</income-elasticity>
                <income-elasticity year="2085">0.522</income-elasticity>
                <income-elasticity year="2080">0.543</income-elasticity>
                <income-elasticity year="2075">0.565</income-elasticity>
                <income-elasticity year="2070">0.589</income-elasticity>
                <income-elasticity year="2065">0.613</income-elasticity>
                <income-elasticity year="2060">0.637</income-elasticity>
                <income-elasticity year="2055">0.66</income-elasticity>
                <income-elasticity year="2050">0.681</income-elasticity>
                <income-elasticity year="2045">0.702</income-elasticity>
                <income-elasticity year="2040">0.726</income-elasticity>
                <income-elasticity year="2035">0.754</income-elasticity>
                <income-elasticity year="2030">0.788</income-elasticity>
                <income-elasticity year="2025">0.83</income-elasticity>
                <income-elasticity year="2020">0.88</income-elasticity>
                <income-elasticity year="2015">0.961</income-elasticity>
            </energy-final-demand>
        </region>
        <region name="Africa_Southern">
            <energy-final-demand name="industry">
                <income-elasticity year="2100">0.609</income-elasticity>
                <income-elasticity year="2095">0.642</income-elasticity>
                <income-elasticity year="2090">0.676</income-elasticity>
                <income-elasticity year="2085">0.711</income-elasticity>
                <income-elasticity year="2080">0.746</income-elasticity>
                <income-elasticity year="2075">0.781</income-elasticity>
                <income-elasticity year="2070">0.816</income-elasticity>
                <income-elasticity year="2065">0.85</income-elasticity>
                <income-elasticity year="2060">0.881</income-elasticity>
                <income-elasticity year="2055">0.918</income-elasticity>
                <income-elasticity year="2050">0.965</income-elasticity>
                <income-elasticity year="2045">1.004</income-elasticity>
                <income-elasticity year="2040">1.034</income-elasticity>
                <income-elasticity year="2035">1.058</income-elasticity>
                <income-elasticity year="2030">1.079</income-elasticity>
                <income-elasticity year="2025">1.109</income-elasticity>
                <income-elasticity year="2020">1.153</income-elasticity>
                <income-elasticity year="2015">1.216</income-elasticity>
            </energy-final-demand>
        </region>
        <region name="Africa_Western">
            <energy-final-demand name="industry">
                <income-elasticity year="2100">0.605</income-elasticity>
                <income-elasticity year="2095">0.638</income-elasticity>
                <income-elasticity year="2090">0.673</income-elasticity>
                <income-elasticity year="2085">0.708</income-elasticity>
                <income-elasticity year="2080">0.744</income-elasticity>
                <income-elasticity year="2075">0.781</income-elasticity>
                <income-elasticity year="2070">0.816</income-elasticity>
                <income-elasticity year="2065">0.85</income-elasticity>
                <income-elasticity year="2060">0.881</income-elasticity>
                <income-elasticity year="2055">0.919</income-elasticity>
                <income-elasticity year="2050">0.969</income-elasticity>
                <income-elasticity year="2045">1.013</income-elasticity>
                <income-elasticity year="2040">1.056</income-elasticity>
                <income-elasticity year="2035">1.098</income-elasticity>
                <income-elasticity year="2030">1.142</income-elasticity>
                <income-elasticity year="2025">1.196</income-elasticity>
                <income-elasticity year="2020">1.253</income-elasticity>
                <income-elasticity year="2015">1.306</income-elasticity>
            </energy-final-demand>
        </region>
        <region name="Australia_NZ">
            <energy-final-demand name="industry">
                <income-elasticity year="2100">0.155</income-elasticity>
                <income-elasticity year="2095">0.157</income-elasticity>
                <income-elasticity year="2090">0.159</income-elasticity>
                <income-elasticity year="2085">0.161</income-elasticity>
                <income-elasticity year="2080">0.163</income-elasticity>
                <income-elasticity year="2075">0.165</income-elasticity>
                <income-elasticity year="2070">0.166</income-elasticity>
                <income-elasticity year="2065">0.168</income-elasticity>
                <income-elasticity year="2060">0.17</income-elasticity>
                <income-elasticity year="2055">0.172</income-elasticity>
                <income-elasticity year="2050">0.173</income-elasticity>
                <income-elasticity year="2045">0.174</income-elasticity>
                <income-elasticity year="2040">0.176</income-elasticity>
                <income-elasticity year="2035">0.178</income-elasticity>
                <income-elasticity year="2030">0.18</income-elasticity>
                <income-elasticity year="2025">0.183</income-elasticity>
                <income-elasticity year="2020">0.187</income-elasticity>
                <income-elasticity year="2015">0.192</income-elasticity>
            </energy-final-demand>
        </region>
        <region name="Brazil">
            <energy-final-demand name="industry">
                <income-elasticity year="2100">0.411</income-elasticity>
                <income-elasticity year="2095">0.409</income-elasticity>
                <income-elasticity year="2090">0.408</income-elasticity>
                <income-elasticity year="2085">0.407</income-elasticity>
                <income-elasticity year="2080">0.407</income-elasticity>
                <income-elasticity year="2075">0.409</income-elasticity>
                <income-elasticity year="2070">0.412</income-elasticity>
                <income-elasticity year="2065">0.414</income-elasticity>
                <income-elasticity year="2060">0.417</income-elasticity>
                <income-elasticity year="2055">0.42</income-elasticity>
                <income-elasticity year="2050">0.423</income-elasticity>
                <income-elasticity year="2045">0.426</income-elasticity>
                <income-elasticity year="2040">0.432</income-elasticity>
                <income-elasticity year="2035">0.44</income-elasticity>
                <income-elasticity year="2030">0.453</income-elasticity>
                <income-elasticity year="2025">0.475</income-elasticity>
                <income-elasticity year="2020">0.514</income-elasticity>
                <income-elasticity year="2015">0.574</income-elasticity>
            </energy-final-demand>
        </region>
        <region name="Canada">
            <energy-final-demand name="industry">
                <income-elasticity year="2100">0.02</income-elasticity>
                <income-elasticity year="2095">0.021</income-elasticity>
                <income-elasticity year="2090">0.022</income-elasticity>
                <income-elasticity year="2085">0.023</income-elasticity>
                <income-elasticity year="2080">0.024</income-elasticity>
                <income-elasticity year="2075">0.025</income-elasticity>
                <income-elasticity year="2070">0.027</income-elasticity>
                <income-elasticity year="2065">0.028</income-elasticity>
                <income-elasticity year="2060">0.03</income-elasticity>
                <income-elasticity year="2055">0.031</income-elasticity>
                <income-elasticity year="2050">0.033</income-elasticity>
                <income-elasticity year="2045">0.035</income-elasticity>
                <income-elasticity year="2040">0.038</income-elasticity>
                <income-elasticity year="2035">0.042</income-elasticity>
                <income-elasticity year="2030">0.045</income-elasticity>
                <income-elasticity year="2025">0.048</income-elasticity>
                <income-elasticity year="2020">0.05</income-elasticity>
                <income-elasticity year="2015">0.054</income-elasticity>
            </energy-final-demand>
        </region>
        <region name="Central America and Caribbean">
            <energy-final-demand name="industry">
                <income-elasticity year="2100">0.415</income-elasticity>
                <income-elasticity year="2095">0.436</income-elasticity>
                <income-elasticity year="2090">0.456</income-elasticity>
                <income-elasticity year="2085">0.478</income-elasticity>
                <income-elasticity year="2080">0.5</income-elasticity>
                <income-elasticity year="2075">0.524</income-elasticity>
                <income-elasticity year="2070">0.548</income-elasticity>
                <income-elasticity year="2065">0.572</income-elasticity>
                <income-elasticity year="2060">0.595</income-elasticity>
                <income-elasticity year="2055">0.617</income-elasticity>
                <income-elasticity year="2050">0.638</income-elasticity>
                <income-elasticity year="2045">0.659</income-elasticity>
                <income-elasticity year="2040">0.681</income-elasticity>
                <income-elasticity year="2035">0.703</income-elasticity>
                <income-elasticity year="2030">0.725</income-elasticity>
                <income-elasticity year="2025">0.751</income-elasticity>
                <income-elasticity year="2020">0.785</income-elasticity>
                <income-elasticity year="2015">0.825</income-elasticity>
            </energy-final-demand>
        </region>
        <region name="Central Asia">
            <energy-final-demand name="industry">
                <income-elasticity year="2100">0.249</income-elasticity>
                <income-elasticity year="2095">0.25</income-elasticity>
                <income-elasticity year="2090">0.251</income-elasticity>
                <income-elasticity year="2085">0.252</income-elasticity>
                <income-elasticity year="2080">0.253</income-elasticity>
                <income-elasticity year="2075">0.254</income-elasticity>
                <income-elasticity year="2070">0.255</income-elasticity>
                <income-elasticity year="2065">0.257</income-elasticity>
                <income-elasticity year="2060">0.258</income-elasticity>
                <income-elasticity year="2055">0.259</income-elasticity>
                <income-elasticity year="2050">0.259</income-elasticity>
                <income-elasticity year="2045">0.26</income-elasticity>
                <income-elasticity year="2040">0.267</income-elasticity>
                <income-elasticity year="2035">0.278</income-elasticity>
                <income-elasticity year="2030">0.292</income-elasticity>
                <income-elasticity year="2025">0.31</income-elasticity>
                <income-elasticity year="2020">0.333</income-elasticity>
                <income-elasticity year="2015">0.381</income-elasticity>
            </energy-final-demand>
        </region>
        <region name="China">
            <energy-final-demand name="industry">
                <income-elasticity year="2100">0.253</income-elasticity>
                <income-elasticity year="2095">0.253</income-elasticity>
                <income-elasticity year="2090">0.253</income-elasticity>
                <income-elasticity year="2085">0.253</income-elasticity>
                <income-elasticity year="2080">0.254</income-elasticity>
                <income-elasticity year="2075">0.254</income-elasticity>
                <income-elasticity year="2070">0.255</income-elasticity>
                <income-elasticity year="2065">0.255</income-elasticity>
                <income-elasticity year="2060">0.256</income-elasticity>
                <income-elasticity year="2055">0.257</income-elasticity>
                <income-elasticity year="2050">0.257</income-elasticity>
                <income-elasticity year="2045">0.259</income-elasticity>
                <income-elasticity year="2040">0.26</income-elasticity>
                <income-elasticity year="2035">0.268</income-elasticity>
                <income-elasticity year="2030">0.279</income-elasticity>
                <income-elasticity year="2025">0.297</income-elasticity>
                <income-elasticity year="2020">0.325</income-elasticity>
                <income-elasticity year="2015">0.411</income-elasticity>
            </energy-final-demand>
        </region>
        <region name="EU-12">
            <energy-final-demand name="industry">
                <income-elasticity year="2100">0.291</income-elasticity>
                <income-elasticity year="2095">0.294</income-elasticity>
                <income-elasticity year="2090">0.298</income-elasticity>
                <income-elasticity year="2085">0.301</income-elasticity>
                <income-elasticity year="2080">0.304</income-elasticity>
                <income-elasticity year="2075">0.309</income-elasticity>
                <income-elasticity year="2070">0.314</income-elasticity>
                <income-elasticity year="2065">0.32</income-elasticity>
                <income-elasticity year="2060">0.326</income-elasticity>
                <income-elasticity year="2055">0.331</income-elasticity>
                <income-elasticity year="2050">0.336</income-elasticity>
                <income-elasticity year="2045">0.342</income-elasticity>
                <income-elasticity year="2040">0.348</income-elasticity>
                <income-elasticity year="2035">0.369</income-elasticity>
                <income-elasticity year="2030">0.399</income-elasticity>
                <income-elasticity year="2025">0.436</income-elasticity>
                <income-elasticity year="2020">0.481</income-elasticity>
                <income-elasticity year="2015">0.539</income-elasticity>
            </energy-final-demand>
        </region>
        <region name="EU-15">
            <energy-final-demand name="industry">
                <income-elasticity year="2100">0.258</income-elasticity>
                <income-elasticity year="2095">0.259</income-elasticity>
                <income-elasticity year="2090">0.261</income-elasticity>
                <income-elasticity year="2085">0.265</income-elasticity>
                <income-elasticity year="2080">0.269</income-elasticity>
                <income-elasticity year="2075">0.273</income-elasticity>
                <income-elasticity year="2070">0.277</income-elasticity>
                <income-elasticity year="2065">0.282</income-elasticity>
                <income-elasticity year="2060">0.287</income-elasticity>
                <income-elasticity year="2055">0.292</income-elasticity>
                <income-elasticity year="2050">0.296</income-elasticity>
                <income-elasticity year="2045">0.301</income-elasticity>
                <income-elasticity year="2040">0.305</income-elasticity>
                <income-elasticity year="2035">0.311</income-elasticity>
                <income-elasticity year="2030">0.316</income-elasticity>
                <income-elasticity year="2025">0.321</income-elasticity>
                <income-elasticity year="2020">0.328</income-elasticity>
                <income-elasticity year="2015">0.335</income-elasticity>
            </energy-final-demand>
        </region>
        <region name="Europe_Eastern">
            <energy-final-demand name="industry">
                <income-elasticity year="2100">0.235</income-elasticity>
                <income-elasticity year="2095">0.236</income-elasticity>
                <income-elasticity year="2090">0.238</income-elasticity>
                <income-elasticity year="2085">0.239</income-elasticity>
                <income-elasticity year="2080">0.24</income-elasticity>
                <income-elasticity year="2075">0.242</income-elasticity>
                <income-elasticity year="2070">0.244</income-elasticity>
                <income-elasticity year="2065">0.245</income-elasticity>
                <income-elasticity year="2060">0.247</income-elasticity>
                <income-elasticity year="2055">0.249</income-elasticity>
                <income-elasticity year="2050">0.251</income-elasticity>
                <income-elasticity year="2045">0.252</income-elasticity>
                <income-elasticity year="2040">0.254</income-elasticity>
                <income-elasticity year="2035">0.256</income-elasticity>
                <income-elasticity year="2030">0.259</income-elasticity>
                <income-elasticity year="2025">0.27</income-elasticity>
                <income-elasticity year="2020">0.289</income-elasticity>
                <income-elasticity year="2015">0.311</income-elasticity>
            </energy-final-demand>
        </region>
        <region name="Europe_Non_EU">
            <energy-final-demand name="industry">
                <income-elasticity year="2100">0.451</income-elasticity>
                <income-elasticity year="2095">0.458</income-elasticity>
                <income-elasticity year="2090">0.466</income-elasticity>
                <income-elasticity year="2085">0.473</income-elasticity>
                <income-elasticity year="2080">0.482</income-elasticity>
                <income-elasticity year="2075">0.493</income-elasticity>
                <income-elasticity year="2070">0.504</income-elasticity>
                <income-elasticity year="2065">0.517</income-elasticity>
                <income-elasticity year="2060">0.529</income-elasticity>
                <income-elasticity year="2055">0.542</income-elasticity>
                <income-elasticity year="2050">0.554</income-elasticity>
                <income-elasticity year="2045">0.568</income-elasticity>
                <income-elasticity year="2040">0.584</income-elasticity>
                <income-elasticity year="2035">0.603</income-elasticity>
                <income-elasticity year="2030">0.625</income-elasticity>
                <income-elasticity year="2025">0.652</income-elasticity>
                <income-elasticity year="2020">0.692</income-elasticity>
                <income-elasticity year="2015">0.746</income-elasticity>
            </energy-final-demand>
        </region>
        <region name="European Free Trade Association">
            <energy-final-demand name="industry">
                <income-elasticity year="2100">0.197</income-elasticity>
                <income-elasticity year="2095">0.199</income-elasticity>
                <income-elasticity year="2090">0.201</income-elasticity>
                <income-elasticity year="2085">0.203</income-elasticity>
                <income-elasticity year="2080">0.205</income-elasticity>
                <income-elasticity year="2075">0.208</income-elasticity>
                <income-elasticity year="2070">0.21</income-elasticity>
                <income-elasticity year="2065">0.213</income-elasticity>
                <income-elasticity year="2060">0.215</income-elasticity>
                <income-elasticity year="2055">0.217</income-elasticity>
                <income-elasticity year="2050">0.219</income-elasticity>
                <income-elasticity year="2045">0.221</income-elasticity>
                <income-elasticity year="2040">0.221</income-elasticity>
                <income-elasticity year="2035">0.222</income-elasticity>
                <income-elasticity year="2030">0.223</income-elasticity>
                <income-elasticity year="2025">0.225</income-elasticity>
                <income-elasticity year="2020">0.226</income-elasticity>
                <income-elasticity year="2015">0.228</income-elasticity>
            </energy-final-demand>
        </region>
        <region name="India">
            <energy-final-demand name="industry">
                <income-elasticity year="2100">0.612</income-elasticity>
                <income-elasticity year="2095">0.624</income-elasticity>
                <income-elasticity year="2090">0.635</income-elasticity>
                <income-elasticity year="2085">0.647</income-elasticity>
                <income-elasticity year="2080">0.659</income-elasticity>
                <income-elasticity year="2075">0.672</income-elasticity>
                <income-elasticity year="2070">0.687</income-elasticity>
                <income-elasticity year="2065">0.702</income-elasticity>
                <income-elasticity year="2060">0.718</income-elasticity>
                <income-elasticity year="2055">0.734</income-elasticity>
                <income-elasticity year="2050">0.751</income-elasticity>
                <income-elasticity year="2045">0.769</income-elasticity>
                <income-elasticity year="2040">0.792</income-elasticity>
                <income-elasticity year="2035">0.819</income-elasticity>
                <income-elasticity year="2030">0.851</income-elasticity>
                <income-elasticity year="2025">0.893</income-elasticity>
                <income-elasticity year="2020">0.99</income-elasticity>
                <income-elasticity year="2015">1.105</income-elasticity>
            </energy-final-demand>
        </region>
        <region name="Indonesia">
            <energy-final-demand name="industry">
                <income-elasticity year="2100">0.377</income-elasticity>
                <income-elasticity year="2095">0.388</income-elasticity>
                <income-elasticity year="2090">0.399</income-elasticity>
                <income-elasticity year="2085">0.411</income-elasticity>
                <income-elasticity year="2080">0.423</income-elasticity>
                <income-elasticity year="2075">0.437</income-elasticity>
                <income-elasticity year="2070">0.451</income-elasticity>
                <income-elasticity year="2065">0.467</income-elasticity>
                <income-elasticity year="2060">0.485</income-elasticity>
                <income-elasticity year="2055">0.506</income-elasticity>
                <income-elasticity year="2050">0.529</income-elasticity>
                <income-elasticity year="2045">0.556</income-elasticity>
                <income-elasticity year="2040">0.59</income-elasticity>
                <income-elasticity year="2035">0.631</income-elasticity>
                <income-elasticity year="2030">0.677</income-elasticity>
                <income-elasticity year="2025">0.739</income-elasticity>
                <income-elasticity year="2020">0.82</income-elasticity>
                <income-elasticity year="2015">0.908</income-elasticity>
            </energy-final-demand>
        </region>
        <region name="Japan">
            <energy-final-demand name="industry">
                <income-elasticity year="2100">0.236</income-elasticity>
                <income-elasticity year="2095">0.237</income-elasticity>
                <income-elasticity year="2090">0.239</income-elasticity>
                <income-elasticity year="2085">0.24</income-elasticity>
                <income-elasticity year="2080">0.241</income-elasticity>
                <income-elasticity year="2075">0.241</income-elasticity>
                <income-elasticity year="2070">0.242</income-elasticity>
                <income-elasticity year="2065">0.243</income-elasticity>
                <income-elasticity year="2060">0.244</income-elasticity>
                <income-elasticity year="2055">0.245</income-elasticity>
                <income-elasticity year="2050">0.246</income-elasticity>
                <income-elasticity year="2045">0.246</income-elasticity>
                <income-elasticity year="2040">0.247</income-elasticity>
                <income-elasticity year="2035">0.248</income-elasticity>
                <income-elasticity year="2030">0.249</income-elasticity>
                <income-elasticity year="2025">0.25</income-elasticity>
                <income-elasticity year="2020">0.252</income-elasticity>
                <income-elasticity year="2015">0.253</income-elasticity>
            </energy-final-demand>
        </region>
        <region name="Mexico">
            <energy-final-demand name="industry">
                <income-elasticity year="2100">0.476</income-elasticity>
                <income-elasticity year="2095">0.484</income-elasticity>
                <income-elasticity year="2090">0.493</income-elasticity>
                <income-elasticity year="2085">0.502</income-elasticity>
                <income-elasticity year="2080">0.512</income-elasticity>
                <income-elasticity year="2075">0.524</income-elasticity>
                <income-elasticity year="2070">0.536</income-elasticity>
                <income-elasticity year="2065">0.548</income-elasticity>
                <income-elasticity year="2060">0.561</income-elasticity>
                <income-elasticity year="2055">0.574</income-elasticity>
                <income-elasticity year="2050">0.587</income-elasticity>
                <income-elasticity year="2045">0.6</income-elasticity>
                <income-elasticity year="2040">0.613</income-elasticity>
                <income-elasticity year="2035">0.629</income-elasticity>
                <income-elasticity year="2030">0.649</income-elasticity>
                <income-elasticity year="2025">0.674</income-elasticity>
                <income-elasticity year="2020">0.706</income-elasticity>
                <income-elasticity year="2015">0.745</income-elasticity>
            </energy-final-demand>
        </region>
        <region name="Middle East">
            <energy-final-demand name="industry">
                <income-elasticity year="2100">0.259</income-elasticity>
                <income-elasticity year="2095">0.26</income-elasticity>
                <income-elasticity year="2090">0.261</income-elasticity>
                <income-elasticity year="2085">0.263</income-elasticity>
                <income-elasticity year="2080">0.265</income-elasticity>
                <income-elasticity year="2075">0.267</income-elasticity>
                <income-elasticity year="2070">0.269</income-elasticity>
                <income-elasticity year="2065">0.27</income-elasticity>
                <income-elasticity year="2060">0.271</income-elasticity>
                <income-elasticity year="2055">0.272</income-elasticity>
                <income-elasticity year="2050">0.273</income-elasticity>
                <income-elasticity year="2045">0.274</income-elasticity>
                <income-elasticity year="2040">0.279</income-elasticity>
                <income-elasticity year="2035">0.286</income-elasticity>
                <income-elasticity year="2030">0.294</income-elasticity>
                <income-elasticity year="2025">0.304</income-elasticity>
                <income-elasticity year="2020">0.314</income-elasticity>
                <income-elasticity year="2015">0.326</income-elasticity>
            </energy-final-demand>
        </region>
        <region name="Pakistan">
            <energy-final-demand name="industry">
                <income-elasticity year="2100">0.763</income-elasticity>
                <income-elasticity year="2095">0.787</income-elasticity>
                <income-elasticity year="2090">0.811</income-elasticity>
                <income-elasticity year="2085">0.835</income-elasticity>
                <income-elasticity year="2080">0.858</income-elasticity>
                <income-elasticity year="2075">0.881</income-elasticity>
                <income-elasticity year="2070">0.909</income-elasticity>
                <income-elasticity year="2065">0.952</income-elasticity>
                <income-elasticity year="2060">0.992</income-elasticity>
                <income-elasticity year="2055">1.029</income-elasticity>
                <income-elasticity year="2050">1.062</income-elasticity>
                <income-elasticity year="2045">1.095</income-elasticity>
                <income-elasticity year="2040">1.129</income-elasticity>
                <income-elasticity year="2035">1.167</income-elasticity>
                <income-elasticity year="2030">1.202</income-elasticity>
                <income-elasticity year="2025">1.237</income-elasticity>
                <income-elasticity year="2020">1.272</income-elasticity>
                <income-elasticity year="2015">1.302</income-elasticity>
            </energy-final-demand>
        </region>
        <region name="Russia">
            <energy-final-demand name="industry">
                <income-elasticity year="2100">0.108</income-elasticity>
                <income-elasticity year="2095">0.109</income-elasticity>
                <income-elasticity year="2090">0.11</income-elasticity>
                <income-elasticity year="2085">0.111</income-elasticity>
                <income-elasticity year="2080">0.112</income-elasticity>
                <income-elasticity year="2075">0.113</income-elasticity>
                <income-elasticity year="2070">0.115</income-elasticity>
                <income-elasticity year="2065">0.116</income-elasticity>
                <income-elasticity year="2060">0.118</income-elasticity>
                <income-elasticity year="2055">0.119</income-elasticity>
                <income-elasticity year="2050">0.12</income-elasticity>
                <income-elasticity year="2045">0.121</income-elasticity>
                <income-elasticity year="2040">0.123</income-elasticity>
                <income-elasticity year="2035">0.126</income-elasticity>
                <income-elasticity year="2030">0.131</income-elasticity>
                <income-elasticity year="2025">0.138</income-elasticity>
                <income-elasticity year="2020">0.145</income-elasticity>
                <income-elasticity year="2015">0.154</income-elasticity>
            </energy-final-demand>
        </region>
        <region name="South Africa">
            <energy-final-demand name="industry">
                <income-elasticity year="2100">0.256</income-elasticity>
                <income-elasticity year="2095">0.257</income-elasticity>
                <income-elasticity year="2090">0.258</income-elasticity>
                <income-elasticity year="2085">0.258</income-elasticity>
                <income-elasticity year="2080">0.259</income-elasticity>
                <income-elasticity year="2075">0.261</income-elasticity>
                <income-elasticity year="2070">0.266</income-elasticity>
                <income-elasticity year="2065">0.27</income-elasticity>
                <income-elasticity year="2060">0.275</income-elasticity>
                <income-elasticity year="2055">0.28</income-elasticity>
                <income-elasticity year="2050">0.285</income-elasticity>
                <income-elasticity year="2045">0.29</income-elasticity>
                <income-elasticity year="2040">0.296</income-elasticity>
                <income-elasticity year="2035">0.303</income-elasticity>
                <income-elasticity year="2030">0.312</income-elasticity>
                <income-elasticity year="2025">0.323</income-elasticity>
                <income-elasticity year="2020">0.339</income-elasticity>
                <income-elasticity year="2015">0.375</income-elasticity>
            </energy-final-demand>
        </region>
        <region name="South America_Northern">
            <energy-final-demand name="industry">
                <income-elasticity year="2100">0.249</income-elasticity>
                <income-elasticity year="2095">0.249</income-elasticity>
                <income-elasticity year="2090">0.25</income-elasticity>
                <income-elasticity year="2085">0.25</income-elasticity>
                <income-elasticity year="2080">0.251</income-elasticity>
                <income-elasticity year="2075">0.252</income-elasticity>
                <income-elasticity year="2070">0.253</income-elasticity>
                <income-elasticity year="2065">0.254</income-elasticity>
                <income-elasticity year="2060">0.256</income-elasticity>
                <income-elasticity year="2055">0.258</income-elasticity>
                <income-elasticity year="2050">0.26</income-elasticity>
                <income-elasticity year="2045">0.271</income-elasticity>
                <income-elasticity year="2040">0.285</income-elasticity>
                <income-elasticity year="2035">0.298</income-elasticity>
                <income-elasticity year="2030">0.311</income-elasticity>
                <income-elasticity year="2025">0.323</income-elasticity>
                <income-elasticity year="2020">0.333</income-elasticity>
                <income-elasticity year="2015">0.342</income-elasticity>
            </energy-final-demand>
        </region>
        <region name="South America_Southern">
            <energy-final-demand name="industry">
                <income-elasticity year="2100">0.461</income-elasticity>
                <income-elasticity year="2095">0.478</income-elasticity>
                <income-elasticity year="2090">0.496</income-elasticity>
                <income-elasticity year="2085">0.514</income-elasticity>
                <income-elasticity year="2080">0.532</income-elasticity>
                <income-elasticity year="2075">0.552</income-elasticity>
                <income-elasticity year="2070">0.572</income-elasticity>
                <income-elasticity year="2065">0.592</income-elasticity>
                <income-elasticity year="2060">0.611</income-elasticity>
                <income-elasticity year="2055">0.629</income-elasticity>
                <income-elasticity year="2050">0.647</income-elasticity>
                <income-elasticity year="2045">0.666</income-elasticity>
                <income-elasticity year="2040">0.685</income-elasticity>
                <income-elasticity year="2035">0.706</income-elasticity>
                <income-elasticity year="2030">0.729</income-elasticity>
                <income-elasticity year="2025">0.761</income-elasticity>
                <income-elasticity year="2020">0.805</income-elasticity>
                <income-elasticity year="2015">0.86</income-elasticity>
            </energy-final-demand>
        </region>
        <region name="South Asia">
            <energy-final-demand name="industry">
                <income-elasticity year="2100">0.826</income-elasticity>
                <income-elasticity year="2095">0.848</income-elasticity>
                <income-elasticity year="2090">0.869</income-elasticity>
                <income-elasticity year="2085">0.89</income-elasticity>
                <income-elasticity year="2080">0.919</income-elasticity>
                <income-elasticity year="2075">0.957</income-elasticity>
                <income-elasticity year="2070">0.993</income-elasticity>
                <income-elasticity year="2065">1.028</income-elasticity>
                <income-elasticity year="2060">1.061</income-elasticity>
                <income-elasticity year="2055">1.091</income-elasticity>
                <income-elasticity year="2050">1.119</income-elasticity>
                <income-elasticity year="2045">1.149</income-elasticity>
                <income-elasticity year="2040">1.18</income-elasticity>
                <income-elasticity year="2035">1.212</income-elasticity>
                <income-elasticity year="2030">1.245</income-elasticity>
                <income-elasticity year="2025">1.286</income-elasticity>
                <income-elasticity year="2020">1.334</income-elasticity>
                <income-elasticity year="2015">1.381</income-elasticity>
            </energy-final-demand>
        </region>
        <region name="South Korea">
            <energy-final-demand name="industry">
                <income-elasticity year="2100">0.102</income-elasticity>
                <income-elasticity year="2095">0.103</income-elasticity>
                <income-elasticity year="2090">0.105</income-elasticity>
                <income-elasticity year="2085">0.106</income-elasticity>
                <income-elasticity year="2080">0.108</income-elasticity>
                <income-elasticity year="2075">0.11</income-elasticity>
                <income-elasticity year="2070">0.112</income-elasticity>
                <income-elasticity year="2065">0.114</income-elasticity>
                <income-elasticity year="2060">0.116</income-elasticity>
                <income-elasticity year="2055">0.118</income-elasticity>
                <income-elasticity year="2050">0.12</income-elasticity>
                <income-elasticity year="2045">0.123</income-elasticity>
                <income-elasticity year="2040">0.126</income-elasticity>
                <income-elasticity year="2035">0.13</income-elasticity>
                <income-elasticity year="2030">0.134</income-elasticity>
                <income-elasticity year="2025">0.139</income-elasticity>
                <income-elasticity year="2020">0.146</income-elasticity>
                <income-elasticity year="2015">0.155</income-elasticity>
            </energy-final-demand>
        </region>
        <region name="Southeast Asia">
            <energy-final-demand name="industry">
                <income-elasticity year="2100">0.346</income-elasticity>
                <income-elasticity year="2095">0.356</income-elasticity>
                <income-elasticity year="2090">0.373</income-elasticity>
                <income-elasticity year="2085">0.392</income-elasticity>
                <income-elasticity year="2080">0.412</income-elasticity>
                <income-elasticity year="2075">0.433</income-elasticity>
                <income-elasticity year="2070">0.456</income-elasticity>
                <income-elasticity year="2065">0.48</income-elasticity>
                <income-elasticity year="2060">0.504</income-elasticity>
                <income-elasticity year="2055">0.527</income-elasticity>
                <income-elasticity year="2050">0.552</income-elasticity>
                <income-elasticity year="2045">0.576</income-elasticity>
                <income-elasticity year="2040">0.604</income-elasticity>
                <income-elasticity year="2035">0.633</income-elasticity>
                <income-elasticity year="2030">0.664</income-elasticity>
                <income-elasticity year="2025">0.705</income-elasticity>
                <income-elasticity year="2020">0.758</income-elasticity>
                <income-elasticity year="2015">0.822</income-elasticity>
            </energy-final-demand>
        </region>
        <region name="Taiwan">
            <energy-final-demand name="industry">
                <income-elasticity year="2100">0.105</income-elasticity>
                <income-elasticity year="2095">0.106</income-elasticity>
                <income-elasticity year="2090">0.106</income-elasticity>
                <income-elasticity year="2085">0.107</income-elasticity>
                <income-elasticity year="2080">0.108</income-elasticity>
                <income-elasticity year="2075">0.109</income-elasticity>
                <income-elasticity year="2070">0.11</income-elasticity>
                <income-elasticity year="2065">0.112</income-elasticity>
                <income-elasticity year="2060">0.113</income-elasticity>
                <income-elasticity year="2055">0.112</income-elasticity>
                <income-elasticity year="2050">0.111</income-elasticity>
                <income-elasticity year="2045">0.11</income-elasticity>
                <income-elasticity year="2040">0.11</income-elasticity>
                <income-elasticity year="2035">0.111</income-elasticity>
                <income-elasticity year="2030">0.112</income-elasticity>
                <income-elasticity year="2025">0.114</income-elasticity>
                <income-elasticity year="2020">0.117</income-elasticity>
                <income-elasticity year="2015">0.125</income-elasticity>
            </energy-final-demand>
        </region>
        <region name="Argentina">
            <energy-final-demand name="industry">
                <income-elasticity year="2100">0.318</income-elasticity>
                <income-elasticity year="2095">0.321</income-elasticity>
                <income-elasticity year="2090">0.323</income-elasticity>
                <income-elasticity year="2085">0.326</income-elasticity>
                <income-elasticity year="2080">0.329</income-elasticity>
                <income-elasticity year="2075">0.333</income-elasticity>
                <income-elasticity year="2070">0.336</income-elasticity>
                <income-elasticity year="2065">0.34</income-elasticity>
                <income-elasticity year="2060">0.344</income-elasticity>
                <income-elasticity year="2055">0.347</income-elasticity>
                <income-elasticity year="2050">0.35</income-elasticity>
                <income-elasticity year="2045">0.359</income-elasticity>
                <income-elasticity year="2040">0.368</income-elasticity>
                <income-elasticity year="2035">0.381</income-elasticity>
                <income-elasticity year="2030">0.4</income-elasticity>
                <income-elasticity year="2025">0.427</income-elasticity>
                <income-elasticity year="2020">0.467</income-elasticity>
                <income-elasticity year="2015">0.523</income-elasticity>
            </energy-final-demand>
        </region>
        <region name="Colombia">
            <energy-final-demand name="industry">
                <income-elasticity year="2100">0.689</income-elasticity>
                <income-elasticity year="2095">0.707</income-elasticity>
                <income-elasticity year="2090">0.724</income-elasticity>
                <income-elasticity year="2085">0.742</income-elasticity>
                <income-elasticity year="2080">0.76</income-elasticity>
                <income-elasticity year="2075">0.779</income-elasticity>
                <income-elasticity year="2070">0.797</income-elasticity>
                <income-elasticity year="2065">0.814</income-elasticity>
                <income-elasticity year="2060">0.829</income-elasticity>
                <income-elasticity year="2055">0.844</income-elasticity>
                <income-elasticity year="2050">0.857</income-elasticity>
                <income-elasticity year="2045">0.87</income-elasticity>
                <income-elasticity year="2040">0.882</income-elasticity>
                <income-elasticity year="2035">0.896</income-elasticity>
                <income-elasticity year="2030">0.919</income-elasticity>
                <income-elasticity year="2025">0.951</income-elasticity>
                <income-elasticity year="2020">0.988</income-elasticity>
                <income-elasticity year="2015">1.053</income-elasticity>
            </energy-final-demand>
        </region>
    </world>
</scenario>
