<?xml version="1.0" encoding="UTF-8"?>
<scenario>
    <world>
        <region name="USA">
            <energy-final-demand name="industry">
                <income-elasticity year="2100">0.218</income-elasticity>
                <income-elasticity year="2095">0.22</income-elasticity>
                <income-elasticity year="2090">0.221</income-elasticity>
                <income-elasticity year="2085">0.222</income-elasticity>
                <income-elasticity year="2080">0.222</income-elasticity>
                <income-elasticity year="2075">0.223</income-elasticity>
                <income-elasticity year="2070">0.224</income-elasticity>
                <income-elasticity year="2065">0.225</income-elasticity>
                <income-elasticity year="2060">0.226</income-elasticity>
                <income-elasticity year="2055">0.226</income-elasticity>
                <income-elasticity year="2050">0.227</income-elasticity>
                <income-elasticity year="2045">0.228</income-elasticity>
                <income-elasticity year="2040">0.229</income-elasticity>
                <income-elasticity year="2035">0.23</income-elasticity>
                <income-elasticity year="2030">0.232</income-elasticity>
                <income-elasticity year="2025">0.233</income-elasticity>
                <income-elasticity year="2020">0.235</income-elasticity>
                <income-elasticity year="2015">0.238</income-elasticity>
            </energy-final-demand>
        </region>
        <region name="Africa_Eastern">
            <energy-final-demand name="industry">
                <income-elasticity year="2100">0.275</income-elasticity>
                <income-elasticity year="2095">0.293</income-elasticity>
                <income-elasticity year="2090">0.311</income-elasticity>
                <income-elasticity year="2085">0.331</income-elasticity>
                <income-elasticity year="2080">0.357</income-elasticity>
                <income-elasticity year="2075">0.425</income-elasticity>
                <income-elasticity year="2070">0.501</income-elasticity>
                <income-elasticity year="2065">0.583</income-elasticity>
                <income-elasticity year="2060">0.666</income-elasticity>
                <income-elasticity year="2055">0.746</income-elasticity>
                <income-elasticity year="2050">0.821</income-elasticity>
                <income-elasticity year="2045">0.889</income-elasticity>
                <income-elasticity year="2040">0.99</income-elasticity>
                <income-elasticity year="2035">1.084</income-elasticity>
                <income-elasticity year="2030">1.167</income-elasticity>
                <income-elasticity year="2025">1.241</income-elasticity>
                <income-elasticity year="2020">1.299</income-elasticity>
                <income-elasticity year="2015">1.349</income-elasticity>
            </energy-final-demand>
        </region>
        <region name="Africa_Northern">
            <energy-final-demand name="industry">
                <income-elasticity year="2100">0.287</income-elasticity>
                <income-elasticity year="2095">0.296</income-elasticity>
                <income-elasticity year="2090">0.306</income-elasticity>
                <income-elasticity year="2085">0.317</income-elasticity>
                <income-elasticity year="2080">0.328</income-elasticity>
                <income-elasticity year="2075">0.339</income-elasticity>
                <income-elasticity year="2070">0.355</income-elasticity>
                <income-elasticity year="2065">0.395</income-elasticity>
                <income-elasticity year="2060">0.439</income-elasticity>
                <income-elasticity year="2055">0.486</income-elasticity>
                <income-elasticity year="2050">0.536</income-elasticity>
                <income-elasticity year="2045">0.588</income-elasticity>
                <income-elasticity year="2040">0.642</income-elasticity>
                <income-elasticity year="2035">0.698</income-elasticity>
                <income-elasticity year="2030">0.757</income-elasticity>
                <income-elasticity year="2025">0.818</income-elasticity>
                <income-elasticity year="2020">0.878</income-elasticity>
                <income-elasticity year="2015">0.961</income-elasticity>
            </energy-final-demand>
        </region>
        <region name="Africa_Southern">
            <energy-final-demand name="industry">
                <income-elasticity year="2100">0.277</income-elasticity>
                <income-elasticity year="2095">0.294</income-elasticity>
                <income-elasticity year="2090">0.312</income-elasticity>
                <income-elasticity year="2085">0.331</income-elasticity>
                <income-elasticity year="2080">0.352</income-elasticity>
                <income-elasticity year="2075">0.416</income-elasticity>
                <income-elasticity year="2070">0.486</income-elasticity>
                <income-elasticity year="2065">0.562</income-elasticity>
                <income-elasticity year="2060">0.639</income-elasticity>
                <income-elasticity year="2055">0.714</income-elasticity>
                <income-elasticity year="2050">0.783</income-elasticity>
                <income-elasticity year="2045">0.844</income-elasticity>
                <income-elasticity year="2040">0.895</income-elasticity>
                <income-elasticity year="2035">0.967</income-elasticity>
                <income-elasticity year="2030">1.028</income-elasticity>
                <income-elasticity year="2025">1.085</income-elasticity>
                <income-elasticity year="2020">1.144</income-elasticity>
                <income-elasticity year="2015">1.215</income-elasticity>
            </energy-final-demand>
        </region>
        <region name="Africa_Western">
            <energy-final-demand name="industry">
                <income-elasticity year="2100">0.276</income-elasticity>
                <income-elasticity year="2095">0.291</income-elasticity>
                <income-elasticity year="2090">0.308</income-elasticity>
                <income-elasticity year="2085">0.326</income-elasticity>
                <income-elasticity year="2080">0.345</income-elasticity>
                <income-elasticity year="2075">0.397</income-elasticity>
                <income-elasticity year="2070">0.465</income-elasticity>
                <income-elasticity year="2065">0.541</income-elasticity>
                <income-elasticity year="2060">0.619</income-elasticity>
                <income-elasticity year="2055">0.697</income-elasticity>
                <income-elasticity year="2050">0.771</income-elasticity>
                <income-elasticity year="2045">0.839</income-elasticity>
                <income-elasticity year="2040">0.899</income-elasticity>
                <income-elasticity year="2035">1</income-elasticity>
                <income-elasticity year="2030">1.088</income-elasticity>
                <income-elasticity year="2025">1.174</income-elasticity>
                <income-elasticity year="2020">1.249</income-elasticity>
                <income-elasticity year="2015">1.306</income-elasticity>
            </energy-final-demand>
        </region>
        <region name="Australia_NZ">
            <energy-final-demand name="industry">
                <income-elasticity year="2100">0.14</income-elasticity>
                <income-elasticity year="2095">0.143</income-elasticity>
                <income-elasticity year="2090">0.146</income-elasticity>
                <income-elasticity year="2085">0.149</income-elasticity>
                <income-elasticity year="2080">0.151</income-elasticity>
                <income-elasticity year="2075">0.154</income-elasticity>
                <income-elasticity year="2070">0.157</income-elasticity>
                <income-elasticity year="2065">0.16</income-elasticity>
                <income-elasticity year="2060">0.163</income-elasticity>
                <income-elasticity year="2055">0.166</income-elasticity>
                <income-elasticity year="2050">0.168</income-elasticity>
                <income-elasticity year="2045">0.171</income-elasticity>
                <income-elasticity year="2040">0.174</income-elasticity>
                <income-elasticity year="2035">0.177</income-elasticity>
                <income-elasticity year="2030">0.18</income-elasticity>
                <income-elasticity year="2025">0.183</income-elasticity>
                <income-elasticity year="2020">0.187</income-elasticity>
                <income-elasticity year="2015">0.192</income-elasticity>
            </energy-final-demand>
        </region>
        <region name="Brazil">
            <energy-final-demand name="industry">
                <income-elasticity year="2100">0.257</income-elasticity>
                <income-elasticity year="2095">0.259</income-elasticity>
                <income-elasticity year="2090">0.262</income-elasticity>
                <income-elasticity year="2085">0.27</income-elasticity>
                <income-elasticity year="2080">0.279</income-elasticity>
                <income-elasticity year="2075">0.288</income-elasticity>
                <income-elasticity year="2070">0.297</income-elasticity>
                <income-elasticity year="2065">0.306</income-elasticity>
                <income-elasticity year="2060">0.316</income-elasticity>
                <income-elasticity year="2055">0.325</income-elasticity>
                <income-elasticity year="2050">0.335</income-elasticity>
                <income-elasticity year="2045">0.344</income-elasticity>
                <income-elasticity year="2040">0.361</income-elasticity>
                <income-elasticity year="2035">0.391</income-elasticity>
                <income-elasticity year="2030">0.424</income-elasticity>
                <income-elasticity year="2025">0.463</income-elasticity>
                <income-elasticity year="2020">0.512</income-elasticity>
                <income-elasticity year="2015">0.574</income-elasticity>
            </energy-final-demand>
        </region>
        <region name="Canada">
            <energy-final-demand name="industry">
                <income-elasticity year="2100">0.02</income-elasticity>
                <income-elasticity year="2095">0.022</income-elasticity>
                <income-elasticity year="2090">0.023</income-elasticity>
                <income-elasticity year="2085">0.025</income-elasticity>
                <income-elasticity year="2080">0.026</income-elasticity>
                <income-elasticity year="2075">0.028</income-elasticity>
                <income-elasticity year="2070">0.03</income-elasticity>
                <income-elasticity year="2065">0.031</income-elasticity>
                <income-elasticity year="2060">0.033</income-elasticity>
                <income-elasticity year="2055">0.035</income-elasticity>
                <income-elasticity year="2050">0.036</income-elasticity>
                <income-elasticity year="2045">0.038</income-elasticity>
                <income-elasticity year="2040">0.04</income-elasticity>
                <income-elasticity year="2035">0.043</income-elasticity>
                <income-elasticity year="2030">0.045</income-elasticity>
                <income-elasticity year="2025">0.048</income-elasticity>
                <income-elasticity year="2020">0.051</income-elasticity>
                <income-elasticity year="2015">0.054</income-elasticity>
            </energy-final-demand>
        </region>
        <region name="Central America and Caribbean">
            <energy-final-demand name="industry">
                <income-elasticity year="2100">0.259</income-elasticity>
                <income-elasticity year="2095">0.265</income-elasticity>
                <income-elasticity year="2090">0.277</income-elasticity>
                <income-elasticity year="2085">0.29</income-elasticity>
                <income-elasticity year="2080">0.303</income-elasticity>
                <income-elasticity year="2075">0.317</income-elasticity>
                <income-elasticity year="2070">0.331</income-elasticity>
                <income-elasticity year="2065">0.345</income-elasticity>
                <income-elasticity year="2060">0.38</income-elasticity>
                <income-elasticity year="2055">0.426</income-elasticity>
                <income-elasticity year="2050">0.475</income-elasticity>
                <income-elasticity year="2045">0.526</income-elasticity>
                <income-elasticity year="2040">0.579</income-elasticity>
                <income-elasticity year="2035">0.631</income-elasticity>
                <income-elasticity year="2030">0.68</income-elasticity>
                <income-elasticity year="2025">0.729</income-elasticity>
                <income-elasticity year="2020">0.778</income-elasticity>
                <income-elasticity year="2015">0.823</income-elasticity>
            </energy-final-demand>
        </region>
        <region name="Central Asia">
            <energy-final-demand name="industry">
                <income-elasticity year="2100">0.232</income-elasticity>
                <income-elasticity year="2095">0.234</income-elasticity>
                <income-elasticity year="2090">0.236</income-elasticity>
                <income-elasticity year="2085">0.238</income-elasticity>
                <income-elasticity year="2080">0.24</income-elasticity>
                <income-elasticity year="2075">0.242</income-elasticity>
                <income-elasticity year="2070">0.244</income-elasticity>
                <income-elasticity year="2065">0.247</income-elasticity>
                <income-elasticity year="2060">0.249</income-elasticity>
                <income-elasticity year="2055">0.251</income-elasticity>
                <income-elasticity year="2050">0.253</income-elasticity>
                <income-elasticity year="2045">0.256</income-elasticity>
                <income-elasticity year="2040">0.258</income-elasticity>
                <income-elasticity year="2035">0.266</income-elasticity>
                <income-elasticity year="2030">0.284</income-elasticity>
                <income-elasticity year="2025">0.305</income-elasticity>
                <income-elasticity year="2020">0.332</income-elasticity>
                <income-elasticity year="2015">0.38</income-elasticity>
            </energy-final-demand>
        </region>
        <region name="China">
            <energy-final-demand name="industry">
                <income-elasticity year="2100">0.233</income-elasticity>
                <income-elasticity year="2095">0.234</income-elasticity>
                <income-elasticity year="2090">0.235</income-elasticity>
                <income-elasticity year="2085">0.237</income-elasticity>
                <income-elasticity year="2080">0.238</income-elasticity>
                <income-elasticity year="2075">0.24</income-elasticity>
                <income-elasticity year="2070">0.242</income-elasticity>
                <income-elasticity year="2065">0.244</income-elasticity>
                <income-elasticity year="2060">0.245</income-elasticity>
                <income-elasticity year="2055">0.247</income-elasticity>
                <income-elasticity year="2050">0.249</income-elasticity>
                <income-elasticity year="2045">0.252</income-elasticity>
                <income-elasticity year="2040">0.255</income-elasticity>
                <income-elasticity year="2035">0.258</income-elasticity>
                <income-elasticity year="2030">0.268</income-elasticity>
                <income-elasticity year="2025">0.292</income-elasticity>
                <income-elasticity year="2020">0.324</income-elasticity>
                <income-elasticity year="2015">0.411</income-elasticity>
            </energy-final-demand>
        </region>
        <region name="EU-12">
            <energy-final-demand name="industry">
                <income-elasticity year="2100">0.254</income-elasticity>
                <income-elasticity year="2095">0.256</income-elasticity>
                <income-elasticity year="2090">0.258</income-elasticity>
                <income-elasticity year="2085">0.259</income-elasticity>
                <income-elasticity year="2080">0.264</income-elasticity>
                <income-elasticity year="2075">0.272</income-elasticity>
                <income-elasticity year="2070">0.28</income-elasticity>
                <income-elasticity year="2065">0.29</income-elasticity>
                <income-elasticity year="2060">0.299</income-elasticity>
                <income-elasticity year="2055">0.308</income-elasticity>
                <income-elasticity year="2050">0.317</income-elasticity>
                <income-elasticity year="2045">0.326</income-elasticity>
                <income-elasticity year="2040">0.336</income-elasticity>
                <income-elasticity year="2035">0.348</income-elasticity>
                <income-elasticity year="2030">0.383</income-elasticity>
                <income-elasticity year="2025">0.428</income-elasticity>
                <income-elasticity year="2020">0.478</income-elasticity>
                <income-elasticity year="2015">0.539</income-elasticity>
            </energy-final-demand>
        </region>
        <region name="EU-15">
            <energy-final-demand name="industry">
                <income-elasticity year="2100">0.25</income-elasticity>
                <income-elasticity year="2095">0.251</income-elasticity>
                <income-elasticity year="2090">0.253</income-elasticity>
                <income-elasticity year="2085">0.255</income-elasticity>
                <income-elasticity year="2080">0.256</income-elasticity>
                <income-elasticity year="2075">0.258</income-elasticity>
                <income-elasticity year="2070">0.259</income-elasticity>
                <income-elasticity year="2065">0.263</income-elasticity>
                <income-elasticity year="2060">0.271</income-elasticity>
                <income-elasticity year="2055">0.278</income-elasticity>
                <income-elasticity year="2050">0.285</income-elasticity>
                <income-elasticity year="2045">0.293</income-elasticity>
                <income-elasticity year="2040">0.3</income-elasticity>
                <income-elasticity year="2035">0.307</income-elasticity>
                <income-elasticity year="2030">0.314</income-elasticity>
                <income-elasticity year="2025">0.321</income-elasticity>
                <income-elasticity year="2020">0.327</income-elasticity>
                <income-elasticity year="2015">0.335</income-elasticity>
            </energy-final-demand>
        </region>
        <region name="Europe_Eastern">
            <energy-final-demand name="industry">
                <income-elasticity year="2100">0.214</income-elasticity>
                <income-elasticity year="2095">0.218</income-elasticity>
                <income-elasticity year="2090">0.221</income-elasticity>
                <income-elasticity year="2085">0.224</income-elasticity>
                <income-elasticity year="2080">0.226</income-elasticity>
                <income-elasticity year="2075">0.228</income-elasticity>
                <income-elasticity year="2070">0.231</income-elasticity>
                <income-elasticity year="2065">0.234</income-elasticity>
                <income-elasticity year="2060">0.237</income-elasticity>
                <income-elasticity year="2055">0.24</income-elasticity>
                <income-elasticity year="2050">0.243</income-elasticity>
                <income-elasticity year="2045">0.246</income-elasticity>
                <income-elasticity year="2040">0.249</income-elasticity>
                <income-elasticity year="2035">0.253</income-elasticity>
                <income-elasticity year="2030">0.257</income-elasticity>
                <income-elasticity year="2025">0.266</income-elasticity>
                <income-elasticity year="2020">0.288</income-elasticity>
                <income-elasticity year="2015">0.311</income-elasticity>
            </energy-final-demand>
        </region>
        <region name="Europe_Non_EU">
            <energy-final-demand name="industry">
                <income-elasticity year="2100">0.288</income-elasticity>
                <income-elasticity year="2095">0.295</income-elasticity>
                <income-elasticity year="2090">0.303</income-elasticity>
                <income-elasticity year="2085">0.312</income-elasticity>
                <income-elasticity year="2080">0.32</income-elasticity>
                <income-elasticity year="2075">0.329</income-elasticity>
                <income-elasticity year="2070">0.339</income-elasticity>
                <income-elasticity year="2065">0.348</income-elasticity>
                <income-elasticity year="2060">0.373</income-elasticity>
                <income-elasticity year="2055">0.404</income-elasticity>
                <income-elasticity year="2050">0.437</income-elasticity>
                <income-elasticity year="2045">0.471</income-elasticity>
                <income-elasticity year="2040">0.509</income-elasticity>
                <income-elasticity year="2035">0.549</income-elasticity>
                <income-elasticity year="2030">0.592</income-elasticity>
                <income-elasticity year="2025">0.638</income-elasticity>
                <income-elasticity year="2020">0.689</income-elasticity>
                <income-elasticity year="2015">0.747</income-elasticity>
            </energy-final-demand>
        </region>
        <region name="European Free Trade Association">
            <energy-final-demand name="industry">
                <income-elasticity year="2100">0.179</income-elasticity>
                <income-elasticity year="2095">0.183</income-elasticity>
                <income-elasticity year="2090">0.186</income-elasticity>
                <income-elasticity year="2085">0.19</income-elasticity>
                <income-elasticity year="2080">0.193</income-elasticity>
                <income-elasticity year="2075">0.197</income-elasticity>
                <income-elasticity year="2070">0.2</income-elasticity>
                <income-elasticity year="2065">0.204</income-elasticity>
                <income-elasticity year="2060">0.208</income-elasticity>
                <income-elasticity year="2055">0.211</income-elasticity>
                <income-elasticity year="2050">0.215</income-elasticity>
                <income-elasticity year="2045">0.218</income-elasticity>
                <income-elasticity year="2040">0.221</income-elasticity>
                <income-elasticity year="2035">0.222</income-elasticity>
                <income-elasticity year="2030">0.223</income-elasticity>
                <income-elasticity year="2025">0.225</income-elasticity>
                <income-elasticity year="2020">0.226</income-elasticity>
                <income-elasticity year="2015">0.228</income-elasticity>
            </energy-final-demand>
        </region>
        <region name="India">
            <energy-final-demand name="industry">
                <income-elasticity year="2100">0.283</income-elasticity>
                <income-elasticity year="2095">0.293</income-elasticity>
                <income-elasticity year="2090">0.304</income-elasticity>
                <income-elasticity year="2085">0.315</income-elasticity>
                <income-elasticity year="2080">0.327</income-elasticity>
                <income-elasticity year="2075">0.34</income-elasticity>
                <income-elasticity year="2070">0.36</income-elasticity>
                <income-elasticity year="2065">0.402</income-elasticity>
                <income-elasticity year="2060">0.449</income-elasticity>
                <income-elasticity year="2055">0.501</income-elasticity>
                <income-elasticity year="2050">0.557</income-elasticity>
                <income-elasticity year="2045">0.616</income-elasticity>
                <income-elasticity year="2040">0.678</income-elasticity>
                <income-elasticity year="2035">0.743</income-elasticity>
                <income-elasticity year="2030">0.809</income-elasticity>
                <income-elasticity year="2025">0.876</income-elasticity>
                <income-elasticity year="2020">0.985</income-elasticity>
                <income-elasticity year="2015">1.105</income-elasticity>
            </energy-final-demand>
        </region>
        <region name="Indonesia">
            <energy-final-demand name="industry">
                <income-elasticity year="2100">0.255</income-elasticity>
                <income-elasticity year="2095">0.257</income-elasticity>
                <income-elasticity year="2090">0.259</income-elasticity>
                <income-elasticity year="2085">0.267</income-elasticity>
                <income-elasticity year="2080">0.277</income-elasticity>
                <income-elasticity year="2075">0.289</income-elasticity>
                <income-elasticity year="2070">0.301</income-elasticity>
                <income-elasticity year="2065">0.314</income-elasticity>
                <income-elasticity year="2060">0.328</income-elasticity>
                <income-elasticity year="2055">0.342</income-elasticity>
                <income-elasticity year="2050">0.375</income-elasticity>
                <income-elasticity year="2045">0.428</income-elasticity>
                <income-elasticity year="2040">0.49</income-elasticity>
                <income-elasticity year="2035">0.562</income-elasticity>
                <income-elasticity year="2030">0.639</income-elasticity>
                <income-elasticity year="2025">0.724</income-elasticity>
                <income-elasticity year="2020">0.817</income-elasticity>
                <income-elasticity year="2015">0.908</income-elasticity>
            </energy-final-demand>
        </region>
        <region name="Japan">
            <energy-final-demand name="industry">
                <income-elasticity year="2100">0.226</income-elasticity>
                <income-elasticity year="2095">0.228</income-elasticity>
                <income-elasticity year="2090">0.23</income-elasticity>
                <income-elasticity year="2085">0.232</income-elasticity>
                <income-elasticity year="2080">0.233</income-elasticity>
                <income-elasticity year="2075">0.235</income-elasticity>
                <income-elasticity year="2070">0.237</income-elasticity>
                <income-elasticity year="2065">0.238</income-elasticity>
                <income-elasticity year="2060">0.24</income-elasticity>
                <income-elasticity year="2055">0.241</income-elasticity>
                <income-elasticity year="2050">0.243</income-elasticity>
                <income-elasticity year="2045">0.244</income-elasticity>
                <income-elasticity year="2040">0.246</income-elasticity>
                <income-elasticity year="2035">0.247</income-elasticity>
                <income-elasticity year="2030">0.248</income-elasticity>
                <income-elasticity year="2025">0.25</income-elasticity>
                <income-elasticity year="2020">0.252</income-elasticity>
                <income-elasticity year="2015">0.253</income-elasticity>
            </energy-final-demand>
        </region>
        <region name="Mexico">
            <energy-final-demand name="industry">
                <income-elasticity year="2100">0.278</income-elasticity>
                <income-elasticity year="2095">0.288</income-elasticity>
                <income-elasticity year="2090">0.298</income-elasticity>
                <income-elasticity year="2085">0.308</income-elasticity>
                <income-elasticity year="2080">0.318</income-elasticity>
                <income-elasticity year="2075">0.329</income-elasticity>
                <income-elasticity year="2070">0.34</income-elasticity>
                <income-elasticity year="2065">0.354</income-elasticity>
                <income-elasticity year="2060">0.389</income-elasticity>
                <income-elasticity year="2055">0.425</income-elasticity>
                <income-elasticity year="2050">0.464</income-elasticity>
                <income-elasticity year="2045">0.504</income-elasticity>
                <income-elasticity year="2040">0.543</income-elasticity>
                <income-elasticity year="2035">0.583</income-elasticity>
                <income-elasticity year="2030">0.623</income-elasticity>
                <income-elasticity year="2025">0.664</income-elasticity>
                <income-elasticity year="2020">0.705</income-elasticity>
                <income-elasticity year="2015">0.745</income-elasticity>
            </energy-final-demand>
        </region>
        <region name="Middle East">
            <energy-final-demand name="industry">
                <income-elasticity year="2100">0.238</income-elasticity>
                <income-elasticity year="2095">0.24</income-elasticity>
                <income-elasticity year="2090">0.242</income-elasticity>
                <income-elasticity year="2085">0.244</income-elasticity>
                <income-elasticity year="2080">0.246</income-elasticity>
                <income-elasticity year="2075">0.248</income-elasticity>
                <income-elasticity year="2070">0.25</income-elasticity>
                <income-elasticity year="2065">0.252</income-elasticity>
                <income-elasticity year="2060">0.254</income-elasticity>
                <income-elasticity year="2055">0.256</income-elasticity>
                <income-elasticity year="2050">0.258</income-elasticity>
                <income-elasticity year="2045">0.26</income-elasticity>
                <income-elasticity year="2040">0.266</income-elasticity>
                <income-elasticity year="2035">0.276</income-elasticity>
                <income-elasticity year="2030">0.287</income-elasticity>
                <income-elasticity year="2025">0.299</income-elasticity>
                <income-elasticity year="2020">0.312</income-elasticity>
                <income-elasticity year="2015">0.325</income-elasticity>
            </energy-final-demand>
        </region>
        <region name="Pakistan">
            <energy-final-demand name="industry">
                <income-elasticity year="2100">0.327</income-elasticity>
                <income-elasticity year="2095">0.342</income-elasticity>
                <income-elasticity year="2090">0.369</income-elasticity>
                <income-elasticity year="2085">0.417</income-elasticity>
                <income-elasticity year="2080">0.471</income-elasticity>
                <income-elasticity year="2075">0.53</income-elasticity>
                <income-elasticity year="2070">0.595</income-elasticity>
                <income-elasticity year="2065">0.66</income-elasticity>
                <income-elasticity year="2060">0.725</income-elasticity>
                <income-elasticity year="2055">0.788</income-elasticity>
                <income-elasticity year="2050">0.847</income-elasticity>
                <income-elasticity year="2045">0.902</income-elasticity>
                <income-elasticity year="2040">0.996</income-elasticity>
                <income-elasticity year="2035">1.079</income-elasticity>
                <income-elasticity year="2030">1.153</income-elasticity>
                <income-elasticity year="2025">1.219</income-elasticity>
                <income-elasticity year="2020">1.269</income-elasticity>
                <income-elasticity year="2015">1.302</income-elasticity>
            </energy-final-demand>
        </region>
        <region name="Russia">
            <energy-final-demand name="industry">
                <income-elasticity year="2100">0.075</income-elasticity>
                <income-elasticity year="2095">0.079</income-elasticity>
                <income-elasticity year="2090">0.084</income-elasticity>
                <income-elasticity year="2085">0.088</income-elasticity>
                <income-elasticity year="2080">0.093</income-elasticity>
                <income-elasticity year="2075">0.099</income-elasticity>
                <income-elasticity year="2070">0.102</income-elasticity>
                <income-elasticity year="2065">0.104</income-elasticity>
                <income-elasticity year="2060">0.107</income-elasticity>
                <income-elasticity year="2055">0.11</income-elasticity>
                <income-elasticity year="2050">0.113</income-elasticity>
                <income-elasticity year="2045">0.115</income-elasticity>
                <income-elasticity year="2040">0.119</income-elasticity>
                <income-elasticity year="2035">0.123</income-elasticity>
                <income-elasticity year="2030">0.129</income-elasticity>
                <income-elasticity year="2025">0.137</income-elasticity>
                <income-elasticity year="2020">0.145</income-elasticity>
                <income-elasticity year="2015">0.154</income-elasticity>
            </energy-final-demand>
        </region>
        <region name="South Africa">
            <energy-final-demand name="industry">
                <income-elasticity year="2100">0.238</income-elasticity>
                <income-elasticity year="2095">0.239</income-elasticity>
                <income-elasticity year="2090">0.241</income-elasticity>
                <income-elasticity year="2085">0.243</income-elasticity>
                <income-elasticity year="2080">0.245</income-elasticity>
                <income-elasticity year="2075">0.248</income-elasticity>
                <income-elasticity year="2070">0.25</income-elasticity>
                <income-elasticity year="2065">0.252</income-elasticity>
                <income-elasticity year="2060">0.254</income-elasticity>
                <income-elasticity year="2055">0.256</income-elasticity>
                <income-elasticity year="2050">0.259</income-elasticity>
                <income-elasticity year="2045">0.265</income-elasticity>
                <income-elasticity year="2040">0.277</income-elasticity>
                <income-elasticity year="2035">0.29</income-elasticity>
                <income-elasticity year="2030">0.304</income-elasticity>
                <income-elasticity year="2025">0.32</income-elasticity>
                <income-elasticity year="2020">0.338</income-elasticity>
                <income-elasticity year="2015">0.375</income-elasticity>
            </energy-final-demand>
        </region>
        <region name="South America_Northern">
            <energy-final-demand name="industry">
                <income-elasticity year="2100">0.237</income-elasticity>
                <income-elasticity year="2095">0.239</income-elasticity>
                <income-elasticity year="2090">0.241</income-elasticity>
                <income-elasticity year="2085">0.243</income-elasticity>
                <income-elasticity year="2080">0.246</income-elasticity>
                <income-elasticity year="2075">0.248</income-elasticity>
                <income-elasticity year="2070">0.251</income-elasticity>
                <income-elasticity year="2065">0.253</income-elasticity>
                <income-elasticity year="2060">0.255</income-elasticity>
                <income-elasticity year="2055">0.258</income-elasticity>
                <income-elasticity year="2050">0.261</income-elasticity>
                <income-elasticity year="2045">0.273</income-elasticity>
                <income-elasticity year="2040">0.284</income-elasticity>
                <income-elasticity year="2035">0.296</income-elasticity>
                <income-elasticity year="2030">0.308</income-elasticity>
                <income-elasticity year="2025">0.32</income-elasticity>
                <income-elasticity year="2020">0.332</income-elasticity>
                <income-elasticity year="2015">0.342</income-elasticity>
            </energy-final-demand>
        </region>
        <region name="South America_Southern">
            <energy-final-demand name="industry">
                <income-elasticity year="2100">0.286</income-elasticity>
                <income-elasticity year="2095">0.296</income-elasticity>
                <income-elasticity year="2090">0.306</income-elasticity>
                <income-elasticity year="2085">0.316</income-elasticity>
                <income-elasticity year="2080">0.327</income-elasticity>
                <income-elasticity year="2075">0.338</income-elasticity>
                <income-elasticity year="2070">0.349</income-elasticity>
                <income-elasticity year="2065">0.382</income-elasticity>
                <income-elasticity year="2060">0.42</income-elasticity>
                <income-elasticity year="2055">0.461</income-elasticity>
                <income-elasticity year="2050">0.504</income-elasticity>
                <income-elasticity year="2045">0.55</income-elasticity>
                <income-elasticity year="2040">0.598</income-elasticity>
                <income-elasticity year="2035">0.645</income-elasticity>
                <income-elasticity year="2030">0.693</income-elasticity>
                <income-elasticity year="2025">0.745</income-elasticity>
                <income-elasticity year="2020">0.801</income-elasticity>
                <income-elasticity year="2015">0.86</income-elasticity>
            </energy-final-demand>
        </region>
        <region name="South Asia">
            <energy-final-demand name="industry">
                <income-elasticity year="2100">0.363</income-elasticity>
                <income-elasticity year="2095">0.409</income-elasticity>
                <income-elasticity year="2090">0.459</income-elasticity>
                <income-elasticity year="2085">0.513</income-elasticity>
                <income-elasticity year="2080">0.57</income-elasticity>
                <income-elasticity year="2075">0.628</income-elasticity>
                <income-elasticity year="2070">0.685</income-elasticity>
                <income-elasticity year="2065">0.743</income-elasticity>
                <income-elasticity year="2060">0.798</income-elasticity>
                <income-elasticity year="2055">0.851</income-elasticity>
                <income-elasticity year="2050">0.899</income-elasticity>
                <income-elasticity year="2045">0.982</income-elasticity>
                <income-elasticity year="2040">1.06</income-elasticity>
                <income-elasticity year="2035">1.133</income-elasticity>
                <income-elasticity year="2030">1.204</income-elasticity>
                <income-elasticity year="2025">1.271</income-elasticity>
                <income-elasticity year="2020">1.331</income-elasticity>
                <income-elasticity year="2015">1.38</income-elasticity>
            </energy-final-demand>
        </region>
        <region name="South Korea">
            <energy-final-demand name="industry">
                <income-elasticity year="2100">0.079</income-elasticity>
                <income-elasticity year="2095">0.083</income-elasticity>
                <income-elasticity year="2090">0.088</income-elasticity>
                <income-elasticity year="2085">0.093</income-elasticity>
                <income-elasticity year="2080">0.098</income-elasticity>
                <income-elasticity year="2075">0.102</income-elasticity>
                <income-elasticity year="2070">0.104</income-elasticity>
                <income-elasticity year="2065">0.107</income-elasticity>
                <income-elasticity year="2060">0.11</income-elasticity>
                <income-elasticity year="2055">0.112</income-elasticity>
                <income-elasticity year="2050">0.116</income-elasticity>
                <income-elasticity year="2045">0.119</income-elasticity>
                <income-elasticity year="2040">0.123</income-elasticity>
                <income-elasticity year="2035">0.127</income-elasticity>
                <income-elasticity year="2030">0.132</income-elasticity>
                <income-elasticity year="2025">0.138</income-elasticity>
                <income-elasticity year="2020">0.146</income-elasticity>
                <income-elasticity year="2015">0.155</income-elasticity>
            </energy-final-demand>
        </region>
        <region name="Southeast Asia">
            <energy-final-demand name="industry">
                <income-elasticity year="2100">0.257</income-elasticity>
                <income-elasticity year="2095">0.259</income-elasticity>
                <income-elasticity year="2090">0.268</income-elasticity>
                <income-elasticity year="2085">0.278</income-elasticity>
                <income-elasticity year="2080">0.29</income-elasticity>
                <income-elasticity year="2075">0.302</income-elasticity>
                <income-elasticity year="2070">0.314</income-elasticity>
                <income-elasticity year="2065">0.328</income-elasticity>
                <income-elasticity year="2060">0.341</income-elasticity>
                <income-elasticity year="2055">0.366</income-elasticity>
                <income-elasticity year="2050">0.41</income-elasticity>
                <income-elasticity year="2045">0.458</income-elasticity>
                <income-elasticity year="2040">0.511</income-elasticity>
                <income-elasticity year="2035">0.567</income-elasticity>
                <income-elasticity year="2030">0.625</income-elasticity>
                <income-elasticity year="2025">0.687</income-elasticity>
                <income-elasticity year="2020">0.753</income-elasticity>
                <income-elasticity year="2015">0.822</income-elasticity>
            </energy-final-demand>
        </region>
        <region name="Taiwan">
            <energy-final-demand name="industry">
                <income-elasticity year="2100">0.079</income-elasticity>
                <income-elasticity year="2095">0.079</income-elasticity>
                <income-elasticity year="2090">0.08</income-elasticity>
                <income-elasticity year="2085">0.081</income-elasticity>
                <income-elasticity year="2080">0.083</income-elasticity>
                <income-elasticity year="2075">0.085</income-elasticity>
                <income-elasticity year="2070">0.089</income-elasticity>
                <income-elasticity year="2065">0.092</income-elasticity>
                <income-elasticity year="2060">0.097</income-elasticity>
                <income-elasticity year="2055">0.098</income-elasticity>
                <income-elasticity year="2050">0.099</income-elasticity>
                <income-elasticity year="2045">0.101</income-elasticity>
                <income-elasticity year="2040">0.103</income-elasticity>
                <income-elasticity year="2035">0.105</income-elasticity>
                <income-elasticity year="2030">0.108</income-elasticity>
                <income-elasticity year="2025">0.112</income-elasticity>
                <income-elasticity year="2020">0.117</income-elasticity>
                <income-elasticity year="2015">0.125</income-elasticity>
            </energy-final-demand>
        </region>
        <region name="Argentina">
            <energy-final-demand name="industry">
                <income-elasticity year="2100">0.254</income-elasticity>
                <income-elasticity year="2095">0.255</income-elasticity>
                <income-elasticity year="2090">0.257</income-elasticity>
                <income-elasticity year="2085">0.258</income-elasticity>
                <income-elasticity year="2080">0.26</income-elasticity>
                <income-elasticity year="2075">0.268</income-elasticity>
                <income-elasticity year="2070">0.276</income-elasticity>
                <income-elasticity year="2065">0.284</income-elasticity>
                <income-elasticity year="2060">0.293</income-elasticity>
                <income-elasticity year="2055">0.302</income-elasticity>
                <income-elasticity year="2050">0.312</income-elasticity>
                <income-elasticity year="2045">0.322</income-elasticity>
                <income-elasticity year="2040">0.332</income-elasticity>
                <income-elasticity year="2035">0.344</income-elasticity>
                <income-elasticity year="2030">0.37</income-elasticity>
                <income-elasticity year="2025">0.414</income-elasticity>
                <income-elasticity year="2020">0.465</income-elasticity>
                <income-elasticity year="2015">0.523</income-elasticity>
            </energy-final-demand>
        </region>
        <region name="Colombia">
            <energy-final-demand name="industry">
                <income-elasticity year="2100">0.359</income-elasticity>
                <income-elasticity year="2095">0.388</income-elasticity>
                <income-elasticity year="2090">0.42</income-elasticity>
                <income-elasticity year="2085">0.454</income-elasticity>
                <income-elasticity year="2080">0.491</income-elasticity>
                <income-elasticity year="2075">0.53</income-elasticity>
                <income-elasticity year="2070">0.57</income-elasticity>
                <income-elasticity year="2065">0.612</income-elasticity>
                <income-elasticity year="2060">0.654</income-elasticity>
                <income-elasticity year="2055">0.695</income-elasticity>
                <income-elasticity year="2050">0.736</income-elasticity>
                <income-elasticity year="2045">0.776</income-elasticity>
                <income-elasticity year="2040">0.815</income-elasticity>
                <income-elasticity year="2035">0.852</income-elasticity>
                <income-elasticity year="2030">0.887</income-elasticity>
                <income-elasticity year="2025">0.935</income-elasticity>
                <income-elasticity year="2020">0.986</income-elasticity>
                <income-elasticity year="2015">1.053</income-elasticity>
            </energy-final-demand>
        </region>
    </world>
</scenario>
