<?xml version="1.0" encoding="UTF-8"?>
<scenario>
    <world>
        <region name="USA">
            <interest-rate>0.05</interest-rate>
        </region>
        <region name="Africa_Eastern">
            <interest-rate>0.05</interest-rate>
        </region>
        <region name="Africa_Northern">
            <interest-rate>0.05</interest-rate>
        </region>
        <region name="Africa_Southern">
            <interest-rate>0.05</interest-rate>
        </region>
        <region name="Africa_Western">
            <interest-rate>0.05</interest-rate>
        </region>
        <region name="Australia_NZ">
            <interest-rate>0.05</interest-rate>
        </region>
        <region name="Brazil">
            <interest-rate>0.05</interest-rate>
        </region>
        <region name="Canada">
            <interest-rate>0.05</interest-rate>
        </region>
        <region name="Central America and Caribbean">
            <interest-rate>0.05</interest-rate>
        </region>
        <region name="Central Asia">
            <interest-rate>0.05</interest-rate>
        </region>
        <region name="China">
            <interest-rate>0.05</interest-rate>
        </region>
        <region name="EU-12">
            <interest-rate>0.05</interest-rate>
        </region>
        <region name="EU-15">
            <interest-rate>0.05</interest-rate>
        </region>
        <region name="Europe_Eastern">
            <interest-rate>0.05</interest-rate>
        </region>
        <region name="Europe_Non_EU">
            <interest-rate>0.05</interest-rate>
        </region>
        <region name="European Free Trade Association">
            <interest-rate>0.05</interest-rate>
        </region>
        <region name="India">
            <interest-rate>0.05</interest-rate>
        </region>
        <region name="Indonesia">
            <interest-rate>0.05</interest-rate>
        </region>
        <region name="Japan">
            <interest-rate>0.05</interest-rate>
        </region>
        <region name="Mexico">
            <interest-rate>0.05</interest-rate>
        </region>
        <region name="Middle East">
            <interest-rate>0.05</interest-rate>
        </region>
        <region name="Pakistan">
            <interest-rate>0.05</interest-rate>
        </region>
        <region name="Russia">
            <interest-rate>0.05</interest-rate>
        </region>
        <region name="South Africa">
            <interest-rate>0.05</interest-rate>
        </region>
        <region name="South America_Northern">
            <interest-rate>0.05</interest-rate>
        </region>
        <region name="South America_Southern">
            <interest-rate>0.05</interest-rate>
        </region>
        <region name="South Asia">
            <interest-rate>0.05</interest-rate>
        </region>
        <region name="South Korea">
            <interest-rate>0.05</interest-rate>
        </region>
        <region name="Southeast Asia">
            <interest-rate>0.05</interest-rate>
        </region>
        <region name="Taiwan">
            <interest-rate>0.05</interest-rate>
        </region>
        <region name="Argentina">
            <interest-rate>0.05</interest-rate>
        </region>
        <region name="Colombia">
            <interest-rate>0.05</interest-rate>
        </region>
    </world>
</scenario>
