<?xml version="1.0" encoding="UTF-8"?>
<scenario>
    <world>
        <global-technology-database>
            <location-info sector-name="refining" subsector-name="oil refining">
                <technology name="oil refining">
                    <period year="1975">
                        <res-secondary-output name="oil-credits">
                            <output-ratio>1</output-ratio>
                        </res-secondary-output>
                    </period>
                    <period year="1990">
                        <res-secondary-output name="oil-credits">
                            <output-ratio>1</output-ratio>
                        </res-secondary-output>
                    </period>
                    <period year="2005">
                        <res-secondary-output name="oil-credits">
                            <output-ratio>1</output-ratio>
                        </res-secondary-output>
                    </period>
                    <period year="2010">
                        <res-secondary-output name="oil-credits">
                            <output-ratio>1</output-ratio>
                        </res-secondary-output>
                    </period>
                    <period year="2015">
                        <res-secondary-output name="oil-credits">
                            <output-ratio>1</output-ratio>
                        </res-secondary-output>
                    </period>
                    <period year="2020">
                        <res-secondary-output name="oil-credits">
                            <output-ratio>1</output-ratio>
                        </res-secondary-output>
                    </period>
                    <period year="2025">
                        <res-secondary-output name="oil-credits">
                            <output-ratio>1</output-ratio>
                        </res-secondary-output>
                    </period>
                    <period year="2030">
                        <res-secondary-output name="oil-credits">
                            <output-ratio>1</output-ratio>
                        </res-secondary-output>
                    </period>
                    <period year="2035">
                        <res-secondary-output name="oil-credits">
                            <output-ratio>1</output-ratio>
                        </res-secondary-output>
                    </period>
                    <period year="2040">
                        <res-secondary-output name="oil-credits">
                            <output-ratio>1</output-ratio>
                        </res-secondary-output>
                    </period>
                    <period year="2045">
                        <res-secondary-output name="oil-credits">
                            <output-ratio>1</output-ratio>
                        </res-secondary-output>
                    </period>
                    <period year="2050">
                        <res-secondary-output name="oil-credits">
                            <output-ratio>1</output-ratio>
                        </res-secondary-output>
                    </period>
                    <period year="2055">
                        <res-secondary-output name="oil-credits">
                            <output-ratio>1</output-ratio>
                        </res-secondary-output>
                    </period>
                    <period year="2060">
                        <res-secondary-output name="oil-credits">
                            <output-ratio>1</output-ratio>
                        </res-secondary-output>
                    </period>
                    <period year="2065">
                        <res-secondary-output name="oil-credits">
                            <output-ratio>1</output-ratio>
                        </res-secondary-output>
                    </period>
                    <period year="2070">
                        <res-secondary-output name="oil-credits">
                            <output-ratio>1</output-ratio>
                        </res-secondary-output>
                    </period>
                    <period year="2075">
                        <res-secondary-output name="oil-credits">
                            <output-ratio>1</output-ratio>
                        </res-secondary-output>
                    </period>
                    <period year="2080">
                        <res-secondary-output name="oil-credits">
                            <output-ratio>1</output-ratio>
                        </res-secondary-output>
                    </period>
                    <period year="2085">
                        <res-secondary-output name="oil-credits">
                            <output-ratio>1</output-ratio>
                        </res-secondary-output>
                    </period>
                    <period year="2090">
                        <res-secondary-output name="oil-credits">
                            <output-ratio>1</output-ratio>
                        </res-secondary-output>
                    </period>
                    <period year="2095">
                        <res-secondary-output name="oil-credits">
                            <output-ratio>1</output-ratio>
                        </res-secondary-output>
                    </period>
                    <period year="2100">
                        <res-secondary-output name="oil-credits">
                            <output-ratio>1</output-ratio>
                        </res-secondary-output>
                    </period>
                </technology>
            </location-info>
            <location-info sector-name="electricity" subsector-name="refined liquids">
                <technology name="refined liquids (CC)">
                    <period year="1975">
                        <minicam-energy-input name="oil-credits">
                            <coefficient>2.34741784037559</coefficient>
                        </minicam-energy-input>
                        <CO2 name="CO2"/>
                    </period>
                    <period year="1990">
                        <minicam-energy-input name="oil-credits">
                            <coefficient>2.34741784037559</coefficient>
                        </minicam-energy-input>
                        <CO2 name="CO2"/>
                    </period>
                    <period year="2005">
                        <minicam-energy-input name="oil-credits">
                            <coefficient>2.34741784037559</coefficient>
                        </minicam-energy-input>
                        <CO2 name="CO2"/>
                    </period>
                    <period year="2010">
                        <minicam-energy-input name="oil-credits">
                            <coefficient>1.8018018018018</coefficient>
                        </minicam-energy-input>
                        <CO2 name="CO2"/>
                    </period>
                    <period year="2015">
                        <minicam-energy-input name="oil-credits">
                            <coefficient>1.8018018018018</coefficient>
                        </minicam-energy-input>
                        <CO2 name="CO2"/>
                    </period>
                    <period year="2020">
                        <minicam-energy-input name="oil-credits">
                            <coefficient>1.76056338028169</coefficient>
                        </minicam-energy-input>
                        <CO2 name="CO2"/>
                    </period>
                    <period year="2025">
                        <minicam-energy-input name="oil-credits">
                            <coefficient>1.72711571675302</coefficient>
                        </minicam-energy-input>
                        <CO2 name="CO2"/>
                    </period>
                    <period year="2030">
                        <minicam-energy-input name="oil-credits">
                            <coefficient>1.69491525423729</coefficient>
                        </minicam-energy-input>
                        <CO2 name="CO2"/>
                    </period>
                    <period year="2035">
                        <minicam-energy-input name="oil-credits">
                            <coefficient>1.66389351081531</coefficient>
                        </minicam-energy-input>
                        <CO2 name="CO2"/>
                    </period>
                    <period year="2040">
                        <minicam-energy-input name="oil-credits">
                            <coefficient>1.63934426229508</coefficient>
                        </minicam-energy-input>
                        <CO2 name="CO2"/>
                    </period>
                    <period year="2045">
                        <minicam-energy-input name="oil-credits">
                            <coefficient>1.61550888529887</coefficient>
                        </minicam-energy-input>
                        <CO2 name="CO2"/>
                    </period>
                    <period year="2050">
                        <minicam-energy-input name="oil-credits">
                            <coefficient>1.59489633173844</coefficient>
                        </minicam-energy-input>
                        <CO2 name="CO2"/>
                    </period>
                    <period year="2055">
                        <minicam-energy-input name="oil-credits">
                            <coefficient>1.57728706624606</coefficient>
                        </minicam-energy-input>
                        <CO2 name="CO2"/>
                    </period>
                    <period year="2060">
                        <minicam-energy-input name="oil-credits">
                            <coefficient>1.5600624024961</coefficient>
                        </minicam-energy-input>
                        <CO2 name="CO2"/>
                    </period>
                    <period year="2065">
                        <minicam-energy-input name="oil-credits">
                            <coefficient>1.54320987654321</coefficient>
                        </minicam-energy-input>
                        <CO2 name="CO2"/>
                    </period>
                    <period year="2070">
                        <minicam-energy-input name="oil-credits">
                            <coefficient>1.52905198776758</coefficient>
                        </minicam-energy-input>
                        <CO2 name="CO2"/>
                    </period>
                    <period year="2075">
                        <minicam-energy-input name="oil-credits">
                            <coefficient>1.51745068285281</coefficient>
                        </minicam-energy-input>
                        <CO2 name="CO2"/>
                    </period>
                    <period year="2080">
                        <minicam-energy-input name="oil-credits">
                            <coefficient>1.50602409638554</coefficient>
                        </minicam-energy-input>
                        <CO2 name="CO2"/>
                    </period>
                    <period year="2085">
                        <minicam-energy-input name="oil-credits">
                            <coefficient>1.49476831091181</coefficient>
                        </minicam-energy-input>
                        <CO2 name="CO2"/>
                    </period>
                    <period year="2090">
                        <minicam-energy-input name="oil-credits">
                            <coefficient>1.48367952522255</coefficient>
                        </minicam-energy-input>
                        <CO2 name="CO2"/>
                    </period>
                    <period year="2095">
                        <minicam-energy-input name="oil-credits">
                            <coefficient>1.47492625368732</coefficient>
                        </minicam-energy-input>
                        <CO2 name="CO2"/>
                    </period>
                    <period year="2100">
                        <minicam-energy-input name="oil-credits">
                            <coefficient>1.46627565982405</coefficient>
                        </minicam-energy-input>
                        <CO2 name="CO2"/>
                    </period>
                </technology>
                <technology name="refined liquids (steam/CT)">
                    <period year="1975">
                        <minicam-energy-input name="oil-credits">
                            <coefficient>3.21543408360129</coefficient>
                        </minicam-energy-input>
                        <CO2 name="CO2"/>
                    </period>
                    <period year="1990">
                        <minicam-energy-input name="oil-credits">
                            <coefficient>2.85714285714286</coefficient>
                        </minicam-energy-input>
                        <CO2 name="CO2"/>
                    </period>
                    <period year="2005">
                        <minicam-energy-input name="oil-credits">
                            <coefficient>2.60416666666667</coefficient>
                        </minicam-energy-input>
                        <CO2 name="CO2"/>
                    </period>
                    <period year="2010">
                        <minicam-energy-input name="oil-credits">
                            <coefficient>2.75482093663912</coefficient>
                        </minicam-energy-input>
                        <CO2 name="CO2"/>
                    </period>
                    <period year="2015">
                        <minicam-energy-input name="oil-credits">
                            <coefficient>2.75482093663912</coefficient>
                        </minicam-energy-input>
                        <CO2 name="CO2"/>
                    </period>
                    <period year="2020">
                        <minicam-energy-input name="oil-credits">
                            <coefficient>2.69541778975741</coefficient>
                        </minicam-energy-input>
                        <CO2 name="CO2"/>
                    </period>
                    <period year="2025">
                        <minicam-energy-input name="oil-credits">
                            <coefficient>2.63157894736842</coefficient>
                        </minicam-energy-input>
                        <CO2 name="CO2"/>
                    </period>
                    <period year="2030">
                        <minicam-energy-input name="oil-credits">
                            <coefficient>2.57731958762887</coefficient>
                        </minicam-energy-input>
                        <CO2 name="CO2"/>
                    </period>
                    <period year="2035">
                        <minicam-energy-input name="oil-credits">
                            <coefficient>2.53164556962025</coefficient>
                        </minicam-energy-input>
                        <CO2 name="CO2"/>
                    </period>
                    <period year="2040">
                        <minicam-energy-input name="oil-credits">
                            <coefficient>2.48756218905473</coefficient>
                        </minicam-energy-input>
                        <CO2 name="CO2"/>
                    </period>
                    <period year="2045">
                        <minicam-energy-input name="oil-credits">
                            <coefficient>2.44498777506112</coefficient>
                        </minicam-energy-input>
                        <CO2 name="CO2"/>
                    </period>
                    <period year="2050">
                        <minicam-energy-input name="oil-credits">
                            <coefficient>2.40963855421687</coefficient>
                        </minicam-energy-input>
                        <CO2 name="CO2"/>
                    </period>
                    <period year="2055">
                        <minicam-energy-input name="oil-credits">
                            <coefficient>2.37529691211401</coefficient>
                        </minicam-energy-input>
                        <CO2 name="CO2"/>
                    </period>
                    <period year="2060">
                        <minicam-energy-input name="oil-credits">
                            <coefficient>2.34192037470726</coefficient>
                        </minicam-energy-input>
                        <CO2 name="CO2"/>
                    </period>
                    <period year="2065">
                        <minicam-energy-input name="oil-credits">
                            <coefficient>2.3094688221709</coefficient>
                        </minicam-energy-input>
                        <CO2 name="CO2"/>
                    </period>
                    <period year="2070">
                        <minicam-energy-input name="oil-credits">
                            <coefficient>2.28310502283105</coefficient>
                        </minicam-energy-input>
                        <CO2 name="CO2"/>
                    </period>
                    <period year="2075">
                        <minicam-energy-input name="oil-credits">
                            <coefficient>2.25733634311512</coefficient>
                        </minicam-energy-input>
                        <CO2 name="CO2"/>
                    </period>
                    <period year="2080">
                        <minicam-energy-input name="oil-credits">
                            <coefficient>2.23214285714286</coefficient>
                        </minicam-energy-input>
                        <CO2 name="CO2"/>
                    </period>
                    <period year="2085">
                        <minicam-energy-input name="oil-credits">
                            <coefficient>2.21238938053097</coefficient>
                        </minicam-energy-input>
                        <CO2 name="CO2"/>
                    </period>
                    <period year="2090">
                        <minicam-energy-input name="oil-credits">
                            <coefficient>2.18818380743982</coefficient>
                        </minicam-energy-input>
                        <CO2 name="CO2"/>
                    </period>
                    <period year="2095">
                        <minicam-energy-input name="oil-credits">
                            <coefficient>2.16919739696312</coefficient>
                        </minicam-energy-input>
                        <CO2 name="CO2"/>
                    </period>
                    <period year="2100">
                        <minicam-energy-input name="oil-credits">
                            <coefficient>2.1505376344086</coefficient>
                        </minicam-energy-input>
                        <CO2 name="CO2"/>
                    </period>
                </technology>
                <technology name="refined liquids (CC CCS)">
                    <period year="1975">
                        <minicam-energy-input name="oil-credits">
                            <coefficient>2.77777777777778</coefficient>
                        </minicam-energy-input>
                        <CO2 name="CO2"/>
                    </period>
                    <period year="1990">
                        <minicam-energy-input name="oil-credits">
                            <coefficient>2.77777777777778</coefficient>
                        </minicam-energy-input>
                        <CO2 name="CO2"/>
                    </period>
                    <period year="2005">
                        <minicam-energy-input name="oil-credits">
                            <coefficient>2.77777777777778</coefficient>
                        </minicam-energy-input>
                        <CO2 name="CO2"/>
                    </period>
                    <period year="2010">
                        <minicam-energy-input name="oil-credits">
                            <coefficient>2.39234449760766</coefficient>
                        </minicam-energy-input>
                        <CO2 name="CO2"/>
                    </period>
                    <period year="2015">
                        <minicam-energy-input name="oil-credits">
                            <coefficient>2.38095238095238</coefficient>
                        </minicam-energy-input>
                        <CO2 name="CO2"/>
                    </period>
                    <period year="2020">
                        <minicam-energy-input name="oil-credits">
                            <coefficient>2.14132762312634</coefficient>
                        </minicam-energy-input>
                        <CO2 name="CO2"/>
                    </period>
                    <period year="2025">
                        <minicam-energy-input name="oil-credits">
                            <coefficient>1.98019801980198</coefficient>
                        </minicam-energy-input>
                        <CO2 name="CO2"/>
                    </period>
                    <period year="2030">
                        <minicam-energy-input name="oil-credits">
                            <coefficient>1.86567164179104</coefficient>
                        </minicam-energy-input>
                        <CO2 name="CO2"/>
                    </period>
                    <period year="2035">
                        <minicam-energy-input name="oil-credits">
                            <coefficient>1.77935943060498</coefficient>
                        </minicam-energy-input>
                        <CO2 name="CO2"/>
                    </period>
                    <period year="2040">
                        <minicam-energy-input name="oil-credits">
                            <coefficient>1.71232876712329</coefficient>
                        </minicam-energy-input>
                        <CO2 name="CO2"/>
                    </period>
                    <period year="2045">
                        <minicam-energy-input name="oil-credits">
                            <coefficient>1.66112956810631</coefficient>
                        </minicam-energy-input>
                        <CO2 name="CO2"/>
                    </period>
                    <period year="2050">
                        <minicam-energy-input name="oil-credits">
                            <coefficient>1.61812297734628</coefficient>
                        </minicam-energy-input>
                        <CO2 name="CO2"/>
                    </period>
                    <period year="2055">
                        <minicam-energy-input name="oil-credits">
                            <coefficient>1.58478605388273</coefficient>
                        </minicam-energy-input>
                        <CO2 name="CO2"/>
                    </period>
                    <period year="2060">
                        <minicam-energy-input name="oil-credits">
                            <coefficient>1.55763239875389</coefficient>
                        </minicam-energy-input>
                        <CO2 name="CO2"/>
                    </period>
                    <period year="2065">
                        <minicam-energy-input name="oil-credits">
                            <coefficient>1.53374233128834</coefficient>
                        </minicam-energy-input>
                        <CO2 name="CO2"/>
                    </period>
                    <period year="2070">
                        <minicam-energy-input name="oil-credits">
                            <coefficient>1.51285930408472</coefficient>
                        </minicam-energy-input>
                        <CO2 name="CO2"/>
                    </period>
                    <period year="2075">
                        <minicam-energy-input name="oil-credits">
                            <coefficient>1.49700598802395</coefficient>
                        </minicam-energy-input>
                        <CO2 name="CO2"/>
                    </period>
                    <period year="2080">
                        <minicam-energy-input name="oil-credits">
                            <coefficient>1.48148148148148</coefficient>
                        </minicam-energy-input>
                        <CO2 name="CO2"/>
                    </period>
                    <period year="2085">
                        <minicam-energy-input name="oil-credits">
                            <coefficient>1.46842878120411</coefficient>
                        </minicam-energy-input>
                        <CO2 name="CO2"/>
                    </period>
                    <period year="2090">
                        <minicam-energy-input name="oil-credits">
                            <coefficient>1.45772594752187</coefficient>
                        </minicam-energy-input>
                        <CO2 name="CO2"/>
                    </period>
                    <period year="2095">
                        <minicam-energy-input name="oil-credits">
                            <coefficient>1.44717800289436</coefficient>
                        </minicam-energy-input>
                        <CO2 name="CO2"/>
                    </period>
                    <period year="2100">
                        <minicam-energy-input name="oil-credits">
                            <coefficient>1.4367816091954</coefficient>
                        </minicam-energy-input>
                        <CO2 name="CO2"/>
                    </period>
                </technology>
            </location-info>
            <location-info sector-name="industrial feedstocks" subsector-name="refined liquids">
                <technology name="refined liquids">
                    <period year="1975">
                        <minicam-energy-input name="oil-credits">
                            <coefficient>0.8</coefficient>
                        </minicam-energy-input>
                        <CO2 name="CO2"/>
                    </period>
                    <period year="1990">
                        <minicam-energy-input name="oil-credits">
                            <coefficient>0.8</coefficient>
                        </minicam-energy-input>
                        <CO2 name="CO2"/>
                    </period>
                    <period year="2005">
                        <minicam-energy-input name="oil-credits">
                            <coefficient>0.8</coefficient>
                        </minicam-energy-input>
                        <CO2 name="CO2"/>
                    </period>
                    <period year="2010">
                        <minicam-energy-input name="oil-credits">
                            <coefficient>0.8</coefficient>
                        </minicam-energy-input>
                        <CO2 name="CO2"/>
                    </period>
                    <period year="2015">
                        <minicam-energy-input name="oil-credits">
                            <coefficient>0.8</coefficient>
                        </minicam-energy-input>
                        <CO2 name="CO2"/>
                    </period>
                    <period year="2020">
                        <minicam-energy-input name="oil-credits">
                            <coefficient>0.8</coefficient>
                        </minicam-energy-input>
                        <CO2 name="CO2"/>
                    </period>
                    <period year="2025">
                        <minicam-energy-input name="oil-credits">
                            <coefficient>0.8</coefficient>
                        </minicam-energy-input>
                        <CO2 name="CO2"/>
                    </period>
                    <period year="2030">
                        <minicam-energy-input name="oil-credits">
                            <coefficient>0.8</coefficient>
                        </minicam-energy-input>
                        <CO2 name="CO2"/>
                    </period>
                    <period year="2035">
                        <minicam-energy-input name="oil-credits">
                            <coefficient>0.8</coefficient>
                        </minicam-energy-input>
                        <CO2 name="CO2"/>
                    </period>
                    <period year="2040">
                        <minicam-energy-input name="oil-credits">
                            <coefficient>0.8</coefficient>
                        </minicam-energy-input>
                        <CO2 name="CO2"/>
                    </period>
                    <period year="2045">
                        <minicam-energy-input name="oil-credits">
                            <coefficient>0.8</coefficient>
                        </minicam-energy-input>
                        <CO2 name="CO2"/>
                    </period>
                    <period year="2050">
                        <minicam-energy-input name="oil-credits">
                            <coefficient>0.8</coefficient>
                        </minicam-energy-input>
                        <CO2 name="CO2"/>
                    </period>
                    <period year="2055">
                        <minicam-energy-input name="oil-credits">
                            <coefficient>0.8</coefficient>
                        </minicam-energy-input>
                        <CO2 name="CO2"/>
                    </period>
                    <period year="2060">
                        <minicam-energy-input name="oil-credits">
                            <coefficient>0.8</coefficient>
                        </minicam-energy-input>
                        <CO2 name="CO2"/>
                    </period>
                    <period year="2065">
                        <minicam-energy-input name="oil-credits">
                            <coefficient>0.8</coefficient>
                        </minicam-energy-input>
                        <CO2 name="CO2"/>
                    </period>
                    <period year="2070">
                        <minicam-energy-input name="oil-credits">
                            <coefficient>0.8</coefficient>
                        </minicam-energy-input>
                        <CO2 name="CO2"/>
                    </period>
                    <period year="2075">
                        <minicam-energy-input name="oil-credits">
                            <coefficient>0.8</coefficient>
                        </minicam-energy-input>
                        <CO2 name="CO2"/>
                    </period>
                    <period year="2080">
                        <minicam-energy-input name="oil-credits">
                            <coefficient>0.8</coefficient>
                        </minicam-energy-input>
                        <CO2 name="CO2"/>
                    </period>
                    <period year="2085">
                        <minicam-energy-input name="oil-credits">
                            <coefficient>0.8</coefficient>
                        </minicam-energy-input>
                        <CO2 name="CO2"/>
                    </period>
                    <period year="2090">
                        <minicam-energy-input name="oil-credits">
                            <coefficient>0.8</coefficient>
                        </minicam-energy-input>
                        <CO2 name="CO2"/>
                    </period>
                    <period year="2095">
                        <minicam-energy-input name="oil-credits">
                            <coefficient>0.8</coefficient>
                        </minicam-energy-input>
                        <CO2 name="CO2"/>
                    </period>
                    <period year="2100">
                        <minicam-energy-input name="oil-credits">
                            <coefficient>0.8</coefficient>
                        </minicam-energy-input>
                        <CO2 name="CO2"/>
                    </period>
                </technology>
            </location-info>
        </global-technology-database>
        <region name="USA">
            <policy-portfolio-standard name="oil-credits">
                <market>global</market>
                <policyType>RES</policyType>
                <constraint year="2015">1</constraint>
                <price-unit>1975$/GJ</price-unit>
                <output-unit>EJ</output-unit>
                <constraint year="2020">1</constraint>
                <constraint year="2025">1</constraint>
                <constraint year="2030">1</constraint>
                <constraint year="2035">1</constraint>
                <constraint year="2040">1</constraint>
                <constraint year="2045">1</constraint>
                <constraint year="2050">1</constraint>
                <constraint year="2055">1</constraint>
                <constraint year="2060">1</constraint>
                <constraint year="2065">1</constraint>
                <constraint year="2070">1</constraint>
                <constraint year="2075">1</constraint>
                <constraint year="2080">1</constraint>
                <constraint year="2085">1</constraint>
                <constraint year="2090">1</constraint>
                <constraint year="2095">1</constraint>
                <constraint year="2100">1</constraint>
            </policy-portfolio-standard>
        </region>
        <region name="Africa_Eastern">
            <policy-portfolio-standard name="oil-credits">
                <market>global</market>
                <policyType>RES</policyType>
                <constraint year="2015">1</constraint>
                <price-unit>1975$/GJ</price-unit>
                <output-unit>EJ</output-unit>
                <constraint year="2020">1</constraint>
                <constraint year="2025">1</constraint>
                <constraint year="2030">1</constraint>
                <constraint year="2035">1</constraint>
                <constraint year="2040">1</constraint>
                <constraint year="2045">1</constraint>
                <constraint year="2050">1</constraint>
                <constraint year="2055">1</constraint>
                <constraint year="2060">1</constraint>
                <constraint year="2065">1</constraint>
                <constraint year="2070">1</constraint>
                <constraint year="2075">1</constraint>
                <constraint year="2080">1</constraint>
                <constraint year="2085">1</constraint>
                <constraint year="2090">1</constraint>
                <constraint year="2095">1</constraint>
                <constraint year="2100">1</constraint>
            </policy-portfolio-standard>
        </region>
        <region name="Africa_Northern">
            <policy-portfolio-standard name="oil-credits">
                <market>global</market>
                <policyType>RES</policyType>
                <constraint year="2015">1</constraint>
                <price-unit>1975$/GJ</price-unit>
                <output-unit>EJ</output-unit>
                <constraint year="2020">1</constraint>
                <constraint year="2025">1</constraint>
                <constraint year="2030">1</constraint>
                <constraint year="2035">1</constraint>
                <constraint year="2040">1</constraint>
                <constraint year="2045">1</constraint>
                <constraint year="2050">1</constraint>
                <constraint year="2055">1</constraint>
                <constraint year="2060">1</constraint>
                <constraint year="2065">1</constraint>
                <constraint year="2070">1</constraint>
                <constraint year="2075">1</constraint>
                <constraint year="2080">1</constraint>
                <constraint year="2085">1</constraint>
                <constraint year="2090">1</constraint>
                <constraint year="2095">1</constraint>
                <constraint year="2100">1</constraint>
            </policy-portfolio-standard>
        </region>
        <region name="Africa_Southern">
            <policy-portfolio-standard name="oil-credits">
                <market>global</market>
                <policyType>RES</policyType>
                <constraint year="2015">1</constraint>
                <price-unit>1975$/GJ</price-unit>
                <output-unit>EJ</output-unit>
                <constraint year="2020">1</constraint>
                <constraint year="2025">1</constraint>
                <constraint year="2030">1</constraint>
                <constraint year="2035">1</constraint>
                <constraint year="2040">1</constraint>
                <constraint year="2045">1</constraint>
                <constraint year="2050">1</constraint>
                <constraint year="2055">1</constraint>
                <constraint year="2060">1</constraint>
                <constraint year="2065">1</constraint>
                <constraint year="2070">1</constraint>
                <constraint year="2075">1</constraint>
                <constraint year="2080">1</constraint>
                <constraint year="2085">1</constraint>
                <constraint year="2090">1</constraint>
                <constraint year="2095">1</constraint>
                <constraint year="2100">1</constraint>
            </policy-portfolio-standard>
        </region>
        <region name="Africa_Western">
            <policy-portfolio-standard name="oil-credits">
                <market>global</market>
                <policyType>RES</policyType>
                <constraint year="2015">1</constraint>
                <price-unit>1975$/GJ</price-unit>
                <output-unit>EJ</output-unit>
                <constraint year="2020">1</constraint>
                <constraint year="2025">1</constraint>
                <constraint year="2030">1</constraint>
                <constraint year="2035">1</constraint>
                <constraint year="2040">1</constraint>
                <constraint year="2045">1</constraint>
                <constraint year="2050">1</constraint>
                <constraint year="2055">1</constraint>
                <constraint year="2060">1</constraint>
                <constraint year="2065">1</constraint>
                <constraint year="2070">1</constraint>
                <constraint year="2075">1</constraint>
                <constraint year="2080">1</constraint>
                <constraint year="2085">1</constraint>
                <constraint year="2090">1</constraint>
                <constraint year="2095">1</constraint>
                <constraint year="2100">1</constraint>
            </policy-portfolio-standard>
        </region>
        <region name="Australia_NZ">
            <policy-portfolio-standard name="oil-credits">
                <market>global</market>
                <policyType>RES</policyType>
                <constraint year="2015">1</constraint>
                <price-unit>1975$/GJ</price-unit>
                <output-unit>EJ</output-unit>
                <constraint year="2020">1</constraint>
                <constraint year="2025">1</constraint>
                <constraint year="2030">1</constraint>
                <constraint year="2035">1</constraint>
                <constraint year="2040">1</constraint>
                <constraint year="2045">1</constraint>
                <constraint year="2050">1</constraint>
                <constraint year="2055">1</constraint>
                <constraint year="2060">1</constraint>
                <constraint year="2065">1</constraint>
                <constraint year="2070">1</constraint>
                <constraint year="2075">1</constraint>
                <constraint year="2080">1</constraint>
                <constraint year="2085">1</constraint>
                <constraint year="2090">1</constraint>
                <constraint year="2095">1</constraint>
                <constraint year="2100">1</constraint>
            </policy-portfolio-standard>
        </region>
        <region name="Brazil">
            <policy-portfolio-standard name="oil-credits">
                <market>global</market>
                <policyType>RES</policyType>
                <constraint year="2015">1</constraint>
                <price-unit>1975$/GJ</price-unit>
                <output-unit>EJ</output-unit>
                <constraint year="2020">1</constraint>
                <constraint year="2025">1</constraint>
                <constraint year="2030">1</constraint>
                <constraint year="2035">1</constraint>
                <constraint year="2040">1</constraint>
                <constraint year="2045">1</constraint>
                <constraint year="2050">1</constraint>
                <constraint year="2055">1</constraint>
                <constraint year="2060">1</constraint>
                <constraint year="2065">1</constraint>
                <constraint year="2070">1</constraint>
                <constraint year="2075">1</constraint>
                <constraint year="2080">1</constraint>
                <constraint year="2085">1</constraint>
                <constraint year="2090">1</constraint>
                <constraint year="2095">1</constraint>
                <constraint year="2100">1</constraint>
            </policy-portfolio-standard>
        </region>
        <region name="Canada">
            <policy-portfolio-standard name="oil-credits">
                <market>global</market>
                <policyType>RES</policyType>
                <constraint year="2015">1</constraint>
                <price-unit>1975$/GJ</price-unit>
                <output-unit>EJ</output-unit>
                <constraint year="2020">1</constraint>
                <constraint year="2025">1</constraint>
                <constraint year="2030">1</constraint>
                <constraint year="2035">1</constraint>
                <constraint year="2040">1</constraint>
                <constraint year="2045">1</constraint>
                <constraint year="2050">1</constraint>
                <constraint year="2055">1</constraint>
                <constraint year="2060">1</constraint>
                <constraint year="2065">1</constraint>
                <constraint year="2070">1</constraint>
                <constraint year="2075">1</constraint>
                <constraint year="2080">1</constraint>
                <constraint year="2085">1</constraint>
                <constraint year="2090">1</constraint>
                <constraint year="2095">1</constraint>
                <constraint year="2100">1</constraint>
            </policy-portfolio-standard>
        </region>
        <region name="Central America and Caribbean">
            <policy-portfolio-standard name="oil-credits">
                <market>global</market>
                <policyType>RES</policyType>
                <constraint year="2015">1</constraint>
                <price-unit>1975$/GJ</price-unit>
                <output-unit>EJ</output-unit>
                <constraint year="2020">1</constraint>
                <constraint year="2025">1</constraint>
                <constraint year="2030">1</constraint>
                <constraint year="2035">1</constraint>
                <constraint year="2040">1</constraint>
                <constraint year="2045">1</constraint>
                <constraint year="2050">1</constraint>
                <constraint year="2055">1</constraint>
                <constraint year="2060">1</constraint>
                <constraint year="2065">1</constraint>
                <constraint year="2070">1</constraint>
                <constraint year="2075">1</constraint>
                <constraint year="2080">1</constraint>
                <constraint year="2085">1</constraint>
                <constraint year="2090">1</constraint>
                <constraint year="2095">1</constraint>
                <constraint year="2100">1</constraint>
            </policy-portfolio-standard>
        </region>
        <region name="Central Asia">
            <policy-portfolio-standard name="oil-credits">
                <market>global</market>
                <policyType>RES</policyType>
                <constraint year="2015">1</constraint>
                <price-unit>1975$/GJ</price-unit>
                <output-unit>EJ</output-unit>
                <constraint year="2020">1</constraint>
                <constraint year="2025">1</constraint>
                <constraint year="2030">1</constraint>
                <constraint year="2035">1</constraint>
                <constraint year="2040">1</constraint>
                <constraint year="2045">1</constraint>
                <constraint year="2050">1</constraint>
                <constraint year="2055">1</constraint>
                <constraint year="2060">1</constraint>
                <constraint year="2065">1</constraint>
                <constraint year="2070">1</constraint>
                <constraint year="2075">1</constraint>
                <constraint year="2080">1</constraint>
                <constraint year="2085">1</constraint>
                <constraint year="2090">1</constraint>
                <constraint year="2095">1</constraint>
                <constraint year="2100">1</constraint>
            </policy-portfolio-standard>
        </region>
        <region name="China">
            <policy-portfolio-standard name="oil-credits">
                <market>global</market>
                <policyType>RES</policyType>
                <constraint year="2015">1</constraint>
                <price-unit>1975$/GJ</price-unit>
                <output-unit>EJ</output-unit>
                <constraint year="2020">1</constraint>
                <constraint year="2025">1</constraint>
                <constraint year="2030">1</constraint>
                <constraint year="2035">1</constraint>
                <constraint year="2040">1</constraint>
                <constraint year="2045">1</constraint>
                <constraint year="2050">1</constraint>
                <constraint year="2055">1</constraint>
                <constraint year="2060">1</constraint>
                <constraint year="2065">1</constraint>
                <constraint year="2070">1</constraint>
                <constraint year="2075">1</constraint>
                <constraint year="2080">1</constraint>
                <constraint year="2085">1</constraint>
                <constraint year="2090">1</constraint>
                <constraint year="2095">1</constraint>
                <constraint year="2100">1</constraint>
            </policy-portfolio-standard>
        </region>
        <region name="EU-12">
            <policy-portfolio-standard name="oil-credits">
                <market>global</market>
                <policyType>RES</policyType>
                <constraint year="2015">1</constraint>
                <price-unit>1975$/GJ</price-unit>
                <output-unit>EJ</output-unit>
                <constraint year="2020">1</constraint>
                <constraint year="2025">1</constraint>
                <constraint year="2030">1</constraint>
                <constraint year="2035">1</constraint>
                <constraint year="2040">1</constraint>
                <constraint year="2045">1</constraint>
                <constraint year="2050">1</constraint>
                <constraint year="2055">1</constraint>
                <constraint year="2060">1</constraint>
                <constraint year="2065">1</constraint>
                <constraint year="2070">1</constraint>
                <constraint year="2075">1</constraint>
                <constraint year="2080">1</constraint>
                <constraint year="2085">1</constraint>
                <constraint year="2090">1</constraint>
                <constraint year="2095">1</constraint>
                <constraint year="2100">1</constraint>
            </policy-portfolio-standard>
        </region>
        <region name="EU-15">
            <policy-portfolio-standard name="oil-credits">
                <market>global</market>
                <policyType>RES</policyType>
                <constraint year="2015">1</constraint>
                <price-unit>1975$/GJ</price-unit>
                <output-unit>EJ</output-unit>
                <constraint year="2020">1</constraint>
                <constraint year="2025">1</constraint>
                <constraint year="2030">1</constraint>
                <constraint year="2035">1</constraint>
                <constraint year="2040">1</constraint>
                <constraint year="2045">1</constraint>
                <constraint year="2050">1</constraint>
                <constraint year="2055">1</constraint>
                <constraint year="2060">1</constraint>
                <constraint year="2065">1</constraint>
                <constraint year="2070">1</constraint>
                <constraint year="2075">1</constraint>
                <constraint year="2080">1</constraint>
                <constraint year="2085">1</constraint>
                <constraint year="2090">1</constraint>
                <constraint year="2095">1</constraint>
                <constraint year="2100">1</constraint>
            </policy-portfolio-standard>
        </region>
        <region name="Europe_Eastern">
            <policy-portfolio-standard name="oil-credits">
                <market>global</market>
                <policyType>RES</policyType>
                <constraint year="2015">1</constraint>
                <price-unit>1975$/GJ</price-unit>
                <output-unit>EJ</output-unit>
                <constraint year="2020">1</constraint>
                <constraint year="2025">1</constraint>
                <constraint year="2030">1</constraint>
                <constraint year="2035">1</constraint>
                <constraint year="2040">1</constraint>
                <constraint year="2045">1</constraint>
                <constraint year="2050">1</constraint>
                <constraint year="2055">1</constraint>
                <constraint year="2060">1</constraint>
                <constraint year="2065">1</constraint>
                <constraint year="2070">1</constraint>
                <constraint year="2075">1</constraint>
                <constraint year="2080">1</constraint>
                <constraint year="2085">1</constraint>
                <constraint year="2090">1</constraint>
                <constraint year="2095">1</constraint>
                <constraint year="2100">1</constraint>
            </policy-portfolio-standard>
        </region>
        <region name="Europe_Non_EU">
            <policy-portfolio-standard name="oil-credits">
                <market>global</market>
                <policyType>RES</policyType>
                <constraint year="2015">1</constraint>
                <price-unit>1975$/GJ</price-unit>
                <output-unit>EJ</output-unit>
                <constraint year="2020">1</constraint>
                <constraint year="2025">1</constraint>
                <constraint year="2030">1</constraint>
                <constraint year="2035">1</constraint>
                <constraint year="2040">1</constraint>
                <constraint year="2045">1</constraint>
                <constraint year="2050">1</constraint>
                <constraint year="2055">1</constraint>
                <constraint year="2060">1</constraint>
                <constraint year="2065">1</constraint>
                <constraint year="2070">1</constraint>
                <constraint year="2075">1</constraint>
                <constraint year="2080">1</constraint>
                <constraint year="2085">1</constraint>
                <constraint year="2090">1</constraint>
                <constraint year="2095">1</constraint>
                <constraint year="2100">1</constraint>
            </policy-portfolio-standard>
        </region>
        <region name="European Free Trade Association">
            <policy-portfolio-standard name="oil-credits">
                <market>global</market>
                <policyType>RES</policyType>
                <constraint year="2015">1</constraint>
                <price-unit>1975$/GJ</price-unit>
                <output-unit>EJ</output-unit>
                <constraint year="2020">1</constraint>
                <constraint year="2025">1</constraint>
                <constraint year="2030">1</constraint>
                <constraint year="2035">1</constraint>
                <constraint year="2040">1</constraint>
                <constraint year="2045">1</constraint>
                <constraint year="2050">1</constraint>
                <constraint year="2055">1</constraint>
                <constraint year="2060">1</constraint>
                <constraint year="2065">1</constraint>
                <constraint year="2070">1</constraint>
                <constraint year="2075">1</constraint>
                <constraint year="2080">1</constraint>
                <constraint year="2085">1</constraint>
                <constraint year="2090">1</constraint>
                <constraint year="2095">1</constraint>
                <constraint year="2100">1</constraint>
            </policy-portfolio-standard>
        </region>
        <region name="India">
            <policy-portfolio-standard name="oil-credits">
                <market>global</market>
                <policyType>RES</policyType>
                <constraint year="2015">1</constraint>
                <price-unit>1975$/GJ</price-unit>
                <output-unit>EJ</output-unit>
                <constraint year="2020">1</constraint>
                <constraint year="2025">1</constraint>
                <constraint year="2030">1</constraint>
                <constraint year="2035">1</constraint>
                <constraint year="2040">1</constraint>
                <constraint year="2045">1</constraint>
                <constraint year="2050">1</constraint>
                <constraint year="2055">1</constraint>
                <constraint year="2060">1</constraint>
                <constraint year="2065">1</constraint>
                <constraint year="2070">1</constraint>
                <constraint year="2075">1</constraint>
                <constraint year="2080">1</constraint>
                <constraint year="2085">1</constraint>
                <constraint year="2090">1</constraint>
                <constraint year="2095">1</constraint>
                <constraint year="2100">1</constraint>
            </policy-portfolio-standard>
        </region>
        <region name="Indonesia">
            <policy-portfolio-standard name="oil-credits">
                <market>global</market>
                <policyType>RES</policyType>
                <constraint year="2015">1</constraint>
                <price-unit>1975$/GJ</price-unit>
                <output-unit>EJ</output-unit>
                <constraint year="2020">1</constraint>
                <constraint year="2025">1</constraint>
                <constraint year="2030">1</constraint>
                <constraint year="2035">1</constraint>
                <constraint year="2040">1</constraint>
                <constraint year="2045">1</constraint>
                <constraint year="2050">1</constraint>
                <constraint year="2055">1</constraint>
                <constraint year="2060">1</constraint>
                <constraint year="2065">1</constraint>
                <constraint year="2070">1</constraint>
                <constraint year="2075">1</constraint>
                <constraint year="2080">1</constraint>
                <constraint year="2085">1</constraint>
                <constraint year="2090">1</constraint>
                <constraint year="2095">1</constraint>
                <constraint year="2100">1</constraint>
            </policy-portfolio-standard>
        </region>
        <region name="Japan">
            <policy-portfolio-standard name="oil-credits">
                <market>global</market>
                <policyType>RES</policyType>
                <constraint year="2015">1</constraint>
                <price-unit>1975$/GJ</price-unit>
                <output-unit>EJ</output-unit>
                <constraint year="2020">1</constraint>
                <constraint year="2025">1</constraint>
                <constraint year="2030">1</constraint>
                <constraint year="2035">1</constraint>
                <constraint year="2040">1</constraint>
                <constraint year="2045">1</constraint>
                <constraint year="2050">1</constraint>
                <constraint year="2055">1</constraint>
                <constraint year="2060">1</constraint>
                <constraint year="2065">1</constraint>
                <constraint year="2070">1</constraint>
                <constraint year="2075">1</constraint>
                <constraint year="2080">1</constraint>
                <constraint year="2085">1</constraint>
                <constraint year="2090">1</constraint>
                <constraint year="2095">1</constraint>
                <constraint year="2100">1</constraint>
            </policy-portfolio-standard>
        </region>
        <region name="Mexico">
            <policy-portfolio-standard name="oil-credits">
                <market>global</market>
                <policyType>RES</policyType>
                <constraint year="2015">1</constraint>
                <price-unit>1975$/GJ</price-unit>
                <output-unit>EJ</output-unit>
                <constraint year="2020">1</constraint>
                <constraint year="2025">1</constraint>
                <constraint year="2030">1</constraint>
                <constraint year="2035">1</constraint>
                <constraint year="2040">1</constraint>
                <constraint year="2045">1</constraint>
                <constraint year="2050">1</constraint>
                <constraint year="2055">1</constraint>
                <constraint year="2060">1</constraint>
                <constraint year="2065">1</constraint>
                <constraint year="2070">1</constraint>
                <constraint year="2075">1</constraint>
                <constraint year="2080">1</constraint>
                <constraint year="2085">1</constraint>
                <constraint year="2090">1</constraint>
                <constraint year="2095">1</constraint>
                <constraint year="2100">1</constraint>
            </policy-portfolio-standard>
        </region>
        <region name="Middle East">
            <policy-portfolio-standard name="oil-credits">
                <market>global</market>
                <policyType>RES</policyType>
                <constraint year="2015">1</constraint>
                <price-unit>1975$/GJ</price-unit>
                <output-unit>EJ</output-unit>
                <constraint year="2020">1</constraint>
                <constraint year="2025">1</constraint>
                <constraint year="2030">1</constraint>
                <constraint year="2035">1</constraint>
                <constraint year="2040">1</constraint>
                <constraint year="2045">1</constraint>
                <constraint year="2050">1</constraint>
                <constraint year="2055">1</constraint>
                <constraint year="2060">1</constraint>
                <constraint year="2065">1</constraint>
                <constraint year="2070">1</constraint>
                <constraint year="2075">1</constraint>
                <constraint year="2080">1</constraint>
                <constraint year="2085">1</constraint>
                <constraint year="2090">1</constraint>
                <constraint year="2095">1</constraint>
                <constraint year="2100">1</constraint>
            </policy-portfolio-standard>
        </region>
        <region name="Pakistan">
            <policy-portfolio-standard name="oil-credits">
                <market>global</market>
                <policyType>RES</policyType>
                <constraint year="2015">1</constraint>
                <price-unit>1975$/GJ</price-unit>
                <output-unit>EJ</output-unit>
                <constraint year="2020">1</constraint>
                <constraint year="2025">1</constraint>
                <constraint year="2030">1</constraint>
                <constraint year="2035">1</constraint>
                <constraint year="2040">1</constraint>
                <constraint year="2045">1</constraint>
                <constraint year="2050">1</constraint>
                <constraint year="2055">1</constraint>
                <constraint year="2060">1</constraint>
                <constraint year="2065">1</constraint>
                <constraint year="2070">1</constraint>
                <constraint year="2075">1</constraint>
                <constraint year="2080">1</constraint>
                <constraint year="2085">1</constraint>
                <constraint year="2090">1</constraint>
                <constraint year="2095">1</constraint>
                <constraint year="2100">1</constraint>
            </policy-portfolio-standard>
        </region>
        <region name="Russia">
            <policy-portfolio-standard name="oil-credits">
                <market>global</market>
                <policyType>RES</policyType>
                <constraint year="2015">1</constraint>
                <price-unit>1975$/GJ</price-unit>
                <output-unit>EJ</output-unit>
                <constraint year="2020">1</constraint>
                <constraint year="2025">1</constraint>
                <constraint year="2030">1</constraint>
                <constraint year="2035">1</constraint>
                <constraint year="2040">1</constraint>
                <constraint year="2045">1</constraint>
                <constraint year="2050">1</constraint>
                <constraint year="2055">1</constraint>
                <constraint year="2060">1</constraint>
                <constraint year="2065">1</constraint>
                <constraint year="2070">1</constraint>
                <constraint year="2075">1</constraint>
                <constraint year="2080">1</constraint>
                <constraint year="2085">1</constraint>
                <constraint year="2090">1</constraint>
                <constraint year="2095">1</constraint>
                <constraint year="2100">1</constraint>
            </policy-portfolio-standard>
        </region>
        <region name="South Africa">
            <policy-portfolio-standard name="oil-credits">
                <market>global</market>
                <policyType>RES</policyType>
                <constraint year="2015">1</constraint>
                <price-unit>1975$/GJ</price-unit>
                <output-unit>EJ</output-unit>
                <constraint year="2020">1</constraint>
                <constraint year="2025">1</constraint>
                <constraint year="2030">1</constraint>
                <constraint year="2035">1</constraint>
                <constraint year="2040">1</constraint>
                <constraint year="2045">1</constraint>
                <constraint year="2050">1</constraint>
                <constraint year="2055">1</constraint>
                <constraint year="2060">1</constraint>
                <constraint year="2065">1</constraint>
                <constraint year="2070">1</constraint>
                <constraint year="2075">1</constraint>
                <constraint year="2080">1</constraint>
                <constraint year="2085">1</constraint>
                <constraint year="2090">1</constraint>
                <constraint year="2095">1</constraint>
                <constraint year="2100">1</constraint>
            </policy-portfolio-standard>
        </region>
        <region name="South America_Northern">
            <policy-portfolio-standard name="oil-credits">
                <market>global</market>
                <policyType>RES</policyType>
                <constraint year="2015">1</constraint>
                <price-unit>1975$/GJ</price-unit>
                <output-unit>EJ</output-unit>
                <constraint year="2020">1</constraint>
                <constraint year="2025">1</constraint>
                <constraint year="2030">1</constraint>
                <constraint year="2035">1</constraint>
                <constraint year="2040">1</constraint>
                <constraint year="2045">1</constraint>
                <constraint year="2050">1</constraint>
                <constraint year="2055">1</constraint>
                <constraint year="2060">1</constraint>
                <constraint year="2065">1</constraint>
                <constraint year="2070">1</constraint>
                <constraint year="2075">1</constraint>
                <constraint year="2080">1</constraint>
                <constraint year="2085">1</constraint>
                <constraint year="2090">1</constraint>
                <constraint year="2095">1</constraint>
                <constraint year="2100">1</constraint>
            </policy-portfolio-standard>
        </region>
        <region name="South America_Southern">
            <policy-portfolio-standard name="oil-credits">
                <market>global</market>
                <policyType>RES</policyType>
                <constraint year="2015">1</constraint>
                <price-unit>1975$/GJ</price-unit>
                <output-unit>EJ</output-unit>
                <constraint year="2020">1</constraint>
                <constraint year="2025">1</constraint>
                <constraint year="2030">1</constraint>
                <constraint year="2035">1</constraint>
                <constraint year="2040">1</constraint>
                <constraint year="2045">1</constraint>
                <constraint year="2050">1</constraint>
                <constraint year="2055">1</constraint>
                <constraint year="2060">1</constraint>
                <constraint year="2065">1</constraint>
                <constraint year="2070">1</constraint>
                <constraint year="2075">1</constraint>
                <constraint year="2080">1</constraint>
                <constraint year="2085">1</constraint>
                <constraint year="2090">1</constraint>
                <constraint year="2095">1</constraint>
                <constraint year="2100">1</constraint>
            </policy-portfolio-standard>
        </region>
        <region name="South Asia">
            <policy-portfolio-standard name="oil-credits">
                <market>global</market>
                <policyType>RES</policyType>
                <constraint year="2015">1</constraint>
                <price-unit>1975$/GJ</price-unit>
                <output-unit>EJ</output-unit>
                <constraint year="2020">1</constraint>
                <constraint year="2025">1</constraint>
                <constraint year="2030">1</constraint>
                <constraint year="2035">1</constraint>
                <constraint year="2040">1</constraint>
                <constraint year="2045">1</constraint>
                <constraint year="2050">1</constraint>
                <constraint year="2055">1</constraint>
                <constraint year="2060">1</constraint>
                <constraint year="2065">1</constraint>
                <constraint year="2070">1</constraint>
                <constraint year="2075">1</constraint>
                <constraint year="2080">1</constraint>
                <constraint year="2085">1</constraint>
                <constraint year="2090">1</constraint>
                <constraint year="2095">1</constraint>
                <constraint year="2100">1</constraint>
            </policy-portfolio-standard>
        </region>
        <region name="South Korea">
            <policy-portfolio-standard name="oil-credits">
                <market>global</market>
                <policyType>RES</policyType>
                <constraint year="2015">1</constraint>
                <price-unit>1975$/GJ</price-unit>
                <output-unit>EJ</output-unit>
                <constraint year="2020">1</constraint>
                <constraint year="2025">1</constraint>
                <constraint year="2030">1</constraint>
                <constraint year="2035">1</constraint>
                <constraint year="2040">1</constraint>
                <constraint year="2045">1</constraint>
                <constraint year="2050">1</constraint>
                <constraint year="2055">1</constraint>
                <constraint year="2060">1</constraint>
                <constraint year="2065">1</constraint>
                <constraint year="2070">1</constraint>
                <constraint year="2075">1</constraint>
                <constraint year="2080">1</constraint>
                <constraint year="2085">1</constraint>
                <constraint year="2090">1</constraint>
                <constraint year="2095">1</constraint>
                <constraint year="2100">1</constraint>
            </policy-portfolio-standard>
        </region>
        <region name="Southeast Asia">
            <policy-portfolio-standard name="oil-credits">
                <market>global</market>
                <policyType>RES</policyType>
                <constraint year="2015">1</constraint>
                <price-unit>1975$/GJ</price-unit>
                <output-unit>EJ</output-unit>
                <constraint year="2020">1</constraint>
                <constraint year="2025">1</constraint>
                <constraint year="2030">1</constraint>
                <constraint year="2035">1</constraint>
                <constraint year="2040">1</constraint>
                <constraint year="2045">1</constraint>
                <constraint year="2050">1</constraint>
                <constraint year="2055">1</constraint>
                <constraint year="2060">1</constraint>
                <constraint year="2065">1</constraint>
                <constraint year="2070">1</constraint>
                <constraint year="2075">1</constraint>
                <constraint year="2080">1</constraint>
                <constraint year="2085">1</constraint>
                <constraint year="2090">1</constraint>
                <constraint year="2095">1</constraint>
                <constraint year="2100">1</constraint>
            </policy-portfolio-standard>
        </region>
        <region name="Taiwan">
            <policy-portfolio-standard name="oil-credits">
                <market>global</market>
                <policyType>RES</policyType>
                <constraint year="2015">1</constraint>
                <price-unit>1975$/GJ</price-unit>
                <output-unit>EJ</output-unit>
                <constraint year="2020">1</constraint>
                <constraint year="2025">1</constraint>
                <constraint year="2030">1</constraint>
                <constraint year="2035">1</constraint>
                <constraint year="2040">1</constraint>
                <constraint year="2045">1</constraint>
                <constraint year="2050">1</constraint>
                <constraint year="2055">1</constraint>
                <constraint year="2060">1</constraint>
                <constraint year="2065">1</constraint>
                <constraint year="2070">1</constraint>
                <constraint year="2075">1</constraint>
                <constraint year="2080">1</constraint>
                <constraint year="2085">1</constraint>
                <constraint year="2090">1</constraint>
                <constraint year="2095">1</constraint>
                <constraint year="2100">1</constraint>
            </policy-portfolio-standard>
        </region>
        <region name="Argentina">
            <policy-portfolio-standard name="oil-credits">
                <market>global</market>
                <policyType>RES</policyType>
                <constraint year="2015">1</constraint>
                <price-unit>1975$/GJ</price-unit>
                <output-unit>EJ</output-unit>
                <constraint year="2020">1</constraint>
                <constraint year="2025">1</constraint>
                <constraint year="2030">1</constraint>
                <constraint year="2035">1</constraint>
                <constraint year="2040">1</constraint>
                <constraint year="2045">1</constraint>
                <constraint year="2050">1</constraint>
                <constraint year="2055">1</constraint>
                <constraint year="2060">1</constraint>
                <constraint year="2065">1</constraint>
                <constraint year="2070">1</constraint>
                <constraint year="2075">1</constraint>
                <constraint year="2080">1</constraint>
                <constraint year="2085">1</constraint>
                <constraint year="2090">1</constraint>
                <constraint year="2095">1</constraint>
                <constraint year="2100">1</constraint>
            </policy-portfolio-standard>
        </region>
        <region name="Colombia">
            <policy-portfolio-standard name="oil-credits">
                <market>global</market>
                <policyType>RES</policyType>
                <constraint year="2015">1</constraint>
                <price-unit>1975$/GJ</price-unit>
                <output-unit>EJ</output-unit>
                <constraint year="2020">1</constraint>
                <constraint year="2025">1</constraint>
                <constraint year="2030">1</constraint>
                <constraint year="2035">1</constraint>
                <constraint year="2040">1</constraint>
                <constraint year="2045">1</constraint>
                <constraint year="2050">1</constraint>
                <constraint year="2055">1</constraint>
                <constraint year="2060">1</constraint>
                <constraint year="2065">1</constraint>
                <constraint year="2070">1</constraint>
                <constraint year="2075">1</constraint>
                <constraint year="2080">1</constraint>
                <constraint year="2085">1</constraint>
                <constraint year="2090">1</constraint>
                <constraint year="2095">1</constraint>
                <constraint year="2100">1</constraint>
            </policy-portfolio-standard>
        </region>
    </world>
</scenario>
