<?xml version="1.0" encoding="UTF-8"?>
<scenario>
    <world>
        <global-technology-database>
            <location-info sector-name="regional biomass" subsector-name="regional biomass">
                <technology name="regional biomass">
                    <period year="1975">
                        <ctax-input name="negative_emiss_budget">
                            <fuel-name>regional biomass</fuel-name>
                        </ctax-input>
                    </period>
                    <period year="1990">
                        <ctax-input name="negative_emiss_budget">
                            <fuel-name>regional biomass</fuel-name>
                        </ctax-input>
                    </period>
                    <period year="2005">
                        <ctax-input name="negative_emiss_budget">
                            <fuel-name>regional biomass</fuel-name>
                        </ctax-input>
                    </period>
                    <period year="2010">
                        <ctax-input name="negative_emiss_budget">
                            <fuel-name>regional biomass</fuel-name>
                        </ctax-input>
                    </period>
                    <period year="2015">
                        <ctax-input name="negative_emiss_budget">
                            <fuel-name>regional biomass</fuel-name>
                        </ctax-input>
                    </period>
                    <period year="2020">
                        <ctax-input name="negative_emiss_budget">
                            <fuel-name>regional biomass</fuel-name>
                        </ctax-input>
                    </period>
                    <period year="2025">
                        <ctax-input name="negative_emiss_budget">
                            <fuel-name>regional biomass</fuel-name>
                        </ctax-input>
                    </period>
                    <period year="2030">
                        <ctax-input name="negative_emiss_budget">
                            <fuel-name>regional biomass</fuel-name>
                        </ctax-input>
                    </period>
                    <period year="2035">
                        <ctax-input name="negative_emiss_budget">
                            <fuel-name>regional biomass</fuel-name>
                        </ctax-input>
                    </period>
                    <period year="2040">
                        <ctax-input name="negative_emiss_budget">
                            <fuel-name>regional biomass</fuel-name>
                        </ctax-input>
                    </period>
                    <period year="2045">
                        <ctax-input name="negative_emiss_budget">
                            <fuel-name>regional biomass</fuel-name>
                        </ctax-input>
                    </period>
                    <period year="2050">
                        <ctax-input name="negative_emiss_budget">
                            <fuel-name>regional biomass</fuel-name>
                        </ctax-input>
                    </period>
                    <period year="2055">
                        <ctax-input name="negative_emiss_budget">
                            <fuel-name>regional biomass</fuel-name>
                        </ctax-input>
                    </period>
                    <period year="2060">
                        <ctax-input name="negative_emiss_budget">
                            <fuel-name>regional biomass</fuel-name>
                        </ctax-input>
                    </period>
                    <period year="2065">
                        <ctax-input name="negative_emiss_budget">
                            <fuel-name>regional biomass</fuel-name>
                        </ctax-input>
                    </period>
                    <period year="2070">
                        <ctax-input name="negative_emiss_budget">
                            <fuel-name>regional biomass</fuel-name>
                        </ctax-input>
                    </period>
                    <period year="2075">
                        <ctax-input name="negative_emiss_budget">
                            <fuel-name>regional biomass</fuel-name>
                        </ctax-input>
                    </period>
                    <period year="2080">
                        <ctax-input name="negative_emiss_budget">
                            <fuel-name>regional biomass</fuel-name>
                        </ctax-input>
                    </period>
                    <period year="2085">
                        <ctax-input name="negative_emiss_budget">
                            <fuel-name>regional biomass</fuel-name>
                        </ctax-input>
                    </period>
                    <period year="2090">
                        <ctax-input name="negative_emiss_budget">
                            <fuel-name>regional biomass</fuel-name>
                        </ctax-input>
                    </period>
                    <period year="2095">
                        <ctax-input name="negative_emiss_budget">
                            <fuel-name>regional biomass</fuel-name>
                        </ctax-input>
                    </period>
                    <period year="2100">
                        <ctax-input name="negative_emiss_budget">
                            <fuel-name>regional biomass</fuel-name>
                        </ctax-input>
                    </period>
                </technology>
            </location-info>
            <location-info sector-name="regional corn for ethanol" subsector-name="regional corn for ethanol">
                <technology name="regional corn for ethanol">
                    <period year="1975">
                        <ctax-input name="negative_emiss_budget">
                            <fuel-name>regional corn for ethanol</fuel-name>
                        </ctax-input>
                    </period>
                    <period year="1990">
                        <ctax-input name="negative_emiss_budget">
                            <fuel-name>regional corn for ethanol</fuel-name>
                        </ctax-input>
                    </period>
                    <period year="2005">
                        <ctax-input name="negative_emiss_budget">
                            <fuel-name>regional corn for ethanol</fuel-name>
                        </ctax-input>
                    </period>
                    <period year="2010">
                        <ctax-input name="negative_emiss_budget">
                            <fuel-name>regional corn for ethanol</fuel-name>
                        </ctax-input>
                    </period>
                    <period year="2015">
                        <ctax-input name="negative_emiss_budget">
                            <fuel-name>regional corn for ethanol</fuel-name>
                        </ctax-input>
                    </period>
                    <period year="2020">
                        <ctax-input name="negative_emiss_budget">
                            <fuel-name>regional corn for ethanol</fuel-name>
                        </ctax-input>
                    </period>
                    <period year="2025">
                        <ctax-input name="negative_emiss_budget">
                            <fuel-name>regional corn for ethanol</fuel-name>
                        </ctax-input>
                    </period>
                    <period year="2030">
                        <ctax-input name="negative_emiss_budget">
                            <fuel-name>regional corn for ethanol</fuel-name>
                        </ctax-input>
                    </period>
                    <period year="2035">
                        <ctax-input name="negative_emiss_budget">
                            <fuel-name>regional corn for ethanol</fuel-name>
                        </ctax-input>
                    </period>
                    <period year="2040">
                        <ctax-input name="negative_emiss_budget">
                            <fuel-name>regional corn for ethanol</fuel-name>
                        </ctax-input>
                    </period>
                    <period year="2045">
                        <ctax-input name="negative_emiss_budget">
                            <fuel-name>regional corn for ethanol</fuel-name>
                        </ctax-input>
                    </period>
                    <period year="2050">
                        <ctax-input name="negative_emiss_budget">
                            <fuel-name>regional corn for ethanol</fuel-name>
                        </ctax-input>
                    </period>
                    <period year="2055">
                        <ctax-input name="negative_emiss_budget">
                            <fuel-name>regional corn for ethanol</fuel-name>
                        </ctax-input>
                    </period>
                    <period year="2060">
                        <ctax-input name="negative_emiss_budget">
                            <fuel-name>regional corn for ethanol</fuel-name>
                        </ctax-input>
                    </period>
                    <period year="2065">
                        <ctax-input name="negative_emiss_budget">
                            <fuel-name>regional corn for ethanol</fuel-name>
                        </ctax-input>
                    </period>
                    <period year="2070">
                        <ctax-input name="negative_emiss_budget">
                            <fuel-name>regional corn for ethanol</fuel-name>
                        </ctax-input>
                    </period>
                    <period year="2075">
                        <ctax-input name="negative_emiss_budget">
                            <fuel-name>regional corn for ethanol</fuel-name>
                        </ctax-input>
                    </period>
                    <period year="2080">
                        <ctax-input name="negative_emiss_budget">
                            <fuel-name>regional corn for ethanol</fuel-name>
                        </ctax-input>
                    </period>
                    <period year="2085">
                        <ctax-input name="negative_emiss_budget">
                            <fuel-name>regional corn for ethanol</fuel-name>
                        </ctax-input>
                    </period>
                    <period year="2090">
                        <ctax-input name="negative_emiss_budget">
                            <fuel-name>regional corn for ethanol</fuel-name>
                        </ctax-input>
                    </period>
                    <period year="2095">
                        <ctax-input name="negative_emiss_budget">
                            <fuel-name>regional corn for ethanol</fuel-name>
                        </ctax-input>
                    </period>
                    <period year="2100">
                        <ctax-input name="negative_emiss_budget">
                            <fuel-name>regional corn for ethanol</fuel-name>
                        </ctax-input>
                    </period>
                </technology>
            </location-info>
            <location-info sector-name="regional sugar for ethanol" subsector-name="regional sugar for ethanol">
                <technology name="regional sugar for ethanol">
                    <period year="1975">
                        <ctax-input name="negative_emiss_budget">
                            <fuel-name>regional sugar for ethanol</fuel-name>
                        </ctax-input>
                    </period>
                    <period year="1990">
                        <ctax-input name="negative_emiss_budget">
                            <fuel-name>regional sugar for ethanol</fuel-name>
                        </ctax-input>
                    </period>
                    <period year="2005">
                        <ctax-input name="negative_emiss_budget">
                            <fuel-name>regional sugar for ethanol</fuel-name>
                        </ctax-input>
                    </period>
                    <period year="2010">
                        <ctax-input name="negative_emiss_budget">
                            <fuel-name>regional sugar for ethanol</fuel-name>
                        </ctax-input>
                    </period>
                    <period year="2015">
                        <ctax-input name="negative_emiss_budget">
                            <fuel-name>regional sugar for ethanol</fuel-name>
                        </ctax-input>
                    </period>
                    <period year="2020">
                        <ctax-input name="negative_emiss_budget">
                            <fuel-name>regional sugar for ethanol</fuel-name>
                        </ctax-input>
                    </period>
                    <period year="2025">
                        <ctax-input name="negative_emiss_budget">
                            <fuel-name>regional sugar for ethanol</fuel-name>
                        </ctax-input>
                    </period>
                    <period year="2030">
                        <ctax-input name="negative_emiss_budget">
                            <fuel-name>regional sugar for ethanol</fuel-name>
                        </ctax-input>
                    </period>
                    <period year="2035">
                        <ctax-input name="negative_emiss_budget">
                            <fuel-name>regional sugar for ethanol</fuel-name>
                        </ctax-input>
                    </period>
                    <period year="2040">
                        <ctax-input name="negative_emiss_budget">
                            <fuel-name>regional sugar for ethanol</fuel-name>
                        </ctax-input>
                    </period>
                    <period year="2045">
                        <ctax-input name="negative_emiss_budget">
                            <fuel-name>regional sugar for ethanol</fuel-name>
                        </ctax-input>
                    </period>
                    <period year="2050">
                        <ctax-input name="negative_emiss_budget">
                            <fuel-name>regional sugar for ethanol</fuel-name>
                        </ctax-input>
                    </period>
                    <period year="2055">
                        <ctax-input name="negative_emiss_budget">
                            <fuel-name>regional sugar for ethanol</fuel-name>
                        </ctax-input>
                    </period>
                    <period year="2060">
                        <ctax-input name="negative_emiss_budget">
                            <fuel-name>regional sugar for ethanol</fuel-name>
                        </ctax-input>
                    </period>
                    <period year="2065">
                        <ctax-input name="negative_emiss_budget">
                            <fuel-name>regional sugar for ethanol</fuel-name>
                        </ctax-input>
                    </period>
                    <period year="2070">
                        <ctax-input name="negative_emiss_budget">
                            <fuel-name>regional sugar for ethanol</fuel-name>
                        </ctax-input>
                    </period>
                    <period year="2075">
                        <ctax-input name="negative_emiss_budget">
                            <fuel-name>regional sugar for ethanol</fuel-name>
                        </ctax-input>
                    </period>
                    <period year="2080">
                        <ctax-input name="negative_emiss_budget">
                            <fuel-name>regional sugar for ethanol</fuel-name>
                        </ctax-input>
                    </period>
                    <period year="2085">
                        <ctax-input name="negative_emiss_budget">
                            <fuel-name>regional sugar for ethanol</fuel-name>
                        </ctax-input>
                    </period>
                    <period year="2090">
                        <ctax-input name="negative_emiss_budget">
                            <fuel-name>regional sugar for ethanol</fuel-name>
                        </ctax-input>
                    </period>
                    <period year="2095">
                        <ctax-input name="negative_emiss_budget">
                            <fuel-name>regional sugar for ethanol</fuel-name>
                        </ctax-input>
                    </period>
                    <period year="2100">
                        <ctax-input name="negative_emiss_budget">
                            <fuel-name>regional sugar for ethanol</fuel-name>
                        </ctax-input>
                    </period>
                </technology>
            </location-info>
            <location-info sector-name="regional biomassOil" subsector-name="regional biomassOil">
                <technology name="biomassOil">
                    <period year="1975">
                        <ctax-input name="negative_emiss_budget">
                            <fuel-name>regional biomassOil</fuel-name>
                        </ctax-input>
                    </period>
                    <period year="1990">
                        <ctax-input name="negative_emiss_budget">
                            <fuel-name>regional biomassOil</fuel-name>
                        </ctax-input>
                    </period>
                    <period year="2005">
                        <ctax-input name="negative_emiss_budget">
                            <fuel-name>regional biomassOil</fuel-name>
                        </ctax-input>
                    </period>
                    <period year="2010">
                        <ctax-input name="negative_emiss_budget">
                            <fuel-name>regional biomassOil</fuel-name>
                        </ctax-input>
                    </period>
                    <period year="2015">
                        <ctax-input name="negative_emiss_budget">
                            <fuel-name>regional biomassOil</fuel-name>
                        </ctax-input>
                    </period>
                    <period year="2020">
                        <ctax-input name="negative_emiss_budget">
                            <fuel-name>regional biomassOil</fuel-name>
                        </ctax-input>
                    </period>
                    <period year="2025">
                        <ctax-input name="negative_emiss_budget">
                            <fuel-name>regional biomassOil</fuel-name>
                        </ctax-input>
                    </period>
                    <period year="2030">
                        <ctax-input name="negative_emiss_budget">
                            <fuel-name>regional biomassOil</fuel-name>
                        </ctax-input>
                    </period>
                    <period year="2035">
                        <ctax-input name="negative_emiss_budget">
                            <fuel-name>regional biomassOil</fuel-name>
                        </ctax-input>
                    </period>
                    <period year="2040">
                        <ctax-input name="negative_emiss_budget">
                            <fuel-name>regional biomassOil</fuel-name>
                        </ctax-input>
                    </period>
                    <period year="2045">
                        <ctax-input name="negative_emiss_budget">
                            <fuel-name>regional biomassOil</fuel-name>
                        </ctax-input>
                    </period>
                    <period year="2050">
                        <ctax-input name="negative_emiss_budget">
                            <fuel-name>regional biomassOil</fuel-name>
                        </ctax-input>
                    </period>
                    <period year="2055">
                        <ctax-input name="negative_emiss_budget">
                            <fuel-name>regional biomassOil</fuel-name>
                        </ctax-input>
                    </period>
                    <period year="2060">
                        <ctax-input name="negative_emiss_budget">
                            <fuel-name>regional biomassOil</fuel-name>
                        </ctax-input>
                    </period>
                    <period year="2065">
                        <ctax-input name="negative_emiss_budget">
                            <fuel-name>regional biomassOil</fuel-name>
                        </ctax-input>
                    </period>
                    <period year="2070">
                        <ctax-input name="negative_emiss_budget">
                            <fuel-name>regional biomassOil</fuel-name>
                        </ctax-input>
                    </period>
                    <period year="2075">
                        <ctax-input name="negative_emiss_budget">
                            <fuel-name>regional biomassOil</fuel-name>
                        </ctax-input>
                    </period>
                    <period year="2080">
                        <ctax-input name="negative_emiss_budget">
                            <fuel-name>regional biomassOil</fuel-name>
                        </ctax-input>
                    </period>
                    <period year="2085">
                        <ctax-input name="negative_emiss_budget">
                            <fuel-name>regional biomassOil</fuel-name>
                        </ctax-input>
                    </period>
                    <period year="2090">
                        <ctax-input name="negative_emiss_budget">
                            <fuel-name>regional biomassOil</fuel-name>
                        </ctax-input>
                    </period>
                    <period year="2095">
                        <ctax-input name="negative_emiss_budget">
                            <fuel-name>regional biomassOil</fuel-name>
                        </ctax-input>
                    </period>
                    <period year="2100">
                        <ctax-input name="negative_emiss_budget">
                            <fuel-name>regional biomassOil</fuel-name>
                        </ctax-input>
                    </period>
                </technology>
                <technology name="OilCrop">
                    <period year="1975">
                        <ctax-input name="negative_emiss_budget">
                            <fuel-name>regional biomassOil</fuel-name>
                        </ctax-input>
                    </period>
                    <period year="1990">
                        <ctax-input name="negative_emiss_budget">
                            <fuel-name>regional biomassOil</fuel-name>
                        </ctax-input>
                    </period>
                    <period year="2005">
                        <ctax-input name="negative_emiss_budget">
                            <fuel-name>regional biomassOil</fuel-name>
                        </ctax-input>
                    </period>
                    <period year="2010">
                        <ctax-input name="negative_emiss_budget">
                            <fuel-name>regional biomassOil</fuel-name>
                        </ctax-input>
                    </period>
                    <period year="2015">
                        <ctax-input name="negative_emiss_budget">
                            <fuel-name>regional biomassOil</fuel-name>
                        </ctax-input>
                    </period>
                    <period year="2020">
                        <ctax-input name="negative_emiss_budget">
                            <fuel-name>regional biomassOil</fuel-name>
                        </ctax-input>
                    </period>
                    <period year="2025">
                        <ctax-input name="negative_emiss_budget">
                            <fuel-name>regional biomassOil</fuel-name>
                        </ctax-input>
                    </period>
                    <period year="2030">
                        <ctax-input name="negative_emiss_budget">
                            <fuel-name>regional biomassOil</fuel-name>
                        </ctax-input>
                    </period>
                    <period year="2035">
                        <ctax-input name="negative_emiss_budget">
                            <fuel-name>regional biomassOil</fuel-name>
                        </ctax-input>
                    </period>
                    <period year="2040">
                        <ctax-input name="negative_emiss_budget">
                            <fuel-name>regional biomassOil</fuel-name>
                        </ctax-input>
                    </period>
                    <period year="2045">
                        <ctax-input name="negative_emiss_budget">
                            <fuel-name>regional biomassOil</fuel-name>
                        </ctax-input>
                    </period>
                    <period year="2050">
                        <ctax-input name="negative_emiss_budget">
                            <fuel-name>regional biomassOil</fuel-name>
                        </ctax-input>
                    </period>
                    <period year="2055">
                        <ctax-input name="negative_emiss_budget">
                            <fuel-name>regional biomassOil</fuel-name>
                        </ctax-input>
                    </period>
                    <period year="2060">
                        <ctax-input name="negative_emiss_budget">
                            <fuel-name>regional biomassOil</fuel-name>
                        </ctax-input>
                    </period>
                    <period year="2065">
                        <ctax-input name="negative_emiss_budget">
                            <fuel-name>regional biomassOil</fuel-name>
                        </ctax-input>
                    </period>
                    <period year="2070">
                        <ctax-input name="negative_emiss_budget">
                            <fuel-name>regional biomassOil</fuel-name>
                        </ctax-input>
                    </period>
                    <period year="2075">
                        <ctax-input name="negative_emiss_budget">
                            <fuel-name>regional biomassOil</fuel-name>
                        </ctax-input>
                    </period>
                    <period year="2080">
                        <ctax-input name="negative_emiss_budget">
                            <fuel-name>regional biomassOil</fuel-name>
                        </ctax-input>
                    </period>
                    <period year="2085">
                        <ctax-input name="negative_emiss_budget">
                            <fuel-name>regional biomassOil</fuel-name>
                        </ctax-input>
                    </period>
                    <period year="2090">
                        <ctax-input name="negative_emiss_budget">
                            <fuel-name>regional biomassOil</fuel-name>
                        </ctax-input>
                    </period>
                    <period year="2095">
                        <ctax-input name="negative_emiss_budget">
                            <fuel-name>regional biomassOil</fuel-name>
                        </ctax-input>
                    </period>
                    <period year="2100">
                        <ctax-input name="negative_emiss_budget">
                            <fuel-name>regional biomassOil</fuel-name>
                        </ctax-input>
                    </period>
                </technology>
                <technology name="PalmFruit">
                    <period year="1975">
                        <ctax-input name="negative_emiss_budget">
                            <fuel-name>regional biomassOil</fuel-name>
                        </ctax-input>
                    </period>
                    <period year="1990">
                        <ctax-input name="negative_emiss_budget">
                            <fuel-name>regional biomassOil</fuel-name>
                        </ctax-input>
                    </period>
                    <period year="2005">
                        <ctax-input name="negative_emiss_budget">
                            <fuel-name>regional biomassOil</fuel-name>
                        </ctax-input>
                    </period>
                    <period year="2010">
                        <ctax-input name="negative_emiss_budget">
                            <fuel-name>regional biomassOil</fuel-name>
                        </ctax-input>
                    </period>
                    <period year="2015">
                        <ctax-input name="negative_emiss_budget">
                            <fuel-name>regional biomassOil</fuel-name>
                        </ctax-input>
                    </period>
                    <period year="2020">
                        <ctax-input name="negative_emiss_budget">
                            <fuel-name>regional biomassOil</fuel-name>
                        </ctax-input>
                    </period>
                    <period year="2025">
                        <ctax-input name="negative_emiss_budget">
                            <fuel-name>regional biomassOil</fuel-name>
                        </ctax-input>
                    </period>
                    <period year="2030">
                        <ctax-input name="negative_emiss_budget">
                            <fuel-name>regional biomassOil</fuel-name>
                        </ctax-input>
                    </period>
                    <period year="2035">
                        <ctax-input name="negative_emiss_budget">
                            <fuel-name>regional biomassOil</fuel-name>
                        </ctax-input>
                    </period>
                    <period year="2040">
                        <ctax-input name="negative_emiss_budget">
                            <fuel-name>regional biomassOil</fuel-name>
                        </ctax-input>
                    </period>
                    <period year="2045">
                        <ctax-input name="negative_emiss_budget">
                            <fuel-name>regional biomassOil</fuel-name>
                        </ctax-input>
                    </period>
                    <period year="2050">
                        <ctax-input name="negative_emiss_budget">
                            <fuel-name>regional biomassOil</fuel-name>
                        </ctax-input>
                    </period>
                    <period year="2055">
                        <ctax-input name="negative_emiss_budget">
                            <fuel-name>regional biomassOil</fuel-name>
                        </ctax-input>
                    </period>
                    <period year="2060">
                        <ctax-input name="negative_emiss_budget">
                            <fuel-name>regional biomassOil</fuel-name>
                        </ctax-input>
                    </period>
                    <period year="2065">
                        <ctax-input name="negative_emiss_budget">
                            <fuel-name>regional biomassOil</fuel-name>
                        </ctax-input>
                    </period>
                    <period year="2070">
                        <ctax-input name="negative_emiss_budget">
                            <fuel-name>regional biomassOil</fuel-name>
                        </ctax-input>
                    </period>
                    <period year="2075">
                        <ctax-input name="negative_emiss_budget">
                            <fuel-name>regional biomassOil</fuel-name>
                        </ctax-input>
                    </period>
                    <period year="2080">
                        <ctax-input name="negative_emiss_budget">
                            <fuel-name>regional biomassOil</fuel-name>
                        </ctax-input>
                    </period>
                    <period year="2085">
                        <ctax-input name="negative_emiss_budget">
                            <fuel-name>regional biomassOil</fuel-name>
                        </ctax-input>
                    </period>
                    <period year="2090">
                        <ctax-input name="negative_emiss_budget">
                            <fuel-name>regional biomassOil</fuel-name>
                        </ctax-input>
                    </period>
                    <period year="2095">
                        <ctax-input name="negative_emiss_budget">
                            <fuel-name>regional biomassOil</fuel-name>
                        </ctax-input>
                    </period>
                    <period year="2100">
                        <ctax-input name="negative_emiss_budget">
                            <fuel-name>regional biomassOil</fuel-name>
                        </ctax-input>
                    </period>
                </technology>
            </location-info>
        </global-technology-database>
        <region name="USA">
            <negative-emissions-final-demand name="CO2">
                <policy-name>negative_emiss_budget</policy-name>
            </negative-emissions-final-demand>
            <policy-portfolio-standard name="negative_emiss_budget">
                <max-price fillout="1" year="1975">1</max-price>
                <market>global</market>
                <policyType>tax</policyType>
                <constraint year="2020">568702.906390737</constraint>
                <price-unit>%</price-unit>
                <output-unit>mil 1990$</output-unit>
                <constraint year="2025">653983.802495011</constraint>
                <constraint year="2030">748525.017885598</constraint>
                <constraint year="2035">851706.684908218</constraint>
                <constraint year="2040">969618.773842462</constraint>
                <constraint year="2045">1097680.0088093</constraint>
                <constraint year="2050">1244111.99284449</constraint>
                <constraint year="2055">1399510.87173114</constraint>
                <constraint year="2060">1577143.83442064</constraint>
                <constraint year="2065">1770896.38217332</constraint>
                <constraint year="2070">1993819.39791155</constraint>
                <constraint year="2075">2239412.26415698</constraint>
                <constraint year="2080">2511141.49059951</constraint>
                <constraint year="2085">2803748.79965484</constraint>
                <constraint year="2090">3121881.78930114</constraint>
                <constraint year="2095">3448057.19013625</constraint>
                <constraint year="2100">3790645.38688534</constraint>
            </policy-portfolio-standard>
        </region>
        <region name="Africa_Eastern">
            <policy-portfolio-standard name="negative_emiss_budget">
                <max-price fillout="1" year="1975">1</max-price>
                <market>global</market>
                <policyType>tax</policyType>
                <constraint year="2020">568702.906390737</constraint>
                <price-unit>%</price-unit>
                <output-unit>mil 1990$</output-unit>
                <constraint year="2025">653983.802495011</constraint>
                <constraint year="2030">748525.017885598</constraint>
                <constraint year="2035">851706.684908218</constraint>
                <constraint year="2040">969618.773842462</constraint>
                <constraint year="2045">1097680.0088093</constraint>
                <constraint year="2050">1244111.99284449</constraint>
                <constraint year="2055">1399510.87173114</constraint>
                <constraint year="2060">1577143.83442064</constraint>
                <constraint year="2065">1770896.38217332</constraint>
                <constraint year="2070">1993819.39791155</constraint>
                <constraint year="2075">2239412.26415698</constraint>
                <constraint year="2080">2511141.49059951</constraint>
                <constraint year="2085">2803748.79965484</constraint>
                <constraint year="2090">3121881.78930114</constraint>
                <constraint year="2095">3448057.19013625</constraint>
                <constraint year="2100">3790645.38688534</constraint>
            </policy-portfolio-standard>
        </region>
        <region name="Africa_Northern">
            <policy-portfolio-standard name="negative_emiss_budget">
                <max-price fillout="1" year="1975">1</max-price>
                <market>global</market>
                <policyType>tax</policyType>
                <constraint year="2020">568702.906390737</constraint>
                <price-unit>%</price-unit>
                <output-unit>mil 1990$</output-unit>
                <constraint year="2025">653983.802495011</constraint>
                <constraint year="2030">748525.017885598</constraint>
                <constraint year="2035">851706.684908218</constraint>
                <constraint year="2040">969618.773842462</constraint>
                <constraint year="2045">1097680.0088093</constraint>
                <constraint year="2050">1244111.99284449</constraint>
                <constraint year="2055">1399510.87173114</constraint>
                <constraint year="2060">1577143.83442064</constraint>
                <constraint year="2065">1770896.38217332</constraint>
                <constraint year="2070">1993819.39791155</constraint>
                <constraint year="2075">2239412.26415698</constraint>
                <constraint year="2080">2511141.49059951</constraint>
                <constraint year="2085">2803748.79965484</constraint>
                <constraint year="2090">3121881.78930114</constraint>
                <constraint year="2095">3448057.19013625</constraint>
                <constraint year="2100">3790645.38688534</constraint>
            </policy-portfolio-standard>
        </region>
        <region name="Africa_Southern">
            <policy-portfolio-standard name="negative_emiss_budget">
                <max-price fillout="1" year="1975">1</max-price>
                <market>global</market>
                <policyType>tax</policyType>
                <constraint year="2020">568702.906390737</constraint>
                <price-unit>%</price-unit>
                <output-unit>mil 1990$</output-unit>
                <constraint year="2025">653983.802495011</constraint>
                <constraint year="2030">748525.017885598</constraint>
                <constraint year="2035">851706.684908218</constraint>
                <constraint year="2040">969618.773842462</constraint>
                <constraint year="2045">1097680.0088093</constraint>
                <constraint year="2050">1244111.99284449</constraint>
                <constraint year="2055">1399510.87173114</constraint>
                <constraint year="2060">1577143.83442064</constraint>
                <constraint year="2065">1770896.38217332</constraint>
                <constraint year="2070">1993819.39791155</constraint>
                <constraint year="2075">2239412.26415698</constraint>
                <constraint year="2080">2511141.49059951</constraint>
                <constraint year="2085">2803748.79965484</constraint>
                <constraint year="2090">3121881.78930114</constraint>
                <constraint year="2095">3448057.19013625</constraint>
                <constraint year="2100">3790645.38688534</constraint>
            </policy-portfolio-standard>
        </region>
        <region name="Africa_Western">
            <policy-portfolio-standard name="negative_emiss_budget">
                <max-price fillout="1" year="1975">1</max-price>
                <market>global</market>
                <policyType>tax</policyType>
                <constraint year="2020">568702.906390737</constraint>
                <price-unit>%</price-unit>
                <output-unit>mil 1990$</output-unit>
                <constraint year="2025">653983.802495011</constraint>
                <constraint year="2030">748525.017885598</constraint>
                <constraint year="2035">851706.684908218</constraint>
                <constraint year="2040">969618.773842462</constraint>
                <constraint year="2045">1097680.0088093</constraint>
                <constraint year="2050">1244111.99284449</constraint>
                <constraint year="2055">1399510.87173114</constraint>
                <constraint year="2060">1577143.83442064</constraint>
                <constraint year="2065">1770896.38217332</constraint>
                <constraint year="2070">1993819.39791155</constraint>
                <constraint year="2075">2239412.26415698</constraint>
                <constraint year="2080">2511141.49059951</constraint>
                <constraint year="2085">2803748.79965484</constraint>
                <constraint year="2090">3121881.78930114</constraint>
                <constraint year="2095">3448057.19013625</constraint>
                <constraint year="2100">3790645.38688534</constraint>
            </policy-portfolio-standard>
        </region>
        <region name="Australia_NZ">
            <policy-portfolio-standard name="negative_emiss_budget">
                <max-price fillout="1" year="1975">1</max-price>
                <market>global</market>
                <policyType>tax</policyType>
                <constraint year="2020">568702.906390737</constraint>
                <price-unit>%</price-unit>
                <output-unit>mil 1990$</output-unit>
                <constraint year="2025">653983.802495011</constraint>
                <constraint year="2030">748525.017885598</constraint>
                <constraint year="2035">851706.684908218</constraint>
                <constraint year="2040">969618.773842462</constraint>
                <constraint year="2045">1097680.0088093</constraint>
                <constraint year="2050">1244111.99284449</constraint>
                <constraint year="2055">1399510.87173114</constraint>
                <constraint year="2060">1577143.83442064</constraint>
                <constraint year="2065">1770896.38217332</constraint>
                <constraint year="2070">1993819.39791155</constraint>
                <constraint year="2075">2239412.26415698</constraint>
                <constraint year="2080">2511141.49059951</constraint>
                <constraint year="2085">2803748.79965484</constraint>
                <constraint year="2090">3121881.78930114</constraint>
                <constraint year="2095">3448057.19013625</constraint>
                <constraint year="2100">3790645.38688534</constraint>
            </policy-portfolio-standard>
        </region>
        <region name="Brazil">
            <policy-portfolio-standard name="negative_emiss_budget">
                <max-price fillout="1" year="1975">1</max-price>
                <market>global</market>
                <policyType>tax</policyType>
                <constraint year="2020">568702.906390737</constraint>
                <price-unit>%</price-unit>
                <output-unit>mil 1990$</output-unit>
                <constraint year="2025">653983.802495011</constraint>
                <constraint year="2030">748525.017885598</constraint>
                <constraint year="2035">851706.684908218</constraint>
                <constraint year="2040">969618.773842462</constraint>
                <constraint year="2045">1097680.0088093</constraint>
                <constraint year="2050">1244111.99284449</constraint>
                <constraint year="2055">1399510.87173114</constraint>
                <constraint year="2060">1577143.83442064</constraint>
                <constraint year="2065">1770896.38217332</constraint>
                <constraint year="2070">1993819.39791155</constraint>
                <constraint year="2075">2239412.26415698</constraint>
                <constraint year="2080">2511141.49059951</constraint>
                <constraint year="2085">2803748.79965484</constraint>
                <constraint year="2090">3121881.78930114</constraint>
                <constraint year="2095">3448057.19013625</constraint>
                <constraint year="2100">3790645.38688534</constraint>
            </policy-portfolio-standard>
        </region>
        <region name="Canada">
            <policy-portfolio-standard name="negative_emiss_budget">
                <max-price fillout="1" year="1975">1</max-price>
                <market>global</market>
                <policyType>tax</policyType>
                <constraint year="2020">568702.906390737</constraint>
                <price-unit>%</price-unit>
                <output-unit>mil 1990$</output-unit>
                <constraint year="2025">653983.802495011</constraint>
                <constraint year="2030">748525.017885598</constraint>
                <constraint year="2035">851706.684908218</constraint>
                <constraint year="2040">969618.773842462</constraint>
                <constraint year="2045">1097680.0088093</constraint>
                <constraint year="2050">1244111.99284449</constraint>
                <constraint year="2055">1399510.87173114</constraint>
                <constraint year="2060">1577143.83442064</constraint>
                <constraint year="2065">1770896.38217332</constraint>
                <constraint year="2070">1993819.39791155</constraint>
                <constraint year="2075">2239412.26415698</constraint>
                <constraint year="2080">2511141.49059951</constraint>
                <constraint year="2085">2803748.79965484</constraint>
                <constraint year="2090">3121881.78930114</constraint>
                <constraint year="2095">3448057.19013625</constraint>
                <constraint year="2100">3790645.38688534</constraint>
            </policy-portfolio-standard>
        </region>
        <region name="Central America and Caribbean">
            <policy-portfolio-standard name="negative_emiss_budget">
                <max-price fillout="1" year="1975">1</max-price>
                <market>global</market>
                <policyType>tax</policyType>
                <constraint year="2020">568702.906390737</constraint>
                <price-unit>%</price-unit>
                <output-unit>mil 1990$</output-unit>
                <constraint year="2025">653983.802495011</constraint>
                <constraint year="2030">748525.017885598</constraint>
                <constraint year="2035">851706.684908218</constraint>
                <constraint year="2040">969618.773842462</constraint>
                <constraint year="2045">1097680.0088093</constraint>
                <constraint year="2050">1244111.99284449</constraint>
                <constraint year="2055">1399510.87173114</constraint>
                <constraint year="2060">1577143.83442064</constraint>
                <constraint year="2065">1770896.38217332</constraint>
                <constraint year="2070">1993819.39791155</constraint>
                <constraint year="2075">2239412.26415698</constraint>
                <constraint year="2080">2511141.49059951</constraint>
                <constraint year="2085">2803748.79965484</constraint>
                <constraint year="2090">3121881.78930114</constraint>
                <constraint year="2095">3448057.19013625</constraint>
                <constraint year="2100">3790645.38688534</constraint>
            </policy-portfolio-standard>
        </region>
        <region name="Central Asia">
            <policy-portfolio-standard name="negative_emiss_budget">
                <max-price fillout="1" year="1975">1</max-price>
                <market>global</market>
                <policyType>tax</policyType>
                <constraint year="2020">568702.906390737</constraint>
                <price-unit>%</price-unit>
                <output-unit>mil 1990$</output-unit>
                <constraint year="2025">653983.802495011</constraint>
                <constraint year="2030">748525.017885598</constraint>
                <constraint year="2035">851706.684908218</constraint>
                <constraint year="2040">969618.773842462</constraint>
                <constraint year="2045">1097680.0088093</constraint>
                <constraint year="2050">1244111.99284449</constraint>
                <constraint year="2055">1399510.87173114</constraint>
                <constraint year="2060">1577143.83442064</constraint>
                <constraint year="2065">1770896.38217332</constraint>
                <constraint year="2070">1993819.39791155</constraint>
                <constraint year="2075">2239412.26415698</constraint>
                <constraint year="2080">2511141.49059951</constraint>
                <constraint year="2085">2803748.79965484</constraint>
                <constraint year="2090">3121881.78930114</constraint>
                <constraint year="2095">3448057.19013625</constraint>
                <constraint year="2100">3790645.38688534</constraint>
            </policy-portfolio-standard>
        </region>
        <region name="China">
            <policy-portfolio-standard name="negative_emiss_budget">
                <max-price fillout="1" year="1975">1</max-price>
                <market>global</market>
                <policyType>tax</policyType>
                <constraint year="2020">568702.906390737</constraint>
                <price-unit>%</price-unit>
                <output-unit>mil 1990$</output-unit>
                <constraint year="2025">653983.802495011</constraint>
                <constraint year="2030">748525.017885598</constraint>
                <constraint year="2035">851706.684908218</constraint>
                <constraint year="2040">969618.773842462</constraint>
                <constraint year="2045">1097680.0088093</constraint>
                <constraint year="2050">1244111.99284449</constraint>
                <constraint year="2055">1399510.87173114</constraint>
                <constraint year="2060">1577143.83442064</constraint>
                <constraint year="2065">1770896.38217332</constraint>
                <constraint year="2070">1993819.39791155</constraint>
                <constraint year="2075">2239412.26415698</constraint>
                <constraint year="2080">2511141.49059951</constraint>
                <constraint year="2085">2803748.79965484</constraint>
                <constraint year="2090">3121881.78930114</constraint>
                <constraint year="2095">3448057.19013625</constraint>
                <constraint year="2100">3790645.38688534</constraint>
            </policy-portfolio-standard>
        </region>
        <region name="EU-12">
            <policy-portfolio-standard name="negative_emiss_budget">
                <max-price fillout="1" year="1975">1</max-price>
                <market>global</market>
                <policyType>tax</policyType>
                <constraint year="2020">568702.906390737</constraint>
                <price-unit>%</price-unit>
                <output-unit>mil 1990$</output-unit>
                <constraint year="2025">653983.802495011</constraint>
                <constraint year="2030">748525.017885598</constraint>
                <constraint year="2035">851706.684908218</constraint>
                <constraint year="2040">969618.773842462</constraint>
                <constraint year="2045">1097680.0088093</constraint>
                <constraint year="2050">1244111.99284449</constraint>
                <constraint year="2055">1399510.87173114</constraint>
                <constraint year="2060">1577143.83442064</constraint>
                <constraint year="2065">1770896.38217332</constraint>
                <constraint year="2070">1993819.39791155</constraint>
                <constraint year="2075">2239412.26415698</constraint>
                <constraint year="2080">2511141.49059951</constraint>
                <constraint year="2085">2803748.79965484</constraint>
                <constraint year="2090">3121881.78930114</constraint>
                <constraint year="2095">3448057.19013625</constraint>
                <constraint year="2100">3790645.38688534</constraint>
            </policy-portfolio-standard>
        </region>
        <region name="EU-15">
            <policy-portfolio-standard name="negative_emiss_budget">
                <max-price fillout="1" year="1975">1</max-price>
                <market>global</market>
                <policyType>tax</policyType>
                <constraint year="2020">568702.906390737</constraint>
                <price-unit>%</price-unit>
                <output-unit>mil 1990$</output-unit>
                <constraint year="2025">653983.802495011</constraint>
                <constraint year="2030">748525.017885598</constraint>
                <constraint year="2035">851706.684908218</constraint>
                <constraint year="2040">969618.773842462</constraint>
                <constraint year="2045">1097680.0088093</constraint>
                <constraint year="2050">1244111.99284449</constraint>
                <constraint year="2055">1399510.87173114</constraint>
                <constraint year="2060">1577143.83442064</constraint>
                <constraint year="2065">1770896.38217332</constraint>
                <constraint year="2070">1993819.39791155</constraint>
                <constraint year="2075">2239412.26415698</constraint>
                <constraint year="2080">2511141.49059951</constraint>
                <constraint year="2085">2803748.79965484</constraint>
                <constraint year="2090">3121881.78930114</constraint>
                <constraint year="2095">3448057.19013625</constraint>
                <constraint year="2100">3790645.38688534</constraint>
            </policy-portfolio-standard>
        </region>
        <region name="Europe_Eastern">
            <policy-portfolio-standard name="negative_emiss_budget">
                <max-price fillout="1" year="1975">1</max-price>
                <market>global</market>
                <policyType>tax</policyType>
                <constraint year="2020">568702.906390737</constraint>
                <price-unit>%</price-unit>
                <output-unit>mil 1990$</output-unit>
                <constraint year="2025">653983.802495011</constraint>
                <constraint year="2030">748525.017885598</constraint>
                <constraint year="2035">851706.684908218</constraint>
                <constraint year="2040">969618.773842462</constraint>
                <constraint year="2045">1097680.0088093</constraint>
                <constraint year="2050">1244111.99284449</constraint>
                <constraint year="2055">1399510.87173114</constraint>
                <constraint year="2060">1577143.83442064</constraint>
                <constraint year="2065">1770896.38217332</constraint>
                <constraint year="2070">1993819.39791155</constraint>
                <constraint year="2075">2239412.26415698</constraint>
                <constraint year="2080">2511141.49059951</constraint>
                <constraint year="2085">2803748.79965484</constraint>
                <constraint year="2090">3121881.78930114</constraint>
                <constraint year="2095">3448057.19013625</constraint>
                <constraint year="2100">3790645.38688534</constraint>
            </policy-portfolio-standard>
        </region>
        <region name="Europe_Non_EU">
            <policy-portfolio-standard name="negative_emiss_budget">
                <max-price fillout="1" year="1975">1</max-price>
                <market>global</market>
                <policyType>tax</policyType>
                <constraint year="2020">568702.906390737</constraint>
                <price-unit>%</price-unit>
                <output-unit>mil 1990$</output-unit>
                <constraint year="2025">653983.802495011</constraint>
                <constraint year="2030">748525.017885598</constraint>
                <constraint year="2035">851706.684908218</constraint>
                <constraint year="2040">969618.773842462</constraint>
                <constraint year="2045">1097680.0088093</constraint>
                <constraint year="2050">1244111.99284449</constraint>
                <constraint year="2055">1399510.87173114</constraint>
                <constraint year="2060">1577143.83442064</constraint>
                <constraint year="2065">1770896.38217332</constraint>
                <constraint year="2070">1993819.39791155</constraint>
                <constraint year="2075">2239412.26415698</constraint>
                <constraint year="2080">2511141.49059951</constraint>
                <constraint year="2085">2803748.79965484</constraint>
                <constraint year="2090">3121881.78930114</constraint>
                <constraint year="2095">3448057.19013625</constraint>
                <constraint year="2100">3790645.38688534</constraint>
            </policy-portfolio-standard>
        </region>
        <region name="European Free Trade Association">
            <policy-portfolio-standard name="negative_emiss_budget">
                <max-price fillout="1" year="1975">1</max-price>
                <market>global</market>
                <policyType>tax</policyType>
                <constraint year="2020">568702.906390737</constraint>
                <price-unit>%</price-unit>
                <output-unit>mil 1990$</output-unit>
                <constraint year="2025">653983.802495011</constraint>
                <constraint year="2030">748525.017885598</constraint>
                <constraint year="2035">851706.684908218</constraint>
                <constraint year="2040">969618.773842462</constraint>
                <constraint year="2045">1097680.0088093</constraint>
                <constraint year="2050">1244111.99284449</constraint>
                <constraint year="2055">1399510.87173114</constraint>
                <constraint year="2060">1577143.83442064</constraint>
                <constraint year="2065">1770896.38217332</constraint>
                <constraint year="2070">1993819.39791155</constraint>
                <constraint year="2075">2239412.26415698</constraint>
                <constraint year="2080">2511141.49059951</constraint>
                <constraint year="2085">2803748.79965484</constraint>
                <constraint year="2090">3121881.78930114</constraint>
                <constraint year="2095">3448057.19013625</constraint>
                <constraint year="2100">3790645.38688534</constraint>
            </policy-portfolio-standard>
        </region>
        <region name="India">
            <policy-portfolio-standard name="negative_emiss_budget">
                <max-price fillout="1" year="1975">1</max-price>
                <market>global</market>
                <policyType>tax</policyType>
                <constraint year="2020">568702.906390737</constraint>
                <price-unit>%</price-unit>
                <output-unit>mil 1990$</output-unit>
                <constraint year="2025">653983.802495011</constraint>
                <constraint year="2030">748525.017885598</constraint>
                <constraint year="2035">851706.684908218</constraint>
                <constraint year="2040">969618.773842462</constraint>
                <constraint year="2045">1097680.0088093</constraint>
                <constraint year="2050">1244111.99284449</constraint>
                <constraint year="2055">1399510.87173114</constraint>
                <constraint year="2060">1577143.83442064</constraint>
                <constraint year="2065">1770896.38217332</constraint>
                <constraint year="2070">1993819.39791155</constraint>
                <constraint year="2075">2239412.26415698</constraint>
                <constraint year="2080">2511141.49059951</constraint>
                <constraint year="2085">2803748.79965484</constraint>
                <constraint year="2090">3121881.78930114</constraint>
                <constraint year="2095">3448057.19013625</constraint>
                <constraint year="2100">3790645.38688534</constraint>
            </policy-portfolio-standard>
        </region>
        <region name="Indonesia">
            <policy-portfolio-standard name="negative_emiss_budget">
                <max-price fillout="1" year="1975">1</max-price>
                <market>global</market>
                <policyType>tax</policyType>
                <constraint year="2020">568702.906390737</constraint>
                <price-unit>%</price-unit>
                <output-unit>mil 1990$</output-unit>
                <constraint year="2025">653983.802495011</constraint>
                <constraint year="2030">748525.017885598</constraint>
                <constraint year="2035">851706.684908218</constraint>
                <constraint year="2040">969618.773842462</constraint>
                <constraint year="2045">1097680.0088093</constraint>
                <constraint year="2050">1244111.99284449</constraint>
                <constraint year="2055">1399510.87173114</constraint>
                <constraint year="2060">1577143.83442064</constraint>
                <constraint year="2065">1770896.38217332</constraint>
                <constraint year="2070">1993819.39791155</constraint>
                <constraint year="2075">2239412.26415698</constraint>
                <constraint year="2080">2511141.49059951</constraint>
                <constraint year="2085">2803748.79965484</constraint>
                <constraint year="2090">3121881.78930114</constraint>
                <constraint year="2095">3448057.19013625</constraint>
                <constraint year="2100">3790645.38688534</constraint>
            </policy-portfolio-standard>
        </region>
        <region name="Japan">
            <policy-portfolio-standard name="negative_emiss_budget">
                <max-price fillout="1" year="1975">1</max-price>
                <market>global</market>
                <policyType>tax</policyType>
                <constraint year="2020">568702.906390737</constraint>
                <price-unit>%</price-unit>
                <output-unit>mil 1990$</output-unit>
                <constraint year="2025">653983.802495011</constraint>
                <constraint year="2030">748525.017885598</constraint>
                <constraint year="2035">851706.684908218</constraint>
                <constraint year="2040">969618.773842462</constraint>
                <constraint year="2045">1097680.0088093</constraint>
                <constraint year="2050">1244111.99284449</constraint>
                <constraint year="2055">1399510.87173114</constraint>
                <constraint year="2060">1577143.83442064</constraint>
                <constraint year="2065">1770896.38217332</constraint>
                <constraint year="2070">1993819.39791155</constraint>
                <constraint year="2075">2239412.26415698</constraint>
                <constraint year="2080">2511141.49059951</constraint>
                <constraint year="2085">2803748.79965484</constraint>
                <constraint year="2090">3121881.78930114</constraint>
                <constraint year="2095">3448057.19013625</constraint>
                <constraint year="2100">3790645.38688534</constraint>
            </policy-portfolio-standard>
        </region>
        <region name="Mexico">
            <policy-portfolio-standard name="negative_emiss_budget">
                <max-price fillout="1" year="1975">1</max-price>
                <market>global</market>
                <policyType>tax</policyType>
                <constraint year="2020">568702.906390737</constraint>
                <price-unit>%</price-unit>
                <output-unit>mil 1990$</output-unit>
                <constraint year="2025">653983.802495011</constraint>
                <constraint year="2030">748525.017885598</constraint>
                <constraint year="2035">851706.684908218</constraint>
                <constraint year="2040">969618.773842462</constraint>
                <constraint year="2045">1097680.0088093</constraint>
                <constraint year="2050">1244111.99284449</constraint>
                <constraint year="2055">1399510.87173114</constraint>
                <constraint year="2060">1577143.83442064</constraint>
                <constraint year="2065">1770896.38217332</constraint>
                <constraint year="2070">1993819.39791155</constraint>
                <constraint year="2075">2239412.26415698</constraint>
                <constraint year="2080">2511141.49059951</constraint>
                <constraint year="2085">2803748.79965484</constraint>
                <constraint year="2090">3121881.78930114</constraint>
                <constraint year="2095">3448057.19013625</constraint>
                <constraint year="2100">3790645.38688534</constraint>
            </policy-portfolio-standard>
        </region>
        <region name="Middle East">
            <policy-portfolio-standard name="negative_emiss_budget">
                <max-price fillout="1" year="1975">1</max-price>
                <market>global</market>
                <policyType>tax</policyType>
                <constraint year="2020">568702.906390737</constraint>
                <price-unit>%</price-unit>
                <output-unit>mil 1990$</output-unit>
                <constraint year="2025">653983.802495011</constraint>
                <constraint year="2030">748525.017885598</constraint>
                <constraint year="2035">851706.684908218</constraint>
                <constraint year="2040">969618.773842462</constraint>
                <constraint year="2045">1097680.0088093</constraint>
                <constraint year="2050">1244111.99284449</constraint>
                <constraint year="2055">1399510.87173114</constraint>
                <constraint year="2060">1577143.83442064</constraint>
                <constraint year="2065">1770896.38217332</constraint>
                <constraint year="2070">1993819.39791155</constraint>
                <constraint year="2075">2239412.26415698</constraint>
                <constraint year="2080">2511141.49059951</constraint>
                <constraint year="2085">2803748.79965484</constraint>
                <constraint year="2090">3121881.78930114</constraint>
                <constraint year="2095">3448057.19013625</constraint>
                <constraint year="2100">3790645.38688534</constraint>
            </policy-portfolio-standard>
        </region>
        <region name="Pakistan">
            <policy-portfolio-standard name="negative_emiss_budget">
                <max-price fillout="1" year="1975">1</max-price>
                <market>global</market>
                <policyType>tax</policyType>
                <constraint year="2020">568702.906390737</constraint>
                <price-unit>%</price-unit>
                <output-unit>mil 1990$</output-unit>
                <constraint year="2025">653983.802495011</constraint>
                <constraint year="2030">748525.017885598</constraint>
                <constraint year="2035">851706.684908218</constraint>
                <constraint year="2040">969618.773842462</constraint>
                <constraint year="2045">1097680.0088093</constraint>
                <constraint year="2050">1244111.99284449</constraint>
                <constraint year="2055">1399510.87173114</constraint>
                <constraint year="2060">1577143.83442064</constraint>
                <constraint year="2065">1770896.38217332</constraint>
                <constraint year="2070">1993819.39791155</constraint>
                <constraint year="2075">2239412.26415698</constraint>
                <constraint year="2080">2511141.49059951</constraint>
                <constraint year="2085">2803748.79965484</constraint>
                <constraint year="2090">3121881.78930114</constraint>
                <constraint year="2095">3448057.19013625</constraint>
                <constraint year="2100">3790645.38688534</constraint>
            </policy-portfolio-standard>
        </region>
        <region name="Russia">
            <policy-portfolio-standard name="negative_emiss_budget">
                <max-price fillout="1" year="1975">1</max-price>
                <market>global</market>
                <policyType>tax</policyType>
                <constraint year="2020">568702.906390737</constraint>
                <price-unit>%</price-unit>
                <output-unit>mil 1990$</output-unit>
                <constraint year="2025">653983.802495011</constraint>
                <constraint year="2030">748525.017885598</constraint>
                <constraint year="2035">851706.684908218</constraint>
                <constraint year="2040">969618.773842462</constraint>
                <constraint year="2045">1097680.0088093</constraint>
                <constraint year="2050">1244111.99284449</constraint>
                <constraint year="2055">1399510.87173114</constraint>
                <constraint year="2060">1577143.83442064</constraint>
                <constraint year="2065">1770896.38217332</constraint>
                <constraint year="2070">1993819.39791155</constraint>
                <constraint year="2075">2239412.26415698</constraint>
                <constraint year="2080">2511141.49059951</constraint>
                <constraint year="2085">2803748.79965484</constraint>
                <constraint year="2090">3121881.78930114</constraint>
                <constraint year="2095">3448057.19013625</constraint>
                <constraint year="2100">3790645.38688534</constraint>
            </policy-portfolio-standard>
        </region>
        <region name="South Africa">
            <policy-portfolio-standard name="negative_emiss_budget">
                <max-price fillout="1" year="1975">1</max-price>
                <market>global</market>
                <policyType>tax</policyType>
                <constraint year="2020">568702.906390737</constraint>
                <price-unit>%</price-unit>
                <output-unit>mil 1990$</output-unit>
                <constraint year="2025">653983.802495011</constraint>
                <constraint year="2030">748525.017885598</constraint>
                <constraint year="2035">851706.684908218</constraint>
                <constraint year="2040">969618.773842462</constraint>
                <constraint year="2045">1097680.0088093</constraint>
                <constraint year="2050">1244111.99284449</constraint>
                <constraint year="2055">1399510.87173114</constraint>
                <constraint year="2060">1577143.83442064</constraint>
                <constraint year="2065">1770896.38217332</constraint>
                <constraint year="2070">1993819.39791155</constraint>
                <constraint year="2075">2239412.26415698</constraint>
                <constraint year="2080">2511141.49059951</constraint>
                <constraint year="2085">2803748.79965484</constraint>
                <constraint year="2090">3121881.78930114</constraint>
                <constraint year="2095">3448057.19013625</constraint>
                <constraint year="2100">3790645.38688534</constraint>
            </policy-portfolio-standard>
        </region>
        <region name="South America_Northern">
            <policy-portfolio-standard name="negative_emiss_budget">
                <max-price fillout="1" year="1975">1</max-price>
                <market>global</market>
                <policyType>tax</policyType>
                <constraint year="2020">568702.906390737</constraint>
                <price-unit>%</price-unit>
                <output-unit>mil 1990$</output-unit>
                <constraint year="2025">653983.802495011</constraint>
                <constraint year="2030">748525.017885598</constraint>
                <constraint year="2035">851706.684908218</constraint>
                <constraint year="2040">969618.773842462</constraint>
                <constraint year="2045">1097680.0088093</constraint>
                <constraint year="2050">1244111.99284449</constraint>
                <constraint year="2055">1399510.87173114</constraint>
                <constraint year="2060">1577143.83442064</constraint>
                <constraint year="2065">1770896.38217332</constraint>
                <constraint year="2070">1993819.39791155</constraint>
                <constraint year="2075">2239412.26415698</constraint>
                <constraint year="2080">2511141.49059951</constraint>
                <constraint year="2085">2803748.79965484</constraint>
                <constraint year="2090">3121881.78930114</constraint>
                <constraint year="2095">3448057.19013625</constraint>
                <constraint year="2100">3790645.38688534</constraint>
            </policy-portfolio-standard>
        </region>
        <region name="South America_Southern">
            <policy-portfolio-standard name="negative_emiss_budget">
                <max-price fillout="1" year="1975">1</max-price>
                <market>global</market>
                <policyType>tax</policyType>
                <constraint year="2020">568702.906390737</constraint>
                <price-unit>%</price-unit>
                <output-unit>mil 1990$</output-unit>
                <constraint year="2025">653983.802495011</constraint>
                <constraint year="2030">748525.017885598</constraint>
                <constraint year="2035">851706.684908218</constraint>
                <constraint year="2040">969618.773842462</constraint>
                <constraint year="2045">1097680.0088093</constraint>
                <constraint year="2050">1244111.99284449</constraint>
                <constraint year="2055">1399510.87173114</constraint>
                <constraint year="2060">1577143.83442064</constraint>
                <constraint year="2065">1770896.38217332</constraint>
                <constraint year="2070">1993819.39791155</constraint>
                <constraint year="2075">2239412.26415698</constraint>
                <constraint year="2080">2511141.49059951</constraint>
                <constraint year="2085">2803748.79965484</constraint>
                <constraint year="2090">3121881.78930114</constraint>
                <constraint year="2095">3448057.19013625</constraint>
                <constraint year="2100">3790645.38688534</constraint>
            </policy-portfolio-standard>
        </region>
        <region name="South Asia">
            <policy-portfolio-standard name="negative_emiss_budget">
                <max-price fillout="1" year="1975">1</max-price>
                <market>global</market>
                <policyType>tax</policyType>
                <constraint year="2020">568702.906390737</constraint>
                <price-unit>%</price-unit>
                <output-unit>mil 1990$</output-unit>
                <constraint year="2025">653983.802495011</constraint>
                <constraint year="2030">748525.017885598</constraint>
                <constraint year="2035">851706.684908218</constraint>
                <constraint year="2040">969618.773842462</constraint>
                <constraint year="2045">1097680.0088093</constraint>
                <constraint year="2050">1244111.99284449</constraint>
                <constraint year="2055">1399510.87173114</constraint>
                <constraint year="2060">1577143.83442064</constraint>
                <constraint year="2065">1770896.38217332</constraint>
                <constraint year="2070">1993819.39791155</constraint>
                <constraint year="2075">2239412.26415698</constraint>
                <constraint year="2080">2511141.49059951</constraint>
                <constraint year="2085">2803748.79965484</constraint>
                <constraint year="2090">3121881.78930114</constraint>
                <constraint year="2095">3448057.19013625</constraint>
                <constraint year="2100">3790645.38688534</constraint>
            </policy-portfolio-standard>
        </region>
        <region name="South Korea">
            <policy-portfolio-standard name="negative_emiss_budget">
                <max-price fillout="1" year="1975">1</max-price>
                <market>global</market>
                <policyType>tax</policyType>
                <constraint year="2020">568702.906390737</constraint>
                <price-unit>%</price-unit>
                <output-unit>mil 1990$</output-unit>
                <constraint year="2025">653983.802495011</constraint>
                <constraint year="2030">748525.017885598</constraint>
                <constraint year="2035">851706.684908218</constraint>
                <constraint year="2040">969618.773842462</constraint>
                <constraint year="2045">1097680.0088093</constraint>
                <constraint year="2050">1244111.99284449</constraint>
                <constraint year="2055">1399510.87173114</constraint>
                <constraint year="2060">1577143.83442064</constraint>
                <constraint year="2065">1770896.38217332</constraint>
                <constraint year="2070">1993819.39791155</constraint>
                <constraint year="2075">2239412.26415698</constraint>
                <constraint year="2080">2511141.49059951</constraint>
                <constraint year="2085">2803748.79965484</constraint>
                <constraint year="2090">3121881.78930114</constraint>
                <constraint year="2095">3448057.19013625</constraint>
                <constraint year="2100">3790645.38688534</constraint>
            </policy-portfolio-standard>
        </region>
        <region name="Southeast Asia">
            <policy-portfolio-standard name="negative_emiss_budget">
                <max-price fillout="1" year="1975">1</max-price>
                <market>global</market>
                <policyType>tax</policyType>
                <constraint year="2020">568702.906390737</constraint>
                <price-unit>%</price-unit>
                <output-unit>mil 1990$</output-unit>
                <constraint year="2025">653983.802495011</constraint>
                <constraint year="2030">748525.017885598</constraint>
                <constraint year="2035">851706.684908218</constraint>
                <constraint year="2040">969618.773842462</constraint>
                <constraint year="2045">1097680.0088093</constraint>
                <constraint year="2050">1244111.99284449</constraint>
                <constraint year="2055">1399510.87173114</constraint>
                <constraint year="2060">1577143.83442064</constraint>
                <constraint year="2065">1770896.38217332</constraint>
                <constraint year="2070">1993819.39791155</constraint>
                <constraint year="2075">2239412.26415698</constraint>
                <constraint year="2080">2511141.49059951</constraint>
                <constraint year="2085">2803748.79965484</constraint>
                <constraint year="2090">3121881.78930114</constraint>
                <constraint year="2095">3448057.19013625</constraint>
                <constraint year="2100">3790645.38688534</constraint>
            </policy-portfolio-standard>
        </region>
        <region name="Taiwan">
            <policy-portfolio-standard name="negative_emiss_budget">
                <max-price fillout="1" year="1975">1</max-price>
                <market>global</market>
                <policyType>tax</policyType>
                <constraint year="2020">568702.906390737</constraint>
                <price-unit>%</price-unit>
                <output-unit>mil 1990$</output-unit>
                <constraint year="2025">653983.802495011</constraint>
                <constraint year="2030">748525.017885598</constraint>
                <constraint year="2035">851706.684908218</constraint>
                <constraint year="2040">969618.773842462</constraint>
                <constraint year="2045">1097680.0088093</constraint>
                <constraint year="2050">1244111.99284449</constraint>
                <constraint year="2055">1399510.87173114</constraint>
                <constraint year="2060">1577143.83442064</constraint>
                <constraint year="2065">1770896.38217332</constraint>
                <constraint year="2070">1993819.39791155</constraint>
                <constraint year="2075">2239412.26415698</constraint>
                <constraint year="2080">2511141.49059951</constraint>
                <constraint year="2085">2803748.79965484</constraint>
                <constraint year="2090">3121881.78930114</constraint>
                <constraint year="2095">3448057.19013625</constraint>
                <constraint year="2100">3790645.38688534</constraint>
            </policy-portfolio-standard>
        </region>
        <region name="Argentina">
            <policy-portfolio-standard name="negative_emiss_budget">
                <max-price fillout="1" year="1975">1</max-price>
                <market>global</market>
                <policyType>tax</policyType>
                <constraint year="2020">568702.906390737</constraint>
                <price-unit>%</price-unit>
                <output-unit>mil 1990$</output-unit>
                <constraint year="2025">653983.802495011</constraint>
                <constraint year="2030">748525.017885598</constraint>
                <constraint year="2035">851706.684908218</constraint>
                <constraint year="2040">969618.773842462</constraint>
                <constraint year="2045">1097680.0088093</constraint>
                <constraint year="2050">1244111.99284449</constraint>
                <constraint year="2055">1399510.87173114</constraint>
                <constraint year="2060">1577143.83442064</constraint>
                <constraint year="2065">1770896.38217332</constraint>
                <constraint year="2070">1993819.39791155</constraint>
                <constraint year="2075">2239412.26415698</constraint>
                <constraint year="2080">2511141.49059951</constraint>
                <constraint year="2085">2803748.79965484</constraint>
                <constraint year="2090">3121881.78930114</constraint>
                <constraint year="2095">3448057.19013625</constraint>
                <constraint year="2100">3790645.38688534</constraint>
            </policy-portfolio-standard>
        </region>
        <region name="Colombia">
            <policy-portfolio-standard name="negative_emiss_budget">
                <max-price fillout="1" year="1975">1</max-price>
                <market>global</market>
                <policyType>tax</policyType>
                <constraint year="2020">568702.906390737</constraint>
                <price-unit>%</price-unit>
                <output-unit>mil 1990$</output-unit>
                <constraint year="2025">653983.802495011</constraint>
                <constraint year="2030">748525.017885598</constraint>
                <constraint year="2035">851706.684908218</constraint>
                <constraint year="2040">969618.773842462</constraint>
                <constraint year="2045">1097680.0088093</constraint>
                <constraint year="2050">1244111.99284449</constraint>
                <constraint year="2055">1399510.87173114</constraint>
                <constraint year="2060">1577143.83442064</constraint>
                <constraint year="2065">1770896.38217332</constraint>
                <constraint year="2070">1993819.39791155</constraint>
                <constraint year="2075">2239412.26415698</constraint>
                <constraint year="2080">2511141.49059951</constraint>
                <constraint year="2085">2803748.79965484</constraint>
                <constraint year="2090">3121881.78930114</constraint>
                <constraint year="2095">3448057.19013625</constraint>
                <constraint year="2100">3790645.38688534</constraint>
            </policy-portfolio-standard>
        </region>
    </world>
</scenario>
