<?xml version="1.0" encoding="UTF-8"?>
<scenario>
    <world>
        <global-technology-database>
            <location-info sector-name="regional biomass" subsector-name="regional biomass">
                <technology name="regional biomass">
                    <period year="1975">
                        <ctax-input name="negative_emiss_budget">
                            <fuel-name>regional biomass</fuel-name>
                        </ctax-input>
                    </period>
                    <period year="1990">
                        <ctax-input name="negative_emiss_budget">
                            <fuel-name>regional biomass</fuel-name>
                        </ctax-input>
                    </period>
                    <period year="2005">
                        <ctax-input name="negative_emiss_budget">
                            <fuel-name>regional biomass</fuel-name>
                        </ctax-input>
                    </period>
                    <period year="2010">
                        <ctax-input name="negative_emiss_budget">
                            <fuel-name>regional biomass</fuel-name>
                        </ctax-input>
                    </period>
                    <period year="2015">
                        <ctax-input name="negative_emiss_budget">
                            <fuel-name>regional biomass</fuel-name>
                        </ctax-input>
                    </period>
                    <period year="2020">
                        <ctax-input name="negative_emiss_budget">
                            <fuel-name>regional biomass</fuel-name>
                        </ctax-input>
                    </period>
                    <period year="2025">
                        <ctax-input name="negative_emiss_budget">
                            <fuel-name>regional biomass</fuel-name>
                        </ctax-input>
                    </period>
                    <period year="2030">
                        <ctax-input name="negative_emiss_budget">
                            <fuel-name>regional biomass</fuel-name>
                        </ctax-input>
                    </period>
                    <period year="2035">
                        <ctax-input name="negative_emiss_budget">
                            <fuel-name>regional biomass</fuel-name>
                        </ctax-input>
                    </period>
                    <period year="2040">
                        <ctax-input name="negative_emiss_budget">
                            <fuel-name>regional biomass</fuel-name>
                        </ctax-input>
                    </period>
                    <period year="2045">
                        <ctax-input name="negative_emiss_budget">
                            <fuel-name>regional biomass</fuel-name>
                        </ctax-input>
                    </period>
                    <period year="2050">
                        <ctax-input name="negative_emiss_budget">
                            <fuel-name>regional biomass</fuel-name>
                        </ctax-input>
                    </period>
                    <period year="2055">
                        <ctax-input name="negative_emiss_budget">
                            <fuel-name>regional biomass</fuel-name>
                        </ctax-input>
                    </period>
                    <period year="2060">
                        <ctax-input name="negative_emiss_budget">
                            <fuel-name>regional biomass</fuel-name>
                        </ctax-input>
                    </period>
                    <period year="2065">
                        <ctax-input name="negative_emiss_budget">
                            <fuel-name>regional biomass</fuel-name>
                        </ctax-input>
                    </period>
                    <period year="2070">
                        <ctax-input name="negative_emiss_budget">
                            <fuel-name>regional biomass</fuel-name>
                        </ctax-input>
                    </period>
                    <period year="2075">
                        <ctax-input name="negative_emiss_budget">
                            <fuel-name>regional biomass</fuel-name>
                        </ctax-input>
                    </period>
                    <period year="2080">
                        <ctax-input name="negative_emiss_budget">
                            <fuel-name>regional biomass</fuel-name>
                        </ctax-input>
                    </period>
                    <period year="2085">
                        <ctax-input name="negative_emiss_budget">
                            <fuel-name>regional biomass</fuel-name>
                        </ctax-input>
                    </period>
                    <period year="2090">
                        <ctax-input name="negative_emiss_budget">
                            <fuel-name>regional biomass</fuel-name>
                        </ctax-input>
                    </period>
                    <period year="2095">
                        <ctax-input name="negative_emiss_budget">
                            <fuel-name>regional biomass</fuel-name>
                        </ctax-input>
                    </period>
                    <period year="2100">
                        <ctax-input name="negative_emiss_budget">
                            <fuel-name>regional biomass</fuel-name>
                        </ctax-input>
                    </period>
                </technology>
            </location-info>
            <location-info sector-name="regional corn for ethanol" subsector-name="regional corn for ethanol">
                <technology name="regional corn for ethanol">
                    <period year="1975">
                        <ctax-input name="negative_emiss_budget">
                            <fuel-name>regional corn for ethanol</fuel-name>
                        </ctax-input>
                    </period>
                    <period year="1990">
                        <ctax-input name="negative_emiss_budget">
                            <fuel-name>regional corn for ethanol</fuel-name>
                        </ctax-input>
                    </period>
                    <period year="2005">
                        <ctax-input name="negative_emiss_budget">
                            <fuel-name>regional corn for ethanol</fuel-name>
                        </ctax-input>
                    </period>
                    <period year="2010">
                        <ctax-input name="negative_emiss_budget">
                            <fuel-name>regional corn for ethanol</fuel-name>
                        </ctax-input>
                    </period>
                    <period year="2015">
                        <ctax-input name="negative_emiss_budget">
                            <fuel-name>regional corn for ethanol</fuel-name>
                        </ctax-input>
                    </period>
                    <period year="2020">
                        <ctax-input name="negative_emiss_budget">
                            <fuel-name>regional corn for ethanol</fuel-name>
                        </ctax-input>
                    </period>
                    <period year="2025">
                        <ctax-input name="negative_emiss_budget">
                            <fuel-name>regional corn for ethanol</fuel-name>
                        </ctax-input>
                    </period>
                    <period year="2030">
                        <ctax-input name="negative_emiss_budget">
                            <fuel-name>regional corn for ethanol</fuel-name>
                        </ctax-input>
                    </period>
                    <period year="2035">
                        <ctax-input name="negative_emiss_budget">
                            <fuel-name>regional corn for ethanol</fuel-name>
                        </ctax-input>
                    </period>
                    <period year="2040">
                        <ctax-input name="negative_emiss_budget">
                            <fuel-name>regional corn for ethanol</fuel-name>
                        </ctax-input>
                    </period>
                    <period year="2045">
                        <ctax-input name="negative_emiss_budget">
                            <fuel-name>regional corn for ethanol</fuel-name>
                        </ctax-input>
                    </period>
                    <period year="2050">
                        <ctax-input name="negative_emiss_budget">
                            <fuel-name>regional corn for ethanol</fuel-name>
                        </ctax-input>
                    </period>
                    <period year="2055">
                        <ctax-input name="negative_emiss_budget">
                            <fuel-name>regional corn for ethanol</fuel-name>
                        </ctax-input>
                    </period>
                    <period year="2060">
                        <ctax-input name="negative_emiss_budget">
                            <fuel-name>regional corn for ethanol</fuel-name>
                        </ctax-input>
                    </period>
                    <period year="2065">
                        <ctax-input name="negative_emiss_budget">
                            <fuel-name>regional corn for ethanol</fuel-name>
                        </ctax-input>
                    </period>
                    <period year="2070">
                        <ctax-input name="negative_emiss_budget">
                            <fuel-name>regional corn for ethanol</fuel-name>
                        </ctax-input>
                    </period>
                    <period year="2075">
                        <ctax-input name="negative_emiss_budget">
                            <fuel-name>regional corn for ethanol</fuel-name>
                        </ctax-input>
                    </period>
                    <period year="2080">
                        <ctax-input name="negative_emiss_budget">
                            <fuel-name>regional corn for ethanol</fuel-name>
                        </ctax-input>
                    </period>
                    <period year="2085">
                        <ctax-input name="negative_emiss_budget">
                            <fuel-name>regional corn for ethanol</fuel-name>
                        </ctax-input>
                    </period>
                    <period year="2090">
                        <ctax-input name="negative_emiss_budget">
                            <fuel-name>regional corn for ethanol</fuel-name>
                        </ctax-input>
                    </period>
                    <period year="2095">
                        <ctax-input name="negative_emiss_budget">
                            <fuel-name>regional corn for ethanol</fuel-name>
                        </ctax-input>
                    </period>
                    <period year="2100">
                        <ctax-input name="negative_emiss_budget">
                            <fuel-name>regional corn for ethanol</fuel-name>
                        </ctax-input>
                    </period>
                </technology>
            </location-info>
            <location-info sector-name="regional sugar for ethanol" subsector-name="regional sugar for ethanol">
                <technology name="regional sugar for ethanol">
                    <period year="1975">
                        <ctax-input name="negative_emiss_budget">
                            <fuel-name>regional sugar for ethanol</fuel-name>
                        </ctax-input>
                    </period>
                    <period year="1990">
                        <ctax-input name="negative_emiss_budget">
                            <fuel-name>regional sugar for ethanol</fuel-name>
                        </ctax-input>
                    </period>
                    <period year="2005">
                        <ctax-input name="negative_emiss_budget">
                            <fuel-name>regional sugar for ethanol</fuel-name>
                        </ctax-input>
                    </period>
                    <period year="2010">
                        <ctax-input name="negative_emiss_budget">
                            <fuel-name>regional sugar for ethanol</fuel-name>
                        </ctax-input>
                    </period>
                    <period year="2015">
                        <ctax-input name="negative_emiss_budget">
                            <fuel-name>regional sugar for ethanol</fuel-name>
                        </ctax-input>
                    </period>
                    <period year="2020">
                        <ctax-input name="negative_emiss_budget">
                            <fuel-name>regional sugar for ethanol</fuel-name>
                        </ctax-input>
                    </period>
                    <period year="2025">
                        <ctax-input name="negative_emiss_budget">
                            <fuel-name>regional sugar for ethanol</fuel-name>
                        </ctax-input>
                    </period>
                    <period year="2030">
                        <ctax-input name="negative_emiss_budget">
                            <fuel-name>regional sugar for ethanol</fuel-name>
                        </ctax-input>
                    </period>
                    <period year="2035">
                        <ctax-input name="negative_emiss_budget">
                            <fuel-name>regional sugar for ethanol</fuel-name>
                        </ctax-input>
                    </period>
                    <period year="2040">
                        <ctax-input name="negative_emiss_budget">
                            <fuel-name>regional sugar for ethanol</fuel-name>
                        </ctax-input>
                    </period>
                    <period year="2045">
                        <ctax-input name="negative_emiss_budget">
                            <fuel-name>regional sugar for ethanol</fuel-name>
                        </ctax-input>
                    </period>
                    <period year="2050">
                        <ctax-input name="negative_emiss_budget">
                            <fuel-name>regional sugar for ethanol</fuel-name>
                        </ctax-input>
                    </period>
                    <period year="2055">
                        <ctax-input name="negative_emiss_budget">
                            <fuel-name>regional sugar for ethanol</fuel-name>
                        </ctax-input>
                    </period>
                    <period year="2060">
                        <ctax-input name="negative_emiss_budget">
                            <fuel-name>regional sugar for ethanol</fuel-name>
                        </ctax-input>
                    </period>
                    <period year="2065">
                        <ctax-input name="negative_emiss_budget">
                            <fuel-name>regional sugar for ethanol</fuel-name>
                        </ctax-input>
                    </period>
                    <period year="2070">
                        <ctax-input name="negative_emiss_budget">
                            <fuel-name>regional sugar for ethanol</fuel-name>
                        </ctax-input>
                    </period>
                    <period year="2075">
                        <ctax-input name="negative_emiss_budget">
                            <fuel-name>regional sugar for ethanol</fuel-name>
                        </ctax-input>
                    </period>
                    <period year="2080">
                        <ctax-input name="negative_emiss_budget">
                            <fuel-name>regional sugar for ethanol</fuel-name>
                        </ctax-input>
                    </period>
                    <period year="2085">
                        <ctax-input name="negative_emiss_budget">
                            <fuel-name>regional sugar for ethanol</fuel-name>
                        </ctax-input>
                    </period>
                    <period year="2090">
                        <ctax-input name="negative_emiss_budget">
                            <fuel-name>regional sugar for ethanol</fuel-name>
                        </ctax-input>
                    </period>
                    <period year="2095">
                        <ctax-input name="negative_emiss_budget">
                            <fuel-name>regional sugar for ethanol</fuel-name>
                        </ctax-input>
                    </period>
                    <period year="2100">
                        <ctax-input name="negative_emiss_budget">
                            <fuel-name>regional sugar for ethanol</fuel-name>
                        </ctax-input>
                    </period>
                </technology>
            </location-info>
            <location-info sector-name="regional biomassOil" subsector-name="regional biomassOil">
                <technology name="biomassOil">
                    <period year="1975">
                        <ctax-input name="negative_emiss_budget">
                            <fuel-name>regional biomassOil</fuel-name>
                        </ctax-input>
                    </period>
                    <period year="1990">
                        <ctax-input name="negative_emiss_budget">
                            <fuel-name>regional biomassOil</fuel-name>
                        </ctax-input>
                    </period>
                    <period year="2005">
                        <ctax-input name="negative_emiss_budget">
                            <fuel-name>regional biomassOil</fuel-name>
                        </ctax-input>
                    </period>
                    <period year="2010">
                        <ctax-input name="negative_emiss_budget">
                            <fuel-name>regional biomassOil</fuel-name>
                        </ctax-input>
                    </period>
                    <period year="2015">
                        <ctax-input name="negative_emiss_budget">
                            <fuel-name>regional biomassOil</fuel-name>
                        </ctax-input>
                    </period>
                    <period year="2020">
                        <ctax-input name="negative_emiss_budget">
                            <fuel-name>regional biomassOil</fuel-name>
                        </ctax-input>
                    </period>
                    <period year="2025">
                        <ctax-input name="negative_emiss_budget">
                            <fuel-name>regional biomassOil</fuel-name>
                        </ctax-input>
                    </period>
                    <period year="2030">
                        <ctax-input name="negative_emiss_budget">
                            <fuel-name>regional biomassOil</fuel-name>
                        </ctax-input>
                    </period>
                    <period year="2035">
                        <ctax-input name="negative_emiss_budget">
                            <fuel-name>regional biomassOil</fuel-name>
                        </ctax-input>
                    </period>
                    <period year="2040">
                        <ctax-input name="negative_emiss_budget">
                            <fuel-name>regional biomassOil</fuel-name>
                        </ctax-input>
                    </period>
                    <period year="2045">
                        <ctax-input name="negative_emiss_budget">
                            <fuel-name>regional biomassOil</fuel-name>
                        </ctax-input>
                    </period>
                    <period year="2050">
                        <ctax-input name="negative_emiss_budget">
                            <fuel-name>regional biomassOil</fuel-name>
                        </ctax-input>
                    </period>
                    <period year="2055">
                        <ctax-input name="negative_emiss_budget">
                            <fuel-name>regional biomassOil</fuel-name>
                        </ctax-input>
                    </period>
                    <period year="2060">
                        <ctax-input name="negative_emiss_budget">
                            <fuel-name>regional biomassOil</fuel-name>
                        </ctax-input>
                    </period>
                    <period year="2065">
                        <ctax-input name="negative_emiss_budget">
                            <fuel-name>regional biomassOil</fuel-name>
                        </ctax-input>
                    </period>
                    <period year="2070">
                        <ctax-input name="negative_emiss_budget">
                            <fuel-name>regional biomassOil</fuel-name>
                        </ctax-input>
                    </period>
                    <period year="2075">
                        <ctax-input name="negative_emiss_budget">
                            <fuel-name>regional biomassOil</fuel-name>
                        </ctax-input>
                    </period>
                    <period year="2080">
                        <ctax-input name="negative_emiss_budget">
                            <fuel-name>regional biomassOil</fuel-name>
                        </ctax-input>
                    </period>
                    <period year="2085">
                        <ctax-input name="negative_emiss_budget">
                            <fuel-name>regional biomassOil</fuel-name>
                        </ctax-input>
                    </period>
                    <period year="2090">
                        <ctax-input name="negative_emiss_budget">
                            <fuel-name>regional biomassOil</fuel-name>
                        </ctax-input>
                    </period>
                    <period year="2095">
                        <ctax-input name="negative_emiss_budget">
                            <fuel-name>regional biomassOil</fuel-name>
                        </ctax-input>
                    </period>
                    <period year="2100">
                        <ctax-input name="negative_emiss_budget">
                            <fuel-name>regional biomassOil</fuel-name>
                        </ctax-input>
                    </period>
                </technology>
                <technology name="OilCrop">
                    <period year="1975">
                        <ctax-input name="negative_emiss_budget">
                            <fuel-name>regional biomassOil</fuel-name>
                        </ctax-input>
                    </period>
                    <period year="1990">
                        <ctax-input name="negative_emiss_budget">
                            <fuel-name>regional biomassOil</fuel-name>
                        </ctax-input>
                    </period>
                    <period year="2005">
                        <ctax-input name="negative_emiss_budget">
                            <fuel-name>regional biomassOil</fuel-name>
                        </ctax-input>
                    </period>
                    <period year="2010">
                        <ctax-input name="negative_emiss_budget">
                            <fuel-name>regional biomassOil</fuel-name>
                        </ctax-input>
                    </period>
                    <period year="2015">
                        <ctax-input name="negative_emiss_budget">
                            <fuel-name>regional biomassOil</fuel-name>
                        </ctax-input>
                    </period>
                    <period year="2020">
                        <ctax-input name="negative_emiss_budget">
                            <fuel-name>regional biomassOil</fuel-name>
                        </ctax-input>
                    </period>
                    <period year="2025">
                        <ctax-input name="negative_emiss_budget">
                            <fuel-name>regional biomassOil</fuel-name>
                        </ctax-input>
                    </period>
                    <period year="2030">
                        <ctax-input name="negative_emiss_budget">
                            <fuel-name>regional biomassOil</fuel-name>
                        </ctax-input>
                    </period>
                    <period year="2035">
                        <ctax-input name="negative_emiss_budget">
                            <fuel-name>regional biomassOil</fuel-name>
                        </ctax-input>
                    </period>
                    <period year="2040">
                        <ctax-input name="negative_emiss_budget">
                            <fuel-name>regional biomassOil</fuel-name>
                        </ctax-input>
                    </period>
                    <period year="2045">
                        <ctax-input name="negative_emiss_budget">
                            <fuel-name>regional biomassOil</fuel-name>
                        </ctax-input>
                    </period>
                    <period year="2050">
                        <ctax-input name="negative_emiss_budget">
                            <fuel-name>regional biomassOil</fuel-name>
                        </ctax-input>
                    </period>
                    <period year="2055">
                        <ctax-input name="negative_emiss_budget">
                            <fuel-name>regional biomassOil</fuel-name>
                        </ctax-input>
                    </period>
                    <period year="2060">
                        <ctax-input name="negative_emiss_budget">
                            <fuel-name>regional biomassOil</fuel-name>
                        </ctax-input>
                    </period>
                    <period year="2065">
                        <ctax-input name="negative_emiss_budget">
                            <fuel-name>regional biomassOil</fuel-name>
                        </ctax-input>
                    </period>
                    <period year="2070">
                        <ctax-input name="negative_emiss_budget">
                            <fuel-name>regional biomassOil</fuel-name>
                        </ctax-input>
                    </period>
                    <period year="2075">
                        <ctax-input name="negative_emiss_budget">
                            <fuel-name>regional biomassOil</fuel-name>
                        </ctax-input>
                    </period>
                    <period year="2080">
                        <ctax-input name="negative_emiss_budget">
                            <fuel-name>regional biomassOil</fuel-name>
                        </ctax-input>
                    </period>
                    <period year="2085">
                        <ctax-input name="negative_emiss_budget">
                            <fuel-name>regional biomassOil</fuel-name>
                        </ctax-input>
                    </period>
                    <period year="2090">
                        <ctax-input name="negative_emiss_budget">
                            <fuel-name>regional biomassOil</fuel-name>
                        </ctax-input>
                    </period>
                    <period year="2095">
                        <ctax-input name="negative_emiss_budget">
                            <fuel-name>regional biomassOil</fuel-name>
                        </ctax-input>
                    </period>
                    <period year="2100">
                        <ctax-input name="negative_emiss_budget">
                            <fuel-name>regional biomassOil</fuel-name>
                        </ctax-input>
                    </period>
                </technology>
                <technology name="PalmFruit">
                    <period year="1975">
                        <ctax-input name="negative_emiss_budget">
                            <fuel-name>regional biomassOil</fuel-name>
                        </ctax-input>
                    </period>
                    <period year="1990">
                        <ctax-input name="negative_emiss_budget">
                            <fuel-name>regional biomassOil</fuel-name>
                        </ctax-input>
                    </period>
                    <period year="2005">
                        <ctax-input name="negative_emiss_budget">
                            <fuel-name>regional biomassOil</fuel-name>
                        </ctax-input>
                    </period>
                    <period year="2010">
                        <ctax-input name="negative_emiss_budget">
                            <fuel-name>regional biomassOil</fuel-name>
                        </ctax-input>
                    </period>
                    <period year="2015">
                        <ctax-input name="negative_emiss_budget">
                            <fuel-name>regional biomassOil</fuel-name>
                        </ctax-input>
                    </period>
                    <period year="2020">
                        <ctax-input name="negative_emiss_budget">
                            <fuel-name>regional biomassOil</fuel-name>
                        </ctax-input>
                    </period>
                    <period year="2025">
                        <ctax-input name="negative_emiss_budget">
                            <fuel-name>regional biomassOil</fuel-name>
                        </ctax-input>
                    </period>
                    <period year="2030">
                        <ctax-input name="negative_emiss_budget">
                            <fuel-name>regional biomassOil</fuel-name>
                        </ctax-input>
                    </period>
                    <period year="2035">
                        <ctax-input name="negative_emiss_budget">
                            <fuel-name>regional biomassOil</fuel-name>
                        </ctax-input>
                    </period>
                    <period year="2040">
                        <ctax-input name="negative_emiss_budget">
                            <fuel-name>regional biomassOil</fuel-name>
                        </ctax-input>
                    </period>
                    <period year="2045">
                        <ctax-input name="negative_emiss_budget">
                            <fuel-name>regional biomassOil</fuel-name>
                        </ctax-input>
                    </period>
                    <period year="2050">
                        <ctax-input name="negative_emiss_budget">
                            <fuel-name>regional biomassOil</fuel-name>
                        </ctax-input>
                    </period>
                    <period year="2055">
                        <ctax-input name="negative_emiss_budget">
                            <fuel-name>regional biomassOil</fuel-name>
                        </ctax-input>
                    </period>
                    <period year="2060">
                        <ctax-input name="negative_emiss_budget">
                            <fuel-name>regional biomassOil</fuel-name>
                        </ctax-input>
                    </period>
                    <period year="2065">
                        <ctax-input name="negative_emiss_budget">
                            <fuel-name>regional biomassOil</fuel-name>
                        </ctax-input>
                    </period>
                    <period year="2070">
                        <ctax-input name="negative_emiss_budget">
                            <fuel-name>regional biomassOil</fuel-name>
                        </ctax-input>
                    </period>
                    <period year="2075">
                        <ctax-input name="negative_emiss_budget">
                            <fuel-name>regional biomassOil</fuel-name>
                        </ctax-input>
                    </period>
                    <period year="2080">
                        <ctax-input name="negative_emiss_budget">
                            <fuel-name>regional biomassOil</fuel-name>
                        </ctax-input>
                    </period>
                    <period year="2085">
                        <ctax-input name="negative_emiss_budget">
                            <fuel-name>regional biomassOil</fuel-name>
                        </ctax-input>
                    </period>
                    <period year="2090">
                        <ctax-input name="negative_emiss_budget">
                            <fuel-name>regional biomassOil</fuel-name>
                        </ctax-input>
                    </period>
                    <period year="2095">
                        <ctax-input name="negative_emiss_budget">
                            <fuel-name>regional biomassOil</fuel-name>
                        </ctax-input>
                    </period>
                    <period year="2100">
                        <ctax-input name="negative_emiss_budget">
                            <fuel-name>regional biomassOil</fuel-name>
                        </ctax-input>
                    </period>
                </technology>
            </location-info>
        </global-technology-database>
        <region name="USA">
            <negative-emissions-final-demand name="CO2">
                <policy-name>negative_emiss_budget</policy-name>
            </negative-emissions-final-demand>
            <policy-portfolio-standard name="negative_emiss_budget">
                <max-price fillout="1" year="1975">1</max-price>
                <market>global</market>
                <policyType>tax</policyType>
                <constraint year="2020">561309.383163723</constraint>
                <price-unit>%</price-unit>
                <output-unit>mil 1990$</output-unit>
                <constraint year="2025">658702.419854348</constraint>
                <constraint year="2030">761055.835651168</constraint>
                <constraint year="2035">863027.77191726</constraint>
                <constraint year="2040">962402.619617737</constraint>
                <constraint year="2045">1056573.76690401</constraint>
                <constraint year="2050">1142643.76748857</constraint>
                <constraint year="2055">1223891.54229284</constraint>
                <constraint year="2060">1305162.78956144</constraint>
                <constraint year="2065">1384595.15786578</constraint>
                <constraint year="2070">1458799.50831421</constraint>
                <constraint year="2075">1526177.13440051</constraint>
                <constraint year="2080">1590697.65901505</constraint>
                <constraint year="2085">1651271.85290404</constraint>
                <constraint year="2090">1709945.91262693</constraint>
                <constraint year="2095">1767688.65592956</constraint>
                <constraint year="2100">1822430.22015005</constraint>
            </policy-portfolio-standard>
        </region>
        <region name="Africa_Eastern">
            <policy-portfolio-standard name="negative_emiss_budget">
                <max-price fillout="1" year="1975">1</max-price>
                <market>global</market>
                <policyType>tax</policyType>
                <constraint year="2020">561309.383163723</constraint>
                <price-unit>%</price-unit>
                <output-unit>mil 1990$</output-unit>
                <constraint year="2025">658702.419854348</constraint>
                <constraint year="2030">761055.835651168</constraint>
                <constraint year="2035">863027.77191726</constraint>
                <constraint year="2040">962402.619617737</constraint>
                <constraint year="2045">1056573.76690401</constraint>
                <constraint year="2050">1142643.76748857</constraint>
                <constraint year="2055">1223891.54229284</constraint>
                <constraint year="2060">1305162.78956144</constraint>
                <constraint year="2065">1384595.15786578</constraint>
                <constraint year="2070">1458799.50831421</constraint>
                <constraint year="2075">1526177.13440051</constraint>
                <constraint year="2080">1590697.65901505</constraint>
                <constraint year="2085">1651271.85290404</constraint>
                <constraint year="2090">1709945.91262693</constraint>
                <constraint year="2095">1767688.65592956</constraint>
                <constraint year="2100">1822430.22015005</constraint>
            </policy-portfolio-standard>
        </region>
        <region name="Africa_Northern">
            <policy-portfolio-standard name="negative_emiss_budget">
                <max-price fillout="1" year="1975">1</max-price>
                <market>global</market>
                <policyType>tax</policyType>
                <constraint year="2020">561309.383163723</constraint>
                <price-unit>%</price-unit>
                <output-unit>mil 1990$</output-unit>
                <constraint year="2025">658702.419854348</constraint>
                <constraint year="2030">761055.835651168</constraint>
                <constraint year="2035">863027.77191726</constraint>
                <constraint year="2040">962402.619617737</constraint>
                <constraint year="2045">1056573.76690401</constraint>
                <constraint year="2050">1142643.76748857</constraint>
                <constraint year="2055">1223891.54229284</constraint>
                <constraint year="2060">1305162.78956144</constraint>
                <constraint year="2065">1384595.15786578</constraint>
                <constraint year="2070">1458799.50831421</constraint>
                <constraint year="2075">1526177.13440051</constraint>
                <constraint year="2080">1590697.65901505</constraint>
                <constraint year="2085">1651271.85290404</constraint>
                <constraint year="2090">1709945.91262693</constraint>
                <constraint year="2095">1767688.65592956</constraint>
                <constraint year="2100">1822430.22015005</constraint>
            </policy-portfolio-standard>
        </region>
        <region name="Africa_Southern">
            <policy-portfolio-standard name="negative_emiss_budget">
                <max-price fillout="1" year="1975">1</max-price>
                <market>global</market>
                <policyType>tax</policyType>
                <constraint year="2020">561309.383163723</constraint>
                <price-unit>%</price-unit>
                <output-unit>mil 1990$</output-unit>
                <constraint year="2025">658702.419854348</constraint>
                <constraint year="2030">761055.835651168</constraint>
                <constraint year="2035">863027.77191726</constraint>
                <constraint year="2040">962402.619617737</constraint>
                <constraint year="2045">1056573.76690401</constraint>
                <constraint year="2050">1142643.76748857</constraint>
                <constraint year="2055">1223891.54229284</constraint>
                <constraint year="2060">1305162.78956144</constraint>
                <constraint year="2065">1384595.15786578</constraint>
                <constraint year="2070">1458799.50831421</constraint>
                <constraint year="2075">1526177.13440051</constraint>
                <constraint year="2080">1590697.65901505</constraint>
                <constraint year="2085">1651271.85290404</constraint>
                <constraint year="2090">1709945.91262693</constraint>
                <constraint year="2095">1767688.65592956</constraint>
                <constraint year="2100">1822430.22015005</constraint>
            </policy-portfolio-standard>
        </region>
        <region name="Africa_Western">
            <policy-portfolio-standard name="negative_emiss_budget">
                <max-price fillout="1" year="1975">1</max-price>
                <market>global</market>
                <policyType>tax</policyType>
                <constraint year="2020">561309.383163723</constraint>
                <price-unit>%</price-unit>
                <output-unit>mil 1990$</output-unit>
                <constraint year="2025">658702.419854348</constraint>
                <constraint year="2030">761055.835651168</constraint>
                <constraint year="2035">863027.77191726</constraint>
                <constraint year="2040">962402.619617737</constraint>
                <constraint year="2045">1056573.76690401</constraint>
                <constraint year="2050">1142643.76748857</constraint>
                <constraint year="2055">1223891.54229284</constraint>
                <constraint year="2060">1305162.78956144</constraint>
                <constraint year="2065">1384595.15786578</constraint>
                <constraint year="2070">1458799.50831421</constraint>
                <constraint year="2075">1526177.13440051</constraint>
                <constraint year="2080">1590697.65901505</constraint>
                <constraint year="2085">1651271.85290404</constraint>
                <constraint year="2090">1709945.91262693</constraint>
                <constraint year="2095">1767688.65592956</constraint>
                <constraint year="2100">1822430.22015005</constraint>
            </policy-portfolio-standard>
        </region>
        <region name="Australia_NZ">
            <policy-portfolio-standard name="negative_emiss_budget">
                <max-price fillout="1" year="1975">1</max-price>
                <market>global</market>
                <policyType>tax</policyType>
                <constraint year="2020">561309.383163723</constraint>
                <price-unit>%</price-unit>
                <output-unit>mil 1990$</output-unit>
                <constraint year="2025">658702.419854348</constraint>
                <constraint year="2030">761055.835651168</constraint>
                <constraint year="2035">863027.77191726</constraint>
                <constraint year="2040">962402.619617737</constraint>
                <constraint year="2045">1056573.76690401</constraint>
                <constraint year="2050">1142643.76748857</constraint>
                <constraint year="2055">1223891.54229284</constraint>
                <constraint year="2060">1305162.78956144</constraint>
                <constraint year="2065">1384595.15786578</constraint>
                <constraint year="2070">1458799.50831421</constraint>
                <constraint year="2075">1526177.13440051</constraint>
                <constraint year="2080">1590697.65901505</constraint>
                <constraint year="2085">1651271.85290404</constraint>
                <constraint year="2090">1709945.91262693</constraint>
                <constraint year="2095">1767688.65592956</constraint>
                <constraint year="2100">1822430.22015005</constraint>
            </policy-portfolio-standard>
        </region>
        <region name="Brazil">
            <policy-portfolio-standard name="negative_emiss_budget">
                <max-price fillout="1" year="1975">1</max-price>
                <market>global</market>
                <policyType>tax</policyType>
                <constraint year="2020">561309.383163723</constraint>
                <price-unit>%</price-unit>
                <output-unit>mil 1990$</output-unit>
                <constraint year="2025">658702.419854348</constraint>
                <constraint year="2030">761055.835651168</constraint>
                <constraint year="2035">863027.77191726</constraint>
                <constraint year="2040">962402.619617737</constraint>
                <constraint year="2045">1056573.76690401</constraint>
                <constraint year="2050">1142643.76748857</constraint>
                <constraint year="2055">1223891.54229284</constraint>
                <constraint year="2060">1305162.78956144</constraint>
                <constraint year="2065">1384595.15786578</constraint>
                <constraint year="2070">1458799.50831421</constraint>
                <constraint year="2075">1526177.13440051</constraint>
                <constraint year="2080">1590697.65901505</constraint>
                <constraint year="2085">1651271.85290404</constraint>
                <constraint year="2090">1709945.91262693</constraint>
                <constraint year="2095">1767688.65592956</constraint>
                <constraint year="2100">1822430.22015005</constraint>
            </policy-portfolio-standard>
        </region>
        <region name="Canada">
            <policy-portfolio-standard name="negative_emiss_budget">
                <max-price fillout="1" year="1975">1</max-price>
                <market>global</market>
                <policyType>tax</policyType>
                <constraint year="2020">561309.383163723</constraint>
                <price-unit>%</price-unit>
                <output-unit>mil 1990$</output-unit>
                <constraint year="2025">658702.419854348</constraint>
                <constraint year="2030">761055.835651168</constraint>
                <constraint year="2035">863027.77191726</constraint>
                <constraint year="2040">962402.619617737</constraint>
                <constraint year="2045">1056573.76690401</constraint>
                <constraint year="2050">1142643.76748857</constraint>
                <constraint year="2055">1223891.54229284</constraint>
                <constraint year="2060">1305162.78956144</constraint>
                <constraint year="2065">1384595.15786578</constraint>
                <constraint year="2070">1458799.50831421</constraint>
                <constraint year="2075">1526177.13440051</constraint>
                <constraint year="2080">1590697.65901505</constraint>
                <constraint year="2085">1651271.85290404</constraint>
                <constraint year="2090">1709945.91262693</constraint>
                <constraint year="2095">1767688.65592956</constraint>
                <constraint year="2100">1822430.22015005</constraint>
            </policy-portfolio-standard>
        </region>
        <region name="Central America and Caribbean">
            <policy-portfolio-standard name="negative_emiss_budget">
                <max-price fillout="1" year="1975">1</max-price>
                <market>global</market>
                <policyType>tax</policyType>
                <constraint year="2020">561309.383163723</constraint>
                <price-unit>%</price-unit>
                <output-unit>mil 1990$</output-unit>
                <constraint year="2025">658702.419854348</constraint>
                <constraint year="2030">761055.835651168</constraint>
                <constraint year="2035">863027.77191726</constraint>
                <constraint year="2040">962402.619617737</constraint>
                <constraint year="2045">1056573.76690401</constraint>
                <constraint year="2050">1142643.76748857</constraint>
                <constraint year="2055">1223891.54229284</constraint>
                <constraint year="2060">1305162.78956144</constraint>
                <constraint year="2065">1384595.15786578</constraint>
                <constraint year="2070">1458799.50831421</constraint>
                <constraint year="2075">1526177.13440051</constraint>
                <constraint year="2080">1590697.65901505</constraint>
                <constraint year="2085">1651271.85290404</constraint>
                <constraint year="2090">1709945.91262693</constraint>
                <constraint year="2095">1767688.65592956</constraint>
                <constraint year="2100">1822430.22015005</constraint>
            </policy-portfolio-standard>
        </region>
        <region name="Central Asia">
            <policy-portfolio-standard name="negative_emiss_budget">
                <max-price fillout="1" year="1975">1</max-price>
                <market>global</market>
                <policyType>tax</policyType>
                <constraint year="2020">561309.383163723</constraint>
                <price-unit>%</price-unit>
                <output-unit>mil 1990$</output-unit>
                <constraint year="2025">658702.419854348</constraint>
                <constraint year="2030">761055.835651168</constraint>
                <constraint year="2035">863027.77191726</constraint>
                <constraint year="2040">962402.619617737</constraint>
                <constraint year="2045">1056573.76690401</constraint>
                <constraint year="2050">1142643.76748857</constraint>
                <constraint year="2055">1223891.54229284</constraint>
                <constraint year="2060">1305162.78956144</constraint>
                <constraint year="2065">1384595.15786578</constraint>
                <constraint year="2070">1458799.50831421</constraint>
                <constraint year="2075">1526177.13440051</constraint>
                <constraint year="2080">1590697.65901505</constraint>
                <constraint year="2085">1651271.85290404</constraint>
                <constraint year="2090">1709945.91262693</constraint>
                <constraint year="2095">1767688.65592956</constraint>
                <constraint year="2100">1822430.22015005</constraint>
            </policy-portfolio-standard>
        </region>
        <region name="China">
            <policy-portfolio-standard name="negative_emiss_budget">
                <max-price fillout="1" year="1975">1</max-price>
                <market>global</market>
                <policyType>tax</policyType>
                <constraint year="2020">561309.383163723</constraint>
                <price-unit>%</price-unit>
                <output-unit>mil 1990$</output-unit>
                <constraint year="2025">658702.419854348</constraint>
                <constraint year="2030">761055.835651168</constraint>
                <constraint year="2035">863027.77191726</constraint>
                <constraint year="2040">962402.619617737</constraint>
                <constraint year="2045">1056573.76690401</constraint>
                <constraint year="2050">1142643.76748857</constraint>
                <constraint year="2055">1223891.54229284</constraint>
                <constraint year="2060">1305162.78956144</constraint>
                <constraint year="2065">1384595.15786578</constraint>
                <constraint year="2070">1458799.50831421</constraint>
                <constraint year="2075">1526177.13440051</constraint>
                <constraint year="2080">1590697.65901505</constraint>
                <constraint year="2085">1651271.85290404</constraint>
                <constraint year="2090">1709945.91262693</constraint>
                <constraint year="2095">1767688.65592956</constraint>
                <constraint year="2100">1822430.22015005</constraint>
            </policy-portfolio-standard>
        </region>
        <region name="EU-12">
            <policy-portfolio-standard name="negative_emiss_budget">
                <max-price fillout="1" year="1975">1</max-price>
                <market>global</market>
                <policyType>tax</policyType>
                <constraint year="2020">561309.383163723</constraint>
                <price-unit>%</price-unit>
                <output-unit>mil 1990$</output-unit>
                <constraint year="2025">658702.419854348</constraint>
                <constraint year="2030">761055.835651168</constraint>
                <constraint year="2035">863027.77191726</constraint>
                <constraint year="2040">962402.619617737</constraint>
                <constraint year="2045">1056573.76690401</constraint>
                <constraint year="2050">1142643.76748857</constraint>
                <constraint year="2055">1223891.54229284</constraint>
                <constraint year="2060">1305162.78956144</constraint>
                <constraint year="2065">1384595.15786578</constraint>
                <constraint year="2070">1458799.50831421</constraint>
                <constraint year="2075">1526177.13440051</constraint>
                <constraint year="2080">1590697.65901505</constraint>
                <constraint year="2085">1651271.85290404</constraint>
                <constraint year="2090">1709945.91262693</constraint>
                <constraint year="2095">1767688.65592956</constraint>
                <constraint year="2100">1822430.22015005</constraint>
            </policy-portfolio-standard>
        </region>
        <region name="EU-15">
            <policy-portfolio-standard name="negative_emiss_budget">
                <max-price fillout="1" year="1975">1</max-price>
                <market>global</market>
                <policyType>tax</policyType>
                <constraint year="2020">561309.383163723</constraint>
                <price-unit>%</price-unit>
                <output-unit>mil 1990$</output-unit>
                <constraint year="2025">658702.419854348</constraint>
                <constraint year="2030">761055.835651168</constraint>
                <constraint year="2035">863027.77191726</constraint>
                <constraint year="2040">962402.619617737</constraint>
                <constraint year="2045">1056573.76690401</constraint>
                <constraint year="2050">1142643.76748857</constraint>
                <constraint year="2055">1223891.54229284</constraint>
                <constraint year="2060">1305162.78956144</constraint>
                <constraint year="2065">1384595.15786578</constraint>
                <constraint year="2070">1458799.50831421</constraint>
                <constraint year="2075">1526177.13440051</constraint>
                <constraint year="2080">1590697.65901505</constraint>
                <constraint year="2085">1651271.85290404</constraint>
                <constraint year="2090">1709945.91262693</constraint>
                <constraint year="2095">1767688.65592956</constraint>
                <constraint year="2100">1822430.22015005</constraint>
            </policy-portfolio-standard>
        </region>
        <region name="Europe_Eastern">
            <policy-portfolio-standard name="negative_emiss_budget">
                <max-price fillout="1" year="1975">1</max-price>
                <market>global</market>
                <policyType>tax</policyType>
                <constraint year="2020">561309.383163723</constraint>
                <price-unit>%</price-unit>
                <output-unit>mil 1990$</output-unit>
                <constraint year="2025">658702.419854348</constraint>
                <constraint year="2030">761055.835651168</constraint>
                <constraint year="2035">863027.77191726</constraint>
                <constraint year="2040">962402.619617737</constraint>
                <constraint year="2045">1056573.76690401</constraint>
                <constraint year="2050">1142643.76748857</constraint>
                <constraint year="2055">1223891.54229284</constraint>
                <constraint year="2060">1305162.78956144</constraint>
                <constraint year="2065">1384595.15786578</constraint>
                <constraint year="2070">1458799.50831421</constraint>
                <constraint year="2075">1526177.13440051</constraint>
                <constraint year="2080">1590697.65901505</constraint>
                <constraint year="2085">1651271.85290404</constraint>
                <constraint year="2090">1709945.91262693</constraint>
                <constraint year="2095">1767688.65592956</constraint>
                <constraint year="2100">1822430.22015005</constraint>
            </policy-portfolio-standard>
        </region>
        <region name="Europe_Non_EU">
            <policy-portfolio-standard name="negative_emiss_budget">
                <max-price fillout="1" year="1975">1</max-price>
                <market>global</market>
                <policyType>tax</policyType>
                <constraint year="2020">561309.383163723</constraint>
                <price-unit>%</price-unit>
                <output-unit>mil 1990$</output-unit>
                <constraint year="2025">658702.419854348</constraint>
                <constraint year="2030">761055.835651168</constraint>
                <constraint year="2035">863027.77191726</constraint>
                <constraint year="2040">962402.619617737</constraint>
                <constraint year="2045">1056573.76690401</constraint>
                <constraint year="2050">1142643.76748857</constraint>
                <constraint year="2055">1223891.54229284</constraint>
                <constraint year="2060">1305162.78956144</constraint>
                <constraint year="2065">1384595.15786578</constraint>
                <constraint year="2070">1458799.50831421</constraint>
                <constraint year="2075">1526177.13440051</constraint>
                <constraint year="2080">1590697.65901505</constraint>
                <constraint year="2085">1651271.85290404</constraint>
                <constraint year="2090">1709945.91262693</constraint>
                <constraint year="2095">1767688.65592956</constraint>
                <constraint year="2100">1822430.22015005</constraint>
            </policy-portfolio-standard>
        </region>
        <region name="European Free Trade Association">
            <policy-portfolio-standard name="negative_emiss_budget">
                <max-price fillout="1" year="1975">1</max-price>
                <market>global</market>
                <policyType>tax</policyType>
                <constraint year="2020">561309.383163723</constraint>
                <price-unit>%</price-unit>
                <output-unit>mil 1990$</output-unit>
                <constraint year="2025">658702.419854348</constraint>
                <constraint year="2030">761055.835651168</constraint>
                <constraint year="2035">863027.77191726</constraint>
                <constraint year="2040">962402.619617737</constraint>
                <constraint year="2045">1056573.76690401</constraint>
                <constraint year="2050">1142643.76748857</constraint>
                <constraint year="2055">1223891.54229284</constraint>
                <constraint year="2060">1305162.78956144</constraint>
                <constraint year="2065">1384595.15786578</constraint>
                <constraint year="2070">1458799.50831421</constraint>
                <constraint year="2075">1526177.13440051</constraint>
                <constraint year="2080">1590697.65901505</constraint>
                <constraint year="2085">1651271.85290404</constraint>
                <constraint year="2090">1709945.91262693</constraint>
                <constraint year="2095">1767688.65592956</constraint>
                <constraint year="2100">1822430.22015005</constraint>
            </policy-portfolio-standard>
        </region>
        <region name="India">
            <policy-portfolio-standard name="negative_emiss_budget">
                <max-price fillout="1" year="1975">1</max-price>
                <market>global</market>
                <policyType>tax</policyType>
                <constraint year="2020">561309.383163723</constraint>
                <price-unit>%</price-unit>
                <output-unit>mil 1990$</output-unit>
                <constraint year="2025">658702.419854348</constraint>
                <constraint year="2030">761055.835651168</constraint>
                <constraint year="2035">863027.77191726</constraint>
                <constraint year="2040">962402.619617737</constraint>
                <constraint year="2045">1056573.76690401</constraint>
                <constraint year="2050">1142643.76748857</constraint>
                <constraint year="2055">1223891.54229284</constraint>
                <constraint year="2060">1305162.78956144</constraint>
                <constraint year="2065">1384595.15786578</constraint>
                <constraint year="2070">1458799.50831421</constraint>
                <constraint year="2075">1526177.13440051</constraint>
                <constraint year="2080">1590697.65901505</constraint>
                <constraint year="2085">1651271.85290404</constraint>
                <constraint year="2090">1709945.91262693</constraint>
                <constraint year="2095">1767688.65592956</constraint>
                <constraint year="2100">1822430.22015005</constraint>
            </policy-portfolio-standard>
        </region>
        <region name="Indonesia">
            <policy-portfolio-standard name="negative_emiss_budget">
                <max-price fillout="1" year="1975">1</max-price>
                <market>global</market>
                <policyType>tax</policyType>
                <constraint year="2020">561309.383163723</constraint>
                <price-unit>%</price-unit>
                <output-unit>mil 1990$</output-unit>
                <constraint year="2025">658702.419854348</constraint>
                <constraint year="2030">761055.835651168</constraint>
                <constraint year="2035">863027.77191726</constraint>
                <constraint year="2040">962402.619617737</constraint>
                <constraint year="2045">1056573.76690401</constraint>
                <constraint year="2050">1142643.76748857</constraint>
                <constraint year="2055">1223891.54229284</constraint>
                <constraint year="2060">1305162.78956144</constraint>
                <constraint year="2065">1384595.15786578</constraint>
                <constraint year="2070">1458799.50831421</constraint>
                <constraint year="2075">1526177.13440051</constraint>
                <constraint year="2080">1590697.65901505</constraint>
                <constraint year="2085">1651271.85290404</constraint>
                <constraint year="2090">1709945.91262693</constraint>
                <constraint year="2095">1767688.65592956</constraint>
                <constraint year="2100">1822430.22015005</constraint>
            </policy-portfolio-standard>
        </region>
        <region name="Japan">
            <policy-portfolio-standard name="negative_emiss_budget">
                <max-price fillout="1" year="1975">1</max-price>
                <market>global</market>
                <policyType>tax</policyType>
                <constraint year="2020">561309.383163723</constraint>
                <price-unit>%</price-unit>
                <output-unit>mil 1990$</output-unit>
                <constraint year="2025">658702.419854348</constraint>
                <constraint year="2030">761055.835651168</constraint>
                <constraint year="2035">863027.77191726</constraint>
                <constraint year="2040">962402.619617737</constraint>
                <constraint year="2045">1056573.76690401</constraint>
                <constraint year="2050">1142643.76748857</constraint>
                <constraint year="2055">1223891.54229284</constraint>
                <constraint year="2060">1305162.78956144</constraint>
                <constraint year="2065">1384595.15786578</constraint>
                <constraint year="2070">1458799.50831421</constraint>
                <constraint year="2075">1526177.13440051</constraint>
                <constraint year="2080">1590697.65901505</constraint>
                <constraint year="2085">1651271.85290404</constraint>
                <constraint year="2090">1709945.91262693</constraint>
                <constraint year="2095">1767688.65592956</constraint>
                <constraint year="2100">1822430.22015005</constraint>
            </policy-portfolio-standard>
        </region>
        <region name="Mexico">
            <policy-portfolio-standard name="negative_emiss_budget">
                <max-price fillout="1" year="1975">1</max-price>
                <market>global</market>
                <policyType>tax</policyType>
                <constraint year="2020">561309.383163723</constraint>
                <price-unit>%</price-unit>
                <output-unit>mil 1990$</output-unit>
                <constraint year="2025">658702.419854348</constraint>
                <constraint year="2030">761055.835651168</constraint>
                <constraint year="2035">863027.77191726</constraint>
                <constraint year="2040">962402.619617737</constraint>
                <constraint year="2045">1056573.76690401</constraint>
                <constraint year="2050">1142643.76748857</constraint>
                <constraint year="2055">1223891.54229284</constraint>
                <constraint year="2060">1305162.78956144</constraint>
                <constraint year="2065">1384595.15786578</constraint>
                <constraint year="2070">1458799.50831421</constraint>
                <constraint year="2075">1526177.13440051</constraint>
                <constraint year="2080">1590697.65901505</constraint>
                <constraint year="2085">1651271.85290404</constraint>
                <constraint year="2090">1709945.91262693</constraint>
                <constraint year="2095">1767688.65592956</constraint>
                <constraint year="2100">1822430.22015005</constraint>
            </policy-portfolio-standard>
        </region>
        <region name="Middle East">
            <policy-portfolio-standard name="negative_emiss_budget">
                <max-price fillout="1" year="1975">1</max-price>
                <market>global</market>
                <policyType>tax</policyType>
                <constraint year="2020">561309.383163723</constraint>
                <price-unit>%</price-unit>
                <output-unit>mil 1990$</output-unit>
                <constraint year="2025">658702.419854348</constraint>
                <constraint year="2030">761055.835651168</constraint>
                <constraint year="2035">863027.77191726</constraint>
                <constraint year="2040">962402.619617737</constraint>
                <constraint year="2045">1056573.76690401</constraint>
                <constraint year="2050">1142643.76748857</constraint>
                <constraint year="2055">1223891.54229284</constraint>
                <constraint year="2060">1305162.78956144</constraint>
                <constraint year="2065">1384595.15786578</constraint>
                <constraint year="2070">1458799.50831421</constraint>
                <constraint year="2075">1526177.13440051</constraint>
                <constraint year="2080">1590697.65901505</constraint>
                <constraint year="2085">1651271.85290404</constraint>
                <constraint year="2090">1709945.91262693</constraint>
                <constraint year="2095">1767688.65592956</constraint>
                <constraint year="2100">1822430.22015005</constraint>
            </policy-portfolio-standard>
        </region>
        <region name="Pakistan">
            <policy-portfolio-standard name="negative_emiss_budget">
                <max-price fillout="1" year="1975">1</max-price>
                <market>global</market>
                <policyType>tax</policyType>
                <constraint year="2020">561309.383163723</constraint>
                <price-unit>%</price-unit>
                <output-unit>mil 1990$</output-unit>
                <constraint year="2025">658702.419854348</constraint>
                <constraint year="2030">761055.835651168</constraint>
                <constraint year="2035">863027.77191726</constraint>
                <constraint year="2040">962402.619617737</constraint>
                <constraint year="2045">1056573.76690401</constraint>
                <constraint year="2050">1142643.76748857</constraint>
                <constraint year="2055">1223891.54229284</constraint>
                <constraint year="2060">1305162.78956144</constraint>
                <constraint year="2065">1384595.15786578</constraint>
                <constraint year="2070">1458799.50831421</constraint>
                <constraint year="2075">1526177.13440051</constraint>
                <constraint year="2080">1590697.65901505</constraint>
                <constraint year="2085">1651271.85290404</constraint>
                <constraint year="2090">1709945.91262693</constraint>
                <constraint year="2095">1767688.65592956</constraint>
                <constraint year="2100">1822430.22015005</constraint>
            </policy-portfolio-standard>
        </region>
        <region name="Russia">
            <policy-portfolio-standard name="negative_emiss_budget">
                <max-price fillout="1" year="1975">1</max-price>
                <market>global</market>
                <policyType>tax</policyType>
                <constraint year="2020">561309.383163723</constraint>
                <price-unit>%</price-unit>
                <output-unit>mil 1990$</output-unit>
                <constraint year="2025">658702.419854348</constraint>
                <constraint year="2030">761055.835651168</constraint>
                <constraint year="2035">863027.77191726</constraint>
                <constraint year="2040">962402.619617737</constraint>
                <constraint year="2045">1056573.76690401</constraint>
                <constraint year="2050">1142643.76748857</constraint>
                <constraint year="2055">1223891.54229284</constraint>
                <constraint year="2060">1305162.78956144</constraint>
                <constraint year="2065">1384595.15786578</constraint>
                <constraint year="2070">1458799.50831421</constraint>
                <constraint year="2075">1526177.13440051</constraint>
                <constraint year="2080">1590697.65901505</constraint>
                <constraint year="2085">1651271.85290404</constraint>
                <constraint year="2090">1709945.91262693</constraint>
                <constraint year="2095">1767688.65592956</constraint>
                <constraint year="2100">1822430.22015005</constraint>
            </policy-portfolio-standard>
        </region>
        <region name="South Africa">
            <policy-portfolio-standard name="negative_emiss_budget">
                <max-price fillout="1" year="1975">1</max-price>
                <market>global</market>
                <policyType>tax</policyType>
                <constraint year="2020">561309.383163723</constraint>
                <price-unit>%</price-unit>
                <output-unit>mil 1990$</output-unit>
                <constraint year="2025">658702.419854348</constraint>
                <constraint year="2030">761055.835651168</constraint>
                <constraint year="2035">863027.77191726</constraint>
                <constraint year="2040">962402.619617737</constraint>
                <constraint year="2045">1056573.76690401</constraint>
                <constraint year="2050">1142643.76748857</constraint>
                <constraint year="2055">1223891.54229284</constraint>
                <constraint year="2060">1305162.78956144</constraint>
                <constraint year="2065">1384595.15786578</constraint>
                <constraint year="2070">1458799.50831421</constraint>
                <constraint year="2075">1526177.13440051</constraint>
                <constraint year="2080">1590697.65901505</constraint>
                <constraint year="2085">1651271.85290404</constraint>
                <constraint year="2090">1709945.91262693</constraint>
                <constraint year="2095">1767688.65592956</constraint>
                <constraint year="2100">1822430.22015005</constraint>
            </policy-portfolio-standard>
        </region>
        <region name="South America_Northern">
            <policy-portfolio-standard name="negative_emiss_budget">
                <max-price fillout="1" year="1975">1</max-price>
                <market>global</market>
                <policyType>tax</policyType>
                <constraint year="2020">561309.383163723</constraint>
                <price-unit>%</price-unit>
                <output-unit>mil 1990$</output-unit>
                <constraint year="2025">658702.419854348</constraint>
                <constraint year="2030">761055.835651168</constraint>
                <constraint year="2035">863027.77191726</constraint>
                <constraint year="2040">962402.619617737</constraint>
                <constraint year="2045">1056573.76690401</constraint>
                <constraint year="2050">1142643.76748857</constraint>
                <constraint year="2055">1223891.54229284</constraint>
                <constraint year="2060">1305162.78956144</constraint>
                <constraint year="2065">1384595.15786578</constraint>
                <constraint year="2070">1458799.50831421</constraint>
                <constraint year="2075">1526177.13440051</constraint>
                <constraint year="2080">1590697.65901505</constraint>
                <constraint year="2085">1651271.85290404</constraint>
                <constraint year="2090">1709945.91262693</constraint>
                <constraint year="2095">1767688.65592956</constraint>
                <constraint year="2100">1822430.22015005</constraint>
            </policy-portfolio-standard>
        </region>
        <region name="South America_Southern">
            <policy-portfolio-standard name="negative_emiss_budget">
                <max-price fillout="1" year="1975">1</max-price>
                <market>global</market>
                <policyType>tax</policyType>
                <constraint year="2020">561309.383163723</constraint>
                <price-unit>%</price-unit>
                <output-unit>mil 1990$</output-unit>
                <constraint year="2025">658702.419854348</constraint>
                <constraint year="2030">761055.835651168</constraint>
                <constraint year="2035">863027.77191726</constraint>
                <constraint year="2040">962402.619617737</constraint>
                <constraint year="2045">1056573.76690401</constraint>
                <constraint year="2050">1142643.76748857</constraint>
                <constraint year="2055">1223891.54229284</constraint>
                <constraint year="2060">1305162.78956144</constraint>
                <constraint year="2065">1384595.15786578</constraint>
                <constraint year="2070">1458799.50831421</constraint>
                <constraint year="2075">1526177.13440051</constraint>
                <constraint year="2080">1590697.65901505</constraint>
                <constraint year="2085">1651271.85290404</constraint>
                <constraint year="2090">1709945.91262693</constraint>
                <constraint year="2095">1767688.65592956</constraint>
                <constraint year="2100">1822430.22015005</constraint>
            </policy-portfolio-standard>
        </region>
        <region name="South Asia">
            <policy-portfolio-standard name="negative_emiss_budget">
                <max-price fillout="1" year="1975">1</max-price>
                <market>global</market>
                <policyType>tax</policyType>
                <constraint year="2020">561309.383163723</constraint>
                <price-unit>%</price-unit>
                <output-unit>mil 1990$</output-unit>
                <constraint year="2025">658702.419854348</constraint>
                <constraint year="2030">761055.835651168</constraint>
                <constraint year="2035">863027.77191726</constraint>
                <constraint year="2040">962402.619617737</constraint>
                <constraint year="2045">1056573.76690401</constraint>
                <constraint year="2050">1142643.76748857</constraint>
                <constraint year="2055">1223891.54229284</constraint>
                <constraint year="2060">1305162.78956144</constraint>
                <constraint year="2065">1384595.15786578</constraint>
                <constraint year="2070">1458799.50831421</constraint>
                <constraint year="2075">1526177.13440051</constraint>
                <constraint year="2080">1590697.65901505</constraint>
                <constraint year="2085">1651271.85290404</constraint>
                <constraint year="2090">1709945.91262693</constraint>
                <constraint year="2095">1767688.65592956</constraint>
                <constraint year="2100">1822430.22015005</constraint>
            </policy-portfolio-standard>
        </region>
        <region name="South Korea">
            <policy-portfolio-standard name="negative_emiss_budget">
                <max-price fillout="1" year="1975">1</max-price>
                <market>global</market>
                <policyType>tax</policyType>
                <constraint year="2020">561309.383163723</constraint>
                <price-unit>%</price-unit>
                <output-unit>mil 1990$</output-unit>
                <constraint year="2025">658702.419854348</constraint>
                <constraint year="2030">761055.835651168</constraint>
                <constraint year="2035">863027.77191726</constraint>
                <constraint year="2040">962402.619617737</constraint>
                <constraint year="2045">1056573.76690401</constraint>
                <constraint year="2050">1142643.76748857</constraint>
                <constraint year="2055">1223891.54229284</constraint>
                <constraint year="2060">1305162.78956144</constraint>
                <constraint year="2065">1384595.15786578</constraint>
                <constraint year="2070">1458799.50831421</constraint>
                <constraint year="2075">1526177.13440051</constraint>
                <constraint year="2080">1590697.65901505</constraint>
                <constraint year="2085">1651271.85290404</constraint>
                <constraint year="2090">1709945.91262693</constraint>
                <constraint year="2095">1767688.65592956</constraint>
                <constraint year="2100">1822430.22015005</constraint>
            </policy-portfolio-standard>
        </region>
        <region name="Southeast Asia">
            <policy-portfolio-standard name="negative_emiss_budget">
                <max-price fillout="1" year="1975">1</max-price>
                <market>global</market>
                <policyType>tax</policyType>
                <constraint year="2020">561309.383163723</constraint>
                <price-unit>%</price-unit>
                <output-unit>mil 1990$</output-unit>
                <constraint year="2025">658702.419854348</constraint>
                <constraint year="2030">761055.835651168</constraint>
                <constraint year="2035">863027.77191726</constraint>
                <constraint year="2040">962402.619617737</constraint>
                <constraint year="2045">1056573.76690401</constraint>
                <constraint year="2050">1142643.76748857</constraint>
                <constraint year="2055">1223891.54229284</constraint>
                <constraint year="2060">1305162.78956144</constraint>
                <constraint year="2065">1384595.15786578</constraint>
                <constraint year="2070">1458799.50831421</constraint>
                <constraint year="2075">1526177.13440051</constraint>
                <constraint year="2080">1590697.65901505</constraint>
                <constraint year="2085">1651271.85290404</constraint>
                <constraint year="2090">1709945.91262693</constraint>
                <constraint year="2095">1767688.65592956</constraint>
                <constraint year="2100">1822430.22015005</constraint>
            </policy-portfolio-standard>
        </region>
        <region name="Taiwan">
            <policy-portfolio-standard name="negative_emiss_budget">
                <max-price fillout="1" year="1975">1</max-price>
                <market>global</market>
                <policyType>tax</policyType>
                <constraint year="2020">561309.383163723</constraint>
                <price-unit>%</price-unit>
                <output-unit>mil 1990$</output-unit>
                <constraint year="2025">658702.419854348</constraint>
                <constraint year="2030">761055.835651168</constraint>
                <constraint year="2035">863027.77191726</constraint>
                <constraint year="2040">962402.619617737</constraint>
                <constraint year="2045">1056573.76690401</constraint>
                <constraint year="2050">1142643.76748857</constraint>
                <constraint year="2055">1223891.54229284</constraint>
                <constraint year="2060">1305162.78956144</constraint>
                <constraint year="2065">1384595.15786578</constraint>
                <constraint year="2070">1458799.50831421</constraint>
                <constraint year="2075">1526177.13440051</constraint>
                <constraint year="2080">1590697.65901505</constraint>
                <constraint year="2085">1651271.85290404</constraint>
                <constraint year="2090">1709945.91262693</constraint>
                <constraint year="2095">1767688.65592956</constraint>
                <constraint year="2100">1822430.22015005</constraint>
            </policy-portfolio-standard>
        </region>
        <region name="Argentina">
            <policy-portfolio-standard name="negative_emiss_budget">
                <max-price fillout="1" year="1975">1</max-price>
                <market>global</market>
                <policyType>tax</policyType>
                <constraint year="2020">561309.383163723</constraint>
                <price-unit>%</price-unit>
                <output-unit>mil 1990$</output-unit>
                <constraint year="2025">658702.419854348</constraint>
                <constraint year="2030">761055.835651168</constraint>
                <constraint year="2035">863027.77191726</constraint>
                <constraint year="2040">962402.619617737</constraint>
                <constraint year="2045">1056573.76690401</constraint>
                <constraint year="2050">1142643.76748857</constraint>
                <constraint year="2055">1223891.54229284</constraint>
                <constraint year="2060">1305162.78956144</constraint>
                <constraint year="2065">1384595.15786578</constraint>
                <constraint year="2070">1458799.50831421</constraint>
                <constraint year="2075">1526177.13440051</constraint>
                <constraint year="2080">1590697.65901505</constraint>
                <constraint year="2085">1651271.85290404</constraint>
                <constraint year="2090">1709945.91262693</constraint>
                <constraint year="2095">1767688.65592956</constraint>
                <constraint year="2100">1822430.22015005</constraint>
            </policy-portfolio-standard>
        </region>
        <region name="Colombia">
            <policy-portfolio-standard name="negative_emiss_budget">
                <max-price fillout="1" year="1975">1</max-price>
                <market>global</market>
                <policyType>tax</policyType>
                <constraint year="2020">561309.383163723</constraint>
                <price-unit>%</price-unit>
                <output-unit>mil 1990$</output-unit>
                <constraint year="2025">658702.419854348</constraint>
                <constraint year="2030">761055.835651168</constraint>
                <constraint year="2035">863027.77191726</constraint>
                <constraint year="2040">962402.619617737</constraint>
                <constraint year="2045">1056573.76690401</constraint>
                <constraint year="2050">1142643.76748857</constraint>
                <constraint year="2055">1223891.54229284</constraint>
                <constraint year="2060">1305162.78956144</constraint>
                <constraint year="2065">1384595.15786578</constraint>
                <constraint year="2070">1458799.50831421</constraint>
                <constraint year="2075">1526177.13440051</constraint>
                <constraint year="2080">1590697.65901505</constraint>
                <constraint year="2085">1651271.85290404</constraint>
                <constraint year="2090">1709945.91262693</constraint>
                <constraint year="2095">1767688.65592956</constraint>
                <constraint year="2100">1822430.22015005</constraint>
            </policy-portfolio-standard>
        </region>
    </world>
</scenario>
