<?xml version="1.0" encoding="UTF-8"?>
<scenario>
    <world>
        <global-technology-database>
            <location-info sector-name="regional biomass" subsector-name="regional biomass">
                <technology name="regional biomass">
                    <period year="1975">
                        <ctax-input name="negative_emiss_budget">
                            <fuel-name>regional biomass</fuel-name>
                        </ctax-input>
                    </period>
                    <period year="1990">
                        <ctax-input name="negative_emiss_budget">
                            <fuel-name>regional biomass</fuel-name>
                        </ctax-input>
                    </period>
                    <period year="2005">
                        <ctax-input name="negative_emiss_budget">
                            <fuel-name>regional biomass</fuel-name>
                        </ctax-input>
                    </period>
                    <period year="2010">
                        <ctax-input name="negative_emiss_budget">
                            <fuel-name>regional biomass</fuel-name>
                        </ctax-input>
                    </period>
                    <period year="2015">
                        <ctax-input name="negative_emiss_budget">
                            <fuel-name>regional biomass</fuel-name>
                        </ctax-input>
                    </period>
                    <period year="2020">
                        <ctax-input name="negative_emiss_budget">
                            <fuel-name>regional biomass</fuel-name>
                        </ctax-input>
                    </period>
                    <period year="2025">
                        <ctax-input name="negative_emiss_budget">
                            <fuel-name>regional biomass</fuel-name>
                        </ctax-input>
                    </period>
                    <period year="2030">
                        <ctax-input name="negative_emiss_budget">
                            <fuel-name>regional biomass</fuel-name>
                        </ctax-input>
                    </period>
                    <period year="2035">
                        <ctax-input name="negative_emiss_budget">
                            <fuel-name>regional biomass</fuel-name>
                        </ctax-input>
                    </period>
                    <period year="2040">
                        <ctax-input name="negative_emiss_budget">
                            <fuel-name>regional biomass</fuel-name>
                        </ctax-input>
                    </period>
                    <period year="2045">
                        <ctax-input name="negative_emiss_budget">
                            <fuel-name>regional biomass</fuel-name>
                        </ctax-input>
                    </period>
                    <period year="2050">
                        <ctax-input name="negative_emiss_budget">
                            <fuel-name>regional biomass</fuel-name>
                        </ctax-input>
                    </period>
                    <period year="2055">
                        <ctax-input name="negative_emiss_budget">
                            <fuel-name>regional biomass</fuel-name>
                        </ctax-input>
                    </period>
                    <period year="2060">
                        <ctax-input name="negative_emiss_budget">
                            <fuel-name>regional biomass</fuel-name>
                        </ctax-input>
                    </period>
                    <period year="2065">
                        <ctax-input name="negative_emiss_budget">
                            <fuel-name>regional biomass</fuel-name>
                        </ctax-input>
                    </period>
                    <period year="2070">
                        <ctax-input name="negative_emiss_budget">
                            <fuel-name>regional biomass</fuel-name>
                        </ctax-input>
                    </period>
                    <period year="2075">
                        <ctax-input name="negative_emiss_budget">
                            <fuel-name>regional biomass</fuel-name>
                        </ctax-input>
                    </period>
                    <period year="2080">
                        <ctax-input name="negative_emiss_budget">
                            <fuel-name>regional biomass</fuel-name>
                        </ctax-input>
                    </period>
                    <period year="2085">
                        <ctax-input name="negative_emiss_budget">
                            <fuel-name>regional biomass</fuel-name>
                        </ctax-input>
                    </period>
                    <period year="2090">
                        <ctax-input name="negative_emiss_budget">
                            <fuel-name>regional biomass</fuel-name>
                        </ctax-input>
                    </period>
                    <period year="2095">
                        <ctax-input name="negative_emiss_budget">
                            <fuel-name>regional biomass</fuel-name>
                        </ctax-input>
                    </period>
                    <period year="2100">
                        <ctax-input name="negative_emiss_budget">
                            <fuel-name>regional biomass</fuel-name>
                        </ctax-input>
                    </period>
                </technology>
            </location-info>
            <location-info sector-name="regional corn for ethanol" subsector-name="regional corn for ethanol">
                <technology name="regional corn for ethanol">
                    <period year="1975">
                        <ctax-input name="negative_emiss_budget">
                            <fuel-name>regional corn for ethanol</fuel-name>
                        </ctax-input>
                    </period>
                    <period year="1990">
                        <ctax-input name="negative_emiss_budget">
                            <fuel-name>regional corn for ethanol</fuel-name>
                        </ctax-input>
                    </period>
                    <period year="2005">
                        <ctax-input name="negative_emiss_budget">
                            <fuel-name>regional corn for ethanol</fuel-name>
                        </ctax-input>
                    </period>
                    <period year="2010">
                        <ctax-input name="negative_emiss_budget">
                            <fuel-name>regional corn for ethanol</fuel-name>
                        </ctax-input>
                    </period>
                    <period year="2015">
                        <ctax-input name="negative_emiss_budget">
                            <fuel-name>regional corn for ethanol</fuel-name>
                        </ctax-input>
                    </period>
                    <period year="2020">
                        <ctax-input name="negative_emiss_budget">
                            <fuel-name>regional corn for ethanol</fuel-name>
                        </ctax-input>
                    </period>
                    <period year="2025">
                        <ctax-input name="negative_emiss_budget">
                            <fuel-name>regional corn for ethanol</fuel-name>
                        </ctax-input>
                    </period>
                    <period year="2030">
                        <ctax-input name="negative_emiss_budget">
                            <fuel-name>regional corn for ethanol</fuel-name>
                        </ctax-input>
                    </period>
                    <period year="2035">
                        <ctax-input name="negative_emiss_budget">
                            <fuel-name>regional corn for ethanol</fuel-name>
                        </ctax-input>
                    </period>
                    <period year="2040">
                        <ctax-input name="negative_emiss_budget">
                            <fuel-name>regional corn for ethanol</fuel-name>
                        </ctax-input>
                    </period>
                    <period year="2045">
                        <ctax-input name="negative_emiss_budget">
                            <fuel-name>regional corn for ethanol</fuel-name>
                        </ctax-input>
                    </period>
                    <period year="2050">
                        <ctax-input name="negative_emiss_budget">
                            <fuel-name>regional corn for ethanol</fuel-name>
                        </ctax-input>
                    </period>
                    <period year="2055">
                        <ctax-input name="negative_emiss_budget">
                            <fuel-name>regional corn for ethanol</fuel-name>
                        </ctax-input>
                    </period>
                    <period year="2060">
                        <ctax-input name="negative_emiss_budget">
                            <fuel-name>regional corn for ethanol</fuel-name>
                        </ctax-input>
                    </period>
                    <period year="2065">
                        <ctax-input name="negative_emiss_budget">
                            <fuel-name>regional corn for ethanol</fuel-name>
                        </ctax-input>
                    </period>
                    <period year="2070">
                        <ctax-input name="negative_emiss_budget">
                            <fuel-name>regional corn for ethanol</fuel-name>
                        </ctax-input>
                    </period>
                    <period year="2075">
                        <ctax-input name="negative_emiss_budget">
                            <fuel-name>regional corn for ethanol</fuel-name>
                        </ctax-input>
                    </period>
                    <period year="2080">
                        <ctax-input name="negative_emiss_budget">
                            <fuel-name>regional corn for ethanol</fuel-name>
                        </ctax-input>
                    </period>
                    <period year="2085">
                        <ctax-input name="negative_emiss_budget">
                            <fuel-name>regional corn for ethanol</fuel-name>
                        </ctax-input>
                    </period>
                    <period year="2090">
                        <ctax-input name="negative_emiss_budget">
                            <fuel-name>regional corn for ethanol</fuel-name>
                        </ctax-input>
                    </period>
                    <period year="2095">
                        <ctax-input name="negative_emiss_budget">
                            <fuel-name>regional corn for ethanol</fuel-name>
                        </ctax-input>
                    </period>
                    <period year="2100">
                        <ctax-input name="negative_emiss_budget">
                            <fuel-name>regional corn for ethanol</fuel-name>
                        </ctax-input>
                    </period>
                </technology>
            </location-info>
            <location-info sector-name="regional sugar for ethanol" subsector-name="regional sugar for ethanol">
                <technology name="regional sugar for ethanol">
                    <period year="1975">
                        <ctax-input name="negative_emiss_budget">
                            <fuel-name>regional sugar for ethanol</fuel-name>
                        </ctax-input>
                    </period>
                    <period year="1990">
                        <ctax-input name="negative_emiss_budget">
                            <fuel-name>regional sugar for ethanol</fuel-name>
                        </ctax-input>
                    </period>
                    <period year="2005">
                        <ctax-input name="negative_emiss_budget">
                            <fuel-name>regional sugar for ethanol</fuel-name>
                        </ctax-input>
                    </period>
                    <period year="2010">
                        <ctax-input name="negative_emiss_budget">
                            <fuel-name>regional sugar for ethanol</fuel-name>
                        </ctax-input>
                    </period>
                    <period year="2015">
                        <ctax-input name="negative_emiss_budget">
                            <fuel-name>regional sugar for ethanol</fuel-name>
                        </ctax-input>
                    </period>
                    <period year="2020">
                        <ctax-input name="negative_emiss_budget">
                            <fuel-name>regional sugar for ethanol</fuel-name>
                        </ctax-input>
                    </period>
                    <period year="2025">
                        <ctax-input name="negative_emiss_budget">
                            <fuel-name>regional sugar for ethanol</fuel-name>
                        </ctax-input>
                    </period>
                    <period year="2030">
                        <ctax-input name="negative_emiss_budget">
                            <fuel-name>regional sugar for ethanol</fuel-name>
                        </ctax-input>
                    </period>
                    <period year="2035">
                        <ctax-input name="negative_emiss_budget">
                            <fuel-name>regional sugar for ethanol</fuel-name>
                        </ctax-input>
                    </period>
                    <period year="2040">
                        <ctax-input name="negative_emiss_budget">
                            <fuel-name>regional sugar for ethanol</fuel-name>
                        </ctax-input>
                    </period>
                    <period year="2045">
                        <ctax-input name="negative_emiss_budget">
                            <fuel-name>regional sugar for ethanol</fuel-name>
                        </ctax-input>
                    </period>
                    <period year="2050">
                        <ctax-input name="negative_emiss_budget">
                            <fuel-name>regional sugar for ethanol</fuel-name>
                        </ctax-input>
                    </period>
                    <period year="2055">
                        <ctax-input name="negative_emiss_budget">
                            <fuel-name>regional sugar for ethanol</fuel-name>
                        </ctax-input>
                    </period>
                    <period year="2060">
                        <ctax-input name="negative_emiss_budget">
                            <fuel-name>regional sugar for ethanol</fuel-name>
                        </ctax-input>
                    </period>
                    <period year="2065">
                        <ctax-input name="negative_emiss_budget">
                            <fuel-name>regional sugar for ethanol</fuel-name>
                        </ctax-input>
                    </period>
                    <period year="2070">
                        <ctax-input name="negative_emiss_budget">
                            <fuel-name>regional sugar for ethanol</fuel-name>
                        </ctax-input>
                    </period>
                    <period year="2075">
                        <ctax-input name="negative_emiss_budget">
                            <fuel-name>regional sugar for ethanol</fuel-name>
                        </ctax-input>
                    </period>
                    <period year="2080">
                        <ctax-input name="negative_emiss_budget">
                            <fuel-name>regional sugar for ethanol</fuel-name>
                        </ctax-input>
                    </period>
                    <period year="2085">
                        <ctax-input name="negative_emiss_budget">
                            <fuel-name>regional sugar for ethanol</fuel-name>
                        </ctax-input>
                    </period>
                    <period year="2090">
                        <ctax-input name="negative_emiss_budget">
                            <fuel-name>regional sugar for ethanol</fuel-name>
                        </ctax-input>
                    </period>
                    <period year="2095">
                        <ctax-input name="negative_emiss_budget">
                            <fuel-name>regional sugar for ethanol</fuel-name>
                        </ctax-input>
                    </period>
                    <period year="2100">
                        <ctax-input name="negative_emiss_budget">
                            <fuel-name>regional sugar for ethanol</fuel-name>
                        </ctax-input>
                    </period>
                </technology>
            </location-info>
            <location-info sector-name="regional biomassOil" subsector-name="regional biomassOil">
                <technology name="biomassOil">
                    <period year="1975">
                        <ctax-input name="negative_emiss_budget">
                            <fuel-name>regional biomassOil</fuel-name>
                        </ctax-input>
                    </period>
                    <period year="1990">
                        <ctax-input name="negative_emiss_budget">
                            <fuel-name>regional biomassOil</fuel-name>
                        </ctax-input>
                    </period>
                    <period year="2005">
                        <ctax-input name="negative_emiss_budget">
                            <fuel-name>regional biomassOil</fuel-name>
                        </ctax-input>
                    </period>
                    <period year="2010">
                        <ctax-input name="negative_emiss_budget">
                            <fuel-name>regional biomassOil</fuel-name>
                        </ctax-input>
                    </period>
                    <period year="2015">
                        <ctax-input name="negative_emiss_budget">
                            <fuel-name>regional biomassOil</fuel-name>
                        </ctax-input>
                    </period>
                    <period year="2020">
                        <ctax-input name="negative_emiss_budget">
                            <fuel-name>regional biomassOil</fuel-name>
                        </ctax-input>
                    </period>
                    <period year="2025">
                        <ctax-input name="negative_emiss_budget">
                            <fuel-name>regional biomassOil</fuel-name>
                        </ctax-input>
                    </period>
                    <period year="2030">
                        <ctax-input name="negative_emiss_budget">
                            <fuel-name>regional biomassOil</fuel-name>
                        </ctax-input>
                    </period>
                    <period year="2035">
                        <ctax-input name="negative_emiss_budget">
                            <fuel-name>regional biomassOil</fuel-name>
                        </ctax-input>
                    </period>
                    <period year="2040">
                        <ctax-input name="negative_emiss_budget">
                            <fuel-name>regional biomassOil</fuel-name>
                        </ctax-input>
                    </period>
                    <period year="2045">
                        <ctax-input name="negative_emiss_budget">
                            <fuel-name>regional biomassOil</fuel-name>
                        </ctax-input>
                    </period>
                    <period year="2050">
                        <ctax-input name="negative_emiss_budget">
                            <fuel-name>regional biomassOil</fuel-name>
                        </ctax-input>
                    </period>
                    <period year="2055">
                        <ctax-input name="negative_emiss_budget">
                            <fuel-name>regional biomassOil</fuel-name>
                        </ctax-input>
                    </period>
                    <period year="2060">
                        <ctax-input name="negative_emiss_budget">
                            <fuel-name>regional biomassOil</fuel-name>
                        </ctax-input>
                    </period>
                    <period year="2065">
                        <ctax-input name="negative_emiss_budget">
                            <fuel-name>regional biomassOil</fuel-name>
                        </ctax-input>
                    </period>
                    <period year="2070">
                        <ctax-input name="negative_emiss_budget">
                            <fuel-name>regional biomassOil</fuel-name>
                        </ctax-input>
                    </period>
                    <period year="2075">
                        <ctax-input name="negative_emiss_budget">
                            <fuel-name>regional biomassOil</fuel-name>
                        </ctax-input>
                    </period>
                    <period year="2080">
                        <ctax-input name="negative_emiss_budget">
                            <fuel-name>regional biomassOil</fuel-name>
                        </ctax-input>
                    </period>
                    <period year="2085">
                        <ctax-input name="negative_emiss_budget">
                            <fuel-name>regional biomassOil</fuel-name>
                        </ctax-input>
                    </period>
                    <period year="2090">
                        <ctax-input name="negative_emiss_budget">
                            <fuel-name>regional biomassOil</fuel-name>
                        </ctax-input>
                    </period>
                    <period year="2095">
                        <ctax-input name="negative_emiss_budget">
                            <fuel-name>regional biomassOil</fuel-name>
                        </ctax-input>
                    </period>
                    <period year="2100">
                        <ctax-input name="negative_emiss_budget">
                            <fuel-name>regional biomassOil</fuel-name>
                        </ctax-input>
                    </period>
                </technology>
                <technology name="OilCrop">
                    <period year="1975">
                        <ctax-input name="negative_emiss_budget">
                            <fuel-name>regional biomassOil</fuel-name>
                        </ctax-input>
                    </period>
                    <period year="1990">
                        <ctax-input name="negative_emiss_budget">
                            <fuel-name>regional biomassOil</fuel-name>
                        </ctax-input>
                    </period>
                    <period year="2005">
                        <ctax-input name="negative_emiss_budget">
                            <fuel-name>regional biomassOil</fuel-name>
                        </ctax-input>
                    </period>
                    <period year="2010">
                        <ctax-input name="negative_emiss_budget">
                            <fuel-name>regional biomassOil</fuel-name>
                        </ctax-input>
                    </period>
                    <period year="2015">
                        <ctax-input name="negative_emiss_budget">
                            <fuel-name>regional biomassOil</fuel-name>
                        </ctax-input>
                    </period>
                    <period year="2020">
                        <ctax-input name="negative_emiss_budget">
                            <fuel-name>regional biomassOil</fuel-name>
                        </ctax-input>
                    </period>
                    <period year="2025">
                        <ctax-input name="negative_emiss_budget">
                            <fuel-name>regional biomassOil</fuel-name>
                        </ctax-input>
                    </period>
                    <period year="2030">
                        <ctax-input name="negative_emiss_budget">
                            <fuel-name>regional biomassOil</fuel-name>
                        </ctax-input>
                    </period>
                    <period year="2035">
                        <ctax-input name="negative_emiss_budget">
                            <fuel-name>regional biomassOil</fuel-name>
                        </ctax-input>
                    </period>
                    <period year="2040">
                        <ctax-input name="negative_emiss_budget">
                            <fuel-name>regional biomassOil</fuel-name>
                        </ctax-input>
                    </period>
                    <period year="2045">
                        <ctax-input name="negative_emiss_budget">
                            <fuel-name>regional biomassOil</fuel-name>
                        </ctax-input>
                    </period>
                    <period year="2050">
                        <ctax-input name="negative_emiss_budget">
                            <fuel-name>regional biomassOil</fuel-name>
                        </ctax-input>
                    </period>
                    <period year="2055">
                        <ctax-input name="negative_emiss_budget">
                            <fuel-name>regional biomassOil</fuel-name>
                        </ctax-input>
                    </period>
                    <period year="2060">
                        <ctax-input name="negative_emiss_budget">
                            <fuel-name>regional biomassOil</fuel-name>
                        </ctax-input>
                    </period>
                    <period year="2065">
                        <ctax-input name="negative_emiss_budget">
                            <fuel-name>regional biomassOil</fuel-name>
                        </ctax-input>
                    </period>
                    <period year="2070">
                        <ctax-input name="negative_emiss_budget">
                            <fuel-name>regional biomassOil</fuel-name>
                        </ctax-input>
                    </period>
                    <period year="2075">
                        <ctax-input name="negative_emiss_budget">
                            <fuel-name>regional biomassOil</fuel-name>
                        </ctax-input>
                    </period>
                    <period year="2080">
                        <ctax-input name="negative_emiss_budget">
                            <fuel-name>regional biomassOil</fuel-name>
                        </ctax-input>
                    </period>
                    <period year="2085">
                        <ctax-input name="negative_emiss_budget">
                            <fuel-name>regional biomassOil</fuel-name>
                        </ctax-input>
                    </period>
                    <period year="2090">
                        <ctax-input name="negative_emiss_budget">
                            <fuel-name>regional biomassOil</fuel-name>
                        </ctax-input>
                    </period>
                    <period year="2095">
                        <ctax-input name="negative_emiss_budget">
                            <fuel-name>regional biomassOil</fuel-name>
                        </ctax-input>
                    </period>
                    <period year="2100">
                        <ctax-input name="negative_emiss_budget">
                            <fuel-name>regional biomassOil</fuel-name>
                        </ctax-input>
                    </period>
                </technology>
                <technology name="PalmFruit">
                    <period year="1975">
                        <ctax-input name="negative_emiss_budget">
                            <fuel-name>regional biomassOil</fuel-name>
                        </ctax-input>
                    </period>
                    <period year="1990">
                        <ctax-input name="negative_emiss_budget">
                            <fuel-name>regional biomassOil</fuel-name>
                        </ctax-input>
                    </period>
                    <period year="2005">
                        <ctax-input name="negative_emiss_budget">
                            <fuel-name>regional biomassOil</fuel-name>
                        </ctax-input>
                    </period>
                    <period year="2010">
                        <ctax-input name="negative_emiss_budget">
                            <fuel-name>regional biomassOil</fuel-name>
                        </ctax-input>
                    </period>
                    <period year="2015">
                        <ctax-input name="negative_emiss_budget">
                            <fuel-name>regional biomassOil</fuel-name>
                        </ctax-input>
                    </period>
                    <period year="2020">
                        <ctax-input name="negative_emiss_budget">
                            <fuel-name>regional biomassOil</fuel-name>
                        </ctax-input>
                    </period>
                    <period year="2025">
                        <ctax-input name="negative_emiss_budget">
                            <fuel-name>regional biomassOil</fuel-name>
                        </ctax-input>
                    </period>
                    <period year="2030">
                        <ctax-input name="negative_emiss_budget">
                            <fuel-name>regional biomassOil</fuel-name>
                        </ctax-input>
                    </period>
                    <period year="2035">
                        <ctax-input name="negative_emiss_budget">
                            <fuel-name>regional biomassOil</fuel-name>
                        </ctax-input>
                    </period>
                    <period year="2040">
                        <ctax-input name="negative_emiss_budget">
                            <fuel-name>regional biomassOil</fuel-name>
                        </ctax-input>
                    </period>
                    <period year="2045">
                        <ctax-input name="negative_emiss_budget">
                            <fuel-name>regional biomassOil</fuel-name>
                        </ctax-input>
                    </period>
                    <period year="2050">
                        <ctax-input name="negative_emiss_budget">
                            <fuel-name>regional biomassOil</fuel-name>
                        </ctax-input>
                    </period>
                    <period year="2055">
                        <ctax-input name="negative_emiss_budget">
                            <fuel-name>regional biomassOil</fuel-name>
                        </ctax-input>
                    </period>
                    <period year="2060">
                        <ctax-input name="negative_emiss_budget">
                            <fuel-name>regional biomassOil</fuel-name>
                        </ctax-input>
                    </period>
                    <period year="2065">
                        <ctax-input name="negative_emiss_budget">
                            <fuel-name>regional biomassOil</fuel-name>
                        </ctax-input>
                    </period>
                    <period year="2070">
                        <ctax-input name="negative_emiss_budget">
                            <fuel-name>regional biomassOil</fuel-name>
                        </ctax-input>
                    </period>
                    <period year="2075">
                        <ctax-input name="negative_emiss_budget">
                            <fuel-name>regional biomassOil</fuel-name>
                        </ctax-input>
                    </period>
                    <period year="2080">
                        <ctax-input name="negative_emiss_budget">
                            <fuel-name>regional biomassOil</fuel-name>
                        </ctax-input>
                    </period>
                    <period year="2085">
                        <ctax-input name="negative_emiss_budget">
                            <fuel-name>regional biomassOil</fuel-name>
                        </ctax-input>
                    </period>
                    <period year="2090">
                        <ctax-input name="negative_emiss_budget">
                            <fuel-name>regional biomassOil</fuel-name>
                        </ctax-input>
                    </period>
                    <period year="2095">
                        <ctax-input name="negative_emiss_budget">
                            <fuel-name>regional biomassOil</fuel-name>
                        </ctax-input>
                    </period>
                    <period year="2100">
                        <ctax-input name="negative_emiss_budget">
                            <fuel-name>regional biomassOil</fuel-name>
                        </ctax-input>
                    </period>
                </technology>
            </location-info>
        </global-technology-database>
        <region name="USA">
            <negative-emissions-final-demand name="CO2">
                <policy-name>negative_emiss_budget</policy-name>
            </negative-emissions-final-demand>
            <policy-portfolio-standard name="negative_emiss_budget">
                <max-price fillout="1" year="1975">1</max-price>
                <market>global</market>
                <policyType>tax</policyType>
                <constraint year="2020">593584.769698903</constraint>
                <price-unit>%</price-unit>
                <output-unit>mil 1990$</output-unit>
                <constraint year="2025">682327.933068241</constraint>
                <constraint year="2030">759494.379492149</constraint>
                <constraint year="2035">823114.801448956</constraint>
                <constraint year="2040">880447.419535966</constraint>
                <constraint year="2045">931067.791567498</constraint>
                <constraint year="2050">973466.028422203</constraint>
                <constraint year="2055">1011829.76781092</constraint>
                <constraint year="2060">1051280.1403209</constraint>
                <constraint year="2065">1092588.92151834</constraint>
                <constraint year="2070">1134027.50187476</constraint>
                <constraint year="2075">1175292.75442538</constraint>
                <constraint year="2080">1218004.8849874</constraint>
                <constraint year="2085">1261443.21548341</constraint>
                <constraint year="2090">1307576.04467001</constraint>
                <constraint year="2095">1357062.03435364</constraint>
                <constraint year="2100">1409409.80598526</constraint>
            </policy-portfolio-standard>
        </region>
        <region name="Africa_Eastern">
            <policy-portfolio-standard name="negative_emiss_budget">
                <max-price fillout="1" year="1975">1</max-price>
                <market>global</market>
                <policyType>tax</policyType>
                <constraint year="2020">593584.769698903</constraint>
                <price-unit>%</price-unit>
                <output-unit>mil 1990$</output-unit>
                <constraint year="2025">682327.933068241</constraint>
                <constraint year="2030">759494.379492149</constraint>
                <constraint year="2035">823114.801448956</constraint>
                <constraint year="2040">880447.419535966</constraint>
                <constraint year="2045">931067.791567498</constraint>
                <constraint year="2050">973466.028422203</constraint>
                <constraint year="2055">1011829.76781092</constraint>
                <constraint year="2060">1051280.1403209</constraint>
                <constraint year="2065">1092588.92151834</constraint>
                <constraint year="2070">1134027.50187476</constraint>
                <constraint year="2075">1175292.75442538</constraint>
                <constraint year="2080">1218004.8849874</constraint>
                <constraint year="2085">1261443.21548341</constraint>
                <constraint year="2090">1307576.04467001</constraint>
                <constraint year="2095">1357062.03435364</constraint>
                <constraint year="2100">1409409.80598526</constraint>
            </policy-portfolio-standard>
        </region>
        <region name="Africa_Northern">
            <policy-portfolio-standard name="negative_emiss_budget">
                <max-price fillout="1" year="1975">1</max-price>
                <market>global</market>
                <policyType>tax</policyType>
                <constraint year="2020">593584.769698903</constraint>
                <price-unit>%</price-unit>
                <output-unit>mil 1990$</output-unit>
                <constraint year="2025">682327.933068241</constraint>
                <constraint year="2030">759494.379492149</constraint>
                <constraint year="2035">823114.801448956</constraint>
                <constraint year="2040">880447.419535966</constraint>
                <constraint year="2045">931067.791567498</constraint>
                <constraint year="2050">973466.028422203</constraint>
                <constraint year="2055">1011829.76781092</constraint>
                <constraint year="2060">1051280.1403209</constraint>
                <constraint year="2065">1092588.92151834</constraint>
                <constraint year="2070">1134027.50187476</constraint>
                <constraint year="2075">1175292.75442538</constraint>
                <constraint year="2080">1218004.8849874</constraint>
                <constraint year="2085">1261443.21548341</constraint>
                <constraint year="2090">1307576.04467001</constraint>
                <constraint year="2095">1357062.03435364</constraint>
                <constraint year="2100">1409409.80598526</constraint>
            </policy-portfolio-standard>
        </region>
        <region name="Africa_Southern">
            <policy-portfolio-standard name="negative_emiss_budget">
                <max-price fillout="1" year="1975">1</max-price>
                <market>global</market>
                <policyType>tax</policyType>
                <constraint year="2020">593584.769698903</constraint>
                <price-unit>%</price-unit>
                <output-unit>mil 1990$</output-unit>
                <constraint year="2025">682327.933068241</constraint>
                <constraint year="2030">759494.379492149</constraint>
                <constraint year="2035">823114.801448956</constraint>
                <constraint year="2040">880447.419535966</constraint>
                <constraint year="2045">931067.791567498</constraint>
                <constraint year="2050">973466.028422203</constraint>
                <constraint year="2055">1011829.76781092</constraint>
                <constraint year="2060">1051280.1403209</constraint>
                <constraint year="2065">1092588.92151834</constraint>
                <constraint year="2070">1134027.50187476</constraint>
                <constraint year="2075">1175292.75442538</constraint>
                <constraint year="2080">1218004.8849874</constraint>
                <constraint year="2085">1261443.21548341</constraint>
                <constraint year="2090">1307576.04467001</constraint>
                <constraint year="2095">1357062.03435364</constraint>
                <constraint year="2100">1409409.80598526</constraint>
            </policy-portfolio-standard>
        </region>
        <region name="Africa_Western">
            <policy-portfolio-standard name="negative_emiss_budget">
                <max-price fillout="1" year="1975">1</max-price>
                <market>global</market>
                <policyType>tax</policyType>
                <constraint year="2020">593584.769698903</constraint>
                <price-unit>%</price-unit>
                <output-unit>mil 1990$</output-unit>
                <constraint year="2025">682327.933068241</constraint>
                <constraint year="2030">759494.379492149</constraint>
                <constraint year="2035">823114.801448956</constraint>
                <constraint year="2040">880447.419535966</constraint>
                <constraint year="2045">931067.791567498</constraint>
                <constraint year="2050">973466.028422203</constraint>
                <constraint year="2055">1011829.76781092</constraint>
                <constraint year="2060">1051280.1403209</constraint>
                <constraint year="2065">1092588.92151834</constraint>
                <constraint year="2070">1134027.50187476</constraint>
                <constraint year="2075">1175292.75442538</constraint>
                <constraint year="2080">1218004.8849874</constraint>
                <constraint year="2085">1261443.21548341</constraint>
                <constraint year="2090">1307576.04467001</constraint>
                <constraint year="2095">1357062.03435364</constraint>
                <constraint year="2100">1409409.80598526</constraint>
            </policy-portfolio-standard>
        </region>
        <region name="Australia_NZ">
            <policy-portfolio-standard name="negative_emiss_budget">
                <max-price fillout="1" year="1975">1</max-price>
                <market>global</market>
                <policyType>tax</policyType>
                <constraint year="2020">593584.769698903</constraint>
                <price-unit>%</price-unit>
                <output-unit>mil 1990$</output-unit>
                <constraint year="2025">682327.933068241</constraint>
                <constraint year="2030">759494.379492149</constraint>
                <constraint year="2035">823114.801448956</constraint>
                <constraint year="2040">880447.419535966</constraint>
                <constraint year="2045">931067.791567498</constraint>
                <constraint year="2050">973466.028422203</constraint>
                <constraint year="2055">1011829.76781092</constraint>
                <constraint year="2060">1051280.1403209</constraint>
                <constraint year="2065">1092588.92151834</constraint>
                <constraint year="2070">1134027.50187476</constraint>
                <constraint year="2075">1175292.75442538</constraint>
                <constraint year="2080">1218004.8849874</constraint>
                <constraint year="2085">1261443.21548341</constraint>
                <constraint year="2090">1307576.04467001</constraint>
                <constraint year="2095">1357062.03435364</constraint>
                <constraint year="2100">1409409.80598526</constraint>
            </policy-portfolio-standard>
        </region>
        <region name="Brazil">
            <policy-portfolio-standard name="negative_emiss_budget">
                <max-price fillout="1" year="1975">1</max-price>
                <market>global</market>
                <policyType>tax</policyType>
                <constraint year="2020">593584.769698903</constraint>
                <price-unit>%</price-unit>
                <output-unit>mil 1990$</output-unit>
                <constraint year="2025">682327.933068241</constraint>
                <constraint year="2030">759494.379492149</constraint>
                <constraint year="2035">823114.801448956</constraint>
                <constraint year="2040">880447.419535966</constraint>
                <constraint year="2045">931067.791567498</constraint>
                <constraint year="2050">973466.028422203</constraint>
                <constraint year="2055">1011829.76781092</constraint>
                <constraint year="2060">1051280.1403209</constraint>
                <constraint year="2065">1092588.92151834</constraint>
                <constraint year="2070">1134027.50187476</constraint>
                <constraint year="2075">1175292.75442538</constraint>
                <constraint year="2080">1218004.8849874</constraint>
                <constraint year="2085">1261443.21548341</constraint>
                <constraint year="2090">1307576.04467001</constraint>
                <constraint year="2095">1357062.03435364</constraint>
                <constraint year="2100">1409409.80598526</constraint>
            </policy-portfolio-standard>
        </region>
        <region name="Canada">
            <policy-portfolio-standard name="negative_emiss_budget">
                <max-price fillout="1" year="1975">1</max-price>
                <market>global</market>
                <policyType>tax</policyType>
                <constraint year="2020">593584.769698903</constraint>
                <price-unit>%</price-unit>
                <output-unit>mil 1990$</output-unit>
                <constraint year="2025">682327.933068241</constraint>
                <constraint year="2030">759494.379492149</constraint>
                <constraint year="2035">823114.801448956</constraint>
                <constraint year="2040">880447.419535966</constraint>
                <constraint year="2045">931067.791567498</constraint>
                <constraint year="2050">973466.028422203</constraint>
                <constraint year="2055">1011829.76781092</constraint>
                <constraint year="2060">1051280.1403209</constraint>
                <constraint year="2065">1092588.92151834</constraint>
                <constraint year="2070">1134027.50187476</constraint>
                <constraint year="2075">1175292.75442538</constraint>
                <constraint year="2080">1218004.8849874</constraint>
                <constraint year="2085">1261443.21548341</constraint>
                <constraint year="2090">1307576.04467001</constraint>
                <constraint year="2095">1357062.03435364</constraint>
                <constraint year="2100">1409409.80598526</constraint>
            </policy-portfolio-standard>
        </region>
        <region name="Central America and Caribbean">
            <policy-portfolio-standard name="negative_emiss_budget">
                <max-price fillout="1" year="1975">1</max-price>
                <market>global</market>
                <policyType>tax</policyType>
                <constraint year="2020">593584.769698903</constraint>
                <price-unit>%</price-unit>
                <output-unit>mil 1990$</output-unit>
                <constraint year="2025">682327.933068241</constraint>
                <constraint year="2030">759494.379492149</constraint>
                <constraint year="2035">823114.801448956</constraint>
                <constraint year="2040">880447.419535966</constraint>
                <constraint year="2045">931067.791567498</constraint>
                <constraint year="2050">973466.028422203</constraint>
                <constraint year="2055">1011829.76781092</constraint>
                <constraint year="2060">1051280.1403209</constraint>
                <constraint year="2065">1092588.92151834</constraint>
                <constraint year="2070">1134027.50187476</constraint>
                <constraint year="2075">1175292.75442538</constraint>
                <constraint year="2080">1218004.8849874</constraint>
                <constraint year="2085">1261443.21548341</constraint>
                <constraint year="2090">1307576.04467001</constraint>
                <constraint year="2095">1357062.03435364</constraint>
                <constraint year="2100">1409409.80598526</constraint>
            </policy-portfolio-standard>
        </region>
        <region name="Central Asia">
            <policy-portfolio-standard name="negative_emiss_budget">
                <max-price fillout="1" year="1975">1</max-price>
                <market>global</market>
                <policyType>tax</policyType>
                <constraint year="2020">593584.769698903</constraint>
                <price-unit>%</price-unit>
                <output-unit>mil 1990$</output-unit>
                <constraint year="2025">682327.933068241</constraint>
                <constraint year="2030">759494.379492149</constraint>
                <constraint year="2035">823114.801448956</constraint>
                <constraint year="2040">880447.419535966</constraint>
                <constraint year="2045">931067.791567498</constraint>
                <constraint year="2050">973466.028422203</constraint>
                <constraint year="2055">1011829.76781092</constraint>
                <constraint year="2060">1051280.1403209</constraint>
                <constraint year="2065">1092588.92151834</constraint>
                <constraint year="2070">1134027.50187476</constraint>
                <constraint year="2075">1175292.75442538</constraint>
                <constraint year="2080">1218004.8849874</constraint>
                <constraint year="2085">1261443.21548341</constraint>
                <constraint year="2090">1307576.04467001</constraint>
                <constraint year="2095">1357062.03435364</constraint>
                <constraint year="2100">1409409.80598526</constraint>
            </policy-portfolio-standard>
        </region>
        <region name="China">
            <policy-portfolio-standard name="negative_emiss_budget">
                <max-price fillout="1" year="1975">1</max-price>
                <market>global</market>
                <policyType>tax</policyType>
                <constraint year="2020">593584.769698903</constraint>
                <price-unit>%</price-unit>
                <output-unit>mil 1990$</output-unit>
                <constraint year="2025">682327.933068241</constraint>
                <constraint year="2030">759494.379492149</constraint>
                <constraint year="2035">823114.801448956</constraint>
                <constraint year="2040">880447.419535966</constraint>
                <constraint year="2045">931067.791567498</constraint>
                <constraint year="2050">973466.028422203</constraint>
                <constraint year="2055">1011829.76781092</constraint>
                <constraint year="2060">1051280.1403209</constraint>
                <constraint year="2065">1092588.92151834</constraint>
                <constraint year="2070">1134027.50187476</constraint>
                <constraint year="2075">1175292.75442538</constraint>
                <constraint year="2080">1218004.8849874</constraint>
                <constraint year="2085">1261443.21548341</constraint>
                <constraint year="2090">1307576.04467001</constraint>
                <constraint year="2095">1357062.03435364</constraint>
                <constraint year="2100">1409409.80598526</constraint>
            </policy-portfolio-standard>
        </region>
        <region name="EU-12">
            <policy-portfolio-standard name="negative_emiss_budget">
                <max-price fillout="1" year="1975">1</max-price>
                <market>global</market>
                <policyType>tax</policyType>
                <constraint year="2020">593584.769698903</constraint>
                <price-unit>%</price-unit>
                <output-unit>mil 1990$</output-unit>
                <constraint year="2025">682327.933068241</constraint>
                <constraint year="2030">759494.379492149</constraint>
                <constraint year="2035">823114.801448956</constraint>
                <constraint year="2040">880447.419535966</constraint>
                <constraint year="2045">931067.791567498</constraint>
                <constraint year="2050">973466.028422203</constraint>
                <constraint year="2055">1011829.76781092</constraint>
                <constraint year="2060">1051280.1403209</constraint>
                <constraint year="2065">1092588.92151834</constraint>
                <constraint year="2070">1134027.50187476</constraint>
                <constraint year="2075">1175292.75442538</constraint>
                <constraint year="2080">1218004.8849874</constraint>
                <constraint year="2085">1261443.21548341</constraint>
                <constraint year="2090">1307576.04467001</constraint>
                <constraint year="2095">1357062.03435364</constraint>
                <constraint year="2100">1409409.80598526</constraint>
            </policy-portfolio-standard>
        </region>
        <region name="EU-15">
            <policy-portfolio-standard name="negative_emiss_budget">
                <max-price fillout="1" year="1975">1</max-price>
                <market>global</market>
                <policyType>tax</policyType>
                <constraint year="2020">593584.769698903</constraint>
                <price-unit>%</price-unit>
                <output-unit>mil 1990$</output-unit>
                <constraint year="2025">682327.933068241</constraint>
                <constraint year="2030">759494.379492149</constraint>
                <constraint year="2035">823114.801448956</constraint>
                <constraint year="2040">880447.419535966</constraint>
                <constraint year="2045">931067.791567498</constraint>
                <constraint year="2050">973466.028422203</constraint>
                <constraint year="2055">1011829.76781092</constraint>
                <constraint year="2060">1051280.1403209</constraint>
                <constraint year="2065">1092588.92151834</constraint>
                <constraint year="2070">1134027.50187476</constraint>
                <constraint year="2075">1175292.75442538</constraint>
                <constraint year="2080">1218004.8849874</constraint>
                <constraint year="2085">1261443.21548341</constraint>
                <constraint year="2090">1307576.04467001</constraint>
                <constraint year="2095">1357062.03435364</constraint>
                <constraint year="2100">1409409.80598526</constraint>
            </policy-portfolio-standard>
        </region>
        <region name="Europe_Eastern">
            <policy-portfolio-standard name="negative_emiss_budget">
                <max-price fillout="1" year="1975">1</max-price>
                <market>global</market>
                <policyType>tax</policyType>
                <constraint year="2020">593584.769698903</constraint>
                <price-unit>%</price-unit>
                <output-unit>mil 1990$</output-unit>
                <constraint year="2025">682327.933068241</constraint>
                <constraint year="2030">759494.379492149</constraint>
                <constraint year="2035">823114.801448956</constraint>
                <constraint year="2040">880447.419535966</constraint>
                <constraint year="2045">931067.791567498</constraint>
                <constraint year="2050">973466.028422203</constraint>
                <constraint year="2055">1011829.76781092</constraint>
                <constraint year="2060">1051280.1403209</constraint>
                <constraint year="2065">1092588.92151834</constraint>
                <constraint year="2070">1134027.50187476</constraint>
                <constraint year="2075">1175292.75442538</constraint>
                <constraint year="2080">1218004.8849874</constraint>
                <constraint year="2085">1261443.21548341</constraint>
                <constraint year="2090">1307576.04467001</constraint>
                <constraint year="2095">1357062.03435364</constraint>
                <constraint year="2100">1409409.80598526</constraint>
            </policy-portfolio-standard>
        </region>
        <region name="Europe_Non_EU">
            <policy-portfolio-standard name="negative_emiss_budget">
                <max-price fillout="1" year="1975">1</max-price>
                <market>global</market>
                <policyType>tax</policyType>
                <constraint year="2020">593584.769698903</constraint>
                <price-unit>%</price-unit>
                <output-unit>mil 1990$</output-unit>
                <constraint year="2025">682327.933068241</constraint>
                <constraint year="2030">759494.379492149</constraint>
                <constraint year="2035">823114.801448956</constraint>
                <constraint year="2040">880447.419535966</constraint>
                <constraint year="2045">931067.791567498</constraint>
                <constraint year="2050">973466.028422203</constraint>
                <constraint year="2055">1011829.76781092</constraint>
                <constraint year="2060">1051280.1403209</constraint>
                <constraint year="2065">1092588.92151834</constraint>
                <constraint year="2070">1134027.50187476</constraint>
                <constraint year="2075">1175292.75442538</constraint>
                <constraint year="2080">1218004.8849874</constraint>
                <constraint year="2085">1261443.21548341</constraint>
                <constraint year="2090">1307576.04467001</constraint>
                <constraint year="2095">1357062.03435364</constraint>
                <constraint year="2100">1409409.80598526</constraint>
            </policy-portfolio-standard>
        </region>
        <region name="European Free Trade Association">
            <policy-portfolio-standard name="negative_emiss_budget">
                <max-price fillout="1" year="1975">1</max-price>
                <market>global</market>
                <policyType>tax</policyType>
                <constraint year="2020">593584.769698903</constraint>
                <price-unit>%</price-unit>
                <output-unit>mil 1990$</output-unit>
                <constraint year="2025">682327.933068241</constraint>
                <constraint year="2030">759494.379492149</constraint>
                <constraint year="2035">823114.801448956</constraint>
                <constraint year="2040">880447.419535966</constraint>
                <constraint year="2045">931067.791567498</constraint>
                <constraint year="2050">973466.028422203</constraint>
                <constraint year="2055">1011829.76781092</constraint>
                <constraint year="2060">1051280.1403209</constraint>
                <constraint year="2065">1092588.92151834</constraint>
                <constraint year="2070">1134027.50187476</constraint>
                <constraint year="2075">1175292.75442538</constraint>
                <constraint year="2080">1218004.8849874</constraint>
                <constraint year="2085">1261443.21548341</constraint>
                <constraint year="2090">1307576.04467001</constraint>
                <constraint year="2095">1357062.03435364</constraint>
                <constraint year="2100">1409409.80598526</constraint>
            </policy-portfolio-standard>
        </region>
        <region name="India">
            <policy-portfolio-standard name="negative_emiss_budget">
                <max-price fillout="1" year="1975">1</max-price>
                <market>global</market>
                <policyType>tax</policyType>
                <constraint year="2020">593584.769698903</constraint>
                <price-unit>%</price-unit>
                <output-unit>mil 1990$</output-unit>
                <constraint year="2025">682327.933068241</constraint>
                <constraint year="2030">759494.379492149</constraint>
                <constraint year="2035">823114.801448956</constraint>
                <constraint year="2040">880447.419535966</constraint>
                <constraint year="2045">931067.791567498</constraint>
                <constraint year="2050">973466.028422203</constraint>
                <constraint year="2055">1011829.76781092</constraint>
                <constraint year="2060">1051280.1403209</constraint>
                <constraint year="2065">1092588.92151834</constraint>
                <constraint year="2070">1134027.50187476</constraint>
                <constraint year="2075">1175292.75442538</constraint>
                <constraint year="2080">1218004.8849874</constraint>
                <constraint year="2085">1261443.21548341</constraint>
                <constraint year="2090">1307576.04467001</constraint>
                <constraint year="2095">1357062.03435364</constraint>
                <constraint year="2100">1409409.80598526</constraint>
            </policy-portfolio-standard>
        </region>
        <region name="Indonesia">
            <policy-portfolio-standard name="negative_emiss_budget">
                <max-price fillout="1" year="1975">1</max-price>
                <market>global</market>
                <policyType>tax</policyType>
                <constraint year="2020">593584.769698903</constraint>
                <price-unit>%</price-unit>
                <output-unit>mil 1990$</output-unit>
                <constraint year="2025">682327.933068241</constraint>
                <constraint year="2030">759494.379492149</constraint>
                <constraint year="2035">823114.801448956</constraint>
                <constraint year="2040">880447.419535966</constraint>
                <constraint year="2045">931067.791567498</constraint>
                <constraint year="2050">973466.028422203</constraint>
                <constraint year="2055">1011829.76781092</constraint>
                <constraint year="2060">1051280.1403209</constraint>
                <constraint year="2065">1092588.92151834</constraint>
                <constraint year="2070">1134027.50187476</constraint>
                <constraint year="2075">1175292.75442538</constraint>
                <constraint year="2080">1218004.8849874</constraint>
                <constraint year="2085">1261443.21548341</constraint>
                <constraint year="2090">1307576.04467001</constraint>
                <constraint year="2095">1357062.03435364</constraint>
                <constraint year="2100">1409409.80598526</constraint>
            </policy-portfolio-standard>
        </region>
        <region name="Japan">
            <policy-portfolio-standard name="negative_emiss_budget">
                <max-price fillout="1" year="1975">1</max-price>
                <market>global</market>
                <policyType>tax</policyType>
                <constraint year="2020">593584.769698903</constraint>
                <price-unit>%</price-unit>
                <output-unit>mil 1990$</output-unit>
                <constraint year="2025">682327.933068241</constraint>
                <constraint year="2030">759494.379492149</constraint>
                <constraint year="2035">823114.801448956</constraint>
                <constraint year="2040">880447.419535966</constraint>
                <constraint year="2045">931067.791567498</constraint>
                <constraint year="2050">973466.028422203</constraint>
                <constraint year="2055">1011829.76781092</constraint>
                <constraint year="2060">1051280.1403209</constraint>
                <constraint year="2065">1092588.92151834</constraint>
                <constraint year="2070">1134027.50187476</constraint>
                <constraint year="2075">1175292.75442538</constraint>
                <constraint year="2080">1218004.8849874</constraint>
                <constraint year="2085">1261443.21548341</constraint>
                <constraint year="2090">1307576.04467001</constraint>
                <constraint year="2095">1357062.03435364</constraint>
                <constraint year="2100">1409409.80598526</constraint>
            </policy-portfolio-standard>
        </region>
        <region name="Mexico">
            <policy-portfolio-standard name="negative_emiss_budget">
                <max-price fillout="1" year="1975">1</max-price>
                <market>global</market>
                <policyType>tax</policyType>
                <constraint year="2020">593584.769698903</constraint>
                <price-unit>%</price-unit>
                <output-unit>mil 1990$</output-unit>
                <constraint year="2025">682327.933068241</constraint>
                <constraint year="2030">759494.379492149</constraint>
                <constraint year="2035">823114.801448956</constraint>
                <constraint year="2040">880447.419535966</constraint>
                <constraint year="2045">931067.791567498</constraint>
                <constraint year="2050">973466.028422203</constraint>
                <constraint year="2055">1011829.76781092</constraint>
                <constraint year="2060">1051280.1403209</constraint>
                <constraint year="2065">1092588.92151834</constraint>
                <constraint year="2070">1134027.50187476</constraint>
                <constraint year="2075">1175292.75442538</constraint>
                <constraint year="2080">1218004.8849874</constraint>
                <constraint year="2085">1261443.21548341</constraint>
                <constraint year="2090">1307576.04467001</constraint>
                <constraint year="2095">1357062.03435364</constraint>
                <constraint year="2100">1409409.80598526</constraint>
            </policy-portfolio-standard>
        </region>
        <region name="Middle East">
            <policy-portfolio-standard name="negative_emiss_budget">
                <max-price fillout="1" year="1975">1</max-price>
                <market>global</market>
                <policyType>tax</policyType>
                <constraint year="2020">593584.769698903</constraint>
                <price-unit>%</price-unit>
                <output-unit>mil 1990$</output-unit>
                <constraint year="2025">682327.933068241</constraint>
                <constraint year="2030">759494.379492149</constraint>
                <constraint year="2035">823114.801448956</constraint>
                <constraint year="2040">880447.419535966</constraint>
                <constraint year="2045">931067.791567498</constraint>
                <constraint year="2050">973466.028422203</constraint>
                <constraint year="2055">1011829.76781092</constraint>
                <constraint year="2060">1051280.1403209</constraint>
                <constraint year="2065">1092588.92151834</constraint>
                <constraint year="2070">1134027.50187476</constraint>
                <constraint year="2075">1175292.75442538</constraint>
                <constraint year="2080">1218004.8849874</constraint>
                <constraint year="2085">1261443.21548341</constraint>
                <constraint year="2090">1307576.04467001</constraint>
                <constraint year="2095">1357062.03435364</constraint>
                <constraint year="2100">1409409.80598526</constraint>
            </policy-portfolio-standard>
        </region>
        <region name="Pakistan">
            <policy-portfolio-standard name="negative_emiss_budget">
                <max-price fillout="1" year="1975">1</max-price>
                <market>global</market>
                <policyType>tax</policyType>
                <constraint year="2020">593584.769698903</constraint>
                <price-unit>%</price-unit>
                <output-unit>mil 1990$</output-unit>
                <constraint year="2025">682327.933068241</constraint>
                <constraint year="2030">759494.379492149</constraint>
                <constraint year="2035">823114.801448956</constraint>
                <constraint year="2040">880447.419535966</constraint>
                <constraint year="2045">931067.791567498</constraint>
                <constraint year="2050">973466.028422203</constraint>
                <constraint year="2055">1011829.76781092</constraint>
                <constraint year="2060">1051280.1403209</constraint>
                <constraint year="2065">1092588.92151834</constraint>
                <constraint year="2070">1134027.50187476</constraint>
                <constraint year="2075">1175292.75442538</constraint>
                <constraint year="2080">1218004.8849874</constraint>
                <constraint year="2085">1261443.21548341</constraint>
                <constraint year="2090">1307576.04467001</constraint>
                <constraint year="2095">1357062.03435364</constraint>
                <constraint year="2100">1409409.80598526</constraint>
            </policy-portfolio-standard>
        </region>
        <region name="Russia">
            <policy-portfolio-standard name="negative_emiss_budget">
                <max-price fillout="1" year="1975">1</max-price>
                <market>global</market>
                <policyType>tax</policyType>
                <constraint year="2020">593584.769698903</constraint>
                <price-unit>%</price-unit>
                <output-unit>mil 1990$</output-unit>
                <constraint year="2025">682327.933068241</constraint>
                <constraint year="2030">759494.379492149</constraint>
                <constraint year="2035">823114.801448956</constraint>
                <constraint year="2040">880447.419535966</constraint>
                <constraint year="2045">931067.791567498</constraint>
                <constraint year="2050">973466.028422203</constraint>
                <constraint year="2055">1011829.76781092</constraint>
                <constraint year="2060">1051280.1403209</constraint>
                <constraint year="2065">1092588.92151834</constraint>
                <constraint year="2070">1134027.50187476</constraint>
                <constraint year="2075">1175292.75442538</constraint>
                <constraint year="2080">1218004.8849874</constraint>
                <constraint year="2085">1261443.21548341</constraint>
                <constraint year="2090">1307576.04467001</constraint>
                <constraint year="2095">1357062.03435364</constraint>
                <constraint year="2100">1409409.80598526</constraint>
            </policy-portfolio-standard>
        </region>
        <region name="South Africa">
            <policy-portfolio-standard name="negative_emiss_budget">
                <max-price fillout="1" year="1975">1</max-price>
                <market>global</market>
                <policyType>tax</policyType>
                <constraint year="2020">593584.769698903</constraint>
                <price-unit>%</price-unit>
                <output-unit>mil 1990$</output-unit>
                <constraint year="2025">682327.933068241</constraint>
                <constraint year="2030">759494.379492149</constraint>
                <constraint year="2035">823114.801448956</constraint>
                <constraint year="2040">880447.419535966</constraint>
                <constraint year="2045">931067.791567498</constraint>
                <constraint year="2050">973466.028422203</constraint>
                <constraint year="2055">1011829.76781092</constraint>
                <constraint year="2060">1051280.1403209</constraint>
                <constraint year="2065">1092588.92151834</constraint>
                <constraint year="2070">1134027.50187476</constraint>
                <constraint year="2075">1175292.75442538</constraint>
                <constraint year="2080">1218004.8849874</constraint>
                <constraint year="2085">1261443.21548341</constraint>
                <constraint year="2090">1307576.04467001</constraint>
                <constraint year="2095">1357062.03435364</constraint>
                <constraint year="2100">1409409.80598526</constraint>
            </policy-portfolio-standard>
        </region>
        <region name="South America_Northern">
            <policy-portfolio-standard name="negative_emiss_budget">
                <max-price fillout="1" year="1975">1</max-price>
                <market>global</market>
                <policyType>tax</policyType>
                <constraint year="2020">593584.769698903</constraint>
                <price-unit>%</price-unit>
                <output-unit>mil 1990$</output-unit>
                <constraint year="2025">682327.933068241</constraint>
                <constraint year="2030">759494.379492149</constraint>
                <constraint year="2035">823114.801448956</constraint>
                <constraint year="2040">880447.419535966</constraint>
                <constraint year="2045">931067.791567498</constraint>
                <constraint year="2050">973466.028422203</constraint>
                <constraint year="2055">1011829.76781092</constraint>
                <constraint year="2060">1051280.1403209</constraint>
                <constraint year="2065">1092588.92151834</constraint>
                <constraint year="2070">1134027.50187476</constraint>
                <constraint year="2075">1175292.75442538</constraint>
                <constraint year="2080">1218004.8849874</constraint>
                <constraint year="2085">1261443.21548341</constraint>
                <constraint year="2090">1307576.04467001</constraint>
                <constraint year="2095">1357062.03435364</constraint>
                <constraint year="2100">1409409.80598526</constraint>
            </policy-portfolio-standard>
        </region>
        <region name="South America_Southern">
            <policy-portfolio-standard name="negative_emiss_budget">
                <max-price fillout="1" year="1975">1</max-price>
                <market>global</market>
                <policyType>tax</policyType>
                <constraint year="2020">593584.769698903</constraint>
                <price-unit>%</price-unit>
                <output-unit>mil 1990$</output-unit>
                <constraint year="2025">682327.933068241</constraint>
                <constraint year="2030">759494.379492149</constraint>
                <constraint year="2035">823114.801448956</constraint>
                <constraint year="2040">880447.419535966</constraint>
                <constraint year="2045">931067.791567498</constraint>
                <constraint year="2050">973466.028422203</constraint>
                <constraint year="2055">1011829.76781092</constraint>
                <constraint year="2060">1051280.1403209</constraint>
                <constraint year="2065">1092588.92151834</constraint>
                <constraint year="2070">1134027.50187476</constraint>
                <constraint year="2075">1175292.75442538</constraint>
                <constraint year="2080">1218004.8849874</constraint>
                <constraint year="2085">1261443.21548341</constraint>
                <constraint year="2090">1307576.04467001</constraint>
                <constraint year="2095">1357062.03435364</constraint>
                <constraint year="2100">1409409.80598526</constraint>
            </policy-portfolio-standard>
        </region>
        <region name="South Asia">
            <policy-portfolio-standard name="negative_emiss_budget">
                <max-price fillout="1" year="1975">1</max-price>
                <market>global</market>
                <policyType>tax</policyType>
                <constraint year="2020">593584.769698903</constraint>
                <price-unit>%</price-unit>
                <output-unit>mil 1990$</output-unit>
                <constraint year="2025">682327.933068241</constraint>
                <constraint year="2030">759494.379492149</constraint>
                <constraint year="2035">823114.801448956</constraint>
                <constraint year="2040">880447.419535966</constraint>
                <constraint year="2045">931067.791567498</constraint>
                <constraint year="2050">973466.028422203</constraint>
                <constraint year="2055">1011829.76781092</constraint>
                <constraint year="2060">1051280.1403209</constraint>
                <constraint year="2065">1092588.92151834</constraint>
                <constraint year="2070">1134027.50187476</constraint>
                <constraint year="2075">1175292.75442538</constraint>
                <constraint year="2080">1218004.8849874</constraint>
                <constraint year="2085">1261443.21548341</constraint>
                <constraint year="2090">1307576.04467001</constraint>
                <constraint year="2095">1357062.03435364</constraint>
                <constraint year="2100">1409409.80598526</constraint>
            </policy-portfolio-standard>
        </region>
        <region name="South Korea">
            <policy-portfolio-standard name="negative_emiss_budget">
                <max-price fillout="1" year="1975">1</max-price>
                <market>global</market>
                <policyType>tax</policyType>
                <constraint year="2020">593584.769698903</constraint>
                <price-unit>%</price-unit>
                <output-unit>mil 1990$</output-unit>
                <constraint year="2025">682327.933068241</constraint>
                <constraint year="2030">759494.379492149</constraint>
                <constraint year="2035">823114.801448956</constraint>
                <constraint year="2040">880447.419535966</constraint>
                <constraint year="2045">931067.791567498</constraint>
                <constraint year="2050">973466.028422203</constraint>
                <constraint year="2055">1011829.76781092</constraint>
                <constraint year="2060">1051280.1403209</constraint>
                <constraint year="2065">1092588.92151834</constraint>
                <constraint year="2070">1134027.50187476</constraint>
                <constraint year="2075">1175292.75442538</constraint>
                <constraint year="2080">1218004.8849874</constraint>
                <constraint year="2085">1261443.21548341</constraint>
                <constraint year="2090">1307576.04467001</constraint>
                <constraint year="2095">1357062.03435364</constraint>
                <constraint year="2100">1409409.80598526</constraint>
            </policy-portfolio-standard>
        </region>
        <region name="Southeast Asia">
            <policy-portfolio-standard name="negative_emiss_budget">
                <max-price fillout="1" year="1975">1</max-price>
                <market>global</market>
                <policyType>tax</policyType>
                <constraint year="2020">593584.769698903</constraint>
                <price-unit>%</price-unit>
                <output-unit>mil 1990$</output-unit>
                <constraint year="2025">682327.933068241</constraint>
                <constraint year="2030">759494.379492149</constraint>
                <constraint year="2035">823114.801448956</constraint>
                <constraint year="2040">880447.419535966</constraint>
                <constraint year="2045">931067.791567498</constraint>
                <constraint year="2050">973466.028422203</constraint>
                <constraint year="2055">1011829.76781092</constraint>
                <constraint year="2060">1051280.1403209</constraint>
                <constraint year="2065">1092588.92151834</constraint>
                <constraint year="2070">1134027.50187476</constraint>
                <constraint year="2075">1175292.75442538</constraint>
                <constraint year="2080">1218004.8849874</constraint>
                <constraint year="2085">1261443.21548341</constraint>
                <constraint year="2090">1307576.04467001</constraint>
                <constraint year="2095">1357062.03435364</constraint>
                <constraint year="2100">1409409.80598526</constraint>
            </policy-portfolio-standard>
        </region>
        <region name="Taiwan">
            <policy-portfolio-standard name="negative_emiss_budget">
                <max-price fillout="1" year="1975">1</max-price>
                <market>global</market>
                <policyType>tax</policyType>
                <constraint year="2020">593584.769698903</constraint>
                <price-unit>%</price-unit>
                <output-unit>mil 1990$</output-unit>
                <constraint year="2025">682327.933068241</constraint>
                <constraint year="2030">759494.379492149</constraint>
                <constraint year="2035">823114.801448956</constraint>
                <constraint year="2040">880447.419535966</constraint>
                <constraint year="2045">931067.791567498</constraint>
                <constraint year="2050">973466.028422203</constraint>
                <constraint year="2055">1011829.76781092</constraint>
                <constraint year="2060">1051280.1403209</constraint>
                <constraint year="2065">1092588.92151834</constraint>
                <constraint year="2070">1134027.50187476</constraint>
                <constraint year="2075">1175292.75442538</constraint>
                <constraint year="2080">1218004.8849874</constraint>
                <constraint year="2085">1261443.21548341</constraint>
                <constraint year="2090">1307576.04467001</constraint>
                <constraint year="2095">1357062.03435364</constraint>
                <constraint year="2100">1409409.80598526</constraint>
            </policy-portfolio-standard>
        </region>
        <region name="Argentina">
            <policy-portfolio-standard name="negative_emiss_budget">
                <max-price fillout="1" year="1975">1</max-price>
                <market>global</market>
                <policyType>tax</policyType>
                <constraint year="2020">593584.769698903</constraint>
                <price-unit>%</price-unit>
                <output-unit>mil 1990$</output-unit>
                <constraint year="2025">682327.933068241</constraint>
                <constraint year="2030">759494.379492149</constraint>
                <constraint year="2035">823114.801448956</constraint>
                <constraint year="2040">880447.419535966</constraint>
                <constraint year="2045">931067.791567498</constraint>
                <constraint year="2050">973466.028422203</constraint>
                <constraint year="2055">1011829.76781092</constraint>
                <constraint year="2060">1051280.1403209</constraint>
                <constraint year="2065">1092588.92151834</constraint>
                <constraint year="2070">1134027.50187476</constraint>
                <constraint year="2075">1175292.75442538</constraint>
                <constraint year="2080">1218004.8849874</constraint>
                <constraint year="2085">1261443.21548341</constraint>
                <constraint year="2090">1307576.04467001</constraint>
                <constraint year="2095">1357062.03435364</constraint>
                <constraint year="2100">1409409.80598526</constraint>
            </policy-portfolio-standard>
        </region>
        <region name="Colombia">
            <policy-portfolio-standard name="negative_emiss_budget">
                <max-price fillout="1" year="1975">1</max-price>
                <market>global</market>
                <policyType>tax</policyType>
                <constraint year="2020">593584.769698903</constraint>
                <price-unit>%</price-unit>
                <output-unit>mil 1990$</output-unit>
                <constraint year="2025">682327.933068241</constraint>
                <constraint year="2030">759494.379492149</constraint>
                <constraint year="2035">823114.801448956</constraint>
                <constraint year="2040">880447.419535966</constraint>
                <constraint year="2045">931067.791567498</constraint>
                <constraint year="2050">973466.028422203</constraint>
                <constraint year="2055">1011829.76781092</constraint>
                <constraint year="2060">1051280.1403209</constraint>
                <constraint year="2065">1092588.92151834</constraint>
                <constraint year="2070">1134027.50187476</constraint>
                <constraint year="2075">1175292.75442538</constraint>
                <constraint year="2080">1218004.8849874</constraint>
                <constraint year="2085">1261443.21548341</constraint>
                <constraint year="2090">1307576.04467001</constraint>
                <constraint year="2095">1357062.03435364</constraint>
                <constraint year="2100">1409409.80598526</constraint>
            </policy-portfolio-standard>
        </region>
    </world>
</scenario>
