<?xml version="1.0" encoding="UTF-8"?>
<scenario>
    <world>
        <global-technology-database>
            <location-info sector-name="regional biomass" subsector-name="regional biomass">
                <technology name="regional biomass">
                    <period year="1975">
                        <ctax-input name="negative_emiss_budget">
                            <fuel-name>regional biomass</fuel-name>
                        </ctax-input>
                    </period>
                    <period year="1990">
                        <ctax-input name="negative_emiss_budget">
                            <fuel-name>regional biomass</fuel-name>
                        </ctax-input>
                    </period>
                    <period year="2005">
                        <ctax-input name="negative_emiss_budget">
                            <fuel-name>regional biomass</fuel-name>
                        </ctax-input>
                    </period>
                    <period year="2010">
                        <ctax-input name="negative_emiss_budget">
                            <fuel-name>regional biomass</fuel-name>
                        </ctax-input>
                    </period>
                    <period year="2015">
                        <ctax-input name="negative_emiss_budget">
                            <fuel-name>regional biomass</fuel-name>
                        </ctax-input>
                    </period>
                    <period year="2020">
                        <ctax-input name="negative_emiss_budget">
                            <fuel-name>regional biomass</fuel-name>
                        </ctax-input>
                    </period>
                    <period year="2025">
                        <ctax-input name="negative_emiss_budget">
                            <fuel-name>regional biomass</fuel-name>
                        </ctax-input>
                    </period>
                    <period year="2030">
                        <ctax-input name="negative_emiss_budget">
                            <fuel-name>regional biomass</fuel-name>
                        </ctax-input>
                    </period>
                    <period year="2035">
                        <ctax-input name="negative_emiss_budget">
                            <fuel-name>regional biomass</fuel-name>
                        </ctax-input>
                    </period>
                    <period year="2040">
                        <ctax-input name="negative_emiss_budget">
                            <fuel-name>regional biomass</fuel-name>
                        </ctax-input>
                    </period>
                    <period year="2045">
                        <ctax-input name="negative_emiss_budget">
                            <fuel-name>regional biomass</fuel-name>
                        </ctax-input>
                    </period>
                    <period year="2050">
                        <ctax-input name="negative_emiss_budget">
                            <fuel-name>regional biomass</fuel-name>
                        </ctax-input>
                    </period>
                    <period year="2055">
                        <ctax-input name="negative_emiss_budget">
                            <fuel-name>regional biomass</fuel-name>
                        </ctax-input>
                    </period>
                    <period year="2060">
                        <ctax-input name="negative_emiss_budget">
                            <fuel-name>regional biomass</fuel-name>
                        </ctax-input>
                    </period>
                    <period year="2065">
                        <ctax-input name="negative_emiss_budget">
                            <fuel-name>regional biomass</fuel-name>
                        </ctax-input>
                    </period>
                    <period year="2070">
                        <ctax-input name="negative_emiss_budget">
                            <fuel-name>regional biomass</fuel-name>
                        </ctax-input>
                    </period>
                    <period year="2075">
                        <ctax-input name="negative_emiss_budget">
                            <fuel-name>regional biomass</fuel-name>
                        </ctax-input>
                    </period>
                    <period year="2080">
                        <ctax-input name="negative_emiss_budget">
                            <fuel-name>regional biomass</fuel-name>
                        </ctax-input>
                    </period>
                    <period year="2085">
                        <ctax-input name="negative_emiss_budget">
                            <fuel-name>regional biomass</fuel-name>
                        </ctax-input>
                    </period>
                    <period year="2090">
                        <ctax-input name="negative_emiss_budget">
                            <fuel-name>regional biomass</fuel-name>
                        </ctax-input>
                    </period>
                    <period year="2095">
                        <ctax-input name="negative_emiss_budget">
                            <fuel-name>regional biomass</fuel-name>
                        </ctax-input>
                    </period>
                    <period year="2100">
                        <ctax-input name="negative_emiss_budget">
                            <fuel-name>regional biomass</fuel-name>
                        </ctax-input>
                    </period>
                </technology>
            </location-info>
            <location-info sector-name="regional corn for ethanol" subsector-name="regional corn for ethanol">
                <technology name="regional corn for ethanol">
                    <period year="1975">
                        <ctax-input name="negative_emiss_budget">
                            <fuel-name>regional corn for ethanol</fuel-name>
                        </ctax-input>
                    </period>
                    <period year="1990">
                        <ctax-input name="negative_emiss_budget">
                            <fuel-name>regional corn for ethanol</fuel-name>
                        </ctax-input>
                    </period>
                    <period year="2005">
                        <ctax-input name="negative_emiss_budget">
                            <fuel-name>regional corn for ethanol</fuel-name>
                        </ctax-input>
                    </period>
                    <period year="2010">
                        <ctax-input name="negative_emiss_budget">
                            <fuel-name>regional corn for ethanol</fuel-name>
                        </ctax-input>
                    </period>
                    <period year="2015">
                        <ctax-input name="negative_emiss_budget">
                            <fuel-name>regional corn for ethanol</fuel-name>
                        </ctax-input>
                    </period>
                    <period year="2020">
                        <ctax-input name="negative_emiss_budget">
                            <fuel-name>regional corn for ethanol</fuel-name>
                        </ctax-input>
                    </period>
                    <period year="2025">
                        <ctax-input name="negative_emiss_budget">
                            <fuel-name>regional corn for ethanol</fuel-name>
                        </ctax-input>
                    </period>
                    <period year="2030">
                        <ctax-input name="negative_emiss_budget">
                            <fuel-name>regional corn for ethanol</fuel-name>
                        </ctax-input>
                    </period>
                    <period year="2035">
                        <ctax-input name="negative_emiss_budget">
                            <fuel-name>regional corn for ethanol</fuel-name>
                        </ctax-input>
                    </period>
                    <period year="2040">
                        <ctax-input name="negative_emiss_budget">
                            <fuel-name>regional corn for ethanol</fuel-name>
                        </ctax-input>
                    </period>
                    <period year="2045">
                        <ctax-input name="negative_emiss_budget">
                            <fuel-name>regional corn for ethanol</fuel-name>
                        </ctax-input>
                    </period>
                    <period year="2050">
                        <ctax-input name="negative_emiss_budget">
                            <fuel-name>regional corn for ethanol</fuel-name>
                        </ctax-input>
                    </period>
                    <period year="2055">
                        <ctax-input name="negative_emiss_budget">
                            <fuel-name>regional corn for ethanol</fuel-name>
                        </ctax-input>
                    </period>
                    <period year="2060">
                        <ctax-input name="negative_emiss_budget">
                            <fuel-name>regional corn for ethanol</fuel-name>
                        </ctax-input>
                    </period>
                    <period year="2065">
                        <ctax-input name="negative_emiss_budget">
                            <fuel-name>regional corn for ethanol</fuel-name>
                        </ctax-input>
                    </period>
                    <period year="2070">
                        <ctax-input name="negative_emiss_budget">
                            <fuel-name>regional corn for ethanol</fuel-name>
                        </ctax-input>
                    </period>
                    <period year="2075">
                        <ctax-input name="negative_emiss_budget">
                            <fuel-name>regional corn for ethanol</fuel-name>
                        </ctax-input>
                    </period>
                    <period year="2080">
                        <ctax-input name="negative_emiss_budget">
                            <fuel-name>regional corn for ethanol</fuel-name>
                        </ctax-input>
                    </period>
                    <period year="2085">
                        <ctax-input name="negative_emiss_budget">
                            <fuel-name>regional corn for ethanol</fuel-name>
                        </ctax-input>
                    </period>
                    <period year="2090">
                        <ctax-input name="negative_emiss_budget">
                            <fuel-name>regional corn for ethanol</fuel-name>
                        </ctax-input>
                    </period>
                    <period year="2095">
                        <ctax-input name="negative_emiss_budget">
                            <fuel-name>regional corn for ethanol</fuel-name>
                        </ctax-input>
                    </period>
                    <period year="2100">
                        <ctax-input name="negative_emiss_budget">
                            <fuel-name>regional corn for ethanol</fuel-name>
                        </ctax-input>
                    </period>
                </technology>
            </location-info>
            <location-info sector-name="regional sugar for ethanol" subsector-name="regional sugar for ethanol">
                <technology name="regional sugar for ethanol">
                    <period year="1975">
                        <ctax-input name="negative_emiss_budget">
                            <fuel-name>regional sugar for ethanol</fuel-name>
                        </ctax-input>
                    </period>
                    <period year="1990">
                        <ctax-input name="negative_emiss_budget">
                            <fuel-name>regional sugar for ethanol</fuel-name>
                        </ctax-input>
                    </period>
                    <period year="2005">
                        <ctax-input name="negative_emiss_budget">
                            <fuel-name>regional sugar for ethanol</fuel-name>
                        </ctax-input>
                    </period>
                    <period year="2010">
                        <ctax-input name="negative_emiss_budget">
                            <fuel-name>regional sugar for ethanol</fuel-name>
                        </ctax-input>
                    </period>
                    <period year="2015">
                        <ctax-input name="negative_emiss_budget">
                            <fuel-name>regional sugar for ethanol</fuel-name>
                        </ctax-input>
                    </period>
                    <period year="2020">
                        <ctax-input name="negative_emiss_budget">
                            <fuel-name>regional sugar for ethanol</fuel-name>
                        </ctax-input>
                    </period>
                    <period year="2025">
                        <ctax-input name="negative_emiss_budget">
                            <fuel-name>regional sugar for ethanol</fuel-name>
                        </ctax-input>
                    </period>
                    <period year="2030">
                        <ctax-input name="negative_emiss_budget">
                            <fuel-name>regional sugar for ethanol</fuel-name>
                        </ctax-input>
                    </period>
                    <period year="2035">
                        <ctax-input name="negative_emiss_budget">
                            <fuel-name>regional sugar for ethanol</fuel-name>
                        </ctax-input>
                    </period>
                    <period year="2040">
                        <ctax-input name="negative_emiss_budget">
                            <fuel-name>regional sugar for ethanol</fuel-name>
                        </ctax-input>
                    </period>
                    <period year="2045">
                        <ctax-input name="negative_emiss_budget">
                            <fuel-name>regional sugar for ethanol</fuel-name>
                        </ctax-input>
                    </period>
                    <period year="2050">
                        <ctax-input name="negative_emiss_budget">
                            <fuel-name>regional sugar for ethanol</fuel-name>
                        </ctax-input>
                    </period>
                    <period year="2055">
                        <ctax-input name="negative_emiss_budget">
                            <fuel-name>regional sugar for ethanol</fuel-name>
                        </ctax-input>
                    </period>
                    <period year="2060">
                        <ctax-input name="negative_emiss_budget">
                            <fuel-name>regional sugar for ethanol</fuel-name>
                        </ctax-input>
                    </period>
                    <period year="2065">
                        <ctax-input name="negative_emiss_budget">
                            <fuel-name>regional sugar for ethanol</fuel-name>
                        </ctax-input>
                    </period>
                    <period year="2070">
                        <ctax-input name="negative_emiss_budget">
                            <fuel-name>regional sugar for ethanol</fuel-name>
                        </ctax-input>
                    </period>
                    <period year="2075">
                        <ctax-input name="negative_emiss_budget">
                            <fuel-name>regional sugar for ethanol</fuel-name>
                        </ctax-input>
                    </period>
                    <period year="2080">
                        <ctax-input name="negative_emiss_budget">
                            <fuel-name>regional sugar for ethanol</fuel-name>
                        </ctax-input>
                    </period>
                    <period year="2085">
                        <ctax-input name="negative_emiss_budget">
                            <fuel-name>regional sugar for ethanol</fuel-name>
                        </ctax-input>
                    </period>
                    <period year="2090">
                        <ctax-input name="negative_emiss_budget">
                            <fuel-name>regional sugar for ethanol</fuel-name>
                        </ctax-input>
                    </period>
                    <period year="2095">
                        <ctax-input name="negative_emiss_budget">
                            <fuel-name>regional sugar for ethanol</fuel-name>
                        </ctax-input>
                    </period>
                    <period year="2100">
                        <ctax-input name="negative_emiss_budget">
                            <fuel-name>regional sugar for ethanol</fuel-name>
                        </ctax-input>
                    </period>
                </technology>
            </location-info>
            <location-info sector-name="regional biomassOil" subsector-name="regional biomassOil">
                <technology name="biomassOil">
                    <period year="1975">
                        <ctax-input name="negative_emiss_budget">
                            <fuel-name>regional biomassOil</fuel-name>
                        </ctax-input>
                    </period>
                    <period year="1990">
                        <ctax-input name="negative_emiss_budget">
                            <fuel-name>regional biomassOil</fuel-name>
                        </ctax-input>
                    </period>
                    <period year="2005">
                        <ctax-input name="negative_emiss_budget">
                            <fuel-name>regional biomassOil</fuel-name>
                        </ctax-input>
                    </period>
                    <period year="2010">
                        <ctax-input name="negative_emiss_budget">
                            <fuel-name>regional biomassOil</fuel-name>
                        </ctax-input>
                    </period>
                    <period year="2015">
                        <ctax-input name="negative_emiss_budget">
                            <fuel-name>regional biomassOil</fuel-name>
                        </ctax-input>
                    </period>
                    <period year="2020">
                        <ctax-input name="negative_emiss_budget">
                            <fuel-name>regional biomassOil</fuel-name>
                        </ctax-input>
                    </period>
                    <period year="2025">
                        <ctax-input name="negative_emiss_budget">
                            <fuel-name>regional biomassOil</fuel-name>
                        </ctax-input>
                    </period>
                    <period year="2030">
                        <ctax-input name="negative_emiss_budget">
                            <fuel-name>regional biomassOil</fuel-name>
                        </ctax-input>
                    </period>
                    <period year="2035">
                        <ctax-input name="negative_emiss_budget">
                            <fuel-name>regional biomassOil</fuel-name>
                        </ctax-input>
                    </period>
                    <period year="2040">
                        <ctax-input name="negative_emiss_budget">
                            <fuel-name>regional biomassOil</fuel-name>
                        </ctax-input>
                    </period>
                    <period year="2045">
                        <ctax-input name="negative_emiss_budget">
                            <fuel-name>regional biomassOil</fuel-name>
                        </ctax-input>
                    </period>
                    <period year="2050">
                        <ctax-input name="negative_emiss_budget">
                            <fuel-name>regional biomassOil</fuel-name>
                        </ctax-input>
                    </period>
                    <period year="2055">
                        <ctax-input name="negative_emiss_budget">
                            <fuel-name>regional biomassOil</fuel-name>
                        </ctax-input>
                    </period>
                    <period year="2060">
                        <ctax-input name="negative_emiss_budget">
                            <fuel-name>regional biomassOil</fuel-name>
                        </ctax-input>
                    </period>
                    <period year="2065">
                        <ctax-input name="negative_emiss_budget">
                            <fuel-name>regional biomassOil</fuel-name>
                        </ctax-input>
                    </period>
                    <period year="2070">
                        <ctax-input name="negative_emiss_budget">
                            <fuel-name>regional biomassOil</fuel-name>
                        </ctax-input>
                    </period>
                    <period year="2075">
                        <ctax-input name="negative_emiss_budget">
                            <fuel-name>regional biomassOil</fuel-name>
                        </ctax-input>
                    </period>
                    <period year="2080">
                        <ctax-input name="negative_emiss_budget">
                            <fuel-name>regional biomassOil</fuel-name>
                        </ctax-input>
                    </period>
                    <period year="2085">
                        <ctax-input name="negative_emiss_budget">
                            <fuel-name>regional biomassOil</fuel-name>
                        </ctax-input>
                    </period>
                    <period year="2090">
                        <ctax-input name="negative_emiss_budget">
                            <fuel-name>regional biomassOil</fuel-name>
                        </ctax-input>
                    </period>
                    <period year="2095">
                        <ctax-input name="negative_emiss_budget">
                            <fuel-name>regional biomassOil</fuel-name>
                        </ctax-input>
                    </period>
                    <period year="2100">
                        <ctax-input name="negative_emiss_budget">
                            <fuel-name>regional biomassOil</fuel-name>
                        </ctax-input>
                    </period>
                </technology>
                <technology name="OilCrop">
                    <period year="1975">
                        <ctax-input name="negative_emiss_budget">
                            <fuel-name>regional biomassOil</fuel-name>
                        </ctax-input>
                    </period>
                    <period year="1990">
                        <ctax-input name="negative_emiss_budget">
                            <fuel-name>regional biomassOil</fuel-name>
                        </ctax-input>
                    </period>
                    <period year="2005">
                        <ctax-input name="negative_emiss_budget">
                            <fuel-name>regional biomassOil</fuel-name>
                        </ctax-input>
                    </period>
                    <period year="2010">
                        <ctax-input name="negative_emiss_budget">
                            <fuel-name>regional biomassOil</fuel-name>
                        </ctax-input>
                    </period>
                    <period year="2015">
                        <ctax-input name="negative_emiss_budget">
                            <fuel-name>regional biomassOil</fuel-name>
                        </ctax-input>
                    </period>
                    <period year="2020">
                        <ctax-input name="negative_emiss_budget">
                            <fuel-name>regional biomassOil</fuel-name>
                        </ctax-input>
                    </period>
                    <period year="2025">
                        <ctax-input name="negative_emiss_budget">
                            <fuel-name>regional biomassOil</fuel-name>
                        </ctax-input>
                    </period>
                    <period year="2030">
                        <ctax-input name="negative_emiss_budget">
                            <fuel-name>regional biomassOil</fuel-name>
                        </ctax-input>
                    </period>
                    <period year="2035">
                        <ctax-input name="negative_emiss_budget">
                            <fuel-name>regional biomassOil</fuel-name>
                        </ctax-input>
                    </period>
                    <period year="2040">
                        <ctax-input name="negative_emiss_budget">
                            <fuel-name>regional biomassOil</fuel-name>
                        </ctax-input>
                    </period>
                    <period year="2045">
                        <ctax-input name="negative_emiss_budget">
                            <fuel-name>regional biomassOil</fuel-name>
                        </ctax-input>
                    </period>
                    <period year="2050">
                        <ctax-input name="negative_emiss_budget">
                            <fuel-name>regional biomassOil</fuel-name>
                        </ctax-input>
                    </period>
                    <period year="2055">
                        <ctax-input name="negative_emiss_budget">
                            <fuel-name>regional biomassOil</fuel-name>
                        </ctax-input>
                    </period>
                    <period year="2060">
                        <ctax-input name="negative_emiss_budget">
                            <fuel-name>regional biomassOil</fuel-name>
                        </ctax-input>
                    </period>
                    <period year="2065">
                        <ctax-input name="negative_emiss_budget">
                            <fuel-name>regional biomassOil</fuel-name>
                        </ctax-input>
                    </period>
                    <period year="2070">
                        <ctax-input name="negative_emiss_budget">
                            <fuel-name>regional biomassOil</fuel-name>
                        </ctax-input>
                    </period>
                    <period year="2075">
                        <ctax-input name="negative_emiss_budget">
                            <fuel-name>regional biomassOil</fuel-name>
                        </ctax-input>
                    </period>
                    <period year="2080">
                        <ctax-input name="negative_emiss_budget">
                            <fuel-name>regional biomassOil</fuel-name>
                        </ctax-input>
                    </period>
                    <period year="2085">
                        <ctax-input name="negative_emiss_budget">
                            <fuel-name>regional biomassOil</fuel-name>
                        </ctax-input>
                    </period>
                    <period year="2090">
                        <ctax-input name="negative_emiss_budget">
                            <fuel-name>regional biomassOil</fuel-name>
                        </ctax-input>
                    </period>
                    <period year="2095">
                        <ctax-input name="negative_emiss_budget">
                            <fuel-name>regional biomassOil</fuel-name>
                        </ctax-input>
                    </period>
                    <period year="2100">
                        <ctax-input name="negative_emiss_budget">
                            <fuel-name>regional biomassOil</fuel-name>
                        </ctax-input>
                    </period>
                </technology>
                <technology name="PalmFruit">
                    <period year="1975">
                        <ctax-input name="negative_emiss_budget">
                            <fuel-name>regional biomassOil</fuel-name>
                        </ctax-input>
                    </period>
                    <period year="1990">
                        <ctax-input name="negative_emiss_budget">
                            <fuel-name>regional biomassOil</fuel-name>
                        </ctax-input>
                    </period>
                    <period year="2005">
                        <ctax-input name="negative_emiss_budget">
                            <fuel-name>regional biomassOil</fuel-name>
                        </ctax-input>
                    </period>
                    <period year="2010">
                        <ctax-input name="negative_emiss_budget">
                            <fuel-name>regional biomassOil</fuel-name>
                        </ctax-input>
                    </period>
                    <period year="2015">
                        <ctax-input name="negative_emiss_budget">
                            <fuel-name>regional biomassOil</fuel-name>
                        </ctax-input>
                    </period>
                    <period year="2020">
                        <ctax-input name="negative_emiss_budget">
                            <fuel-name>regional biomassOil</fuel-name>
                        </ctax-input>
                    </period>
                    <period year="2025">
                        <ctax-input name="negative_emiss_budget">
                            <fuel-name>regional biomassOil</fuel-name>
                        </ctax-input>
                    </period>
                    <period year="2030">
                        <ctax-input name="negative_emiss_budget">
                            <fuel-name>regional biomassOil</fuel-name>
                        </ctax-input>
                    </period>
                    <period year="2035">
                        <ctax-input name="negative_emiss_budget">
                            <fuel-name>regional biomassOil</fuel-name>
                        </ctax-input>
                    </period>
                    <period year="2040">
                        <ctax-input name="negative_emiss_budget">
                            <fuel-name>regional biomassOil</fuel-name>
                        </ctax-input>
                    </period>
                    <period year="2045">
                        <ctax-input name="negative_emiss_budget">
                            <fuel-name>regional biomassOil</fuel-name>
                        </ctax-input>
                    </period>
                    <period year="2050">
                        <ctax-input name="negative_emiss_budget">
                            <fuel-name>regional biomassOil</fuel-name>
                        </ctax-input>
                    </period>
                    <period year="2055">
                        <ctax-input name="negative_emiss_budget">
                            <fuel-name>regional biomassOil</fuel-name>
                        </ctax-input>
                    </period>
                    <period year="2060">
                        <ctax-input name="negative_emiss_budget">
                            <fuel-name>regional biomassOil</fuel-name>
                        </ctax-input>
                    </period>
                    <period year="2065">
                        <ctax-input name="negative_emiss_budget">
                            <fuel-name>regional biomassOil</fuel-name>
                        </ctax-input>
                    </period>
                    <period year="2070">
                        <ctax-input name="negative_emiss_budget">
                            <fuel-name>regional biomassOil</fuel-name>
                        </ctax-input>
                    </period>
                    <period year="2075">
                        <ctax-input name="negative_emiss_budget">
                            <fuel-name>regional biomassOil</fuel-name>
                        </ctax-input>
                    </period>
                    <period year="2080">
                        <ctax-input name="negative_emiss_budget">
                            <fuel-name>regional biomassOil</fuel-name>
                        </ctax-input>
                    </period>
                    <period year="2085">
                        <ctax-input name="negative_emiss_budget">
                            <fuel-name>regional biomassOil</fuel-name>
                        </ctax-input>
                    </period>
                    <period year="2090">
                        <ctax-input name="negative_emiss_budget">
                            <fuel-name>regional biomassOil</fuel-name>
                        </ctax-input>
                    </period>
                    <period year="2095">
                        <ctax-input name="negative_emiss_budget">
                            <fuel-name>regional biomassOil</fuel-name>
                        </ctax-input>
                    </period>
                    <period year="2100">
                        <ctax-input name="negative_emiss_budget">
                            <fuel-name>regional biomassOil</fuel-name>
                        </ctax-input>
                    </period>
                </technology>
            </location-info>
        </global-technology-database>
        <region name="USA">
            <negative-emissions-final-demand name="CO2">
                <policy-name>negative_emiss_budget</policy-name>
            </negative-emissions-final-demand>
            <policy-portfolio-standard name="negative_emiss_budget">
                <max-price fillout="1" year="1975">1</max-price>
                <market>USA</market>
                <policyType>tax</policyType>
                <constraint year="2020">126309.810086979</constraint>
                <price-unit>%</price-unit>
                <output-unit>mil 1990$</output-unit>
                <constraint year="2025">138309.819894225</constraint>
                <constraint year="2030">147816.42909251</constraint>
                <constraint year="2035">155469.358585105</constraint>
                <constraint year="2040">161858.559774685</constraint>
                <constraint year="2045">167057.130670932</constraint>
                <constraint year="2050">170600.63148061</constraint>
                <constraint year="2055">173244.874168878</constraint>
                <constraint year="2060">175362.91090773</constraint>
                <constraint year="2065">176898.80011369</constraint>
                <constraint year="2070">176859.886528749</constraint>
                <constraint year="2075">175333.183678698</constraint>
                <constraint year="2080">173209.941841803</constraint>
                <constraint year="2085">170243.013293091</constraint>
                <constraint year="2090">166835.683589713</constraint>
                <constraint year="2095">163215.035521365</constraint>
                <constraint year="2100">159144.769724165</constraint>
            </policy-portfolio-standard>
        </region>
        <region name="Africa_Eastern">
            <negative-emissions-final-demand name="CO2">
                <policy-name>negative_emiss_budget</policy-name>
            </negative-emissions-final-demand>
            <policy-portfolio-standard name="negative_emiss_budget">
                <max-price fillout="1" year="1975">1</max-price>
                <market>Africa_Eastern</market>
                <policyType>tax</policyType>
                <constraint year="2020">2035.8771033624</constraint>
                <price-unit>%</price-unit>
                <output-unit>mil 1990$</output-unit>
                <constraint year="2025">2668.5009123474</constraint>
                <constraint year="2030">3395.08434795836</constraint>
                <constraint year="2035">4194.41791973171</constraint>
                <constraint year="2040">5160.74203166208</constraint>
                <constraint year="2045">6324.37344014528</constraint>
                <constraint year="2050">7704.86936882161</constraint>
                <constraint year="2055">9328.85327177604</constraint>
                <constraint year="2060">11240.3855976294</constraint>
                <constraint year="2065">13484.4159233367</constraint>
                <constraint year="2070">16098.5828151381</constraint>
                <constraint year="2075">19098.7609934925</constraint>
                <constraint year="2080">22469.1873289466</constraint>
                <constraint year="2085">26212.6911934459</constraint>
                <constraint year="2090">30346.4180050283</constraint>
                <constraint year="2095">34891.1848857832</constraint>
                <constraint year="2100">39852.0314295069</constraint>
            </policy-portfolio-standard>
        </region>
        <region name="Africa_Northern">
            <negative-emissions-final-demand name="CO2">
                <policy-name>negative_emiss_budget</policy-name>
            </negative-emissions-final-demand>
            <policy-portfolio-standard name="negative_emiss_budget">
                <max-price fillout="1" year="1975">1</max-price>
                <market>Africa_Northern</market>
                <policyType>tax</policyType>
                <constraint year="2020">6082.54584563275</constraint>
                <price-unit>%</price-unit>
                <output-unit>mil 1990$</output-unit>
                <constraint year="2025">7675.480840167</constraint>
                <constraint year="2030">9309.80756973095</constraint>
                <constraint year="2035">10874.007313107</constraint>
                <constraint year="2040">12403.0820517592</constraint>
                <constraint year="2045">13906.4896647985</constraint>
                <constraint year="2050">15409.0547549055</constraint>
                <constraint year="2055">17009.3599611081</constraint>
                <constraint year="2060">18754.1578501907</constraint>
                <constraint year="2065">20659.0462803325</constraint>
                <constraint year="2070">22680.4750174872</constraint>
                <constraint year="2075">24816.7403759024</constraint>
                <constraint year="2080">27048.617175217</constraint>
                <constraint year="2085">29366.2150909212</constraint>
                <constraint year="2090">31797.8667525948</constraint>
                <constraint year="2095">34355.4718646614</constraint>
                <constraint year="2100">37042.6726612131</constraint>
            </policy-portfolio-standard>
        </region>
        <region name="Africa_Southern">
            <negative-emissions-final-demand name="CO2">
                <policy-name>negative_emiss_budget</policy-name>
            </negative-emissions-final-demand>
            <policy-portfolio-standard name="negative_emiss_budget">
                <max-price fillout="1" year="1975">1</max-price>
                <market>Africa_Southern</market>
                <policyType>tax</policyType>
                <constraint year="2020">2058.43914529369</constraint>
                <price-unit>%</price-unit>
                <output-unit>mil 1990$</output-unit>
                <constraint year="2025">2593.72014010454</constraint>
                <constraint year="2030">3150.48767056847</constraint>
                <constraint year="2035">3696.96779067538</constraint>
                <constraint year="2040">4325.03505808899</constraint>
                <constraint year="2045">5094.92616131948</constraint>
                <constraint year="2050">6048.92925149492</constraint>
                <constraint year="2055">7206.89340609425</constraint>
                <constraint year="2060">8587.65619796259</constraint>
                <constraint year="2065">10210.8898046653</constraint>
                <constraint year="2070">12095.5406605328</constraint>
                <constraint year="2075">14238.8373335862</constraint>
                <constraint year="2080">16643.4560020048</constraint>
                <constraint year="2085">19308.0585766988</constraint>
                <constraint year="2090">22233.9015006441</constraint>
                <constraint year="2095">25435.1140874482</constraint>
                <constraint year="2100">28915.6879249041</constraint>
            </policy-portfolio-standard>
        </region>
        <region name="Africa_Western">
            <negative-emissions-final-demand name="CO2">
                <policy-name>negative_emiss_budget</policy-name>
            </negative-emissions-final-demand>
            <policy-portfolio-standard name="negative_emiss_budget">
                <max-price fillout="1" year="1975">1</max-price>
                <market>Africa_Western</market>
                <policyType>tax</policyType>
                <constraint year="2020">7090.01286472611</constraint>
                <price-unit>%</price-unit>
                <output-unit>mil 1990$</output-unit>
                <constraint year="2025">9498.86361128731</constraint>
                <constraint year="2030">12331.3995087488</constraint>
                <constraint year="2035">15463.7866961889</constraint>
                <constraint year="2040">19090.9415478469</constraint>
                <constraint year="2045">23301.6462329359</constraint>
                <constraint year="2050">28218.517942087</constraint>
                <constraint year="2055">34015.0306840826</constraint>
                <constraint year="2060">40825.1224769255</constraint>
                <constraint year="2065">48771.3583682341</constraint>
                <constraint year="2070">57947.9607815217</constraint>
                <constraint year="2075">68483.7808942419</constraint>
                <constraint year="2080">80331.8494395055</constraint>
                <constraint year="2085">93477.664866181</constraint>
                <constraint year="2090">107841.546857563</constraint>
                <constraint year="2095">123389.028882417</constraint>
                <constraint year="2100">140117.845616533</constraint>
            </policy-portfolio-standard>
        </region>
        <region name="Australia_NZ">
            <negative-emissions-final-demand name="CO2">
                <policy-name>negative_emiss_budget</policy-name>
            </negative-emissions-final-demand>
            <policy-portfolio-standard name="negative_emiss_budget">
                <max-price fillout="1" year="1975">1</max-price>
                <market>Australia_NZ</market>
                <policyType>tax</policyType>
                <constraint year="2020">11324.6287422377</constraint>
                <price-unit>%</price-unit>
                <output-unit>mil 1990$</output-unit>
                <constraint year="2025">12574.1489803546</constraint>
                <constraint year="2030">13600.9971652604</constraint>
                <constraint year="2035">14468.568108123</constraint>
                <constraint year="2040">15232.8033579033</constraint>
                <constraint year="2045">15919.9342828452</constraint>
                <constraint year="2050">16436.0235945314</constraint>
                <constraint year="2055">16842.0533793502</constraint>
                <constraint year="2060">17272.219763612</constraint>
                <constraint year="2065">17700.0014780334</constraint>
                <constraint year="2070">18063.4532166437</constraint>
                <constraint year="2075">18291.4463566751</constraint>
                <constraint year="2080">18425.7453510963</constraint>
                <constraint year="2085">18473.7754071751</constraint>
                <constraint year="2090">18488.9718326284</constraint>
                <constraint year="2095">18500.8764785374</constraint>
                <constraint year="2100">18460.7485636943</constraint>
            </policy-portfolio-standard>
        </region>
        <region name="Brazil">
            <negative-emissions-final-demand name="CO2">
                <policy-name>negative_emiss_budget</policy-name>
            </negative-emissions-final-demand>
            <policy-portfolio-standard name="negative_emiss_budget">
                <max-price fillout="1" year="1975">1</max-price>
                <market>Brazil</market>
                <policyType>tax</policyType>
                <constraint year="2020">20361.0386097043</constraint>
                <price-unit>%</price-unit>
                <output-unit>mil 1990$</output-unit>
                <constraint year="2025">23540.7722306242</constraint>
                <constraint year="2030">25985.920732692</constraint>
                <constraint year="2035">27721.2191701441</constraint>
                <constraint year="2040">29165.6112361437</constraint>
                <constraint year="2045">30304.1351692381</constraint>
                <constraint year="2050">31139.3636450277</constraint>
                <constraint year="2055">31858.7498563522</constraint>
                <constraint year="2060">32498.2897028831</constraint>
                <constraint year="2065">33012.2858546121</constraint>
                <constraint year="2070">33471.0054121559</constraint>
                <constraint year="2075">33949.9470622682</constraint>
                <constraint year="2080">34316.4886591237</constraint>
                <constraint year="2085">34565.0896080634</constraint>
                <constraint year="2090">34753.3548465534</constraint>
                <constraint year="2095">34923.5323071489</constraint>
                <constraint year="2100">35093.4654354249</constraint>
            </policy-portfolio-standard>
        </region>
        <region name="Canada">
            <negative-emissions-final-demand name="CO2">
                <policy-name>negative_emiss_budget</policy-name>
            </negative-emissions-final-demand>
            <policy-portfolio-standard name="negative_emiss_budget">
                <max-price fillout="1" year="1975">1</max-price>
                <market>Canada</market>
                <policyType>tax</policyType>
                <constraint year="2020">13186.8729261265</constraint>
                <price-unit>%</price-unit>
                <output-unit>mil 1990$</output-unit>
                <constraint year="2025">14193.6541060939</constraint>
                <constraint year="2030">15195.7399328466</constraint>
                <constraint year="2035">16398.5211024798</constraint>
                <constraint year="2040">17756.4704071247</constraint>
                <constraint year="2045">19071.1161523099</constraint>
                <constraint year="2050">20175.4366509457</constraint>
                <constraint year="2055">21056.7898859805</constraint>
                <constraint year="2060">21834.6061530517</constraint>
                <constraint year="2065">22574.7089887359</constraint>
                <constraint year="2070">23216.1562519684</constraint>
                <constraint year="2075">23688.6505318834</constraint>
                <constraint year="2080">24039.9515439161</constraint>
                <constraint year="2085">24270.741443156</constraint>
                <constraint year="2090">24438.6136093185</constraint>
                <constraint year="2095">24586.632404624</constraint>
                <constraint year="2100">24677.2615808254</constraint>
            </policy-portfolio-standard>
        </region>
        <region name="Central America and Caribbean">
            <negative-emissions-final-demand name="CO2">
                <policy-name>negative_emiss_budget</policy-name>
            </negative-emissions-final-demand>
            <policy-portfolio-standard name="negative_emiss_budget">
                <max-price fillout="1" year="1975">1</max-price>
                <market>Central America and Caribbean</market>
                <policyType>tax</policyType>
                <constraint year="2020">3206.17581790285</constraint>
                <price-unit>%</price-unit>
                <output-unit>mil 1990$</output-unit>
                <constraint year="2025">3784.65662336076</constraint>
                <constraint year="2030">4351.16635963617</constraint>
                <constraint year="2035">4899.80298903329</constraint>
                <constraint year="2040">5486.76230781814</constraint>
                <constraint year="2045">6116.42432456369</constraint>
                <constraint year="2050">6783.03968161153</constraint>
                <constraint year="2055">7492.45316164345</constraint>
                <constraint year="2060">8256.85054014453</constraint>
                <constraint year="2065">9093.91884519749</constraint>
                <constraint year="2070">10015.662544743</constraint>
                <constraint year="2075">11023.6704654203</constraint>
                <constraint year="2080">12105.947681791</constraint>
                <constraint year="2085">13252.6177039357</constraint>
                <constraint year="2090">14475.680228544</constraint>
                <constraint year="2095">15782.8599112581</constraint>
                <constraint year="2100">17185.8844874509</constraint>
            </policy-portfolio-standard>
        </region>
        <region name="Central Asia">
            <negative-emissions-final-demand name="CO2">
                <policy-name>negative_emiss_budget</policy-name>
            </negative-emissions-final-demand>
            <policy-portfolio-standard name="negative_emiss_budget">
                <max-price fillout="1" year="1975">1</max-price>
                <market>Central Asia</market>
                <policyType>tax</policyType>
                <constraint year="2020">3503.81100282693</constraint>
                <price-unit>%</price-unit>
                <output-unit>mil 1990$</output-unit>
                <constraint year="2025">4516.66665329229</constraint>
                <constraint year="2030">5502.47431748481</constraint>
                <constraint year="2035">6447.92134942185</constraint>
                <constraint year="2040">7339.09888167639</constraint>
                <constraint year="2045">8080.89624562391</constraint>
                <constraint year="2050">8606.83030079905</constraint>
                <constraint year="2055">9019.43333798508</constraint>
                <constraint year="2060">9492.74862598425</constraint>
                <constraint year="2065">10088.8098914977</constraint>
                <constraint year="2070">10750.7892219284</constraint>
                <constraint year="2075">11431.6073702369</constraint>
                <constraint year="2080">12137.1286637645</constraint>
                <constraint year="2085">12856.1895233768</constraint>
                <constraint year="2090">13615.6777564509</constraint>
                <constraint year="2095">14419.65122834</constraint>
                <constraint year="2100">15255.6115357802</constraint>
            </policy-portfolio-standard>
        </region>
        <region name="China">
            <negative-emissions-final-demand name="CO2">
                <policy-name>negative_emiss_budget</policy-name>
            </negative-emissions-final-demand>
            <policy-portfolio-standard name="negative_emiss_budget">
                <max-price fillout="1" year="1975">1</max-price>
                <market>China</market>
                <policyType>tax</policyType>
                <constraint year="2020">89739.2750705375</constraint>
                <price-unit>%</price-unit>
                <output-unit>mil 1990$</output-unit>
                <constraint year="2025">116246.466742229</constraint>
                <constraint year="2030">136735.494183227</constraint>
                <constraint year="2035">149740.009390243</constraint>
                <constraint year="2040">159111.33347326</constraint>
                <constraint year="2045">165659.972754848</constraint>
                <constraint year="2050">168754.790764837</constraint>
                <constraint year="2055">169124.738114996</constraint>
                <constraint year="2060">168981.047805921</constraint>
                <constraint year="2065">168507.18994269</constraint>
                <constraint year="2070">167875.310328726</constraint>
                <constraint year="2075">166880.02043763</constraint>
                <constraint year="2080">165888.506753952</constraint>
                <constraint year="2085">164685.283501021</constraint>
                <constraint year="2090">163692.931620273</constraint>
                <constraint year="2095">163044.707163443</constraint>
                <constraint year="2100">162886.668130296</constraint>
            </policy-portfolio-standard>
        </region>
        <region name="EU-12">
            <negative-emissions-final-demand name="CO2">
                <policy-name>negative_emiss_budget</policy-name>
            </negative-emissions-final-demand>
            <policy-portfolio-standard name="negative_emiss_budget">
                <max-price fillout="1" year="1975">1</max-price>
                <market>EU-12</market>
                <policyType>tax</policyType>
                <constraint year="2020">10772.2220854569</constraint>
                <price-unit>%</price-unit>
                <output-unit>mil 1990$</output-unit>
                <constraint year="2025">12016.8468524277</constraint>
                <constraint year="2030">13072.2362795777</constraint>
                <constraint year="2035">13919.7651296473</constraint>
                <constraint year="2040">14576.3743130667</constraint>
                <constraint year="2045">14999.135465164</constraint>
                <constraint year="2050">15266.0841802658</constraint>
                <constraint year="2055">15434.0140062201</constraint>
                <constraint year="2060">15619.2411363974</constraint>
                <constraint year="2065">15829.8601037927</constraint>
                <constraint year="2070">15980.1508780515</constraint>
                <constraint year="2075">16015.3703961616</constraint>
                <constraint year="2080">15987.7816109051</constraint>
                <constraint year="2085">15925.3150550111</constraint>
                <constraint year="2090">15871.4361248942</constraint>
                <constraint year="2095">15846.361624615</constraint>
                <constraint year="2100">15829.362128904</constraint>
            </policy-portfolio-standard>
        </region>
        <region name="EU-15">
            <negative-emissions-final-demand name="CO2">
                <policy-name>negative_emiss_budget</policy-name>
            </negative-emissions-final-demand>
            <policy-portfolio-standard name="negative_emiss_budget">
                <max-price fillout="1" year="1975">1</max-price>
                <market>EU-15</market>
                <policyType>tax</policyType>
                <constraint year="2020">113140.106557601</constraint>
                <price-unit>%</price-unit>
                <output-unit>mil 1990$</output-unit>
                <constraint year="2025">119358.850185394</constraint>
                <constraint year="2030">124504.754337829</constraint>
                <constraint year="2035">128877.693368572</constraint>
                <constraint year="2040">132954.576182526</constraint>
                <constraint year="2045">136202.622076519</constraint>
                <constraint year="2050">138404.872952949</constraint>
                <constraint year="2055">139983.63591707</constraint>
                <constraint year="2060">141623.977532234</constraint>
                <constraint year="2065">143121.061674845</constraint>
                <constraint year="2070">143973.483120462</constraint>
                <constraint year="2075">143996.514056977</constraint>
                <constraint year="2080">143668.870695021</constraint>
                <constraint year="2085">143007.925964436</constraint>
                <constraint year="2090">142270.203304452</constraint>
                <constraint year="2095">141497.979015288</constraint>
                <constraint year="2100">140360.385892337</constraint>
            </policy-portfolio-standard>
        </region>
        <region name="Europe_Eastern">
            <negative-emissions-final-demand name="CO2">
                <policy-name>negative_emiss_budget</policy-name>
            </negative-emissions-final-demand>
            <policy-portfolio-standard name="negative_emiss_budget">
                <max-price fillout="1" year="1975">1</max-price>
                <market>Europe_Eastern</market>
                <policyType>tax</policyType>
                <constraint year="2020">1873.46368917379</constraint>
                <price-unit>%</price-unit>
                <output-unit>mil 1990$</output-unit>
                <constraint year="2025">2167.64669818432</constraint>
                <constraint year="2030">2431.2754988422</constraint>
                <constraint year="2035">2652.0789507107</constraint>
                <constraint year="2040">2851.19514495828</constraint>
                <constraint year="2045">3021.47528320436</constraint>
                <constraint year="2050">3171.86018067427</constraint>
                <constraint year="2055">3342.31373990532</constraint>
                <constraint year="2060">3563.29061275879</constraint>
                <constraint year="2065">3827.12494939887</constraint>
                <constraint year="2070">4108.73172549906</constraint>
                <constraint year="2075">4389.67693265657</constraint>
                <constraint year="2080">4673.28126158368</constraint>
                <constraint year="2085">4967.36471410283</constraint>
                <constraint year="2090">5281.83476685558</constraint>
                <constraint year="2095">5616.05233139731</constraint>
                <constraint year="2100">5960.18058408033</constraint>
            </policy-portfolio-standard>
        </region>
        <region name="Europe_Non_EU">
            <negative-emissions-final-demand name="CO2">
                <policy-name>negative_emiss_budget</policy-name>
            </negative-emissions-final-demand>
            <policy-portfolio-standard name="negative_emiss_budget">
                <max-price fillout="1" year="1975">1</max-price>
                <market>Europe_Non_EU</market>
                <policyType>tax</policyType>
                <constraint year="2020">8573.19681815406</constraint>
                <price-unit>%</price-unit>
                <output-unit>mil 1990$</output-unit>
                <constraint year="2025">9999.95528897447</constraint>
                <constraint year="2030">11253.8045094366</constraint>
                <constraint year="2035">12366.9695763281</constraint>
                <constraint year="2040">13456.2444056073</constraint>
                <constraint year="2045">14491.839313059</constraint>
                <constraint year="2050">15490.7820176395</constraint>
                <constraint year="2055">16494.9232943978</constraint>
                <constraint year="2060">17508.1658541637</constraint>
                <constraint year="2065">18552.2620154385</constraint>
                <constraint year="2070">19651.3944670335</constraint>
                <constraint year="2075">20796.6031092786</constraint>
                <constraint year="2080">21947.5599302653</constraint>
                <constraint year="2085">23093.7417290869</constraint>
                <constraint year="2090">24248.6063031655</constraint>
                <constraint year="2095">25422.0264016031</constraint>
                <constraint year="2100">26628.8363593628</constraint>
            </policy-portfolio-standard>
        </region>
        <region name="European Free Trade Association">
            <negative-emissions-final-demand name="CO2">
                <policy-name>negative_emiss_budget</policy-name>
            </negative-emissions-final-demand>
            <policy-portfolio-standard name="negative_emiss_budget">
                <max-price fillout="1" year="1975">1</max-price>
                <market>European Free Trade Association</market>
                <policyType>tax</policyType>
                <constraint year="2020">7820.8711860409</constraint>
                <price-unit>%</price-unit>
                <output-unit>mil 1990$</output-unit>
                <constraint year="2025">8319.21589477453</constraint>
                <constraint year="2030">8736.34670987183</constraint>
                <constraint year="2035">9089.66487015509</constraint>
                <constraint year="2040">9383.36857659894</constraint>
                <constraint year="2045">9603.82888690898</constraint>
                <constraint year="2050">9806.80277750739</constraint>
                <constraint year="2055">10016.3477652834</constraint>
                <constraint year="2060">10222.9114219326</constraint>
                <constraint year="2065">10435.6446087097</constraint>
                <constraint year="2070">10627.5449836939</constraint>
                <constraint year="2075">10759.9039170296</constraint>
                <constraint year="2080">10851.1569869095</constraint>
                <constraint year="2085">10886.3853690008</constraint>
                <constraint year="2090">10880.678249415</constraint>
                <constraint year="2095">10846.8614363471</constraint>
                <constraint year="2100">10771.9996033158</constraint>
            </policy-portfolio-standard>
        </region>
        <region name="India">
            <negative-emissions-final-demand name="CO2">
                <policy-name>negative_emiss_budget</policy-name>
            </negative-emissions-final-demand>
            <policy-portfolio-standard name="negative_emiss_budget">
                <max-price fillout="1" year="1975">1</max-price>
                <market>India</market>
                <policyType>tax</policyType>
                <constraint year="2020">21512.1504716627</constraint>
                <price-unit>%</price-unit>
                <output-unit>mil 1990$</output-unit>
                <constraint year="2025">28130.9849204889</constraint>
                <constraint year="2030">34565.8310193351</constraint>
                <constraint year="2035">40539.5717601704</constraint>
                <constraint year="2040">46491.4036580928</constraint>
                <constraint year="2045">52273.3570520369</constraint>
                <constraint year="2050">57848.5711941361</constraint>
                <constraint year="2055">63345.4891638688</constraint>
                <constraint year="2060">68855.8892629299</constraint>
                <constraint year="2065">74438.1215836394</constraint>
                <constraint year="2070">80048.0499887859</constraint>
                <constraint year="2075">85679.8321202594</constraint>
                <constraint year="2080">91218.8071071001</constraint>
                <constraint year="2085">96639.0762779794</constraint>
                <constraint year="2090">102069.786979863</constraint>
                <constraint year="2095">107550.019934217</constraint>
                <constraint year="2100">113098.079971641</constraint>
            </policy-portfolio-standard>
        </region>
        <region name="Indonesia">
            <negative-emissions-final-demand name="CO2">
                <policy-name>negative_emiss_budget</policy-name>
            </negative-emissions-final-demand>
            <policy-portfolio-standard name="negative_emiss_budget">
                <max-price fillout="1" year="1975">1</max-price>
                <market>Indonesia</market>
                <policyType>tax</policyType>
                <constraint year="2020">8840.57982145606</constraint>
                <price-unit>%</price-unit>
                <output-unit>mil 1990$</output-unit>
                <constraint year="2025">11639.0908561286</constraint>
                <constraint year="2030">14308.3800102187</constraint>
                <constraint year="2035">16680.3390959088</constraint>
                <constraint year="2040">18963.5776301975</constraint>
                <constraint year="2045">21027.2788354402</constraint>
                <constraint year="2050">22813.8000124532</constraint>
                <constraint year="2055">24396.9642672086</constraint>
                <constraint year="2060">25799.2561264283</constraint>
                <constraint year="2065">27034.863633378</constraint>
                <constraint year="2070">28109.346287281</constraint>
                <constraint year="2075">29100.5219835961</constraint>
                <constraint year="2080">30020.918462654</constraint>
                <constraint year="2085">30877.3228416056</constraint>
                <constraint year="2090">31696.5062474787</constraint>
                <constraint year="2095">32494.2616830434</constraint>
                <constraint year="2100">33303.6342079348</constraint>
            </policy-portfolio-standard>
        </region>
        <region name="Japan">
            <negative-emissions-final-demand name="CO2">
                <policy-name>negative_emiss_budget</policy-name>
            </negative-emissions-final-demand>
            <policy-portfolio-standard name="negative_emiss_budget">
                <max-price fillout="1" year="1975">1</max-price>
                <market>Japan</market>
                <policyType>tax</policyType>
                <constraint year="2020">39600.3578708722</constraint>
                <price-unit>%</price-unit>
                <output-unit>mil 1990$</output-unit>
                <constraint year="2025">41014.7184201687</constraint>
                <constraint year="2030">41904.0630857303</constraint>
                <constraint year="2035">41833.8565550251</constraint>
                <constraint year="2040">41140.1350098272</constraint>
                <constraint year="2045">40266.0469778571</constraint>
                <constraint year="2050">39143.6158870345</constraint>
                <constraint year="2055">38002.4903097403</constraint>
                <constraint year="2060">36861.6063112972</constraint>
                <constraint year="2065">35632.1093319996</constraint>
                <constraint year="2070">34318.4964550744</constraint>
                <constraint year="2075">32919.3925393695</constraint>
                <constraint year="2080">31565.2408729437</constraint>
                <constraint year="2085">30336.4500472106</constraint>
                <constraint year="2090">29238.9387440205</constraint>
                <constraint year="2095">28238.1890621598</constraint>
                <constraint year="2100">27254.0804465369</constraint>
            </policy-portfolio-standard>
        </region>
        <region name="Mexico">
            <negative-emissions-final-demand name="CO2">
                <policy-name>negative_emiss_budget</policy-name>
            </negative-emissions-final-demand>
            <policy-portfolio-standard name="negative_emiss_budget">
                <max-price fillout="1" year="1975">1</max-price>
                <market>Mexico</market>
                <policyType>tax</policyType>
                <constraint year="2020">9854.7463497058</constraint>
                <price-unit>%</price-unit>
                <output-unit>mil 1990$</output-unit>
                <constraint year="2025">11474.742052025</constraint>
                <constraint year="2030">13050.5253316677</constraint>
                <constraint year="2035">14542.1043109795</constraint>
                <constraint year="2040">15940.3787471976</constraint>
                <constraint year="2045">17274.862941174</constraint>
                <constraint year="2050">18618.890092426</constraint>
                <constraint year="2055">19995.6338461725</constraint>
                <constraint year="2060">21381.2417282749</constraint>
                <constraint year="2065">22850.6849819476</constraint>
                <constraint year="2070">24379.0141848703</constraint>
                <constraint year="2075">25973.3816359496</constraint>
                <constraint year="2080">27578.802192698</constraint>
                <constraint year="2085">29170.3854613969</constraint>
                <constraint year="2090">30762.7410209681</constraint>
                <constraint year="2095">32365.5052906398</constraint>
                <constraint year="2100">33991.462881731</constraint>
            </policy-portfolio-standard>
        </region>
        <region name="Middle East">
            <negative-emissions-final-demand name="CO2">
                <policy-name>negative_emiss_budget</policy-name>
            </negative-emissions-final-demand>
            <policy-portfolio-standard name="negative_emiss_budget">
                <max-price fillout="1" year="1975">1</max-price>
                <market>Middle East</market>
                <policyType>tax</policyType>
                <constraint year="2020">19817.7858127151</constraint>
                <price-unit>%</price-unit>
                <output-unit>mil 1990$</output-unit>
                <constraint year="2025">23855.275652784</constraint>
                <constraint year="2030">28415.3670003502</constraint>
                <constraint year="2035">33265.9441132152</constraint>
                <constraint year="2040">38112.3576924332</constraint>
                <constraint year="2045">42484.8131282385</constraint>
                <constraint year="2050">46145.3898969394</constraint>
                <constraint year="2055">49341.6949052227</constraint>
                <constraint year="2060">52427.5680990582</constraint>
                <constraint year="2065">55626.9491884278</constraint>
                <constraint year="2070">58894.6635815358</constraint>
                <constraint year="2075">62440.8715547586</constraint>
                <constraint year="2080">66322.4076079046</constraint>
                <constraint year="2085">70523.4936098375</constraint>
                <constraint year="2090">75108.1130540524</constraint>
                <constraint year="2095">80066.9772832593</constraint>
                <constraint year="2100">85382.2591237651</constraint>
            </policy-portfolio-standard>
        </region>
        <region name="Pakistan">
            <negative-emissions-final-demand name="CO2">
                <policy-name>negative_emiss_budget</policy-name>
            </negative-emissions-final-demand>
            <policy-portfolio-standard name="negative_emiss_budget">
                <max-price fillout="1" year="1975">1</max-price>
                <market>Pakistan</market>
                <policyType>tax</policyType>
                <constraint year="2020">1711.43567699917</constraint>
                <price-unit>%</price-unit>
                <output-unit>mil 1990$</output-unit>
                <constraint year="2025">2112.9228204217</constraint>
                <constraint year="2030">2557.57494917403</constraint>
                <constraint year="2035">3044.4984360772</constraint>
                <constraint year="2040">3603.82527257253</constraint>
                <constraint year="2045">4229.83903729947</constraint>
                <constraint year="2050">4914.62833713908</constraint>
                <constraint year="2055">5667.20763625936</constraint>
                <constraint year="2060">6506.08339502005</constraint>
                <constraint year="2065">7455.58182078403</constraint>
                <constraint year="2070">8535.95473949501</constraint>
                <constraint year="2075">9731.37377974525</constraint>
                <constraint year="2080">11023.3268960051</constraint>
                <constraint year="2085">12406.1814444621</constraint>
                <constraint year="2090">13896.7934677798</constraint>
                <constraint year="2095">15515.3086736743</constraint>
                <constraint year="2100">17275.1845289442</constraint>
            </policy-portfolio-standard>
        </region>
        <region name="Russia">
            <negative-emissions-final-demand name="CO2">
                <policy-name>negative_emiss_budget</policy-name>
            </negative-emissions-final-demand>
            <policy-portfolio-standard name="negative_emiss_budget">
                <max-price fillout="1" year="1975">1</max-price>
                <market>Russia</market>
                <policyType>tax</policyType>
                <constraint year="2020">14548.4018485673</constraint>
                <price-unit>%</price-unit>
                <output-unit>mil 1990$</output-unit>
                <constraint year="2025">16762.7988039624</constraint>
                <constraint year="2030">18857.6245037527</constraint>
                <constraint year="2035">20729.0272215736</constraint>
                <constraint year="2040">22263.3111816286</constraint>
                <constraint year="2045">23171.4996204345</constraint>
                <constraint year="2050">23563.050180944</constraint>
                <constraint year="2055">23939.7348290754</constraint>
                <constraint year="2060">24749.9520132366</constraint>
                <constraint year="2065">25886.6102565148</constraint>
                <constraint year="2070">27152.3543386728</constraint>
                <constraint year="2075">28440.8515533423</constraint>
                <constraint year="2080">29751.9171997986</constraint>
                <constraint year="2085">30933.2330831487</constraint>
                <constraint year="2090">32208.7912632702</constraint>
                <constraint year="2095">33502.6647666002</constraint>
                <constraint year="2100">34699.6602438991</constraint>
            </policy-portfolio-standard>
        </region>
        <region name="South Africa">
            <negative-emissions-final-demand name="CO2">
                <policy-name>negative_emiss_budget</policy-name>
            </negative-emissions-final-demand>
            <policy-portfolio-standard name="negative_emiss_budget">
                <max-price fillout="1" year="1975">1</max-price>
                <market>South Africa</market>
                <policyType>tax</policyType>
                <constraint year="2020">3532.87662673133</constraint>
                <price-unit>%</price-unit>
                <output-unit>mil 1990$</output-unit>
                <constraint year="2025">4171.44020003076</constraint>
                <constraint year="2030">4735.56267124421</constraint>
                <constraint year="2035">5232.91686464146</constraint>
                <constraint year="2040">5696.13130061363</constraint>
                <constraint year="2045">6123.49696278337</constraint>
                <constraint year="2050">6531.21654351152</constraint>
                <constraint year="2055">6943.77918251968</constraint>
                <constraint year="2060">7380.36440484967</constraint>
                <constraint year="2065">7833.17767586657</constraint>
                <constraint year="2070">8304.22721659539</constraint>
                <constraint year="2075">8782.93943906355</constraint>
                <constraint year="2080">9259.59272785456</constraint>
                <constraint year="2085">9736.02288097613</constraint>
                <constraint year="2090">10210.4701693988</constraint>
                <constraint year="2095">10684.1466255088</constraint>
                <constraint year="2100">11168.0670373524</constraint>
            </policy-portfolio-standard>
        </region>
        <region name="South America_Northern">
            <negative-emissions-final-demand name="CO2">
                <policy-name>negative_emiss_budget</policy-name>
            </negative-emissions-final-demand>
            <policy-portfolio-standard name="negative_emiss_budget">
                <max-price fillout="1" year="1975">1</max-price>
                <market>South America_Northern</market>
                <policyType>tax</policyType>
                <constraint year="2020">3753.31120895525</constraint>
                <price-unit>%</price-unit>
                <output-unit>mil 1990$</output-unit>
                <constraint year="2025">4396.50883318903</constraint>
                <constraint year="2030">5187.84410649574</constraint>
                <constraint year="2035">6147.18486331841</constraint>
                <constraint year="2040">7305.05673483922</constraint>
                <constraint year="2045">8640.24228073486</constraint>
                <constraint year="2050">10061.1973251772</constraint>
                <constraint year="2055">11478.6352149013</constraint>
                <constraint year="2060">12831.9872738879</constraint>
                <constraint year="2065">14062.8196572375</constraint>
                <constraint year="2070">15167.590671943</constraint>
                <constraint year="2075">16186.395881792</constraint>
                <constraint year="2080">17151.5767513328</constraint>
                <constraint year="2085">18077.6926652129</constraint>
                <constraint year="2090">18991.3513078468</constraint>
                <constraint year="2095">19903.7912154737</constraint>
                <constraint year="2100">20828.5084468961</constraint>
            </policy-portfolio-standard>
        </region>
        <region name="South America_Southern">
            <negative-emissions-final-demand name="CO2">
                <policy-name>negative_emiss_budget</policy-name>
            </negative-emissions-final-demand>
            <policy-portfolio-standard name="negative_emiss_budget">
                <max-price fillout="1" year="1975">1</max-price>
                <market>South America_Southern</market>
                <policyType>tax</policyType>
                <constraint year="2020">5518.38674812837</constraint>
                <price-unit>%</price-unit>
                <output-unit>mil 1990$</output-unit>
                <constraint year="2025">6675.71061788664</constraint>
                <constraint year="2030">7738.16468979514</constraint>
                <constraint year="2035">8680.01813220716</constraint>
                <constraint year="2040">9627.38670045884</constraint>
                <constraint year="2045">10589.6244333106</constraint>
                <constraint year="2050">11566.9288156177</constraint>
                <constraint year="2055">12570.893653403</constraint>
                <constraint year="2060">13623.1411299803</constraint>
                <constraint year="2065">14753.4770084027</constraint>
                <constraint year="2070">15971.7658980322</constraint>
                <constraint year="2075">17278.9277892929</constraint>
                <constraint year="2080">18657.9404509904</constraint>
                <constraint year="2085">20094.3345049394</constraint>
                <constraint year="2090">21608.1570723142</constraint>
                <constraint year="2095">23210.8141076898</constraint>
                <constraint year="2100">24923.4846576312</constraint>
            </policy-portfolio-standard>
        </region>
        <region name="South Asia">
            <negative-emissions-final-demand name="CO2">
                <policy-name>negative_emiss_budget</policy-name>
            </negative-emissions-final-demand>
            <policy-portfolio-standard name="negative_emiss_budget">
                <max-price fillout="1" year="1975">1</max-price>
                <market>South Asia</market>
                <policyType>tax</policyType>
                <constraint year="2020">2298.40998438463</constraint>
                <price-unit>%</price-unit>
                <output-unit>mil 1990$</output-unit>
                <constraint year="2025">3003.82913754444</constraint>
                <constraint year="2030">3710.6139346341</constraint>
                <constraint year="2035">4376.26066148886</constraint>
                <constraint year="2040">5080.66105052708</constraint>
                <constraint year="2045">5819.17128737857</constraint>
                <constraint year="2050">6598.71021794886</constraint>
                <constraint year="2055">7442.33441183631</constraint>
                <constraint year="2060">8372.25980198684</constraint>
                <constraint year="2065">9395.7646142875</constraint>
                <constraint year="2070">10527.1584220903</constraint>
                <constraint year="2075">11782.7820769037</constraint>
                <constraint year="2080">13145.288463271</constraint>
                <constraint year="2085">14614.9182095275</constraint>
                <constraint year="2090">16207.0340286233</constraint>
                <constraint year="2095">17938.3924028283</constraint>
                <constraint year="2100">19823.4716578336</constraint>
            </policy-portfolio-standard>
        </region>
        <region name="South Korea">
            <negative-emissions-final-demand name="CO2">
                <policy-name>negative_emiss_budget</policy-name>
            </negative-emissions-final-demand>
            <policy-portfolio-standard name="negative_emiss_budget">
                <max-price fillout="1" year="1975">1</max-price>
                <market>South Korea</market>
                <policyType>tax</policyType>
                <constraint year="2020">10340.1001226033</constraint>
                <price-unit>%</price-unit>
                <output-unit>mil 1990$</output-unit>
                <constraint year="2025">11847.1647822971</constraint>
                <constraint year="2030">13085.0994300773</constraint>
                <constraint year="2035">13987.7749148325</constraint>
                <constraint year="2040">14596.6244458058</constraint>
                <constraint year="2045">14943.2312793308</constraint>
                <constraint year="2050">15022.8672193659</constraint>
                <constraint year="2055">14952.5619505944</constraint>
                <constraint year="2060">14664.8088590117</constraint>
                <constraint year="2065">14272.5872324609</constraint>
                <constraint year="2070">13867.3398357746</constraint>
                <constraint year="2075">13361.7016315734</constraint>
                <constraint year="2080">12842.3981208935</constraint>
                <constraint year="2085">12278.8736784487</constraint>
                <constraint year="2090">11690.4893104578</constraint>
                <constraint year="2095">11099.5140003586</constraint>
                <constraint year="2100">10516.1912618875</constraint>
            </policy-portfolio-standard>
        </region>
        <region name="Southeast Asia">
            <negative-emissions-final-demand name="CO2">
                <policy-name>negative_emiss_budget</policy-name>
            </negative-emissions-final-demand>
            <policy-portfolio-standard name="negative_emiss_budget">
                <max-price fillout="1" year="1975">1</max-price>
                <market>Southeast Asia</market>
                <policyType>tax</policyType>
                <constraint year="2020">13619.8091610658</constraint>
                <price-unit>%</price-unit>
                <output-unit>mil 1990$</output-unit>
                <constraint year="2025">16650.2653785421</constraint>
                <constraint year="2030">19545.1655427834</constraint>
                <constraint year="2035">22169.1421774002</constraint>
                <constraint year="2040">24815.112134792</constraint>
                <constraint year="2045">27476.6945007737</constraint>
                <constraint year="2050">30148.9775063508</constraint>
                <constraint year="2055">32936.1608223373</constraint>
                <constraint year="2060">35882.9020770119</constraint>
                <constraint year="2065">39052.9797136677</constraint>
                <constraint year="2070">42449.2179994768</constraint>
                <constraint year="2075">46087.6328097679</constraint>
                <constraint year="2080">49906.480576974</constraint>
                <constraint year="2085">53861.3492612664</constraint>
                <constraint year="2090">57993.8617193662</constraint>
                <constraint year="2095">62340.9746274498</constraint>
                <constraint year="2100">66957.3489576142</constraint>
            </policy-portfolio-standard>
        </region>
        <region name="Taiwan">
            <negative-emissions-final-demand name="CO2">
                <policy-name>negative_emiss_budget</policy-name>
            </negative-emissions-final-demand>
            <policy-portfolio-standard name="negative_emiss_budget">
                <max-price fillout="1" year="1975">1</max-price>
                <market>Taiwan</market>
                <policyType>tax</policyType>
                <constraint year="2020">3977.67892114164</constraint>
                <price-unit>%</price-unit>
                <output-unit>mil 1990$</output-unit>
                <constraint year="2025">4324.62067920844</constraint>
                <constraint year="2030">4503.29818887884</constraint>
                <constraint year="2035">4612.89907198622</constraint>
                <constraint year="2040">4680.85812312895</constraint>
                <constraint year="2045">4683.52684838007</constraint>
                <constraint year="2050">4620.86787063523</constraint>
                <constraint year="2055">4517.92758752435</constraint>
                <constraint year="2060">4428.70470171266</constraint>
                <constraint year="2065">4522.30070873417</constraint>
                <constraint year="2070">4660.15868273579</constraint>
                <constraint year="2075">4811.96952979404</constraint>
                <constraint year="2080">4952.55229470332</constraint>
                <constraint year="2085">5065.34144481238</constraint>
                <constraint year="2090">5161.63234105807</constraint>
                <constraint year="2095">5246.47089252863</constraint>
                <constraint year="2100">5333.2455780049</constraint>
            </policy-portfolio-standard>
        </region>
        <region name="Argentina">
            <negative-emissions-final-demand name="CO2">
                <policy-name>negative_emiss_budget</policy-name>
            </negative-emissions-final-demand>
            <policy-portfolio-standard name="negative_emiss_budget">
                <max-price fillout="1" year="1975">1</max-price>
                <market>Argentina</market>
                <policyType>tax</policyType>
                <constraint year="2020">4625.10937312388</constraint>
                <price-unit>%</price-unit>
                <output-unit>mil 1990$</output-unit>
                <constraint year="2025">5394.59946545035</constraint>
                <constraint year="2030">6092.93581618067</constraint>
                <constraint year="2035">6708.63877898979</constraint>
                <constraint year="2040">7260.54891417567</constraint>
                <constraint year="2045">7752.66350429032</constraint>
                <constraint year="2050">8245.59656044931</constraint>
                <constraint year="2055">8749.98814122897</constraint>
                <constraint year="2060">9284.82665885787</constraint>
                <constraint year="2065">9863.42934794123</constraint>
                <constraint year="2070">10483.2457626764</constraint>
                <constraint year="2075">11127.1673225237</constraint>
                <constraint year="2080">11779.9547177803</constraint>
                <constraint year="2085">12432.3830440626</constraint>
                <constraint year="2090">13094.3319785897</constraint>
                <constraint year="2095">13769.3552481217</constraint>
                <constraint year="2100">14466.7147200249</constraint>
            </policy-portfolio-standard>
        </region>
        <region name="Colombia">
            <negative-emissions-final-demand name="CO2">
                <policy-name>negative_emiss_budget</policy-name>
            </negative-emissions-final-demand>
            <policy-portfolio-standard name="negative_emiss_budget">
                <max-price fillout="1" year="1975">1</max-price>
                <market>Colombia</market>
                <policyType>tax</policyType>
                <constraint year="2020">2955.28214903448</constraint>
                <price-unit>%</price-unit>
                <output-unit>mil 1990$</output-unit>
                <constraint year="2025">3407.99479427091</constraint>
                <constraint year="2030">3862.91099560947</constraint>
                <constraint year="2035">4283.87218147492</constraint>
                <constraint year="2040">4717.85218895034</constraint>
                <constraint year="2045">5155.49675361968</constraint>
                <constraint year="2050">5603.83121736653</constraint>
                <constraint year="2055">6077.80793789924</constraint>
                <constraint year="2060">6585.9662978368</constraint>
                <constraint year="2065">7140.08591984332</constraint>
                <constraint year="2070">7742.78985538393</constraint>
                <constraint year="2075">8392.29886550528</constraint>
                <constraint year="2080">9082.20961868956</constraint>
                <constraint year="2085">9804.0839898192</constraint>
                <constraint year="2090">10563.640616831</constraint>
                <constraint year="2095">11362.2729958159</constraint>
                <constraint year="2100">12205.0006057723</constraint>
            </policy-portfolio-standard>
        </region>
    </world>
</scenario>
