<?xml version="1.0" encoding="UTF-8"?>
<scenario>
    <world>
        <global-technology-database>
            <location-info sector-name="regional biomass" subsector-name="regional biomass">
                <technology name="regional biomass">
                    <period year="1975">
                        <ctax-input name="negative_emiss_budget">
                            <fuel-name>regional biomass</fuel-name>
                        </ctax-input>
                    </period>
                    <period year="1990">
                        <ctax-input name="negative_emiss_budget">
                            <fuel-name>regional biomass</fuel-name>
                        </ctax-input>
                    </period>
                    <period year="2005">
                        <ctax-input name="negative_emiss_budget">
                            <fuel-name>regional biomass</fuel-name>
                        </ctax-input>
                    </period>
                    <period year="2010">
                        <ctax-input name="negative_emiss_budget">
                            <fuel-name>regional biomass</fuel-name>
                        </ctax-input>
                    </period>
                    <period year="2015">
                        <ctax-input name="negative_emiss_budget">
                            <fuel-name>regional biomass</fuel-name>
                        </ctax-input>
                    </period>
                    <period year="2020">
                        <ctax-input name="negative_emiss_budget">
                            <fuel-name>regional biomass</fuel-name>
                        </ctax-input>
                    </period>
                    <period year="2025">
                        <ctax-input name="negative_emiss_budget">
                            <fuel-name>regional biomass</fuel-name>
                        </ctax-input>
                    </period>
                    <period year="2030">
                        <ctax-input name="negative_emiss_budget">
                            <fuel-name>regional biomass</fuel-name>
                        </ctax-input>
                    </period>
                    <period year="2035">
                        <ctax-input name="negative_emiss_budget">
                            <fuel-name>regional biomass</fuel-name>
                        </ctax-input>
                    </period>
                    <period year="2040">
                        <ctax-input name="negative_emiss_budget">
                            <fuel-name>regional biomass</fuel-name>
                        </ctax-input>
                    </period>
                    <period year="2045">
                        <ctax-input name="negative_emiss_budget">
                            <fuel-name>regional biomass</fuel-name>
                        </ctax-input>
                    </period>
                    <period year="2050">
                        <ctax-input name="negative_emiss_budget">
                            <fuel-name>regional biomass</fuel-name>
                        </ctax-input>
                    </period>
                    <period year="2055">
                        <ctax-input name="negative_emiss_budget">
                            <fuel-name>regional biomass</fuel-name>
                        </ctax-input>
                    </period>
                    <period year="2060">
                        <ctax-input name="negative_emiss_budget">
                            <fuel-name>regional biomass</fuel-name>
                        </ctax-input>
                    </period>
                    <period year="2065">
                        <ctax-input name="negative_emiss_budget">
                            <fuel-name>regional biomass</fuel-name>
                        </ctax-input>
                    </period>
                    <period year="2070">
                        <ctax-input name="negative_emiss_budget">
                            <fuel-name>regional biomass</fuel-name>
                        </ctax-input>
                    </period>
                    <period year="2075">
                        <ctax-input name="negative_emiss_budget">
                            <fuel-name>regional biomass</fuel-name>
                        </ctax-input>
                    </period>
                    <period year="2080">
                        <ctax-input name="negative_emiss_budget">
                            <fuel-name>regional biomass</fuel-name>
                        </ctax-input>
                    </period>
                    <period year="2085">
                        <ctax-input name="negative_emiss_budget">
                            <fuel-name>regional biomass</fuel-name>
                        </ctax-input>
                    </period>
                    <period year="2090">
                        <ctax-input name="negative_emiss_budget">
                            <fuel-name>regional biomass</fuel-name>
                        </ctax-input>
                    </period>
                    <period year="2095">
                        <ctax-input name="negative_emiss_budget">
                            <fuel-name>regional biomass</fuel-name>
                        </ctax-input>
                    </period>
                    <period year="2100">
                        <ctax-input name="negative_emiss_budget">
                            <fuel-name>regional biomass</fuel-name>
                        </ctax-input>
                    </period>
                </technology>
            </location-info>
            <location-info sector-name="regional corn for ethanol" subsector-name="regional corn for ethanol">
                <technology name="regional corn for ethanol">
                    <period year="1975">
                        <ctax-input name="negative_emiss_budget">
                            <fuel-name>regional corn for ethanol</fuel-name>
                        </ctax-input>
                    </period>
                    <period year="1990">
                        <ctax-input name="negative_emiss_budget">
                            <fuel-name>regional corn for ethanol</fuel-name>
                        </ctax-input>
                    </period>
                    <period year="2005">
                        <ctax-input name="negative_emiss_budget">
                            <fuel-name>regional corn for ethanol</fuel-name>
                        </ctax-input>
                    </period>
                    <period year="2010">
                        <ctax-input name="negative_emiss_budget">
                            <fuel-name>regional corn for ethanol</fuel-name>
                        </ctax-input>
                    </period>
                    <period year="2015">
                        <ctax-input name="negative_emiss_budget">
                            <fuel-name>regional corn for ethanol</fuel-name>
                        </ctax-input>
                    </period>
                    <period year="2020">
                        <ctax-input name="negative_emiss_budget">
                            <fuel-name>regional corn for ethanol</fuel-name>
                        </ctax-input>
                    </period>
                    <period year="2025">
                        <ctax-input name="negative_emiss_budget">
                            <fuel-name>regional corn for ethanol</fuel-name>
                        </ctax-input>
                    </period>
                    <period year="2030">
                        <ctax-input name="negative_emiss_budget">
                            <fuel-name>regional corn for ethanol</fuel-name>
                        </ctax-input>
                    </period>
                    <period year="2035">
                        <ctax-input name="negative_emiss_budget">
                            <fuel-name>regional corn for ethanol</fuel-name>
                        </ctax-input>
                    </period>
                    <period year="2040">
                        <ctax-input name="negative_emiss_budget">
                            <fuel-name>regional corn for ethanol</fuel-name>
                        </ctax-input>
                    </period>
                    <period year="2045">
                        <ctax-input name="negative_emiss_budget">
                            <fuel-name>regional corn for ethanol</fuel-name>
                        </ctax-input>
                    </period>
                    <period year="2050">
                        <ctax-input name="negative_emiss_budget">
                            <fuel-name>regional corn for ethanol</fuel-name>
                        </ctax-input>
                    </period>
                    <period year="2055">
                        <ctax-input name="negative_emiss_budget">
                            <fuel-name>regional corn for ethanol</fuel-name>
                        </ctax-input>
                    </period>
                    <period year="2060">
                        <ctax-input name="negative_emiss_budget">
                            <fuel-name>regional corn for ethanol</fuel-name>
                        </ctax-input>
                    </period>
                    <period year="2065">
                        <ctax-input name="negative_emiss_budget">
                            <fuel-name>regional corn for ethanol</fuel-name>
                        </ctax-input>
                    </period>
                    <period year="2070">
                        <ctax-input name="negative_emiss_budget">
                            <fuel-name>regional corn for ethanol</fuel-name>
                        </ctax-input>
                    </period>
                    <period year="2075">
                        <ctax-input name="negative_emiss_budget">
                            <fuel-name>regional corn for ethanol</fuel-name>
                        </ctax-input>
                    </period>
                    <period year="2080">
                        <ctax-input name="negative_emiss_budget">
                            <fuel-name>regional corn for ethanol</fuel-name>
                        </ctax-input>
                    </period>
                    <period year="2085">
                        <ctax-input name="negative_emiss_budget">
                            <fuel-name>regional corn for ethanol</fuel-name>
                        </ctax-input>
                    </period>
                    <period year="2090">
                        <ctax-input name="negative_emiss_budget">
                            <fuel-name>regional corn for ethanol</fuel-name>
                        </ctax-input>
                    </period>
                    <period year="2095">
                        <ctax-input name="negative_emiss_budget">
                            <fuel-name>regional corn for ethanol</fuel-name>
                        </ctax-input>
                    </period>
                    <period year="2100">
                        <ctax-input name="negative_emiss_budget">
                            <fuel-name>regional corn for ethanol</fuel-name>
                        </ctax-input>
                    </period>
                </technology>
            </location-info>
            <location-info sector-name="regional sugar for ethanol" subsector-name="regional sugar for ethanol">
                <technology name="regional sugar for ethanol">
                    <period year="1975">
                        <ctax-input name="negative_emiss_budget">
                            <fuel-name>regional sugar for ethanol</fuel-name>
                        </ctax-input>
                    </period>
                    <period year="1990">
                        <ctax-input name="negative_emiss_budget">
                            <fuel-name>regional sugar for ethanol</fuel-name>
                        </ctax-input>
                    </period>
                    <period year="2005">
                        <ctax-input name="negative_emiss_budget">
                            <fuel-name>regional sugar for ethanol</fuel-name>
                        </ctax-input>
                    </period>
                    <period year="2010">
                        <ctax-input name="negative_emiss_budget">
                            <fuel-name>regional sugar for ethanol</fuel-name>
                        </ctax-input>
                    </period>
                    <period year="2015">
                        <ctax-input name="negative_emiss_budget">
                            <fuel-name>regional sugar for ethanol</fuel-name>
                        </ctax-input>
                    </period>
                    <period year="2020">
                        <ctax-input name="negative_emiss_budget">
                            <fuel-name>regional sugar for ethanol</fuel-name>
                        </ctax-input>
                    </period>
                    <period year="2025">
                        <ctax-input name="negative_emiss_budget">
                            <fuel-name>regional sugar for ethanol</fuel-name>
                        </ctax-input>
                    </period>
                    <period year="2030">
                        <ctax-input name="negative_emiss_budget">
                            <fuel-name>regional sugar for ethanol</fuel-name>
                        </ctax-input>
                    </period>
                    <period year="2035">
                        <ctax-input name="negative_emiss_budget">
                            <fuel-name>regional sugar for ethanol</fuel-name>
                        </ctax-input>
                    </period>
                    <period year="2040">
                        <ctax-input name="negative_emiss_budget">
                            <fuel-name>regional sugar for ethanol</fuel-name>
                        </ctax-input>
                    </period>
                    <period year="2045">
                        <ctax-input name="negative_emiss_budget">
                            <fuel-name>regional sugar for ethanol</fuel-name>
                        </ctax-input>
                    </period>
                    <period year="2050">
                        <ctax-input name="negative_emiss_budget">
                            <fuel-name>regional sugar for ethanol</fuel-name>
                        </ctax-input>
                    </period>
                    <period year="2055">
                        <ctax-input name="negative_emiss_budget">
                            <fuel-name>regional sugar for ethanol</fuel-name>
                        </ctax-input>
                    </period>
                    <period year="2060">
                        <ctax-input name="negative_emiss_budget">
                            <fuel-name>regional sugar for ethanol</fuel-name>
                        </ctax-input>
                    </period>
                    <period year="2065">
                        <ctax-input name="negative_emiss_budget">
                            <fuel-name>regional sugar for ethanol</fuel-name>
                        </ctax-input>
                    </period>
                    <period year="2070">
                        <ctax-input name="negative_emiss_budget">
                            <fuel-name>regional sugar for ethanol</fuel-name>
                        </ctax-input>
                    </period>
                    <period year="2075">
                        <ctax-input name="negative_emiss_budget">
                            <fuel-name>regional sugar for ethanol</fuel-name>
                        </ctax-input>
                    </period>
                    <period year="2080">
                        <ctax-input name="negative_emiss_budget">
                            <fuel-name>regional sugar for ethanol</fuel-name>
                        </ctax-input>
                    </period>
                    <period year="2085">
                        <ctax-input name="negative_emiss_budget">
                            <fuel-name>regional sugar for ethanol</fuel-name>
                        </ctax-input>
                    </period>
                    <period year="2090">
                        <ctax-input name="negative_emiss_budget">
                            <fuel-name>regional sugar for ethanol</fuel-name>
                        </ctax-input>
                    </period>
                    <period year="2095">
                        <ctax-input name="negative_emiss_budget">
                            <fuel-name>regional sugar for ethanol</fuel-name>
                        </ctax-input>
                    </period>
                    <period year="2100">
                        <ctax-input name="negative_emiss_budget">
                            <fuel-name>regional sugar for ethanol</fuel-name>
                        </ctax-input>
                    </period>
                </technology>
            </location-info>
            <location-info sector-name="regional biomassOil" subsector-name="regional biomassOil">
                <technology name="biomassOil">
                    <period year="1975">
                        <ctax-input name="negative_emiss_budget">
                            <fuel-name>regional biomassOil</fuel-name>
                        </ctax-input>
                    </period>
                    <period year="1990">
                        <ctax-input name="negative_emiss_budget">
                            <fuel-name>regional biomassOil</fuel-name>
                        </ctax-input>
                    </period>
                    <period year="2005">
                        <ctax-input name="negative_emiss_budget">
                            <fuel-name>regional biomassOil</fuel-name>
                        </ctax-input>
                    </period>
                    <period year="2010">
                        <ctax-input name="negative_emiss_budget">
                            <fuel-name>regional biomassOil</fuel-name>
                        </ctax-input>
                    </period>
                    <period year="2015">
                        <ctax-input name="negative_emiss_budget">
                            <fuel-name>regional biomassOil</fuel-name>
                        </ctax-input>
                    </period>
                    <period year="2020">
                        <ctax-input name="negative_emiss_budget">
                            <fuel-name>regional biomassOil</fuel-name>
                        </ctax-input>
                    </period>
                    <period year="2025">
                        <ctax-input name="negative_emiss_budget">
                            <fuel-name>regional biomassOil</fuel-name>
                        </ctax-input>
                    </period>
                    <period year="2030">
                        <ctax-input name="negative_emiss_budget">
                            <fuel-name>regional biomassOil</fuel-name>
                        </ctax-input>
                    </period>
                    <period year="2035">
                        <ctax-input name="negative_emiss_budget">
                            <fuel-name>regional biomassOil</fuel-name>
                        </ctax-input>
                    </period>
                    <period year="2040">
                        <ctax-input name="negative_emiss_budget">
                            <fuel-name>regional biomassOil</fuel-name>
                        </ctax-input>
                    </period>
                    <period year="2045">
                        <ctax-input name="negative_emiss_budget">
                            <fuel-name>regional biomassOil</fuel-name>
                        </ctax-input>
                    </period>
                    <period year="2050">
                        <ctax-input name="negative_emiss_budget">
                            <fuel-name>regional biomassOil</fuel-name>
                        </ctax-input>
                    </period>
                    <period year="2055">
                        <ctax-input name="negative_emiss_budget">
                            <fuel-name>regional biomassOil</fuel-name>
                        </ctax-input>
                    </period>
                    <period year="2060">
                        <ctax-input name="negative_emiss_budget">
                            <fuel-name>regional biomassOil</fuel-name>
                        </ctax-input>
                    </period>
                    <period year="2065">
                        <ctax-input name="negative_emiss_budget">
                            <fuel-name>regional biomassOil</fuel-name>
                        </ctax-input>
                    </period>
                    <period year="2070">
                        <ctax-input name="negative_emiss_budget">
                            <fuel-name>regional biomassOil</fuel-name>
                        </ctax-input>
                    </period>
                    <period year="2075">
                        <ctax-input name="negative_emiss_budget">
                            <fuel-name>regional biomassOil</fuel-name>
                        </ctax-input>
                    </period>
                    <period year="2080">
                        <ctax-input name="negative_emiss_budget">
                            <fuel-name>regional biomassOil</fuel-name>
                        </ctax-input>
                    </period>
                    <period year="2085">
                        <ctax-input name="negative_emiss_budget">
                            <fuel-name>regional biomassOil</fuel-name>
                        </ctax-input>
                    </period>
                    <period year="2090">
                        <ctax-input name="negative_emiss_budget">
                            <fuel-name>regional biomassOil</fuel-name>
                        </ctax-input>
                    </period>
                    <period year="2095">
                        <ctax-input name="negative_emiss_budget">
                            <fuel-name>regional biomassOil</fuel-name>
                        </ctax-input>
                    </period>
                    <period year="2100">
                        <ctax-input name="negative_emiss_budget">
                            <fuel-name>regional biomassOil</fuel-name>
                        </ctax-input>
                    </period>
                </technology>
                <technology name="OilCrop">
                    <period year="1975">
                        <ctax-input name="negative_emiss_budget">
                            <fuel-name>regional biomassOil</fuel-name>
                        </ctax-input>
                    </period>
                    <period year="1990">
                        <ctax-input name="negative_emiss_budget">
                            <fuel-name>regional biomassOil</fuel-name>
                        </ctax-input>
                    </period>
                    <period year="2005">
                        <ctax-input name="negative_emiss_budget">
                            <fuel-name>regional biomassOil</fuel-name>
                        </ctax-input>
                    </period>
                    <period year="2010">
                        <ctax-input name="negative_emiss_budget">
                            <fuel-name>regional biomassOil</fuel-name>
                        </ctax-input>
                    </period>
                    <period year="2015">
                        <ctax-input name="negative_emiss_budget">
                            <fuel-name>regional biomassOil</fuel-name>
                        </ctax-input>
                    </period>
                    <period year="2020">
                        <ctax-input name="negative_emiss_budget">
                            <fuel-name>regional biomassOil</fuel-name>
                        </ctax-input>
                    </period>
                    <period year="2025">
                        <ctax-input name="negative_emiss_budget">
                            <fuel-name>regional biomassOil</fuel-name>
                        </ctax-input>
                    </period>
                    <period year="2030">
                        <ctax-input name="negative_emiss_budget">
                            <fuel-name>regional biomassOil</fuel-name>
                        </ctax-input>
                    </period>
                    <period year="2035">
                        <ctax-input name="negative_emiss_budget">
                            <fuel-name>regional biomassOil</fuel-name>
                        </ctax-input>
                    </period>
                    <period year="2040">
                        <ctax-input name="negative_emiss_budget">
                            <fuel-name>regional biomassOil</fuel-name>
                        </ctax-input>
                    </period>
                    <period year="2045">
                        <ctax-input name="negative_emiss_budget">
                            <fuel-name>regional biomassOil</fuel-name>
                        </ctax-input>
                    </period>
                    <period year="2050">
                        <ctax-input name="negative_emiss_budget">
                            <fuel-name>regional biomassOil</fuel-name>
                        </ctax-input>
                    </period>
                    <period year="2055">
                        <ctax-input name="negative_emiss_budget">
                            <fuel-name>regional biomassOil</fuel-name>
                        </ctax-input>
                    </period>
                    <period year="2060">
                        <ctax-input name="negative_emiss_budget">
                            <fuel-name>regional biomassOil</fuel-name>
                        </ctax-input>
                    </period>
                    <period year="2065">
                        <ctax-input name="negative_emiss_budget">
                            <fuel-name>regional biomassOil</fuel-name>
                        </ctax-input>
                    </period>
                    <period year="2070">
                        <ctax-input name="negative_emiss_budget">
                            <fuel-name>regional biomassOil</fuel-name>
                        </ctax-input>
                    </period>
                    <period year="2075">
                        <ctax-input name="negative_emiss_budget">
                            <fuel-name>regional biomassOil</fuel-name>
                        </ctax-input>
                    </period>
                    <period year="2080">
                        <ctax-input name="negative_emiss_budget">
                            <fuel-name>regional biomassOil</fuel-name>
                        </ctax-input>
                    </period>
                    <period year="2085">
                        <ctax-input name="negative_emiss_budget">
                            <fuel-name>regional biomassOil</fuel-name>
                        </ctax-input>
                    </period>
                    <period year="2090">
                        <ctax-input name="negative_emiss_budget">
                            <fuel-name>regional biomassOil</fuel-name>
                        </ctax-input>
                    </period>
                    <period year="2095">
                        <ctax-input name="negative_emiss_budget">
                            <fuel-name>regional biomassOil</fuel-name>
                        </ctax-input>
                    </period>
                    <period year="2100">
                        <ctax-input name="negative_emiss_budget">
                            <fuel-name>regional biomassOil</fuel-name>
                        </ctax-input>
                    </period>
                </technology>
                <technology name="PalmFruit">
                    <period year="1975">
                        <ctax-input name="negative_emiss_budget">
                            <fuel-name>regional biomassOil</fuel-name>
                        </ctax-input>
                    </period>
                    <period year="1990">
                        <ctax-input name="negative_emiss_budget">
                            <fuel-name>regional biomassOil</fuel-name>
                        </ctax-input>
                    </period>
                    <period year="2005">
                        <ctax-input name="negative_emiss_budget">
                            <fuel-name>regional biomassOil</fuel-name>
                        </ctax-input>
                    </period>
                    <period year="2010">
                        <ctax-input name="negative_emiss_budget">
                            <fuel-name>regional biomassOil</fuel-name>
                        </ctax-input>
                    </period>
                    <period year="2015">
                        <ctax-input name="negative_emiss_budget">
                            <fuel-name>regional biomassOil</fuel-name>
                        </ctax-input>
                    </period>
                    <period year="2020">
                        <ctax-input name="negative_emiss_budget">
                            <fuel-name>regional biomassOil</fuel-name>
                        </ctax-input>
                    </period>
                    <period year="2025">
                        <ctax-input name="negative_emiss_budget">
                            <fuel-name>regional biomassOil</fuel-name>
                        </ctax-input>
                    </period>
                    <period year="2030">
                        <ctax-input name="negative_emiss_budget">
                            <fuel-name>regional biomassOil</fuel-name>
                        </ctax-input>
                    </period>
                    <period year="2035">
                        <ctax-input name="negative_emiss_budget">
                            <fuel-name>regional biomassOil</fuel-name>
                        </ctax-input>
                    </period>
                    <period year="2040">
                        <ctax-input name="negative_emiss_budget">
                            <fuel-name>regional biomassOil</fuel-name>
                        </ctax-input>
                    </period>
                    <period year="2045">
                        <ctax-input name="negative_emiss_budget">
                            <fuel-name>regional biomassOil</fuel-name>
                        </ctax-input>
                    </period>
                    <period year="2050">
                        <ctax-input name="negative_emiss_budget">
                            <fuel-name>regional biomassOil</fuel-name>
                        </ctax-input>
                    </period>
                    <period year="2055">
                        <ctax-input name="negative_emiss_budget">
                            <fuel-name>regional biomassOil</fuel-name>
                        </ctax-input>
                    </period>
                    <period year="2060">
                        <ctax-input name="negative_emiss_budget">
                            <fuel-name>regional biomassOil</fuel-name>
                        </ctax-input>
                    </period>
                    <period year="2065">
                        <ctax-input name="negative_emiss_budget">
                            <fuel-name>regional biomassOil</fuel-name>
                        </ctax-input>
                    </period>
                    <period year="2070">
                        <ctax-input name="negative_emiss_budget">
                            <fuel-name>regional biomassOil</fuel-name>
                        </ctax-input>
                    </period>
                    <period year="2075">
                        <ctax-input name="negative_emiss_budget">
                            <fuel-name>regional biomassOil</fuel-name>
                        </ctax-input>
                    </period>
                    <period year="2080">
                        <ctax-input name="negative_emiss_budget">
                            <fuel-name>regional biomassOil</fuel-name>
                        </ctax-input>
                    </period>
                    <period year="2085">
                        <ctax-input name="negative_emiss_budget">
                            <fuel-name>regional biomassOil</fuel-name>
                        </ctax-input>
                    </period>
                    <period year="2090">
                        <ctax-input name="negative_emiss_budget">
                            <fuel-name>regional biomassOil</fuel-name>
                        </ctax-input>
                    </period>
                    <period year="2095">
                        <ctax-input name="negative_emiss_budget">
                            <fuel-name>regional biomassOil</fuel-name>
                        </ctax-input>
                    </period>
                    <period year="2100">
                        <ctax-input name="negative_emiss_budget">
                            <fuel-name>regional biomassOil</fuel-name>
                        </ctax-input>
                    </period>
                </technology>
            </location-info>
        </global-technology-database>
        <region name="USA">
            <negative-emissions-final-demand name="CO2">
                <policy-name>negative_emiss_budget</policy-name>
            </negative-emissions-final-demand>
            <policy-portfolio-standard name="negative_emiss_budget">
                <max-price fillout="1" year="1975">1</max-price>
                <market>USA</market>
                <policyType>tax</policyType>
                <constraint year="2020">130208.126339075</constraint>
                <price-unit>%</price-unit>
                <output-unit>mil 1990$</output-unit>
                <constraint year="2025">148249.660961191</constraint>
                <constraint year="2030">166772.482065425</constraint>
                <constraint year="2035">185329.404494143</constraint>
                <constraint year="2040">203131.096659515</constraint>
                <constraint year="2045">219884.471502455</constraint>
                <constraint year="2050">235147.435644841</constraint>
                <constraint year="2055">250115.590286408</constraint>
                <constraint year="2060">265595.128813004</constraint>
                <constraint year="2065">281817.402345814</constraint>
                <constraint year="2070">297699.183899038</constraint>
                <constraint year="2075">313176.539155192</constraint>
                <constraint year="2080">328899.05528467</constraint>
                <constraint year="2085">344081.094883883</constraint>
                <constraint year="2090">358887.037819793</constraint>
                <constraint year="2095">373239.978579937</constraint>
                <constraint year="2100">386789.951755198</constraint>
            </policy-portfolio-standard>
        </region>
        <region name="Africa_Eastern">
            <negative-emissions-final-demand name="CO2">
                <policy-name>negative_emiss_budget</policy-name>
            </negative-emissions-final-demand>
            <policy-portfolio-standard name="negative_emiss_budget">
                <max-price fillout="1" year="1975">1</max-price>
                <market>Africa_Eastern</market>
                <policyType>tax</policyType>
                <constraint year="2020">1975.84834182633</constraint>
                <price-unit>%</price-unit>
                <output-unit>mil 1990$</output-unit>
                <constraint year="2025">2761.47061876334</constraint>
                <constraint year="2030">3984.51523839747</constraint>
                <constraint year="2035">5828.85897981388</constraint>
                <constraint year="2040">8458.31023965809</constraint>
                <constraint year="2045">12051.8933881312</constraint>
                <constraint year="2050">16766.2174021694</constraint>
                <constraint year="2055">22724.7379309476</constraint>
                <constraint year="2060">29979.8559508199</constraint>
                <constraint year="2065">38475.5131802199</constraint>
                <constraint year="2070">48058.9811294348</constraint>
                <constraint year="2075">58537.4557389397</constraint>
                <constraint year="2080">69698.4749336939</constraint>
                <constraint year="2085">81320.7645489323</constraint>
                <constraint year="2090">93146.6645526789</constraint>
                <constraint year="2095">104937.075016969</constraint>
                <constraint year="2100">116364.897506729</constraint>
            </policy-portfolio-standard>
        </region>
        <region name="Africa_Northern">
            <negative-emissions-final-demand name="CO2">
                <policy-name>negative_emiss_budget</policy-name>
            </negative-emissions-final-demand>
            <policy-portfolio-standard name="negative_emiss_budget">
                <max-price fillout="1" year="1975">1</max-price>
                <market>Africa_Northern</market>
                <policyType>tax</policyType>
                <constraint year="2020">5975.3814022243</constraint>
                <price-unit>%</price-unit>
                <output-unit>mil 1990$</output-unit>
                <constraint year="2025">7776.00575551204</constraint>
                <constraint year="2030">10100.9813388397</constraint>
                <constraint year="2035">12944.5707947174</constraint>
                <constraint year="2040">16162.7027017312</constraint>
                <constraint year="2045">19616.6329184239</constraint>
                <constraint year="2050">23141.6519395191</constraint>
                <constraint year="2055">26732.9581298986</constraint>
                <constraint year="2060">30381.3732087694</constraint>
                <constraint year="2065">34003.852747642</constraint>
                <constraint year="2070">37365.3887680835</constraint>
                <constraint year="2075">40364.6399276598</constraint>
                <constraint year="2080">43047.5908297745</constraint>
                <constraint year="2085">45437.0156894413</constraint>
                <constraint year="2090">47590.4968483039</constraint>
                <constraint year="2095">49501.0406204289</constraint>
                <constraint year="2100">51024.3519057481</constraint>
            </policy-portfolio-standard>
        </region>
        <region name="Africa_Southern">
            <negative-emissions-final-demand name="CO2">
                <policy-name>negative_emiss_budget</policy-name>
            </negative-emissions-final-demand>
            <policy-portfolio-standard name="negative_emiss_budget">
                <max-price fillout="1" year="1975">1</max-price>
                <market>Africa_Southern</market>
                <policyType>tax</policyType>
                <constraint year="2020">2030.13062323103</constraint>
                <price-unit>%</price-unit>
                <output-unit>mil 1990$</output-unit>
                <constraint year="2025">2676.63630471044</constraint>
                <constraint year="2030">3581.17999341636</constraint>
                <constraint year="2035">4858.5289101835</constraint>
                <constraint year="2040">6655.75038570206</constraint>
                <constraint year="2045">9119.14064847502</constraint>
                <constraint year="2050">12377.6053047351</constraint>
                <constraint year="2055">16517.8752069676</constraint>
                <constraint year="2060">21582.723847089</constraint>
                <constraint year="2065">27546.0652916939</constraint>
                <constraint year="2070">34306.5404262155</constraint>
                <constraint year="2075">41696.0081507754</constraint>
                <constraint year="2080">49636.7277572128</constraint>
                <constraint year="2085">57952.2710650839</constraint>
                <constraint year="2090">66446.2610267712</constraint>
                <constraint year="2095">74933.678476286</constraint>
                <constraint year="2100">83173.0550316372</constraint>
            </policy-portfolio-standard>
        </region>
        <region name="Africa_Western">
            <negative-emissions-final-demand name="CO2">
                <policy-name>negative_emiss_budget</policy-name>
            </negative-emissions-final-demand>
            <policy-portfolio-standard name="negative_emiss_budget">
                <max-price fillout="1" year="1975">1</max-price>
                <market>Africa_Western</market>
                <policyType>tax</policyType>
                <constraint year="2020">6933.47374765661</constraint>
                <price-unit>%</price-unit>
                <output-unit>mil 1990$</output-unit>
                <constraint year="2025">9892.9547057832</constraint>
                <constraint year="2030">14443.3189740291</constraint>
                <constraint year="2035">21093.1637022499</constraint>
                <constraint year="2040">30354.614384144</constraint>
                <constraint year="2045">42748.1162207313</constraint>
                <constraint year="2050">58714.5325886833</constraint>
                <constraint year="2055">78672.7688627581</constraint>
                <constraint year="2060">102871.303878326</constraint>
                <constraint year="2065">131229.959063231</constraint>
                <constraint year="2070">163257.153270681</constraint>
                <constraint year="2075">198286.539357129</constraint>
                <constraint year="2080">235926.007662554</constraint>
                <constraint year="2085">275400.249528372</constraint>
                <constraint year="2090">315835.023620363</constraint>
                <constraint year="2095">356436.551066197</constraint>
                <constraint year="2100">396026.336053956</constraint>
            </policy-portfolio-standard>
        </region>
        <region name="Australia_NZ">
            <negative-emissions-final-demand name="CO2">
                <policy-name>negative_emiss_budget</policy-name>
            </negative-emissions-final-demand>
            <policy-portfolio-standard name="negative_emiss_budget">
                <max-price fillout="1" year="1975">1</max-price>
                <market>Australia_NZ</market>
                <policyType>tax</policyType>
                <constraint year="2020">11735.0257459406</constraint>
                <price-unit>%</price-unit>
                <output-unit>mil 1990$</output-unit>
                <constraint year="2025">13572.3624238832</constraint>
                <constraint year="2030">15596.4701843815</constraint>
                <constraint year="2035">17877.7575734279</constraint>
                <constraint year="2040">20351.3522197181</constraint>
                <constraint year="2045">22996.1100506676</constraint>
                <constraint year="2050">25629.7861805942</constraint>
                <constraint year="2055">28292.527227634</constraint>
                <constraint year="2060">31144.7232797556</constraint>
                <constraint year="2065">34125.9439977103</constraint>
                <constraint year="2070">37136.5101821712</constraint>
                <constraint year="2075">40032.5467527697</constraint>
                <constraint year="2080">42796.9682514731</constraint>
                <constraint year="2085">45359.3941872284</constraint>
                <constraint year="2090">47750.3296306992</constraint>
                <constraint year="2095">50019.7965386545</constraint>
                <constraint year="2100">52157.0124627573</constraint>
            </policy-portfolio-standard>
        </region>
        <region name="Brazil">
            <negative-emissions-final-demand name="CO2">
                <policy-name>negative_emiss_budget</policy-name>
            </negative-emissions-final-demand>
            <policy-portfolio-standard name="negative_emiss_budget">
                <max-price fillout="1" year="1975">1</max-price>
                <market>Brazil</market>
                <policyType>tax</policyType>
                <constraint year="2020">20097.2746844605</constraint>
                <price-unit>%</price-unit>
                <output-unit>mil 1990$</output-unit>
                <constraint year="2025">24093.5741037001</constraint>
                <constraint year="2030">28717.218312225</constraint>
                <constraint year="2035">34109.3954595358</constraint>
                <constraint year="2040">39984.8691212434</constraint>
                <constraint year="2045">46000.6542105987</constraint>
                <constraint year="2050">51842.0938174362</constraint>
                <constraint year="2055">57514.3261067117</constraint>
                <constraint year="2060">62900.5027397031</constraint>
                <constraint year="2065">67673.8076802226</constraint>
                <constraint year="2070">71791.5474485438</constraint>
                <constraint year="2075">75457.5311304296</constraint>
                <constraint year="2080">78566.4083786679</constraint>
                <constraint year="2085">81055.3786008789</constraint>
                <constraint year="2090">82824.6607894883</constraint>
                <constraint year="2095">83933.7283055826</constraint>
                <constraint year="2100">84338.2420194005</constraint>
            </policy-portfolio-standard>
        </region>
        <region name="Canada">
            <negative-emissions-final-demand name="CO2">
                <policy-name>negative_emiss_budget</policy-name>
            </negative-emissions-final-demand>
            <policy-portfolio-standard name="negative_emiss_budget">
                <max-price fillout="1" year="1975">1</max-price>
                <market>Canada</market>
                <policyType>tax</policyType>
                <constraint year="2020">13622.4510987853</constraint>
                <price-unit>%</price-unit>
                <output-unit>mil 1990$</output-unit>
                <constraint year="2025">14969.0518233017</constraint>
                <constraint year="2030">16348.7503584036</constraint>
                <constraint year="2035">17994.0021248485</constraint>
                <constraint year="2040">19825.5619631915</constraint>
                <constraint year="2045">21769.4470532509</constraint>
                <constraint year="2050">23738.784501397</constraint>
                <constraint year="2055">25758.0610176025</constraint>
                <constraint year="2060">27964.5580988781</constraint>
                <constraint year="2065">30406.2746578981</constraint>
                <constraint year="2070">32980.0103746653</constraint>
                <constraint year="2075">35547.0662870478</constraint>
                <constraint year="2080">38100.7360131898</constraint>
                <constraint year="2085">40520.9779756202</constraint>
                <constraint year="2090">42803.2208493221</constraint>
                <constraint year="2095">44995.1268990039</constraint>
                <constraint year="2100">47114.6624950797</constraint>
            </policy-portfolio-standard>
        </region>
        <region name="Central America and Caribbean">
            <negative-emissions-final-demand name="CO2">
                <policy-name>negative_emiss_budget</policy-name>
            </negative-emissions-final-demand>
            <policy-portfolio-standard name="negative_emiss_budget">
                <max-price fillout="1" year="1975">1</max-price>
                <market>Central America and Caribbean</market>
                <policyType>tax</policyType>
                <constraint year="2020">3161.12089311595</constraint>
                <price-unit>%</price-unit>
                <output-unit>mil 1990$</output-unit>
                <constraint year="2025">3868.73084020606</constraint>
                <constraint year="2030">4782.01034017814</constraint>
                <constraint year="2035">5916.93831319648</constraint>
                <constraint year="2040">7239.0949533294</constraint>
                <constraint year="2045">8719.36608594494</constraint>
                <constraint year="2050">10299.3181979789</constraint>
                <constraint year="2055">11951.6120202341</constraint>
                <constraint year="2060">13637.2616594103</constraint>
                <constraint year="2065">15327.0098033405</constraint>
                <constraint year="2070">16972.838580262</constraint>
                <constraint year="2075">18545.3427692214</constraint>
                <constraint year="2080">20076.580406822</constraint>
                <constraint year="2085">21527.0407621349</constraint>
                <constraint year="2090">22866.0542326472</constraint>
                <constraint year="2095">24068.5622072203</constraint>
                <constraint year="2100">25090.82662639</constraint>
            </policy-portfolio-standard>
        </region>
        <region name="Central Asia">
            <negative-emissions-final-demand name="CO2">
                <policy-name>negative_emiss_budget</policy-name>
            </negative-emissions-final-demand>
            <policy-portfolio-standard name="negative_emiss_budget">
                <max-price fillout="1" year="1975">1</max-price>
                <market>Central Asia</market>
                <policyType>tax</policyType>
                <constraint year="2020">3458.2801517774</constraint>
                <price-unit>%</price-unit>
                <output-unit>mil 1990$</output-unit>
                <constraint year="2025">4564.08405577786</constraint>
                <constraint year="2030">5829.69310453497</constraint>
                <constraint year="2035">7218.53311690663</constraint>
                <constraint year="2040">8625.07734664622</constraint>
                <constraint year="2045">9904.89782296633</constraint>
                <constraint year="2050">10958.3321269616</constraint>
                <constraint year="2055">11858.1593195739</constraint>
                <constraint year="2060">12726.3645285636</constraint>
                <constraint year="2065">13608.051461259</constraint>
                <constraint year="2070">14380.4207471806</constraint>
                <constraint year="2075">14950.1103373134</constraint>
                <constraint year="2080">15407.1585685905</constraint>
                <constraint year="2085">15772.4821351176</constraint>
                <constraint year="2090">16090.8154428806</constraint>
                <constraint year="2095">16362.6657250485</constraint>
                <constraint year="2100">16540.3530637236</constraint>
            </policy-portfolio-standard>
        </region>
        <region name="China">
            <negative-emissions-final-demand name="CO2">
                <policy-name>negative_emiss_budget</policy-name>
            </negative-emissions-final-demand>
            <policy-portfolio-standard name="negative_emiss_budget">
                <max-price fillout="1" year="1975">1</max-price>
                <market>China</market>
                <policyType>tax</policyType>
                <constraint year="2020">90773.1263474623</constraint>
                <price-unit>%</price-unit>
                <output-unit>mil 1990$</output-unit>
                <constraint year="2025">127004.536030496</constraint>
                <constraint year="2030">167984.258665426</constraint>
                <constraint year="2035">209269.888666117</constraint>
                <constraint year="2040">246124.446023534</constraint>
                <constraint year="2045">277009.048443599</constraint>
                <constraint year="2050">299158.816478496</constraint>
                <constraint year="2055">312249.752395802</constraint>
                <constraint year="2060">319717.587100452</constraint>
                <constraint year="2065">322300.746287589</constraint>
                <constraint year="2070">320707.683626196</constraint>
                <constraint year="2075">315070.942268436</constraint>
                <constraint year="2080">307921.886007237</constraint>
                <constraint year="2085">298772.679827195</constraint>
                <constraint year="2090">288562.696369501</constraint>
                <constraint year="2095">277507.438693243</constraint>
                <constraint year="2100">265353.581176696</constraint>
            </policy-portfolio-standard>
        </region>
        <region name="EU-12">
            <negative-emissions-final-demand name="CO2">
                <policy-name>negative_emiss_budget</policy-name>
            </negative-emissions-final-demand>
            <policy-portfolio-standard name="negative_emiss_budget">
                <max-price fillout="1" year="1975">1</max-price>
                <market>EU-12</market>
                <policyType>tax</policyType>
                <constraint year="2020">10990.6719520827</constraint>
                <price-unit>%</price-unit>
                <output-unit>mil 1990$</output-unit>
                <constraint year="2025">12751.7113249776</constraint>
                <constraint year="2030">14716.6714148038</constraint>
                <constraint year="2035">16786.5528608409</constraint>
                <constraint year="2040">18724.6125424626</constraint>
                <constraint year="2045">20387.3555780094</constraint>
                <constraint year="2050">21818.4524123792</constraint>
                <constraint year="2055">23096.5000821754</constraint>
                <constraint year="2060">24399.5099637953</constraint>
                <constraint year="2065">25736.6213610792</constraint>
                <constraint year="2070">26980.6602752397</constraint>
                <constraint year="2075">28012.2152572256</constraint>
                <constraint year="2080">28880.7029915824</constraint>
                <constraint year="2085">29615.1231924178</constraint>
                <constraint year="2090">30258.4042244038</constraint>
                <constraint year="2095">30869.5072907862</constraint>
                <constraint year="2100">31444.5364703768</constraint>
            </policy-portfolio-standard>
        </region>
        <region name="EU-15">
            <negative-emissions-final-demand name="CO2">
                <policy-name>negative_emiss_budget</policy-name>
            </negative-emissions-final-demand>
            <policy-portfolio-standard name="negative_emiss_budget">
                <max-price fillout="1" year="1975">1</max-price>
                <market>EU-15</market>
                <policyType>tax</policyType>
                <constraint year="2020">116041.157892715</constraint>
                <price-unit>%</price-unit>
                <output-unit>mil 1990$</output-unit>
                <constraint year="2025">126369.193722325</constraint>
                <constraint year="2030">138408.967884397</constraint>
                <constraint year="2035">152331.116090965</constraint>
                <constraint year="2040">167518.011961815</constraint>
                <constraint year="2045">183047.856306196</constraint>
                <constraint year="2050">198263.986568359</constraint>
                <constraint year="2055">213615.290273395</constraint>
                <constraint year="2060">229928.756330454</constraint>
                <constraint year="2065">246810.261834427</constraint>
                <constraint year="2070">263532.26853734</constraint>
                <constraint year="2075">279598.263965846</constraint>
                <constraint year="2080">295320.089768301</constraint>
                <constraint year="2085">310436.370459466</constraint>
                <constraint year="2090">325104.227663495</constraint>
                <constraint year="2095">339438.26247382</constraint>
                <constraint year="2100">353278.520192441</constraint>
            </policy-portfolio-standard>
        </region>
        <region name="Europe_Eastern">
            <negative-emissions-final-demand name="CO2">
                <policy-name>negative_emiss_budget</policy-name>
            </negative-emissions-final-demand>
            <policy-portfolio-standard name="negative_emiss_budget">
                <max-price fillout="1" year="1975">1</max-price>
                <market>Europe_Eastern</market>
                <policyType>tax</policyType>
                <constraint year="2020">1892.64918851147</constraint>
                <price-unit>%</price-unit>
                <output-unit>mil 1990$</output-unit>
                <constraint year="2025">2327.49267383446</constraint>
                <constraint year="2030">2886.43171990521</constraint>
                <constraint year="2035">3545.27409931983</constraint>
                <constraint year="2040">4217.80067904878</constraint>
                <constraint year="2045">4843.38476734507</constraint>
                <constraint year="2050">5397.31066235017</constraint>
                <constraint year="2055">5919.45555610895</constraint>
                <constraint year="2060">6447.41968736351</constraint>
                <constraint year="2065">6952.07154213796</constraint>
                <constraint year="2070">7374.16858506538</constraint>
                <constraint year="2075">7674.66219102912</constraint>
                <constraint year="2080">7895.03851343462</constraint>
                <constraint year="2085">8062.02686446592</constraint>
                <constraint year="2090">8191.91597071168</constraint>
                <constraint year="2095">8284.95311765048</constraint>
                <constraint year="2100">8307.92176366036</constraint>
            </policy-portfolio-standard>
        </region>
        <region name="Europe_Non_EU">
            <negative-emissions-final-demand name="CO2">
                <policy-name>negative_emiss_budget</policy-name>
            </negative-emissions-final-demand>
            <policy-portfolio-standard name="negative_emiss_budget">
                <max-price fillout="1" year="1975">1</max-price>
                <market>Europe_Non_EU</market>
                <policyType>tax</policyType>
                <constraint year="2020">8421.38943449209</constraint>
                <price-unit>%</price-unit>
                <output-unit>mil 1990$</output-unit>
                <constraint year="2025">10135.5618846567</constraint>
                <constraint year="2030">12105.0795275016</constraint>
                <constraint year="2035">14285.66625993</constraint>
                <constraint year="2040">16568.4293906221</constraint>
                <constraint year="2045">18802.7212561884</constraint>
                <constraint year="2050">20883.829200552</constraint>
                <constraint year="2055">22847.3969741731</constraint>
                <constraint year="2060">24676.759900963</constraint>
                <constraint year="2065">26339.9853353332</constraint>
                <constraint year="2070">27777.9124166034</constraint>
                <constraint year="2075">28939.9924676814</constraint>
                <constraint year="2080">29912.175887541</constraint>
                <constraint year="2085">30719.719366811</constraint>
                <constraint year="2090">31374.1243052368</constraint>
                <constraint year="2095">31880.6901202372</constraint>
                <constraint year="2100">32139.6808683826</constraint>
            </policy-portfolio-standard>
        </region>
        <region name="European Free Trade Association">
            <negative-emissions-final-demand name="CO2">
                <policy-name>negative_emiss_budget</policy-name>
            </negative-emissions-final-demand>
            <policy-portfolio-standard name="negative_emiss_budget">
                <max-price fillout="1" year="1975">1</max-price>
                <market>European Free Trade Association</market>
                <policyType>tax</policyType>
                <constraint year="2020">8072.59288273867</constraint>
                <price-unit>%</price-unit>
                <output-unit>mil 1990$</output-unit>
                <constraint year="2025">8896.13388957493</constraint>
                <constraint year="2030">9833.19668450427</constraint>
                <constraint year="2035">10863.3135166882</constraint>
                <constraint year="2040">11927.758247276</constraint>
                <constraint year="2045">13027.8450957034</constraint>
                <constraint year="2050">14168.4415413611</constraint>
                <constraint year="2055">15356.7149476522</constraint>
                <constraint year="2060">16592.0568796527</constraint>
                <constraint year="2065">17877.5095119821</constraint>
                <constraint year="2070">19186.2408644982</constraint>
                <constraint year="2075">20469.9290355484</constraint>
                <constraint year="2080">21731.2024640037</constraint>
                <constraint year="2085">22933.1048125892</constraint>
                <constraint year="2090">24073.092823323</constraint>
                <constraint year="2095">25161.2543472428</constraint>
                <constraint year="2100">26208.5533816764</constraint>
            </policy-portfolio-standard>
        </region>
        <region name="India">
            <negative-emissions-final-demand name="CO2">
                <policy-name>negative_emiss_budget</policy-name>
            </negative-emissions-final-demand>
            <policy-portfolio-standard name="negative_emiss_budget">
                <max-price fillout="1" year="1975">1</max-price>
                <market>India</market>
                <policyType>tax</policyType>
                <constraint year="2020">21170.6940356394</constraint>
                <price-unit>%</price-unit>
                <output-unit>mil 1990$</output-unit>
                <constraint year="2025">29471.4845933404</constraint>
                <constraint year="2030">40686.9198286277</constraint>
                <constraint year="2035">55256.8974620538</constraint>
                <constraint year="2040">72691.3483696941</constraint>
                <constraint year="2045">92252.1267363207</constraint>
                <constraint year="2050">112979.034270066</constraint>
                <constraint year="2055">134444.690839452</constraint>
                <constraint year="2060">156047.652010523</constraint>
                <constraint year="2065">177026.136138779</constraint>
                <constraint year="2070">196419.758148367</constraint>
                <constraint year="2075">213602.231335232</constraint>
                <constraint year="2080">228874.547375217</constraint>
                <constraint year="2085">242000.767474058</constraint>
                <constraint year="2090">252730.111165706</constraint>
                <constraint year="2095">261025.671771807</constraint>
                <constraint year="2100">266692.244717142</constraint>
            </policy-portfolio-standard>
        </region>
        <region name="Indonesia">
            <negative-emissions-final-demand name="CO2">
                <policy-name>negative_emiss_budget</policy-name>
            </negative-emissions-final-demand>
            <policy-portfolio-standard name="negative_emiss_budget">
                <max-price fillout="1" year="1975">1</max-price>
                <market>Indonesia</market>
                <policyType>tax</policyType>
                <constraint year="2020">8817.9292644407</constraint>
                <price-unit>%</price-unit>
                <output-unit>mil 1990$</output-unit>
                <constraint year="2025">12405.0741309754</constraint>
                <constraint year="2030">17194.2783227233</constraint>
                <constraint year="2035">23332.463555802</constraint>
                <constraint year="2040">30448.5118743868</constraint>
                <constraint year="2045">38008.0271070109</constraint>
                <constraint year="2050">45717.2060712067</constraint>
                <constraint year="2055">53419.4218255159</constraint>
                <constraint year="2060">60875.3643422985</constraint>
                <constraint year="2065">67808.8950560752</constraint>
                <constraint year="2070">73873.0559343413</constraint>
                <constraint year="2075">79041.4431292032</constraint>
                <constraint year="2080">83424.5321917367</constraint>
                <constraint year="2085">87012.9952381777</constraint>
                <constraint year="2090">89846.9814122362</constraint>
                <constraint year="2095">91966.6247639591</constraint>
                <constraint year="2100">93331.7057125422</constraint>
            </policy-portfolio-standard>
        </region>
        <region name="Japan">
            <negative-emissions-final-demand name="CO2">
                <policy-name>negative_emiss_budget</policy-name>
            </negative-emissions-final-demand>
            <policy-portfolio-standard name="negative_emiss_budget">
                <max-price fillout="1" year="1975">1</max-price>
                <market>Japan</market>
                <policyType>tax</policyType>
                <constraint year="2020">40436.0813230009</constraint>
                <price-unit>%</price-unit>
                <output-unit>mil 1990$</output-unit>
                <constraint year="2025">43265.7501540093</constraint>
                <constraint year="2030">46669.633330913</constraint>
                <constraint year="2035">50205.0654836935</constraint>
                <constraint year="2040">53463.4717348095</constraint>
                <constraint year="2045">56744.7350618301</constraint>
                <constraint year="2050">59808.9490826999</constraint>
                <constraint year="2055">62864.9680056235</constraint>
                <constraint year="2060">65835.4215578133</constraint>
                <constraint year="2065">68504.8492786388</constraint>
                <constraint year="2070">70835.1002926267</constraint>
                <constraint year="2075">72745.1992272127</constraint>
                <constraint year="2080">74279.3178461571</constraint>
                <constraint year="2085">75547.0400328821</constraint>
                <constraint year="2090">76614.0938178546</constraint>
                <constraint year="2095">77486.026223154</constraint>
                <constraint year="2100">78142.4795848343</constraint>
            </policy-portfolio-standard>
        </region>
        <region name="Mexico">
            <negative-emissions-final-demand name="CO2">
                <policy-name>negative_emiss_budget</policy-name>
            </negative-emissions-final-demand>
            <policy-portfolio-standard name="negative_emiss_budget">
                <max-price fillout="1" year="1975">1</max-price>
                <market>Mexico</market>
                <policyType>tax</policyType>
                <constraint year="2020">9574.79828707372</constraint>
                <price-unit>%</price-unit>
                <output-unit>mil 1990$</output-unit>
                <constraint year="2025">11265.6430685883</constraint>
                <constraint year="2030">13388.4001287721</constraint>
                <constraint year="2035">15922.6406523855</constraint>
                <constraint year="2040">18659.1377606879</constraint>
                <constraint year="2045">21556.1631513248</constraint>
                <constraint year="2050">24563.5818652488</constraint>
                <constraint year="2055">27581.537184577</constraint>
                <constraint year="2060">30523.9408127739</constraint>
                <constraint year="2065">33396.2037049959</constraint>
                <constraint year="2070">36070.1944431439</constraint>
                <constraint year="2075">38543.2616591911</constraint>
                <constraint year="2080">40860.5917477423</constraint>
                <constraint year="2085">42939.8250522696</constraint>
                <constraint year="2090">44754.634816413</constraint>
                <constraint year="2095">46275.8313966299</constraint>
                <constraint year="2100">47378.8988766753</constraint>
            </policy-portfolio-standard>
        </region>
        <region name="Middle East">
            <negative-emissions-final-demand name="CO2">
                <policy-name>negative_emiss_budget</policy-name>
            </negative-emissions-final-demand>
            <policy-portfolio-standard name="negative_emiss_budget">
                <max-price fillout="1" year="1975">1</max-price>
                <market>Middle East</market>
                <policyType>tax</policyType>
                <constraint year="2020">19805.6638697267</constraint>
                <price-unit>%</price-unit>
                <output-unit>mil 1990$</output-unit>
                <constraint year="2025">24049.7206744634</constraint>
                <constraint year="2030">29326.3496539711</constraint>
                <constraint year="2035">35307.1245696303</constraint>
                <constraint year="2040">41581.7341381964</constraint>
                <constraint year="2045">47899.639826269</constraint>
                <constraint year="2050">54035.1178182441</constraint>
                <constraint year="2055">60190.2804412972</constraint>
                <constraint year="2060">66608.753953005</constraint>
                <constraint year="2065">73149.0909378263</constraint>
                <constraint year="2070">79419.7736490418</constraint>
                <constraint year="2075">85235.7212446261</constraint>
                <constraint year="2080">90850.1656793674</constraint>
                <constraint year="2085">96189.9969244896</constraint>
                <constraint year="2090">101264.750195149</constraint>
                <constraint year="2095">105936.673349261</constraint>
                <constraint year="2100">109904.767736468</constraint>
            </policy-portfolio-standard>
        </region>
        <region name="Pakistan">
            <negative-emissions-final-demand name="CO2">
                <policy-name>negative_emiss_budget</policy-name>
            </negative-emissions-final-demand>
            <policy-portfolio-standard name="negative_emiss_budget">
                <max-price fillout="1" year="1975">1</max-price>
                <market>Pakistan</market>
                <policyType>tax</policyType>
                <constraint year="2020">1657.28466253773</constraint>
                <price-unit>%</price-unit>
                <output-unit>mil 1990$</output-unit>
                <constraint year="2025">2132.94565440078</constraint>
                <constraint year="2030">2840.87989817605</constraint>
                <constraint year="2035">3845.51791346822</constraint>
                <constraint year="2040">5170.93178241114</constraint>
                <constraint year="2045">6819.00929242042</constraint>
                <constraint year="2050">8753.15920310163</constraint>
                <constraint year="2055">10950.5660955414</constraint>
                <constraint year="2060">13375.0017653867</constraint>
                <constraint year="2065">15982.5276812809</constraint>
                <constraint year="2070">18721.5675920721</constraint>
                <constraint year="2075">21457.5998888891</constraint>
                <constraint year="2080">24145.8733981592</constraint>
                <constraint year="2085">26734.5800841811</constraint>
                <constraint year="2090">29200.1226042596</constraint>
                <constraint year="2095">31537.9071561778</constraint>
                <constraint year="2100">33679.3143429296</constraint>
            </policy-portfolio-standard>
        </region>
        <region name="Russia">
            <negative-emissions-final-demand name="CO2">
                <policy-name>negative_emiss_budget</policy-name>
            </negative-emissions-final-demand>
            <policy-portfolio-standard name="negative_emiss_budget">
                <max-price fillout="1" year="1975">1</max-price>
                <market>Russia</market>
                <policyType>tax</policyType>
                <constraint year="2020">14687.087133217</constraint>
                <price-unit>%</price-unit>
                <output-unit>mil 1990$</output-unit>
                <constraint year="2025">17652.3524372252</constraint>
                <constraint year="2030">21291.3910089979</constraint>
                <constraint year="2035">25167.0362009502</constraint>
                <constraint year="2040">28598.7007861517</constraint>
                <constraint year="2045">31216.5590028401</constraint>
                <constraint year="2050">32981.9085613355</constraint>
                <constraint year="2055">34383.9917297491</constraint>
                <constraint year="2060">35980.405020045</constraint>
                <constraint year="2065">37501.4803823323</constraint>
                <constraint year="2070">38567.3433370458</constraint>
                <constraint year="2075">39038.6896025127</constraint>
                <constraint year="2080">39180.499823747</constraint>
                <constraint year="2085">39223.2305859888</constraint>
                <constraint year="2090">39258.6831412974</constraint>
                <constraint year="2095">39253.9857525977</constraint>
                <constraint year="2100">38966.5415059378</constraint>
            </policy-portfolio-standard>
        </region>
        <region name="South Africa">
            <negative-emissions-final-demand name="CO2">
                <policy-name>negative_emiss_budget</policy-name>
            </negative-emissions-final-demand>
            <policy-portfolio-standard name="negative_emiss_budget">
                <max-price fillout="1" year="1975">1</max-price>
                <market>South Africa</market>
                <policyType>tax</policyType>
                <constraint year="2020">3604.48796282753</constraint>
                <price-unit>%</price-unit>
                <output-unit>mil 1990$</output-unit>
                <constraint year="2025">4479.54491814737</constraint>
                <constraint year="2030">5511.77559626513</constraint>
                <constraint year="2035">6699.01456693416</constraint>
                <constraint year="2040">7974.29577299489</constraint>
                <constraint year="2045">9268.73621903659</constraint>
                <constraint year="2050">10521.069950001</constraint>
                <constraint year="2055">11724.5775394786</constraint>
                <constraint year="2060">12881.1860682511</constraint>
                <constraint year="2065">13924.9031620801</constraint>
                <constraint year="2070">14800.3100346998</constraint>
                <constraint year="2075">15523.5890934101</constraint>
                <constraint year="2080">16110.0859867506</constraint>
                <constraint year="2085">16553.9941160506</constraint>
                <constraint year="2090">16877.6016919284</constraint>
                <constraint year="2095">17088.9466697493</constraint>
                <constraint year="2100">17183.652547633</constraint>
            </policy-portfolio-standard>
        </region>
        <region name="South America_Northern">
            <negative-emissions-final-demand name="CO2">
                <policy-name>negative_emiss_budget</policy-name>
            </negative-emissions-final-demand>
            <policy-portfolio-standard name="negative_emiss_budget">
                <max-price fillout="1" year="1975">1</max-price>
                <market>South America_Northern</market>
                <policyType>tax</policyType>
                <constraint year="2020">3655.84512611317</constraint>
                <price-unit>%</price-unit>
                <output-unit>mil 1990$</output-unit>
                <constraint year="2025">4350.40138866228</constraint>
                <constraint year="2030">5145.86727390547</constraint>
                <constraint year="2035">5998.26198900608</constraint>
                <constraint year="2040">6927.35521525222</constraint>
                <constraint year="2045">7927.98573258067</constraint>
                <constraint year="2050">8971.66458777399</constraint>
                <constraint year="2055">10063.2503620011</constraint>
                <constraint year="2060">11193.279455241</constraint>
                <constraint year="2065">12318.3927113051</constraint>
                <constraint year="2070">13385.0803018991</constraint>
                <constraint year="2075">14356.4202819116</constraint>
                <constraint year="2080">15260.1000204613</constraint>
                <constraint year="2085">16063.1891340705</constraint>
                <constraint year="2090">16723.3754335361</constraint>
                <constraint year="2095">17229.4694591966</constraint>
                <constraint year="2100">17564.4907152498</constraint>
            </policy-portfolio-standard>
        </region>
        <region name="South America_Southern">
            <negative-emissions-final-demand name="CO2">
                <policy-name>negative_emiss_budget</policy-name>
            </negative-emissions-final-demand>
            <policy-portfolio-standard name="negative_emiss_budget">
                <max-price fillout="1" year="1975">1</max-price>
                <market>South America_Southern</market>
                <policyType>tax</policyType>
                <constraint year="2020">5392.28062619981</constraint>
                <price-unit>%</price-unit>
                <output-unit>mil 1990$</output-unit>
                <constraint year="2025">6730.38983931184</constraint>
                <constraint year="2030">8351.24919831021</constraint>
                <constraint year="2035">10240.8709953885</constraint>
                <constraint year="2040">12309.4911387144</constraint>
                <constraint year="2045">14469.1421669694</constraint>
                <constraint year="2050">16620.7155829683</constraint>
                <constraint year="2055">18728.6400292215</constraint>
                <constraint year="2060">20755.8076197298</constraint>
                <constraint year="2065">22688.5340990257</constraint>
                <constraint year="2070">24471.0035035894</constraint>
                <constraint year="2075">26055.6316166787</constraint>
                <constraint year="2080">27492.8926773099</constraint>
                <constraint year="2085">28753.1880406929</constraint>
                <constraint year="2090">29818.1034482381</constraint>
                <constraint year="2095">30669.3113420242</constraint>
                <constraint year="2100">31270.2433068769</constraint>
            </policy-portfolio-standard>
        </region>
        <region name="South Asia">
            <negative-emissions-final-demand name="CO2">
                <policy-name>negative_emiss_budget</policy-name>
            </negative-emissions-final-demand>
            <policy-portfolio-standard name="negative_emiss_budget">
                <max-price fillout="1" year="1975">1</max-price>
                <market>South Asia</market>
                <policyType>tax</policyType>
                <constraint year="2020">2263.38449887925</constraint>
                <price-unit>%</price-unit>
                <output-unit>mil 1990$</output-unit>
                <constraint year="2025">3123.5714223508</constraint>
                <constraint year="2030">4322.72866945574</constraint>
                <constraint year="2035">5939.41357911577</constraint>
                <constraint year="2040">7980.93562765112</constraint>
                <constraint year="2045">10421.2850795281</constraint>
                <constraint year="2050">13219.8301215293</constraint>
                <constraint year="2055">16339.6983675486</constraint>
                <constraint year="2060">19727.0140707878</constraint>
                <constraint year="2065">23281.5133414402</constraint>
                <constraint year="2070">26897.6072158856</constraint>
                <constraint year="2075">30523.5856023449</constraint>
                <constraint year="2080">34093.3413344746</constraint>
                <constraint year="2085">37536.1703072104</constraint>
                <constraint year="2090">40805.206245916</constraint>
                <constraint year="2095">43876.1269384493</constraint>
                <constraint year="2100">46665.215599371</constraint>
            </policy-portfolio-standard>
        </region>
        <region name="South Korea">
            <negative-emissions-final-demand name="CO2">
                <policy-name>negative_emiss_budget</policy-name>
            </negative-emissions-final-demand>
            <policy-portfolio-standard name="negative_emiss_budget">
                <max-price fillout="1" year="1975">1</max-price>
                <market>South Korea</market>
                <policyType>tax</policyType>
                <constraint year="2020">10560.8604157049</constraint>
                <price-unit>%</price-unit>
                <output-unit>mil 1990$</output-unit>
                <constraint year="2025">12518.1477287676</constraint>
                <constraint year="2030">14437.6204057425</constraint>
                <constraint year="2035">16230.5742092153</constraint>
                <constraint year="2040">17789.3975837277</constraint>
                <constraint year="2045">19120.0048739237</constraint>
                <constraint year="2050">20202.4829952026</constraint>
                <constraint year="2055">21142.3281135797</constraint>
                <constraint year="2060">21816.7492511603</constraint>
                <constraint year="2065">22354.6649092641</constraint>
                <constraint year="2070">22861.1066334863</constraint>
                <constraint year="2075">23197.7377932819</constraint>
                <constraint year="2080">23457.6027274029</constraint>
                <constraint year="2085">23615.2457029408</constraint>
                <constraint year="2090">23663.8559311468</constraint>
                <constraint year="2095">23588.1665316227</constraint>
                <constraint year="2100">23444.5660250222</constraint>
            </policy-portfolio-standard>
        </region>
        <region name="Southeast Asia">
            <negative-emissions-final-demand name="CO2">
                <policy-name>negative_emiss_budget</policy-name>
            </negative-emissions-final-demand>
            <policy-portfolio-standard name="negative_emiss_budget">
                <max-price fillout="1" year="1975">1</max-price>
                <market>Southeast Asia</market>
                <policyType>tax</policyType>
                <constraint year="2020">13557.0043005554</constraint>
                <price-unit>%</price-unit>
                <output-unit>mil 1990$</output-unit>
                <constraint year="2025">17372.51469615</constraint>
                <constraint year="2030">22174.9003494448</constraint>
                <constraint year="2035">27931.1208429349</constraint>
                <constraint year="2040">34405.5559866446</constraint>
                <constraint year="2045">41323.2870531331</constraint>
                <constraint year="2050">48430.1431534539</constraint>
                <constraint year="2055">55657.1007767087</constraint>
                <constraint year="2060">62857.7497372862</constraint>
                <constraint year="2065">69895.1174628575</constraint>
                <constraint year="2070">76472.0594712813</constraint>
                <constraint year="2075">82438.1484515899</constraint>
                <constraint year="2080">87850.9661242289</constraint>
                <constraint year="2085">92623.1224706667</constraint>
                <constraint year="2090">96737.5578646632</constraint>
                <constraint year="2095">100202.19691923</constraint>
                <constraint year="2100">102882.040540652</constraint>
            </policy-portfolio-standard>
        </region>
        <region name="Taiwan">
            <negative-emissions-final-demand name="CO2">
                <policy-name>negative_emiss_budget</policy-name>
            </negative-emissions-final-demand>
            <policy-portfolio-standard name="negative_emiss_budget">
                <max-price fillout="1" year="1975">1</max-price>
                <market>Taiwan</market>
                <policyType>tax</policyType>
                <constraint year="2020">4014.25615546585</constraint>
                <price-unit>%</price-unit>
                <output-unit>mil 1990$</output-unit>
                <constraint year="2025">4517.9014235513</constraint>
                <constraint year="2030">4938.09483073785</constraint>
                <constraint year="2035">5325.71782918731</constraint>
                <constraint year="2040">5655.46985696012</constraint>
                <constraint year="2045">5870.84046997824</constraint>
                <constraint year="2050">5954.21757666842</constraint>
                <constraint year="2055">5932.81544671334</constraint>
                <constraint year="2060">5886.74816559277</constraint>
                <constraint year="2065">6012.54454801823</constraint>
                <constraint year="2070">6099.32297120495</constraint>
                <constraint year="2075">6124.57120519841</constraint>
                <constraint year="2080">6104.45858534366</constraint>
                <constraint year="2085">6019.47426316611</constraint>
                <constraint year="2090">5894.08529117814</constraint>
                <constraint year="2095">5734.72426903968</constraint>
                <constraint year="2100">5540.74457284534</constraint>
            </policy-portfolio-standard>
        </region>
        <region name="Argentina">
            <negative-emissions-final-demand name="CO2">
                <policy-name>negative_emiss_budget</policy-name>
            </negative-emissions-final-demand>
            <policy-portfolio-standard name="negative_emiss_budget">
                <max-price fillout="1" year="1975">1</max-price>
                <market>Argentina</market>
                <policyType>tax</policyType>
                <constraint year="2020">4548.60127946996</constraint>
                <price-unit>%</price-unit>
                <output-unit>mil 1990$</output-unit>
                <constraint year="2025">5463.95786217506</constraint>
                <constraint year="2030">6521.09388546322</constraint>
                <constraint year="2035">7710.23528063725</constraint>
                <constraint year="2040">8921.89769309571</constraint>
                <constraint year="2045">10075.707757285</constraint>
                <constraint year="2050">11153.1575797509</constraint>
                <constraint year="2055">12157.4206965751</constraint>
                <constraint year="2060">13088.0271498352</constraint>
                <constraint year="2065">13935.1025427385</constraint>
                <constraint year="2070">14671.0091251168</constraint>
                <constraint year="2075">15260.737671977</constraint>
                <constraint year="2080">15755.7406551643</constraint>
                <constraint year="2085">16144.628195597</constraint>
                <constraint year="2090">16427.7118384148</constraint>
                <constraint year="2095">16606.9083782892</constraint>
                <constraint year="2100">16665.0617108457</constraint>
            </policy-portfolio-standard>
        </region>
        <region name="Colombia">
            <negative-emissions-final-demand name="CO2">
                <policy-name>negative_emiss_budget</policy-name>
            </negative-emissions-final-demand>
            <policy-portfolio-standard name="negative_emiss_budget">
                <max-price fillout="1" year="1975">1</max-price>
                <market>Colombia</market>
                <policyType>tax</policyType>
                <constraint year="2020">2890.48699170309</constraint>
                <price-unit>%</price-unit>
                <output-unit>mil 1990$</output-unit>
                <constraint year="2025">3435.91293394562</constraint>
                <constraint year="2030">4201.21230782318</constraint>
                <constraint year="2035">5173.00465779219</constraint>
                <constraint year="2040">6289.19984834467</constraint>
                <constraint year="2045">7493.63371869804</constraint>
                <constraint year="2050">8745.72129792968</constraint>
                <constraint year="2055">10022.0528160706</constraint>
                <constraint year="2060">11293.5529048584</constraint>
                <constraint year="2065">12533.8994357121</constraint>
                <constraint year="2070">13701.5912984107</constraint>
                <constraint year="2075">14762.7554478393</constraint>
                <constraint year="2080">15745.3389543872</constraint>
                <constraint year="2085">16623.2704223341</constraint>
                <constraint year="2090">17359.3642397333</constraint>
                <constraint year="2095">17942.5881607168</constraint>
                <constraint year="2100">18351.5238128433</constraint>
            </policy-portfolio-standard>
        </region>
    </world>
</scenario>
