<?xml version="1.0" encoding="UTF-8"?>
<scenario>
    <world>
        <global-technology-database>
            <location-info sector-name="electricity" subsector-name="solar">
                <technology name="CSP_storage">
                    <period year="1975">
                        <input-capital name="capital">
                            <capital-overnight>2479</capital-overnight>
                            <fixed-charge-rate>0.13</fixed-charge-rate>
                        </input-capital>
                    </period>
                    <period year="1990">
                        <input-capital name="capital">
                            <capital-overnight>2479</capital-overnight>
                            <fixed-charge-rate>0.13</fixed-charge-rate>
                        </input-capital>
                    </period>
                    <period year="2005">
                        <input-capital name="capital">
                            <capital-overnight>2479</capital-overnight>
                            <fixed-charge-rate>0.13</fixed-charge-rate>
                        </input-capital>
                    </period>
                    <period year="2010">
                        <input-capital name="capital">
                            <capital-overnight>2479</capital-overnight>
                            <fixed-charge-rate>0.13</fixed-charge-rate>
                        </input-capital>
                    </period>
                    <period year="2015">
                        <input-capital name="capital">
                            <capital-overnight>2479</capital-overnight>
                            <fixed-charge-rate>0.13</fixed-charge-rate>
                        </input-capital>
                    </period>
                    <period year="2020">
                        <input-capital name="capital">
                            <capital-overnight>2403</capital-overnight>
                            <fixed-charge-rate>0.13</fixed-charge-rate>
                        </input-capital>
                    </period>
                    <period year="2025">
                        <input-capital name="capital">
                            <capital-overnight>2338</capital-overnight>
                            <fixed-charge-rate>0.13</fixed-charge-rate>
                        </input-capital>
                    </period>
                    <period year="2030">
                        <input-capital name="capital">
                            <capital-overnight>2280</capital-overnight>
                            <fixed-charge-rate>0.13</fixed-charge-rate>
                        </input-capital>
                    </period>
                    <period year="2035">
                        <input-capital name="capital">
                            <capital-overnight>2230</capital-overnight>
                            <fixed-charge-rate>0.13</fixed-charge-rate>
                        </input-capital>
                    </period>
                    <period year="2040">
                        <input-capital name="capital">
                            <capital-overnight>2186</capital-overnight>
                            <fixed-charge-rate>0.13</fixed-charge-rate>
                        </input-capital>
                    </period>
                    <period year="2045">
                        <input-capital name="capital">
                            <capital-overnight>2147</capital-overnight>
                            <fixed-charge-rate>0.13</fixed-charge-rate>
                        </input-capital>
                    </period>
                    <period year="2050">
                        <input-capital name="capital">
                            <capital-overnight>2113</capital-overnight>
                            <fixed-charge-rate>0.13</fixed-charge-rate>
                        </input-capital>
                    </period>
                    <period year="2055">
                        <input-capital name="capital">
                            <capital-overnight>2082</capital-overnight>
                            <fixed-charge-rate>0.13</fixed-charge-rate>
                        </input-capital>
                    </period>
                    <period year="2060">
                        <input-capital name="capital">
                            <capital-overnight>2056</capital-overnight>
                            <fixed-charge-rate>0.13</fixed-charge-rate>
                        </input-capital>
                    </period>
                    <period year="2065">
                        <input-capital name="capital">
                            <capital-overnight>2032</capital-overnight>
                            <fixed-charge-rate>0.13</fixed-charge-rate>
                        </input-capital>
                    </period>
                    <period year="2070">
                        <input-capital name="capital">
                            <capital-overnight>2011</capital-overnight>
                            <fixed-charge-rate>0.13</fixed-charge-rate>
                        </input-capital>
                    </period>
                    <period year="2075">
                        <input-capital name="capital">
                            <capital-overnight>1992</capital-overnight>
                            <fixed-charge-rate>0.13</fixed-charge-rate>
                        </input-capital>
                    </period>
                    <period year="2080">
                        <input-capital name="capital">
                            <capital-overnight>1975</capital-overnight>
                            <fixed-charge-rate>0.13</fixed-charge-rate>
                        </input-capital>
                    </period>
                    <period year="2085">
                        <input-capital name="capital">
                            <capital-overnight>1960</capital-overnight>
                            <fixed-charge-rate>0.13</fixed-charge-rate>
                        </input-capital>
                    </period>
                    <period year="2090">
                        <input-capital name="capital">
                            <capital-overnight>1947</capital-overnight>
                            <fixed-charge-rate>0.13</fixed-charge-rate>
                        </input-capital>
                    </period>
                    <period year="2095">
                        <input-capital name="capital">
                            <capital-overnight>1935</capital-overnight>
                            <fixed-charge-rate>0.13</fixed-charge-rate>
                        </input-capital>
                    </period>
                    <period year="2100">
                        <input-capital name="capital">
                            <capital-overnight>1924</capital-overnight>
                            <fixed-charge-rate>0.13</fixed-charge-rate>
                        </input-capital>
                    </period>
                </technology>
                <technology name="PV_storage">
                    <period year="1975">
                        <input-capital name="capital">
                            <capital-overnight>1301</capital-overnight>
                            <fixed-charge-rate>0.13</fixed-charge-rate>
                        </input-capital>
                    </period>
                    <period year="1990">
                        <input-capital name="capital">
                            <capital-overnight>1301</capital-overnight>
                            <fixed-charge-rate>0.13</fixed-charge-rate>
                        </input-capital>
                    </period>
                    <period year="2005">
                        <input-capital name="capital">
                            <capital-overnight>1301</capital-overnight>
                            <fixed-charge-rate>0.13</fixed-charge-rate>
                        </input-capital>
                    </period>
                    <period year="2010">
                        <input-capital name="capital">
                            <capital-overnight>1301</capital-overnight>
                            <fixed-charge-rate>0.13</fixed-charge-rate>
                        </input-capital>
                    </period>
                    <period year="2015">
                        <input-capital name="capital">
                            <capital-overnight>1301</capital-overnight>
                            <fixed-charge-rate>0.13</fixed-charge-rate>
                        </input-capital>
                    </period>
                    <period year="2020">
                        <input-capital name="capital">
                            <capital-overnight>1285</capital-overnight>
                            <fixed-charge-rate>0.13</fixed-charge-rate>
                        </input-capital>
                    </period>
                    <period year="2025">
                        <input-capital name="capital">
                            <capital-overnight>1270</capital-overnight>
                            <fixed-charge-rate>0.13</fixed-charge-rate>
                        </input-capital>
                    </period>
                    <period year="2030">
                        <input-capital name="capital">
                            <capital-overnight>1256</capital-overnight>
                            <fixed-charge-rate>0.13</fixed-charge-rate>
                        </input-capital>
                    </period>
                    <period year="2035">
                        <input-capital name="capital">
                            <capital-overnight>1242</capital-overnight>
                            <fixed-charge-rate>0.13</fixed-charge-rate>
                        </input-capital>
                    </period>
                    <period year="2040">
                        <input-capital name="capital">
                            <capital-overnight>1229</capital-overnight>
                            <fixed-charge-rate>0.13</fixed-charge-rate>
                        </input-capital>
                    </period>
                    <period year="2045">
                        <input-capital name="capital">
                            <capital-overnight>1217</capital-overnight>
                            <fixed-charge-rate>0.13</fixed-charge-rate>
                        </input-capital>
                    </period>
                    <period year="2050">
                        <input-capital name="capital">
                            <capital-overnight>1205</capital-overnight>
                            <fixed-charge-rate>0.13</fixed-charge-rate>
                        </input-capital>
                    </period>
                    <period year="2055">
                        <input-capital name="capital">
                            <capital-overnight>1194</capital-overnight>
                            <fixed-charge-rate>0.13</fixed-charge-rate>
                        </input-capital>
                    </period>
                    <period year="2060">
                        <input-capital name="capital">
                            <capital-overnight>1183</capital-overnight>
                            <fixed-charge-rate>0.13</fixed-charge-rate>
                        </input-capital>
                    </period>
                    <period year="2065">
                        <input-capital name="capital">
                            <capital-overnight>1173</capital-overnight>
                            <fixed-charge-rate>0.13</fixed-charge-rate>
                        </input-capital>
                    </period>
                    <period year="2070">
                        <input-capital name="capital">
                            <capital-overnight>1163</capital-overnight>
                            <fixed-charge-rate>0.13</fixed-charge-rate>
                        </input-capital>
                    </period>
                    <period year="2075">
                        <input-capital name="capital">
                            <capital-overnight>1154</capital-overnight>
                            <fixed-charge-rate>0.13</fixed-charge-rate>
                        </input-capital>
                    </period>
                    <period year="2080">
                        <input-capital name="capital">
                            <capital-overnight>1145</capital-overnight>
                            <fixed-charge-rate>0.13</fixed-charge-rate>
                        </input-capital>
                    </period>
                    <period year="2085">
                        <input-capital name="capital">
                            <capital-overnight>1137</capital-overnight>
                            <fixed-charge-rate>0.13</fixed-charge-rate>
                        </input-capital>
                    </period>
                    <period year="2090">
                        <input-capital name="capital">
                            <capital-overnight>1129</capital-overnight>
                            <fixed-charge-rate>0.13</fixed-charge-rate>
                        </input-capital>
                    </period>
                    <period year="2095">
                        <input-capital name="capital">
                            <capital-overnight>1122</capital-overnight>
                            <fixed-charge-rate>0.13</fixed-charge-rate>
                        </input-capital>
                    </period>
                    <period year="2100">
                        <input-capital name="capital">
                            <capital-overnight>1114</capital-overnight>
                            <fixed-charge-rate>0.13</fixed-charge-rate>
                        </input-capital>
                    </period>
                </technology>
                <intermittent-technology name="CSP">
                    <period year="1975">
                        <input-capital name="capital">
                            <capital-overnight>1487</capital-overnight>
                            <fixed-charge-rate>0.13</fixed-charge-rate>
                        </input-capital>
                    </period>
                    <period year="1990">
                        <input-capital name="capital">
                            <capital-overnight>1487</capital-overnight>
                            <fixed-charge-rate>0.13</fixed-charge-rate>
                        </input-capital>
                    </period>
                    <period year="2005">
                        <input-capital name="capital">
                            <capital-overnight>1487</capital-overnight>
                            <fixed-charge-rate>0.13</fixed-charge-rate>
                        </input-capital>
                    </period>
                    <period year="2010">
                        <input-capital name="capital">
                            <capital-overnight>1487</capital-overnight>
                            <fixed-charge-rate>0.13</fixed-charge-rate>
                        </input-capital>
                    </period>
                    <period year="2015">
                        <input-capital name="capital">
                            <capital-overnight>1487</capital-overnight>
                            <fixed-charge-rate>0.13</fixed-charge-rate>
                        </input-capital>
                    </period>
                    <period year="2020">
                        <input-capital name="capital">
                            <capital-overnight>1424</capital-overnight>
                            <fixed-charge-rate>0.13</fixed-charge-rate>
                        </input-capital>
                    </period>
                    <period year="2025">
                        <input-capital name="capital">
                            <capital-overnight>1370</capital-overnight>
                            <fixed-charge-rate>0.13</fixed-charge-rate>
                        </input-capital>
                    </period>
                    <period year="2030">
                        <input-capital name="capital">
                            <capital-overnight>1324</capital-overnight>
                            <fixed-charge-rate>0.13</fixed-charge-rate>
                        </input-capital>
                    </period>
                    <period year="2035">
                        <input-capital name="capital">
                            <capital-overnight>1284</capital-overnight>
                            <fixed-charge-rate>0.13</fixed-charge-rate>
                        </input-capital>
                    </period>
                    <period year="2040">
                        <input-capital name="capital">
                            <capital-overnight>1249</capital-overnight>
                            <fixed-charge-rate>0.13</fixed-charge-rate>
                        </input-capital>
                    </period>
                    <period year="2045">
                        <input-capital name="capital">
                            <capital-overnight>1220</capital-overnight>
                            <fixed-charge-rate>0.13</fixed-charge-rate>
                        </input-capital>
                    </period>
                    <period year="2050">
                        <input-capital name="capital">
                            <capital-overnight>1195</capital-overnight>
                            <fixed-charge-rate>0.13</fixed-charge-rate>
                        </input-capital>
                    </period>
                    <period year="2055">
                        <input-capital name="capital">
                            <capital-overnight>1173</capital-overnight>
                            <fixed-charge-rate>0.13</fixed-charge-rate>
                        </input-capital>
                    </period>
                    <period year="2060">
                        <input-capital name="capital">
                            <capital-overnight>1154</capital-overnight>
                            <fixed-charge-rate>0.13</fixed-charge-rate>
                        </input-capital>
                    </period>
                    <period year="2065">
                        <input-capital name="capital">
                            <capital-overnight>1138</capital-overnight>
                            <fixed-charge-rate>0.13</fixed-charge-rate>
                        </input-capital>
                    </period>
                    <period year="2070">
                        <input-capital name="capital">
                            <capital-overnight>1125</capital-overnight>
                            <fixed-charge-rate>0.13</fixed-charge-rate>
                        </input-capital>
                    </period>
                    <period year="2075">
                        <input-capital name="capital">
                            <capital-overnight>1113</capital-overnight>
                            <fixed-charge-rate>0.13</fixed-charge-rate>
                        </input-capital>
                    </period>
                    <period year="2080">
                        <input-capital name="capital">
                            <capital-overnight>1103</capital-overnight>
                            <fixed-charge-rate>0.13</fixed-charge-rate>
                        </input-capital>
                    </period>
                    <period year="2085">
                        <input-capital name="capital">
                            <capital-overnight>1094</capital-overnight>
                            <fixed-charge-rate>0.13</fixed-charge-rate>
                        </input-capital>
                    </period>
                    <period year="2090">
                        <input-capital name="capital">
                            <capital-overnight>1086</capital-overnight>
                            <fixed-charge-rate>0.13</fixed-charge-rate>
                        </input-capital>
                    </period>
                    <period year="2095">
                        <input-capital name="capital">
                            <capital-overnight>1080</capital-overnight>
                            <fixed-charge-rate>0.13</fixed-charge-rate>
                        </input-capital>
                    </period>
                    <period year="2100">
                        <input-capital name="capital">
                            <capital-overnight>1075</capital-overnight>
                            <fixed-charge-rate>0.13</fixed-charge-rate>
                        </input-capital>
                    </period>
                </intermittent-technology>
                <intermittent-technology name="PV">
                    <period year="1975">
                        <input-capital name="capital">
                            <capital-overnight>620</capital-overnight>
                            <fixed-charge-rate>0.13</fixed-charge-rate>
                        </input-capital>
                    </period>
                    <period year="1990">
                        <input-capital name="capital">
                            <capital-overnight>620</capital-overnight>
                            <fixed-charge-rate>0.13</fixed-charge-rate>
                        </input-capital>
                    </period>
                    <period year="2005">
                        <input-capital name="capital">
                            <capital-overnight>620</capital-overnight>
                            <fixed-charge-rate>0.13</fixed-charge-rate>
                        </input-capital>
                    </period>
                    <period year="2010">
                        <input-capital name="capital">
                            <capital-overnight>620</capital-overnight>
                            <fixed-charge-rate>0.13</fixed-charge-rate>
                        </input-capital>
                    </period>
                    <period year="2015">
                        <input-capital name="capital">
                            <capital-overnight>620</capital-overnight>
                            <fixed-charge-rate>0.13</fixed-charge-rate>
                        </input-capital>
                    </period>
                    <period year="2020">
                        <input-capital name="capital">
                            <capital-overnight>612</capital-overnight>
                            <fixed-charge-rate>0.13</fixed-charge-rate>
                        </input-capital>
                    </period>
                    <period year="2025">
                        <input-capital name="capital">
                            <capital-overnight>605</capital-overnight>
                            <fixed-charge-rate>0.13</fixed-charge-rate>
                        </input-capital>
                    </period>
                    <period year="2030">
                        <input-capital name="capital">
                            <capital-overnight>598</capital-overnight>
                            <fixed-charge-rate>0.13</fixed-charge-rate>
                        </input-capital>
                    </period>
                    <period year="2035">
                        <input-capital name="capital">
                            <capital-overnight>591</capital-overnight>
                            <fixed-charge-rate>0.13</fixed-charge-rate>
                        </input-capital>
                    </period>
                    <period year="2040">
                        <input-capital name="capital">
                            <capital-overnight>585</capital-overnight>
                            <fixed-charge-rate>0.13</fixed-charge-rate>
                        </input-capital>
                    </period>
                    <period year="2045">
                        <input-capital name="capital">
                            <capital-overnight>579</capital-overnight>
                            <fixed-charge-rate>0.13</fixed-charge-rate>
                        </input-capital>
                    </period>
                    <period year="2050">
                        <input-capital name="capital">
                            <capital-overnight>574</capital-overnight>
                            <fixed-charge-rate>0.13</fixed-charge-rate>
                        </input-capital>
                    </period>
                    <period year="2055">
                        <input-capital name="capital">
                            <capital-overnight>568</capital-overnight>
                            <fixed-charge-rate>0.13</fixed-charge-rate>
                        </input-capital>
                    </period>
                    <period year="2060">
                        <input-capital name="capital">
                            <capital-overnight>563</capital-overnight>
                            <fixed-charge-rate>0.13</fixed-charge-rate>
                        </input-capital>
                    </period>
                    <period year="2065">
                        <input-capital name="capital">
                            <capital-overnight>558</capital-overnight>
                            <fixed-charge-rate>0.13</fixed-charge-rate>
                        </input-capital>
                    </period>
                    <period year="2070">
                        <input-capital name="capital">
                            <capital-overnight>554</capital-overnight>
                            <fixed-charge-rate>0.13</fixed-charge-rate>
                        </input-capital>
                    </period>
                    <period year="2075">
                        <input-capital name="capital">
                            <capital-overnight>550</capital-overnight>
                            <fixed-charge-rate>0.13</fixed-charge-rate>
                        </input-capital>
                    </period>
                    <period year="2080">
                        <input-capital name="capital">
                            <capital-overnight>545</capital-overnight>
                            <fixed-charge-rate>0.13</fixed-charge-rate>
                        </input-capital>
                    </period>
                    <period year="2085">
                        <input-capital name="capital">
                            <capital-overnight>541</capital-overnight>
                            <fixed-charge-rate>0.13</fixed-charge-rate>
                        </input-capital>
                    </period>
                    <period year="2090">
                        <input-capital name="capital">
                            <capital-overnight>538</capital-overnight>
                            <fixed-charge-rate>0.13</fixed-charge-rate>
                        </input-capital>
                    </period>
                    <period year="2095">
                        <input-capital name="capital">
                            <capital-overnight>534</capital-overnight>
                            <fixed-charge-rate>0.13</fixed-charge-rate>
                        </input-capital>
                    </period>
                    <period year="2100">
                        <input-capital name="capital">
                            <capital-overnight>531</capital-overnight>
                            <fixed-charge-rate>0.13</fixed-charge-rate>
                        </input-capital>
                    </period>
                </intermittent-technology>
            </location-info>
            <location-info sector-name="elect_td_bld" subsector-name="rooftop_pv">
                <intermittent-technology name="rooftop_pv">
                    <period year="1975">
                        <input-capital name="capital">
                            <capital-overnight>1456</capital-overnight>
                            <fixed-charge-rate>0.1</fixed-charge-rate>
                        </input-capital>
                    </period>
                    <period year="1990">
                        <input-capital name="capital">
                            <capital-overnight>1456</capital-overnight>
                            <fixed-charge-rate>0.1</fixed-charge-rate>
                        </input-capital>
                    </period>
                    <period year="2005">
                        <input-capital name="capital">
                            <capital-overnight>1456</capital-overnight>
                            <fixed-charge-rate>0.1</fixed-charge-rate>
                        </input-capital>
                    </period>
                    <period year="2010">
                        <input-capital name="capital">
                            <capital-overnight>1456</capital-overnight>
                            <fixed-charge-rate>0.1</fixed-charge-rate>
                        </input-capital>
                    </period>
                    <period year="2015">
                        <input-capital name="capital">
                            <capital-overnight>1456</capital-overnight>
                            <fixed-charge-rate>0.1</fixed-charge-rate>
                        </input-capital>
                    </period>
                    <period year="2020">
                        <input-capital name="capital">
                            <capital-overnight>1438</capital-overnight>
                            <fixed-charge-rate>0.1</fixed-charge-rate>
                        </input-capital>
                    </period>
                    <period year="2025">
                        <input-capital name="capital">
                            <capital-overnight>1421</capital-overnight>
                            <fixed-charge-rate>0.1</fixed-charge-rate>
                        </input-capital>
                    </period>
                    <period year="2030">
                        <input-capital name="capital">
                            <capital-overnight>1405</capital-overnight>
                            <fixed-charge-rate>0.1</fixed-charge-rate>
                        </input-capital>
                    </period>
                    <period year="2035">
                        <input-capital name="capital">
                            <capital-overnight>1390</capital-overnight>
                            <fixed-charge-rate>0.1</fixed-charge-rate>
                        </input-capital>
                    </period>
                    <period year="2040">
                        <input-capital name="capital">
                            <capital-overnight>1375</capital-overnight>
                            <fixed-charge-rate>0.1</fixed-charge-rate>
                        </input-capital>
                    </period>
                    <period year="2045">
                        <input-capital name="capital">
                            <capital-overnight>1361</capital-overnight>
                            <fixed-charge-rate>0.1</fixed-charge-rate>
                        </input-capital>
                    </period>
                    <period year="2050">
                        <input-capital name="capital">
                            <capital-overnight>1348</capital-overnight>
                            <fixed-charge-rate>0.1</fixed-charge-rate>
                        </input-capital>
                    </period>
                    <period year="2055">
                        <input-capital name="capital">
                            <capital-overnight>1336</capital-overnight>
                            <fixed-charge-rate>0.1</fixed-charge-rate>
                        </input-capital>
                    </period>
                    <period year="2060">
                        <input-capital name="capital">
                            <capital-overnight>1324</capital-overnight>
                            <fixed-charge-rate>0.1</fixed-charge-rate>
                        </input-capital>
                    </period>
                    <period year="2065">
                        <input-capital name="capital">
                            <capital-overnight>1312</capital-overnight>
                            <fixed-charge-rate>0.1</fixed-charge-rate>
                        </input-capital>
                    </period>
                    <period year="2070">
                        <input-capital name="capital">
                            <capital-overnight>1302</capital-overnight>
                            <fixed-charge-rate>0.1</fixed-charge-rate>
                        </input-capital>
                    </period>
                    <period year="2075">
                        <input-capital name="capital">
                            <capital-overnight>1291</capital-overnight>
                            <fixed-charge-rate>0.1</fixed-charge-rate>
                        </input-capital>
                    </period>
                    <period year="2080">
                        <input-capital name="capital">
                            <capital-overnight>1282</capital-overnight>
                            <fixed-charge-rate>0.1</fixed-charge-rate>
                        </input-capital>
                    </period>
                    <period year="2085">
                        <input-capital name="capital">
                            <capital-overnight>1272</capital-overnight>
                            <fixed-charge-rate>0.1</fixed-charge-rate>
                        </input-capital>
                    </period>
                    <period year="2090">
                        <input-capital name="capital">
                            <capital-overnight>1263</capital-overnight>
                            <fixed-charge-rate>0.1</fixed-charge-rate>
                        </input-capital>
                    </period>
                    <period year="2095">
                        <input-capital name="capital">
                            <capital-overnight>1255</capital-overnight>
                            <fixed-charge-rate>0.1</fixed-charge-rate>
                        </input-capital>
                    </period>
                    <period year="2100">
                        <input-capital name="capital">
                            <capital-overnight>1247</capital-overnight>
                            <fixed-charge-rate>0.1</fixed-charge-rate>
                        </input-capital>
                    </period>
                </intermittent-technology>
            </location-info>
        </global-technology-database>
    </world>
</scenario>
