<?xml version="1.0" encoding="UTF-8"?>
<scenario>
    <world>
        <global-technology-database>
            <location-info sector-name="electricity" subsector-name="solar">
                <technology name="CSP_storage">
                    <period year="1975">
                        <input-capital name="capital">
                            <capital-overnight>2479</capital-overnight>
                            <fixed-charge-rate>0.13</fixed-charge-rate>
                        </input-capital>
                    </period>
                    <period year="1990">
                        <input-capital name="capital">
                            <capital-overnight>2479</capital-overnight>
                            <fixed-charge-rate>0.13</fixed-charge-rate>
                        </input-capital>
                    </period>
                    <period year="2005">
                        <input-capital name="capital">
                            <capital-overnight>2479</capital-overnight>
                            <fixed-charge-rate>0.13</fixed-charge-rate>
                        </input-capital>
                    </period>
                    <period year="2010">
                        <input-capital name="capital">
                            <capital-overnight>2479</capital-overnight>
                            <fixed-charge-rate>0.13</fixed-charge-rate>
                        </input-capital>
                    </period>
                    <period year="2015">
                        <input-capital name="capital">
                            <capital-overnight>2479</capital-overnight>
                            <fixed-charge-rate>0.13</fixed-charge-rate>
                        </input-capital>
                    </period>
                    <period year="2020">
                        <input-capital name="capital">
                            <capital-overnight>2072</capital-overnight>
                            <fixed-charge-rate>0.13</fixed-charge-rate>
                        </input-capital>
                    </period>
                    <period year="2025">
                        <input-capital name="capital">
                            <capital-overnight>1782</capital-overnight>
                            <fixed-charge-rate>0.13</fixed-charge-rate>
                        </input-capital>
                    </period>
                    <period year="2030">
                        <input-capital name="capital">
                            <capital-overnight>1575</capital-overnight>
                            <fixed-charge-rate>0.13</fixed-charge-rate>
                        </input-capital>
                    </period>
                    <period year="2035">
                        <input-capital name="capital">
                            <capital-overnight>1427</capital-overnight>
                            <fixed-charge-rate>0.13</fixed-charge-rate>
                        </input-capital>
                    </period>
                    <period year="2040">
                        <input-capital name="capital">
                            <capital-overnight>1321</capital-overnight>
                            <fixed-charge-rate>0.13</fixed-charge-rate>
                        </input-capital>
                    </period>
                    <period year="2045">
                        <input-capital name="capital">
                            <capital-overnight>1244</capital-overnight>
                            <fixed-charge-rate>0.13</fixed-charge-rate>
                        </input-capital>
                    </period>
                    <period year="2050">
                        <input-capital name="capital">
                            <capital-overnight>1189</capital-overnight>
                            <fixed-charge-rate>0.13</fixed-charge-rate>
                        </input-capital>
                    </period>
                    <period year="2055">
                        <input-capital name="capital">
                            <capital-overnight>1149</capital-overnight>
                            <fixed-charge-rate>0.13</fixed-charge-rate>
                        </input-capital>
                    </period>
                    <period year="2060">
                        <input-capital name="capital">
                            <capital-overnight>1120</capital-overnight>
                            <fixed-charge-rate>0.13</fixed-charge-rate>
                        </input-capital>
                    </period>
                    <period year="2065">
                        <input-capital name="capital">
                            <capital-overnight>1099</capital-overnight>
                            <fixed-charge-rate>0.13</fixed-charge-rate>
                        </input-capital>
                    </period>
                    <period year="2070">
                        <input-capital name="capital">
                            <capital-overnight>1084</capital-overnight>
                            <fixed-charge-rate>0.13</fixed-charge-rate>
                        </input-capital>
                    </period>
                    <period year="2075">
                        <input-capital name="capital">
                            <capital-overnight>1073</capital-overnight>
                            <fixed-charge-rate>0.13</fixed-charge-rate>
                        </input-capital>
                    </period>
                    <period year="2080">
                        <input-capital name="capital">
                            <capital-overnight>1064</capital-overnight>
                            <fixed-charge-rate>0.13</fixed-charge-rate>
                        </input-capital>
                    </period>
                    <period year="2085">
                        <input-capital name="capital">
                            <capital-overnight>1058</capital-overnight>
                            <fixed-charge-rate>0.13</fixed-charge-rate>
                        </input-capital>
                    </period>
                    <period year="2090">
                        <input-capital name="capital">
                            <capital-overnight>1054</capital-overnight>
                            <fixed-charge-rate>0.13</fixed-charge-rate>
                        </input-capital>
                    </period>
                    <period year="2095">
                        <input-capital name="capital">
                            <capital-overnight>1051</capital-overnight>
                            <fixed-charge-rate>0.13</fixed-charge-rate>
                        </input-capital>
                    </period>
                    <period year="2100">
                        <input-capital name="capital">
                            <capital-overnight>1048</capital-overnight>
                            <fixed-charge-rate>0.13</fixed-charge-rate>
                        </input-capital>
                    </period>
                </technology>
                <technology name="PV_storage">
                    <period year="1975">
                        <input-capital name="capital">
                            <capital-overnight>1301</capital-overnight>
                            <fixed-charge-rate>0.13</fixed-charge-rate>
                        </input-capital>
                    </period>
                    <period year="1990">
                        <input-capital name="capital">
                            <capital-overnight>1301</capital-overnight>
                            <fixed-charge-rate>0.13</fixed-charge-rate>
                        </input-capital>
                    </period>
                    <period year="2005">
                        <input-capital name="capital">
                            <capital-overnight>1301</capital-overnight>
                            <fixed-charge-rate>0.13</fixed-charge-rate>
                        </input-capital>
                    </period>
                    <period year="2010">
                        <input-capital name="capital">
                            <capital-overnight>1301</capital-overnight>
                            <fixed-charge-rate>0.13</fixed-charge-rate>
                        </input-capital>
                    </period>
                    <period year="2015">
                        <input-capital name="capital">
                            <capital-overnight>1301</capital-overnight>
                            <fixed-charge-rate>0.13</fixed-charge-rate>
                        </input-capital>
                    </period>
                    <period year="2020">
                        <input-capital name="capital">
                            <capital-overnight>1184</capital-overnight>
                            <fixed-charge-rate>0.13</fixed-charge-rate>
                        </input-capital>
                    </period>
                    <period year="2025">
                        <input-capital name="capital">
                            <capital-overnight>1092</capital-overnight>
                            <fixed-charge-rate>0.13</fixed-charge-rate>
                        </input-capital>
                    </period>
                    <period year="2030">
                        <input-capital name="capital">
                            <capital-overnight>1022</capital-overnight>
                            <fixed-charge-rate>0.13</fixed-charge-rate>
                        </input-capital>
                    </period>
                    <period year="2035">
                        <input-capital name="capital">
                            <capital-overnight>967</capital-overnight>
                            <fixed-charge-rate>0.13</fixed-charge-rate>
                        </input-capital>
                    </period>
                    <period year="2040">
                        <input-capital name="capital">
                            <capital-overnight>925</capital-overnight>
                            <fixed-charge-rate>0.13</fixed-charge-rate>
                        </input-capital>
                    </period>
                    <period year="2045">
                        <input-capital name="capital">
                            <capital-overnight>892</capital-overnight>
                            <fixed-charge-rate>0.13</fixed-charge-rate>
                        </input-capital>
                    </period>
                    <period year="2050">
                        <input-capital name="capital">
                            <capital-overnight>867</capital-overnight>
                            <fixed-charge-rate>0.13</fixed-charge-rate>
                        </input-capital>
                    </period>
                    <period year="2055">
                        <input-capital name="capital">
                            <capital-overnight>848</capital-overnight>
                            <fixed-charge-rate>0.13</fixed-charge-rate>
                        </input-capital>
                    </period>
                    <period year="2060">
                        <input-capital name="capital">
                            <capital-overnight>833</capital-overnight>
                            <fixed-charge-rate>0.13</fixed-charge-rate>
                        </input-capital>
                    </period>
                    <period year="2065">
                        <input-capital name="capital">
                            <capital-overnight>821</capital-overnight>
                            <fixed-charge-rate>0.13</fixed-charge-rate>
                        </input-capital>
                    </period>
                    <period year="2070">
                        <input-capital name="capital">
                            <capital-overnight>812</capital-overnight>
                            <fixed-charge-rate>0.13</fixed-charge-rate>
                        </input-capital>
                    </period>
                    <period year="2075">
                        <input-capital name="capital">
                            <capital-overnight>805</capital-overnight>
                            <fixed-charge-rate>0.13</fixed-charge-rate>
                        </input-capital>
                    </period>
                    <period year="2080">
                        <input-capital name="capital">
                            <capital-overnight>799</capital-overnight>
                            <fixed-charge-rate>0.13</fixed-charge-rate>
                        </input-capital>
                    </period>
                    <period year="2085">
                        <input-capital name="capital">
                            <capital-overnight>795</capital-overnight>
                            <fixed-charge-rate>0.13</fixed-charge-rate>
                        </input-capital>
                    </period>
                    <period year="2090">
                        <input-capital name="capital">
                            <capital-overnight>792</capital-overnight>
                            <fixed-charge-rate>0.13</fixed-charge-rate>
                        </input-capital>
                    </period>
                    <period year="2095">
                        <input-capital name="capital">
                            <capital-overnight>789</capital-overnight>
                            <fixed-charge-rate>0.13</fixed-charge-rate>
                        </input-capital>
                    </period>
                    <period year="2100">
                        <input-capital name="capital">
                            <capital-overnight>787</capital-overnight>
                            <fixed-charge-rate>0.13</fixed-charge-rate>
                        </input-capital>
                    </period>
                </technology>
                <intermittent-technology name="CSP">
                    <period year="1975">
                        <input-capital name="capital">
                            <capital-overnight>1487</capital-overnight>
                            <fixed-charge-rate>0.13</fixed-charge-rate>
                        </input-capital>
                    </period>
                    <period year="1990">
                        <input-capital name="capital">
                            <capital-overnight>1487</capital-overnight>
                            <fixed-charge-rate>0.13</fixed-charge-rate>
                        </input-capital>
                    </period>
                    <period year="2005">
                        <input-capital name="capital">
                            <capital-overnight>1487</capital-overnight>
                            <fixed-charge-rate>0.13</fixed-charge-rate>
                        </input-capital>
                    </period>
                    <period year="2010">
                        <input-capital name="capital">
                            <capital-overnight>1487</capital-overnight>
                            <fixed-charge-rate>0.13</fixed-charge-rate>
                        </input-capital>
                    </period>
                    <period year="2015">
                        <input-capital name="capital">
                            <capital-overnight>1487</capital-overnight>
                            <fixed-charge-rate>0.13</fixed-charge-rate>
                        </input-capital>
                    </period>
                    <period year="2020">
                        <input-capital name="capital">
                            <capital-overnight>1170</capital-overnight>
                            <fixed-charge-rate>0.13</fixed-charge-rate>
                        </input-capital>
                    </period>
                    <period year="2025">
                        <input-capital name="capital">
                            <capital-overnight>950</capital-overnight>
                            <fixed-charge-rate>0.13</fixed-charge-rate>
                        </input-capital>
                    </period>
                    <period year="2030">
                        <input-capital name="capital">
                            <capital-overnight>797</capital-overnight>
                            <fixed-charge-rate>0.13</fixed-charge-rate>
                        </input-capital>
                    </period>
                    <period year="2035">
                        <input-capital name="capital">
                            <capital-overnight>690</capital-overnight>
                            <fixed-charge-rate>0.13</fixed-charge-rate>
                        </input-capital>
                    </period>
                    <period year="2040">
                        <input-capital name="capital">
                            <capital-overnight>616</capital-overnight>
                            <fixed-charge-rate>0.13</fixed-charge-rate>
                        </input-capital>
                    </period>
                    <period year="2045">
                        <input-capital name="capital">
                            <capital-overnight>564</capital-overnight>
                            <fixed-charge-rate>0.13</fixed-charge-rate>
                        </input-capital>
                    </period>
                    <period year="2050">
                        <input-capital name="capital">
                            <capital-overnight>528</capital-overnight>
                            <fixed-charge-rate>0.13</fixed-charge-rate>
                        </input-capital>
                    </period>
                    <period year="2055">
                        <input-capital name="capital">
                            <capital-overnight>503</capital-overnight>
                            <fixed-charge-rate>0.13</fixed-charge-rate>
                        </input-capital>
                    </period>
                    <period year="2060">
                        <input-capital name="capital">
                            <capital-overnight>486</capital-overnight>
                            <fixed-charge-rate>0.13</fixed-charge-rate>
                        </input-capital>
                    </period>
                    <period year="2065">
                        <input-capital name="capital">
                            <capital-overnight>474</capital-overnight>
                            <fixed-charge-rate>0.13</fixed-charge-rate>
                        </input-capital>
                    </period>
                    <period year="2070">
                        <input-capital name="capital">
                            <capital-overnight>465</capital-overnight>
                            <fixed-charge-rate>0.13</fixed-charge-rate>
                        </input-capital>
                    </period>
                    <period year="2075">
                        <input-capital name="capital">
                            <capital-overnight>460</capital-overnight>
                            <fixed-charge-rate>0.13</fixed-charge-rate>
                        </input-capital>
                    </period>
                    <period year="2080">
                        <input-capital name="capital">
                            <capital-overnight>455</capital-overnight>
                            <fixed-charge-rate>0.13</fixed-charge-rate>
                        </input-capital>
                    </period>
                    <period year="2085">
                        <input-capital name="capital">
                            <capital-overnight>453</capital-overnight>
                            <fixed-charge-rate>0.13</fixed-charge-rate>
                        </input-capital>
                    </period>
                    <period year="2090">
                        <input-capital name="capital">
                            <capital-overnight>451</capital-overnight>
                            <fixed-charge-rate>0.13</fixed-charge-rate>
                        </input-capital>
                    </period>
                    <period year="2095">
                        <input-capital name="capital">
                            <capital-overnight>449</capital-overnight>
                            <fixed-charge-rate>0.13</fixed-charge-rate>
                        </input-capital>
                    </period>
                    <period year="2100">
                        <input-capital name="capital">
                            <capital-overnight>448</capital-overnight>
                            <fixed-charge-rate>0.13</fixed-charge-rate>
                        </input-capital>
                    </period>
                </intermittent-technology>
                <intermittent-technology name="PV">
                    <period year="1975">
                        <input-capital name="capital">
                            <capital-overnight>620</capital-overnight>
                            <fixed-charge-rate>0.13</fixed-charge-rate>
                        </input-capital>
                    </period>
                    <period year="1990">
                        <input-capital name="capital">
                            <capital-overnight>620</capital-overnight>
                            <fixed-charge-rate>0.13</fixed-charge-rate>
                        </input-capital>
                    </period>
                    <period year="2005">
                        <input-capital name="capital">
                            <capital-overnight>620</capital-overnight>
                            <fixed-charge-rate>0.13</fixed-charge-rate>
                        </input-capital>
                    </period>
                    <period year="2010">
                        <input-capital name="capital">
                            <capital-overnight>620</capital-overnight>
                            <fixed-charge-rate>0.13</fixed-charge-rate>
                        </input-capital>
                    </period>
                    <period year="2015">
                        <input-capital name="capital">
                            <capital-overnight>620</capital-overnight>
                            <fixed-charge-rate>0.13</fixed-charge-rate>
                        </input-capital>
                    </period>
                    <period year="2020">
                        <input-capital name="capital">
                            <capital-overnight>564</capital-overnight>
                            <fixed-charge-rate>0.13</fixed-charge-rate>
                        </input-capital>
                    </period>
                    <period year="2025">
                        <input-capital name="capital">
                            <capital-overnight>520</capital-overnight>
                            <fixed-charge-rate>0.13</fixed-charge-rate>
                        </input-capital>
                    </period>
                    <period year="2030">
                        <input-capital name="capital">
                            <capital-overnight>487</capital-overnight>
                            <fixed-charge-rate>0.13</fixed-charge-rate>
                        </input-capital>
                    </period>
                    <period year="2035">
                        <input-capital name="capital">
                            <capital-overnight>461</capital-overnight>
                            <fixed-charge-rate>0.13</fixed-charge-rate>
                        </input-capital>
                    </period>
                    <period year="2040">
                        <input-capital name="capital">
                            <capital-overnight>441</capital-overnight>
                            <fixed-charge-rate>0.13</fixed-charge-rate>
                        </input-capital>
                    </period>
                    <period year="2045">
                        <input-capital name="capital">
                            <capital-overnight>425</capital-overnight>
                            <fixed-charge-rate>0.13</fixed-charge-rate>
                        </input-capital>
                    </period>
                    <period year="2050">
                        <input-capital name="capital">
                            <capital-overnight>413</capital-overnight>
                            <fixed-charge-rate>0.13</fixed-charge-rate>
                        </input-capital>
                    </period>
                    <period year="2055">
                        <input-capital name="capital">
                            <capital-overnight>404</capital-overnight>
                            <fixed-charge-rate>0.13</fixed-charge-rate>
                        </input-capital>
                    </period>
                    <period year="2060">
                        <input-capital name="capital">
                            <capital-overnight>396</capital-overnight>
                            <fixed-charge-rate>0.13</fixed-charge-rate>
                        </input-capital>
                    </period>
                    <period year="2065">
                        <input-capital name="capital">
                            <capital-overnight>391</capital-overnight>
                            <fixed-charge-rate>0.13</fixed-charge-rate>
                        </input-capital>
                    </period>
                    <period year="2070">
                        <input-capital name="capital">
                            <capital-overnight>387</capital-overnight>
                            <fixed-charge-rate>0.13</fixed-charge-rate>
                        </input-capital>
                    </period>
                    <period year="2075">
                        <input-capital name="capital">
                            <capital-overnight>383</capital-overnight>
                            <fixed-charge-rate>0.13</fixed-charge-rate>
                        </input-capital>
                    </period>
                    <period year="2080">
                        <input-capital name="capital">
                            <capital-overnight>381</capital-overnight>
                            <fixed-charge-rate>0.13</fixed-charge-rate>
                        </input-capital>
                    </period>
                    <period year="2085">
                        <input-capital name="capital">
                            <capital-overnight>379</capital-overnight>
                            <fixed-charge-rate>0.13</fixed-charge-rate>
                        </input-capital>
                    </period>
                    <period year="2090">
                        <input-capital name="capital">
                            <capital-overnight>377</capital-overnight>
                            <fixed-charge-rate>0.13</fixed-charge-rate>
                        </input-capital>
                    </period>
                    <period year="2095">
                        <input-capital name="capital">
                            <capital-overnight>376</capital-overnight>
                            <fixed-charge-rate>0.13</fixed-charge-rate>
                        </input-capital>
                    </period>
                    <period year="2100">
                        <input-capital name="capital">
                            <capital-overnight>375</capital-overnight>
                            <fixed-charge-rate>0.13</fixed-charge-rate>
                        </input-capital>
                    </period>
                </intermittent-technology>
            </location-info>
            <location-info sector-name="elect_td_bld" subsector-name="rooftop_pv">
                <intermittent-technology name="rooftop_pv">
                    <period year="1975">
                        <input-capital name="capital">
                            <capital-overnight>1456</capital-overnight>
                            <fixed-charge-rate>0.1</fixed-charge-rate>
                        </input-capital>
                    </period>
                    <period year="1990">
                        <input-capital name="capital">
                            <capital-overnight>1456</capital-overnight>
                            <fixed-charge-rate>0.1</fixed-charge-rate>
                        </input-capital>
                    </period>
                    <period year="2005">
                        <input-capital name="capital">
                            <capital-overnight>1456</capital-overnight>
                            <fixed-charge-rate>0.1</fixed-charge-rate>
                        </input-capital>
                    </period>
                    <period year="2010">
                        <input-capital name="capital">
                            <capital-overnight>1456</capital-overnight>
                            <fixed-charge-rate>0.1</fixed-charge-rate>
                        </input-capital>
                    </period>
                    <period year="2015">
                        <input-capital name="capital">
                            <capital-overnight>1456</capital-overnight>
                            <fixed-charge-rate>0.1</fixed-charge-rate>
                        </input-capital>
                    </period>
                    <period year="2020">
                        <input-capital name="capital">
                            <capital-overnight>1324</capital-overnight>
                            <fixed-charge-rate>0.1</fixed-charge-rate>
                        </input-capital>
                    </period>
                    <period year="2025">
                        <input-capital name="capital">
                            <capital-overnight>1222</capital-overnight>
                            <fixed-charge-rate>0.1</fixed-charge-rate>
                        </input-capital>
                    </period>
                    <period year="2030">
                        <input-capital name="capital">
                            <capital-overnight>1144</capital-overnight>
                            <fixed-charge-rate>0.1</fixed-charge-rate>
                        </input-capital>
                    </period>
                    <period year="2035">
                        <input-capital name="capital">
                            <capital-overnight>1083</capital-overnight>
                            <fixed-charge-rate>0.1</fixed-charge-rate>
                        </input-capital>
                    </period>
                    <period year="2040">
                        <input-capital name="capital">
                            <capital-overnight>1035</capital-overnight>
                            <fixed-charge-rate>0.1</fixed-charge-rate>
                        </input-capital>
                    </period>
                    <period year="2045">
                        <input-capital name="capital">
                            <capital-overnight>999</capital-overnight>
                            <fixed-charge-rate>0.1</fixed-charge-rate>
                        </input-capital>
                    </period>
                    <period year="2050">
                        <input-capital name="capital">
                            <capital-overnight>970</capital-overnight>
                            <fixed-charge-rate>0.1</fixed-charge-rate>
                        </input-capital>
                    </period>
                    <period year="2055">
                        <input-capital name="capital">
                            <capital-overnight>949</capital-overnight>
                            <fixed-charge-rate>0.1</fixed-charge-rate>
                        </input-capital>
                    </period>
                    <period year="2060">
                        <input-capital name="capital">
                            <capital-overnight>932</capital-overnight>
                            <fixed-charge-rate>0.1</fixed-charge-rate>
                        </input-capital>
                    </period>
                    <period year="2065">
                        <input-capital name="capital">
                            <capital-overnight>919</capital-overnight>
                            <fixed-charge-rate>0.1</fixed-charge-rate>
                        </input-capital>
                    </period>
                    <period year="2070">
                        <input-capital name="capital">
                            <capital-overnight>908</capital-overnight>
                            <fixed-charge-rate>0.1</fixed-charge-rate>
                        </input-capital>
                    </period>
                    <period year="2075">
                        <input-capital name="capital">
                            <capital-overnight>901</capital-overnight>
                            <fixed-charge-rate>0.1</fixed-charge-rate>
                        </input-capital>
                    </period>
                    <period year="2080">
                        <input-capital name="capital">
                            <capital-overnight>894</capital-overnight>
                            <fixed-charge-rate>0.1</fixed-charge-rate>
                        </input-capital>
                    </period>
                    <period year="2085">
                        <input-capital name="capital">
                            <capital-overnight>890</capital-overnight>
                            <fixed-charge-rate>0.1</fixed-charge-rate>
                        </input-capital>
                    </period>
                    <period year="2090">
                        <input-capital name="capital">
                            <capital-overnight>886</capital-overnight>
                            <fixed-charge-rate>0.1</fixed-charge-rate>
                        </input-capital>
                    </period>
                    <period year="2095">
                        <input-capital name="capital">
                            <capital-overnight>883</capital-overnight>
                            <fixed-charge-rate>0.1</fixed-charge-rate>
                        </input-capital>
                    </period>
                    <period year="2100">
                        <input-capital name="capital">
                            <capital-overnight>881</capital-overnight>
                            <fixed-charge-rate>0.1</fixed-charge-rate>
                        </input-capital>
                    </period>
                </intermittent-technology>
            </location-info>
        </global-technology-database>
    </world>
</scenario>
