<?xml version="1.0" encoding="UTF-8"?>
<scenario>
    <world>
        <region name="USA">
            <supplysector name="total biomass">
                <subsector name="imported biomass">
                    <share-weight fillout="1" year="2025">0.1</share-weight>
                    <stub-technology name="imported biomass">
                        <period year="2025">
                            <share-weight>0.1</share-weight>
                        </period>
                        <period year="2030">
                            <share-weight>0.1</share-weight>
                        </period>
                        <period year="2035">
                            <share-weight>0.1</share-weight>
                        </period>
                        <period year="2040">
                            <share-weight>0.1</share-weight>
                        </period>
                        <period year="2045">
                            <share-weight>0.1</share-weight>
                        </period>
                        <period year="2050">
                            <share-weight>0.1</share-weight>
                        </period>
                        <period year="2055">
                            <share-weight>0.1</share-weight>
                        </period>
                        <period year="2060">
                            <share-weight>0.1</share-weight>
                        </period>
                        <period year="2065">
                            <share-weight>0.1</share-weight>
                        </period>
                        <period year="2070">
                            <share-weight>0.1</share-weight>
                        </period>
                        <period year="2075">
                            <share-weight>0.1</share-weight>
                        </period>
                        <period year="2080">
                            <share-weight>0.1</share-weight>
                        </period>
                        <period year="2085">
                            <share-weight>0.1</share-weight>
                        </period>
                        <period year="2090">
                            <share-weight>0.1</share-weight>
                        </period>
                        <period year="2095">
                            <share-weight>0.1</share-weight>
                        </period>
                        <period year="2100">
                            <share-weight>0.1</share-weight>
                        </period>
                    </stub-technology>
                </subsector>
            </supplysector>
        </region>
        <region name="Africa_Eastern">
            <supplysector name="total biomass">
                <subsector name="imported biomass">
                    <share-weight fillout="1" year="2025">0.1</share-weight>
                    <stub-technology name="imported biomass">
                        <period year="2025">
                            <share-weight>0.1</share-weight>
                        </period>
                        <period year="2030">
                            <share-weight>0.1</share-weight>
                        </period>
                        <period year="2035">
                            <share-weight>0.1</share-weight>
                        </period>
                        <period year="2040">
                            <share-weight>0.1</share-weight>
                        </period>
                        <period year="2045">
                            <share-weight>0.1</share-weight>
                        </period>
                        <period year="2050">
                            <share-weight>0.1</share-weight>
                        </period>
                        <period year="2055">
                            <share-weight>0.1</share-weight>
                        </period>
                        <period year="2060">
                            <share-weight>0.1</share-weight>
                        </period>
                        <period year="2065">
                            <share-weight>0.1</share-weight>
                        </period>
                        <period year="2070">
                            <share-weight>0.1</share-weight>
                        </period>
                        <period year="2075">
                            <share-weight>0.1</share-weight>
                        </period>
                        <period year="2080">
                            <share-weight>0.1</share-weight>
                        </period>
                        <period year="2085">
                            <share-weight>0.1</share-weight>
                        </period>
                        <period year="2090">
                            <share-weight>0.1</share-weight>
                        </period>
                        <period year="2095">
                            <share-weight>0.1</share-weight>
                        </period>
                        <period year="2100">
                            <share-weight>0.1</share-weight>
                        </period>
                    </stub-technology>
                </subsector>
            </supplysector>
        </region>
        <region name="Africa_Northern">
            <supplysector name="total biomass">
                <subsector name="imported biomass">
                    <share-weight fillout="1" year="2025">0.1</share-weight>
                    <stub-technology name="imported biomass">
                        <period year="2025">
                            <share-weight>0.1</share-weight>
                        </period>
                        <period year="2030">
                            <share-weight>0.1</share-weight>
                        </period>
                        <period year="2035">
                            <share-weight>0.1</share-weight>
                        </period>
                        <period year="2040">
                            <share-weight>0.1</share-weight>
                        </period>
                        <period year="2045">
                            <share-weight>0.1</share-weight>
                        </period>
                        <period year="2050">
                            <share-weight>0.1</share-weight>
                        </period>
                        <period year="2055">
                            <share-weight>0.1</share-weight>
                        </period>
                        <period year="2060">
                            <share-weight>0.1</share-weight>
                        </period>
                        <period year="2065">
                            <share-weight>0.1</share-weight>
                        </period>
                        <period year="2070">
                            <share-weight>0.1</share-weight>
                        </period>
                        <period year="2075">
                            <share-weight>0.1</share-weight>
                        </period>
                        <period year="2080">
                            <share-weight>0.1</share-weight>
                        </period>
                        <period year="2085">
                            <share-weight>0.1</share-weight>
                        </period>
                        <period year="2090">
                            <share-weight>0.1</share-weight>
                        </period>
                        <period year="2095">
                            <share-weight>0.1</share-weight>
                        </period>
                        <period year="2100">
                            <share-weight>0.1</share-weight>
                        </period>
                    </stub-technology>
                </subsector>
            </supplysector>
        </region>
        <region name="Africa_Southern">
            <supplysector name="total biomass">
                <subsector name="imported biomass">
                    <share-weight fillout="1" year="2025">0.1</share-weight>
                    <stub-technology name="imported biomass">
                        <period year="2025">
                            <share-weight>0.1</share-weight>
                        </period>
                        <period year="2030">
                            <share-weight>0.1</share-weight>
                        </period>
                        <period year="2035">
                            <share-weight>0.1</share-weight>
                        </period>
                        <period year="2040">
                            <share-weight>0.1</share-weight>
                        </period>
                        <period year="2045">
                            <share-weight>0.1</share-weight>
                        </period>
                        <period year="2050">
                            <share-weight>0.1</share-weight>
                        </period>
                        <period year="2055">
                            <share-weight>0.1</share-weight>
                        </period>
                        <period year="2060">
                            <share-weight>0.1</share-weight>
                        </period>
                        <period year="2065">
                            <share-weight>0.1</share-weight>
                        </period>
                        <period year="2070">
                            <share-weight>0.1</share-weight>
                        </period>
                        <period year="2075">
                            <share-weight>0.1</share-weight>
                        </period>
                        <period year="2080">
                            <share-weight>0.1</share-weight>
                        </period>
                        <period year="2085">
                            <share-weight>0.1</share-weight>
                        </period>
                        <period year="2090">
                            <share-weight>0.1</share-weight>
                        </period>
                        <period year="2095">
                            <share-weight>0.1</share-weight>
                        </period>
                        <period year="2100">
                            <share-weight>0.1</share-weight>
                        </period>
                    </stub-technology>
                </subsector>
            </supplysector>
        </region>
        <region name="Africa_Western">
            <supplysector name="total biomass">
                <subsector name="imported biomass">
                    <share-weight fillout="1" year="2025">0.1</share-weight>
                    <stub-technology name="imported biomass">
                        <period year="2025">
                            <share-weight>0.1</share-weight>
                        </period>
                        <period year="2030">
                            <share-weight>0.1</share-weight>
                        </period>
                        <period year="2035">
                            <share-weight>0.1</share-weight>
                        </period>
                        <period year="2040">
                            <share-weight>0.1</share-weight>
                        </period>
                        <period year="2045">
                            <share-weight>0.1</share-weight>
                        </period>
                        <period year="2050">
                            <share-weight>0.1</share-weight>
                        </period>
                        <period year="2055">
                            <share-weight>0.1</share-weight>
                        </period>
                        <period year="2060">
                            <share-weight>0.1</share-weight>
                        </period>
                        <period year="2065">
                            <share-weight>0.1</share-weight>
                        </period>
                        <period year="2070">
                            <share-weight>0.1</share-weight>
                        </period>
                        <period year="2075">
                            <share-weight>0.1</share-weight>
                        </period>
                        <period year="2080">
                            <share-weight>0.1</share-weight>
                        </period>
                        <period year="2085">
                            <share-weight>0.1</share-weight>
                        </period>
                        <period year="2090">
                            <share-weight>0.1</share-weight>
                        </period>
                        <period year="2095">
                            <share-weight>0.1</share-weight>
                        </period>
                        <period year="2100">
                            <share-weight>0.1</share-weight>
                        </period>
                    </stub-technology>
                </subsector>
            </supplysector>
        </region>
        <region name="Australia_NZ">
            <supplysector name="total biomass">
                <subsector name="imported biomass">
                    <share-weight fillout="1" year="2025">0.1</share-weight>
                    <stub-technology name="imported biomass">
                        <period year="2025">
                            <share-weight>0.1</share-weight>
                        </period>
                        <period year="2030">
                            <share-weight>0.1</share-weight>
                        </period>
                        <period year="2035">
                            <share-weight>0.1</share-weight>
                        </period>
                        <period year="2040">
                            <share-weight>0.1</share-weight>
                        </period>
                        <period year="2045">
                            <share-weight>0.1</share-weight>
                        </period>
                        <period year="2050">
                            <share-weight>0.1</share-weight>
                        </period>
                        <period year="2055">
                            <share-weight>0.1</share-weight>
                        </period>
                        <period year="2060">
                            <share-weight>0.1</share-weight>
                        </period>
                        <period year="2065">
                            <share-weight>0.1</share-weight>
                        </period>
                        <period year="2070">
                            <share-weight>0.1</share-weight>
                        </period>
                        <period year="2075">
                            <share-weight>0.1</share-weight>
                        </period>
                        <period year="2080">
                            <share-weight>0.1</share-weight>
                        </period>
                        <period year="2085">
                            <share-weight>0.1</share-weight>
                        </period>
                        <period year="2090">
                            <share-weight>0.1</share-weight>
                        </period>
                        <period year="2095">
                            <share-weight>0.1</share-weight>
                        </period>
                        <period year="2100">
                            <share-weight>0.1</share-weight>
                        </period>
                    </stub-technology>
                </subsector>
            </supplysector>
        </region>
        <region name="Brazil">
            <supplysector name="total biomass">
                <subsector name="imported biomass">
                    <share-weight fillout="1" year="2025">0.1</share-weight>
                    <stub-technology name="imported biomass">
                        <period year="2025">
                            <share-weight>0.1</share-weight>
                        </period>
                        <period year="2030">
                            <share-weight>0.1</share-weight>
                        </period>
                        <period year="2035">
                            <share-weight>0.1</share-weight>
                        </period>
                        <period year="2040">
                            <share-weight>0.1</share-weight>
                        </period>
                        <period year="2045">
                            <share-weight>0.1</share-weight>
                        </period>
                        <period year="2050">
                            <share-weight>0.1</share-weight>
                        </period>
                        <period year="2055">
                            <share-weight>0.1</share-weight>
                        </period>
                        <period year="2060">
                            <share-weight>0.1</share-weight>
                        </period>
                        <period year="2065">
                            <share-weight>0.1</share-weight>
                        </period>
                        <period year="2070">
                            <share-weight>0.1</share-weight>
                        </period>
                        <period year="2075">
                            <share-weight>0.1</share-weight>
                        </period>
                        <period year="2080">
                            <share-weight>0.1</share-weight>
                        </period>
                        <period year="2085">
                            <share-weight>0.1</share-weight>
                        </period>
                        <period year="2090">
                            <share-weight>0.1</share-weight>
                        </period>
                        <period year="2095">
                            <share-weight>0.1</share-weight>
                        </period>
                        <period year="2100">
                            <share-weight>0.1</share-weight>
                        </period>
                    </stub-technology>
                </subsector>
            </supplysector>
        </region>
        <region name="Canada">
            <supplysector name="total biomass">
                <subsector name="imported biomass">
                    <share-weight fillout="1" year="2025">0.1</share-weight>
                    <stub-technology name="imported biomass">
                        <period year="2025">
                            <share-weight>0.1</share-weight>
                        </period>
                        <period year="2030">
                            <share-weight>0.1</share-weight>
                        </period>
                        <period year="2035">
                            <share-weight>0.1</share-weight>
                        </period>
                        <period year="2040">
                            <share-weight>0.1</share-weight>
                        </period>
                        <period year="2045">
                            <share-weight>0.1</share-weight>
                        </period>
                        <period year="2050">
                            <share-weight>0.1</share-weight>
                        </period>
                        <period year="2055">
                            <share-weight>0.1</share-weight>
                        </period>
                        <period year="2060">
                            <share-weight>0.1</share-weight>
                        </period>
                        <period year="2065">
                            <share-weight>0.1</share-weight>
                        </period>
                        <period year="2070">
                            <share-weight>0.1</share-weight>
                        </period>
                        <period year="2075">
                            <share-weight>0.1</share-weight>
                        </period>
                        <period year="2080">
                            <share-weight>0.1</share-weight>
                        </period>
                        <period year="2085">
                            <share-weight>0.1</share-weight>
                        </period>
                        <period year="2090">
                            <share-weight>0.1</share-weight>
                        </period>
                        <period year="2095">
                            <share-weight>0.1</share-weight>
                        </period>
                        <period year="2100">
                            <share-weight>0.1</share-weight>
                        </period>
                    </stub-technology>
                </subsector>
            </supplysector>
        </region>
        <region name="Central America and Caribbean">
            <supplysector name="total biomass">
                <subsector name="imported biomass">
                    <share-weight fillout="1" year="2025">0.1</share-weight>
                    <stub-technology name="imported biomass">
                        <period year="2025">
                            <share-weight>0.1</share-weight>
                        </period>
                        <period year="2030">
                            <share-weight>0.1</share-weight>
                        </period>
                        <period year="2035">
                            <share-weight>0.1</share-weight>
                        </period>
                        <period year="2040">
                            <share-weight>0.1</share-weight>
                        </period>
                        <period year="2045">
                            <share-weight>0.1</share-weight>
                        </period>
                        <period year="2050">
                            <share-weight>0.1</share-weight>
                        </period>
                        <period year="2055">
                            <share-weight>0.1</share-weight>
                        </period>
                        <period year="2060">
                            <share-weight>0.1</share-weight>
                        </period>
                        <period year="2065">
                            <share-weight>0.1</share-weight>
                        </period>
                        <period year="2070">
                            <share-weight>0.1</share-weight>
                        </period>
                        <period year="2075">
                            <share-weight>0.1</share-weight>
                        </period>
                        <period year="2080">
                            <share-weight>0.1</share-weight>
                        </period>
                        <period year="2085">
                            <share-weight>0.1</share-weight>
                        </period>
                        <period year="2090">
                            <share-weight>0.1</share-weight>
                        </period>
                        <period year="2095">
                            <share-weight>0.1</share-weight>
                        </period>
                        <period year="2100">
                            <share-weight>0.1</share-weight>
                        </period>
                    </stub-technology>
                </subsector>
            </supplysector>
        </region>
        <region name="Central Asia">
            <supplysector name="total biomass">
                <subsector name="imported biomass">
                    <share-weight fillout="1" year="2025">0.1</share-weight>
                    <stub-technology name="imported biomass">
                        <period year="2025">
                            <share-weight>0.1</share-weight>
                        </period>
                        <period year="2030">
                            <share-weight>0.1</share-weight>
                        </period>
                        <period year="2035">
                            <share-weight>0.1</share-weight>
                        </period>
                        <period year="2040">
                            <share-weight>0.1</share-weight>
                        </period>
                        <period year="2045">
                            <share-weight>0.1</share-weight>
                        </period>
                        <period year="2050">
                            <share-weight>0.1</share-weight>
                        </period>
                        <period year="2055">
                            <share-weight>0.1</share-weight>
                        </period>
                        <period year="2060">
                            <share-weight>0.1</share-weight>
                        </period>
                        <period year="2065">
                            <share-weight>0.1</share-weight>
                        </period>
                        <period year="2070">
                            <share-weight>0.1</share-weight>
                        </period>
                        <period year="2075">
                            <share-weight>0.1</share-weight>
                        </period>
                        <period year="2080">
                            <share-weight>0.1</share-weight>
                        </period>
                        <period year="2085">
                            <share-weight>0.1</share-weight>
                        </period>
                        <period year="2090">
                            <share-weight>0.1</share-weight>
                        </period>
                        <period year="2095">
                            <share-weight>0.1</share-weight>
                        </period>
                        <period year="2100">
                            <share-weight>0.1</share-weight>
                        </period>
                    </stub-technology>
                </subsector>
            </supplysector>
        </region>
        <region name="China">
            <supplysector name="total biomass">
                <subsector name="imported biomass">
                    <share-weight fillout="1" year="2025">0.1</share-weight>
                    <stub-technology name="imported biomass">
                        <period year="2025">
                            <share-weight>0.1</share-weight>
                        </period>
                        <period year="2030">
                            <share-weight>0.1</share-weight>
                        </period>
                        <period year="2035">
                            <share-weight>0.1</share-weight>
                        </period>
                        <period year="2040">
                            <share-weight>0.1</share-weight>
                        </period>
                        <period year="2045">
                            <share-weight>0.1</share-weight>
                        </period>
                        <period year="2050">
                            <share-weight>0.1</share-weight>
                        </period>
                        <period year="2055">
                            <share-weight>0.1</share-weight>
                        </period>
                        <period year="2060">
                            <share-weight>0.1</share-weight>
                        </period>
                        <period year="2065">
                            <share-weight>0.1</share-weight>
                        </period>
                        <period year="2070">
                            <share-weight>0.1</share-weight>
                        </period>
                        <period year="2075">
                            <share-weight>0.1</share-weight>
                        </period>
                        <period year="2080">
                            <share-weight>0.1</share-weight>
                        </period>
                        <period year="2085">
                            <share-weight>0.1</share-weight>
                        </period>
                        <period year="2090">
                            <share-weight>0.1</share-weight>
                        </period>
                        <period year="2095">
                            <share-weight>0.1</share-weight>
                        </period>
                        <period year="2100">
                            <share-weight>0.1</share-weight>
                        </period>
                    </stub-technology>
                </subsector>
            </supplysector>
        </region>
        <region name="EU-12">
            <supplysector name="total biomass">
                <subsector name="imported biomass">
                    <share-weight fillout="1" year="2025">0.1</share-weight>
                    <stub-technology name="imported biomass">
                        <period year="2025">
                            <share-weight>0.1</share-weight>
                        </period>
                        <period year="2030">
                            <share-weight>0.1</share-weight>
                        </period>
                        <period year="2035">
                            <share-weight>0.1</share-weight>
                        </period>
                        <period year="2040">
                            <share-weight>0.1</share-weight>
                        </period>
                        <period year="2045">
                            <share-weight>0.1</share-weight>
                        </period>
                        <period year="2050">
                            <share-weight>0.1</share-weight>
                        </period>
                        <period year="2055">
                            <share-weight>0.1</share-weight>
                        </period>
                        <period year="2060">
                            <share-weight>0.1</share-weight>
                        </period>
                        <period year="2065">
                            <share-weight>0.1</share-weight>
                        </period>
                        <period year="2070">
                            <share-weight>0.1</share-weight>
                        </period>
                        <period year="2075">
                            <share-weight>0.1</share-weight>
                        </period>
                        <period year="2080">
                            <share-weight>0.1</share-weight>
                        </period>
                        <period year="2085">
                            <share-weight>0.1</share-weight>
                        </period>
                        <period year="2090">
                            <share-weight>0.1</share-weight>
                        </period>
                        <period year="2095">
                            <share-weight>0.1</share-weight>
                        </period>
                        <period year="2100">
                            <share-weight>0.1</share-weight>
                        </period>
                    </stub-technology>
                </subsector>
            </supplysector>
        </region>
        <region name="EU-15">
            <supplysector name="total biomass">
                <subsector name="imported biomass">
                    <share-weight fillout="1" year="2025">0.1</share-weight>
                    <stub-technology name="imported biomass">
                        <period year="2025">
                            <share-weight>0.1</share-weight>
                        </period>
                        <period year="2030">
                            <share-weight>0.1</share-weight>
                        </period>
                        <period year="2035">
                            <share-weight>0.1</share-weight>
                        </period>
                        <period year="2040">
                            <share-weight>0.1</share-weight>
                        </period>
                        <period year="2045">
                            <share-weight>0.1</share-weight>
                        </period>
                        <period year="2050">
                            <share-weight>0.1</share-weight>
                        </period>
                        <period year="2055">
                            <share-weight>0.1</share-weight>
                        </period>
                        <period year="2060">
                            <share-weight>0.1</share-weight>
                        </period>
                        <period year="2065">
                            <share-weight>0.1</share-weight>
                        </period>
                        <period year="2070">
                            <share-weight>0.1</share-weight>
                        </period>
                        <period year="2075">
                            <share-weight>0.1</share-weight>
                        </period>
                        <period year="2080">
                            <share-weight>0.1</share-weight>
                        </period>
                        <period year="2085">
                            <share-weight>0.1</share-weight>
                        </period>
                        <period year="2090">
                            <share-weight>0.1</share-weight>
                        </period>
                        <period year="2095">
                            <share-weight>0.1</share-weight>
                        </period>
                        <period year="2100">
                            <share-weight>0.1</share-weight>
                        </period>
                    </stub-technology>
                </subsector>
            </supplysector>
        </region>
        <region name="Europe_Eastern">
            <supplysector name="total biomass">
                <subsector name="imported biomass">
                    <share-weight fillout="1" year="2025">0.1</share-weight>
                    <stub-technology name="imported biomass">
                        <period year="2025">
                            <share-weight>0.1</share-weight>
                        </period>
                        <period year="2030">
                            <share-weight>0.1</share-weight>
                        </period>
                        <period year="2035">
                            <share-weight>0.1</share-weight>
                        </period>
                        <period year="2040">
                            <share-weight>0.1</share-weight>
                        </period>
                        <period year="2045">
                            <share-weight>0.1</share-weight>
                        </period>
                        <period year="2050">
                            <share-weight>0.1</share-weight>
                        </period>
                        <period year="2055">
                            <share-weight>0.1</share-weight>
                        </period>
                        <period year="2060">
                            <share-weight>0.1</share-weight>
                        </period>
                        <period year="2065">
                            <share-weight>0.1</share-weight>
                        </period>
                        <period year="2070">
                            <share-weight>0.1</share-weight>
                        </period>
                        <period year="2075">
                            <share-weight>0.1</share-weight>
                        </period>
                        <period year="2080">
                            <share-weight>0.1</share-weight>
                        </period>
                        <period year="2085">
                            <share-weight>0.1</share-weight>
                        </period>
                        <period year="2090">
                            <share-weight>0.1</share-weight>
                        </period>
                        <period year="2095">
                            <share-weight>0.1</share-weight>
                        </period>
                        <period year="2100">
                            <share-weight>0.1</share-weight>
                        </period>
                    </stub-technology>
                </subsector>
            </supplysector>
        </region>
        <region name="Europe_Non_EU">
            <supplysector name="total biomass">
                <subsector name="imported biomass">
                    <share-weight fillout="1" year="2025">0.1</share-weight>
                    <stub-technology name="imported biomass">
                        <period year="2025">
                            <share-weight>0.1</share-weight>
                        </period>
                        <period year="2030">
                            <share-weight>0.1</share-weight>
                        </period>
                        <period year="2035">
                            <share-weight>0.1</share-weight>
                        </period>
                        <period year="2040">
                            <share-weight>0.1</share-weight>
                        </period>
                        <period year="2045">
                            <share-weight>0.1</share-weight>
                        </period>
                        <period year="2050">
                            <share-weight>0.1</share-weight>
                        </period>
                        <period year="2055">
                            <share-weight>0.1</share-weight>
                        </period>
                        <period year="2060">
                            <share-weight>0.1</share-weight>
                        </period>
                        <period year="2065">
                            <share-weight>0.1</share-weight>
                        </period>
                        <period year="2070">
                            <share-weight>0.1</share-weight>
                        </period>
                        <period year="2075">
                            <share-weight>0.1</share-weight>
                        </period>
                        <period year="2080">
                            <share-weight>0.1</share-weight>
                        </period>
                        <period year="2085">
                            <share-weight>0.1</share-weight>
                        </period>
                        <period year="2090">
                            <share-weight>0.1</share-weight>
                        </period>
                        <period year="2095">
                            <share-weight>0.1</share-weight>
                        </period>
                        <period year="2100">
                            <share-weight>0.1</share-weight>
                        </period>
                    </stub-technology>
                </subsector>
            </supplysector>
        </region>
        <region name="European Free Trade Association">
            <supplysector name="total biomass">
                <subsector name="imported biomass">
                    <share-weight fillout="1" year="2025">0.1</share-weight>
                    <stub-technology name="imported biomass">
                        <period year="2025">
                            <share-weight>0.1</share-weight>
                        </period>
                        <period year="2030">
                            <share-weight>0.1</share-weight>
                        </period>
                        <period year="2035">
                            <share-weight>0.1</share-weight>
                        </period>
                        <period year="2040">
                            <share-weight>0.1</share-weight>
                        </period>
                        <period year="2045">
                            <share-weight>0.1</share-weight>
                        </period>
                        <period year="2050">
                            <share-weight>0.1</share-weight>
                        </period>
                        <period year="2055">
                            <share-weight>0.1</share-weight>
                        </period>
                        <period year="2060">
                            <share-weight>0.1</share-weight>
                        </period>
                        <period year="2065">
                            <share-weight>0.1</share-weight>
                        </period>
                        <period year="2070">
                            <share-weight>0.1</share-weight>
                        </period>
                        <period year="2075">
                            <share-weight>0.1</share-weight>
                        </period>
                        <period year="2080">
                            <share-weight>0.1</share-weight>
                        </period>
                        <period year="2085">
                            <share-weight>0.1</share-weight>
                        </period>
                        <period year="2090">
                            <share-weight>0.1</share-weight>
                        </period>
                        <period year="2095">
                            <share-weight>0.1</share-weight>
                        </period>
                        <period year="2100">
                            <share-weight>0.1</share-weight>
                        </period>
                    </stub-technology>
                </subsector>
            </supplysector>
        </region>
        <region name="India">
            <supplysector name="total biomass">
                <subsector name="imported biomass">
                    <share-weight fillout="1" year="2025">0.1</share-weight>
                    <stub-technology name="imported biomass">
                        <period year="2025">
                            <share-weight>0.1</share-weight>
                        </period>
                        <period year="2030">
                            <share-weight>0.1</share-weight>
                        </period>
                        <period year="2035">
                            <share-weight>0.1</share-weight>
                        </period>
                        <period year="2040">
                            <share-weight>0.1</share-weight>
                        </period>
                        <period year="2045">
                            <share-weight>0.1</share-weight>
                        </period>
                        <period year="2050">
                            <share-weight>0.1</share-weight>
                        </period>
                        <period year="2055">
                            <share-weight>0.1</share-weight>
                        </period>
                        <period year="2060">
                            <share-weight>0.1</share-weight>
                        </period>
                        <period year="2065">
                            <share-weight>0.1</share-weight>
                        </period>
                        <period year="2070">
                            <share-weight>0.1</share-weight>
                        </period>
                        <period year="2075">
                            <share-weight>0.1</share-weight>
                        </period>
                        <period year="2080">
                            <share-weight>0.1</share-weight>
                        </period>
                        <period year="2085">
                            <share-weight>0.1</share-weight>
                        </period>
                        <period year="2090">
                            <share-weight>0.1</share-weight>
                        </period>
                        <period year="2095">
                            <share-weight>0.1</share-weight>
                        </period>
                        <period year="2100">
                            <share-weight>0.1</share-weight>
                        </period>
                    </stub-technology>
                </subsector>
            </supplysector>
        </region>
        <region name="Indonesia">
            <supplysector name="total biomass">
                <subsector name="imported biomass">
                    <share-weight fillout="1" year="2025">0.1</share-weight>
                    <stub-technology name="imported biomass">
                        <period year="2025">
                            <share-weight>0.1</share-weight>
                        </period>
                        <period year="2030">
                            <share-weight>0.1</share-weight>
                        </period>
                        <period year="2035">
                            <share-weight>0.1</share-weight>
                        </period>
                        <period year="2040">
                            <share-weight>0.1</share-weight>
                        </period>
                        <period year="2045">
                            <share-weight>0.1</share-weight>
                        </period>
                        <period year="2050">
                            <share-weight>0.1</share-weight>
                        </period>
                        <period year="2055">
                            <share-weight>0.1</share-weight>
                        </period>
                        <period year="2060">
                            <share-weight>0.1</share-weight>
                        </period>
                        <period year="2065">
                            <share-weight>0.1</share-weight>
                        </period>
                        <period year="2070">
                            <share-weight>0.1</share-weight>
                        </period>
                        <period year="2075">
                            <share-weight>0.1</share-weight>
                        </period>
                        <period year="2080">
                            <share-weight>0.1</share-weight>
                        </period>
                        <period year="2085">
                            <share-weight>0.1</share-weight>
                        </period>
                        <period year="2090">
                            <share-weight>0.1</share-weight>
                        </period>
                        <period year="2095">
                            <share-weight>0.1</share-weight>
                        </period>
                        <period year="2100">
                            <share-weight>0.1</share-weight>
                        </period>
                    </stub-technology>
                </subsector>
            </supplysector>
        </region>
        <region name="Japan">
            <supplysector name="total biomass">
                <subsector name="imported biomass">
                    <share-weight fillout="1" year="2025">0.1</share-weight>
                    <stub-technology name="imported biomass">
                        <period year="2025">
                            <share-weight>0.1</share-weight>
                        </period>
                        <period year="2030">
                            <share-weight>0.1</share-weight>
                        </period>
                        <period year="2035">
                            <share-weight>0.1</share-weight>
                        </period>
                        <period year="2040">
                            <share-weight>0.1</share-weight>
                        </period>
                        <period year="2045">
                            <share-weight>0.1</share-weight>
                        </period>
                        <period year="2050">
                            <share-weight>0.1</share-weight>
                        </period>
                        <period year="2055">
                            <share-weight>0.1</share-weight>
                        </period>
                        <period year="2060">
                            <share-weight>0.1</share-weight>
                        </period>
                        <period year="2065">
                            <share-weight>0.1</share-weight>
                        </period>
                        <period year="2070">
                            <share-weight>0.1</share-weight>
                        </period>
                        <period year="2075">
                            <share-weight>0.1</share-weight>
                        </period>
                        <period year="2080">
                            <share-weight>0.1</share-weight>
                        </period>
                        <period year="2085">
                            <share-weight>0.1</share-weight>
                        </period>
                        <period year="2090">
                            <share-weight>0.1</share-weight>
                        </period>
                        <period year="2095">
                            <share-weight>0.1</share-weight>
                        </period>
                        <period year="2100">
                            <share-weight>0.1</share-weight>
                        </period>
                    </stub-technology>
                </subsector>
            </supplysector>
        </region>
        <region name="Mexico">
            <supplysector name="total biomass">
                <subsector name="imported biomass">
                    <share-weight fillout="1" year="2025">0.1</share-weight>
                    <stub-technology name="imported biomass">
                        <period year="2025">
                            <share-weight>0.1</share-weight>
                        </period>
                        <period year="2030">
                            <share-weight>0.1</share-weight>
                        </period>
                        <period year="2035">
                            <share-weight>0.1</share-weight>
                        </period>
                        <period year="2040">
                            <share-weight>0.1</share-weight>
                        </period>
                        <period year="2045">
                            <share-weight>0.1</share-weight>
                        </period>
                        <period year="2050">
                            <share-weight>0.1</share-weight>
                        </period>
                        <period year="2055">
                            <share-weight>0.1</share-weight>
                        </period>
                        <period year="2060">
                            <share-weight>0.1</share-weight>
                        </period>
                        <period year="2065">
                            <share-weight>0.1</share-weight>
                        </period>
                        <period year="2070">
                            <share-weight>0.1</share-weight>
                        </period>
                        <period year="2075">
                            <share-weight>0.1</share-weight>
                        </period>
                        <period year="2080">
                            <share-weight>0.1</share-weight>
                        </period>
                        <period year="2085">
                            <share-weight>0.1</share-weight>
                        </period>
                        <period year="2090">
                            <share-weight>0.1</share-weight>
                        </period>
                        <period year="2095">
                            <share-weight>0.1</share-weight>
                        </period>
                        <period year="2100">
                            <share-weight>0.1</share-weight>
                        </period>
                    </stub-technology>
                </subsector>
            </supplysector>
        </region>
        <region name="Middle East">
            <supplysector name="total biomass">
                <subsector name="imported biomass">
                    <share-weight fillout="1" year="2025">0.1</share-weight>
                    <stub-technology name="imported biomass">
                        <period year="2025">
                            <share-weight>0.1</share-weight>
                        </period>
                        <period year="2030">
                            <share-weight>0.1</share-weight>
                        </period>
                        <period year="2035">
                            <share-weight>0.1</share-weight>
                        </period>
                        <period year="2040">
                            <share-weight>0.1</share-weight>
                        </period>
                        <period year="2045">
                            <share-weight>0.1</share-weight>
                        </period>
                        <period year="2050">
                            <share-weight>0.1</share-weight>
                        </period>
                        <period year="2055">
                            <share-weight>0.1</share-weight>
                        </period>
                        <period year="2060">
                            <share-weight>0.1</share-weight>
                        </period>
                        <period year="2065">
                            <share-weight>0.1</share-weight>
                        </period>
                        <period year="2070">
                            <share-weight>0.1</share-weight>
                        </period>
                        <period year="2075">
                            <share-weight>0.1</share-weight>
                        </period>
                        <period year="2080">
                            <share-weight>0.1</share-weight>
                        </period>
                        <period year="2085">
                            <share-weight>0.1</share-weight>
                        </period>
                        <period year="2090">
                            <share-weight>0.1</share-weight>
                        </period>
                        <period year="2095">
                            <share-weight>0.1</share-weight>
                        </period>
                        <period year="2100">
                            <share-weight>0.1</share-weight>
                        </period>
                    </stub-technology>
                </subsector>
            </supplysector>
        </region>
        <region name="Pakistan">
            <supplysector name="total biomass">
                <subsector name="imported biomass">
                    <share-weight fillout="1" year="2025">0.1</share-weight>
                    <stub-technology name="imported biomass">
                        <period year="2025">
                            <share-weight>0.1</share-weight>
                        </period>
                        <period year="2030">
                            <share-weight>0.1</share-weight>
                        </period>
                        <period year="2035">
                            <share-weight>0.1</share-weight>
                        </period>
                        <period year="2040">
                            <share-weight>0.1</share-weight>
                        </period>
                        <period year="2045">
                            <share-weight>0.1</share-weight>
                        </period>
                        <period year="2050">
                            <share-weight>0.1</share-weight>
                        </period>
                        <period year="2055">
                            <share-weight>0.1</share-weight>
                        </period>
                        <period year="2060">
                            <share-weight>0.1</share-weight>
                        </period>
                        <period year="2065">
                            <share-weight>0.1</share-weight>
                        </period>
                        <period year="2070">
                            <share-weight>0.1</share-weight>
                        </period>
                        <period year="2075">
                            <share-weight>0.1</share-weight>
                        </period>
                        <period year="2080">
                            <share-weight>0.1</share-weight>
                        </period>
                        <period year="2085">
                            <share-weight>0.1</share-weight>
                        </period>
                        <period year="2090">
                            <share-weight>0.1</share-weight>
                        </period>
                        <period year="2095">
                            <share-weight>0.1</share-weight>
                        </period>
                        <period year="2100">
                            <share-weight>0.1</share-weight>
                        </period>
                    </stub-technology>
                </subsector>
            </supplysector>
        </region>
        <region name="Russia">
            <supplysector name="total biomass">
                <subsector name="imported biomass">
                    <share-weight fillout="1" year="2025">0.1</share-weight>
                    <stub-technology name="imported biomass">
                        <period year="2025">
                            <share-weight>0.1</share-weight>
                        </period>
                        <period year="2030">
                            <share-weight>0.1</share-weight>
                        </period>
                        <period year="2035">
                            <share-weight>0.1</share-weight>
                        </period>
                        <period year="2040">
                            <share-weight>0.1</share-weight>
                        </period>
                        <period year="2045">
                            <share-weight>0.1</share-weight>
                        </period>
                        <period year="2050">
                            <share-weight>0.1</share-weight>
                        </period>
                        <period year="2055">
                            <share-weight>0.1</share-weight>
                        </period>
                        <period year="2060">
                            <share-weight>0.1</share-weight>
                        </period>
                        <period year="2065">
                            <share-weight>0.1</share-weight>
                        </period>
                        <period year="2070">
                            <share-weight>0.1</share-weight>
                        </period>
                        <period year="2075">
                            <share-weight>0.1</share-weight>
                        </period>
                        <period year="2080">
                            <share-weight>0.1</share-weight>
                        </period>
                        <period year="2085">
                            <share-weight>0.1</share-weight>
                        </period>
                        <period year="2090">
                            <share-weight>0.1</share-weight>
                        </period>
                        <period year="2095">
                            <share-weight>0.1</share-weight>
                        </period>
                        <period year="2100">
                            <share-weight>0.1</share-weight>
                        </period>
                    </stub-technology>
                </subsector>
            </supplysector>
        </region>
        <region name="South Africa">
            <supplysector name="total biomass">
                <subsector name="imported biomass">
                    <share-weight fillout="1" year="2025">0.1</share-weight>
                    <stub-technology name="imported biomass">
                        <period year="2025">
                            <share-weight>0.1</share-weight>
                        </period>
                        <period year="2030">
                            <share-weight>0.1</share-weight>
                        </period>
                        <period year="2035">
                            <share-weight>0.1</share-weight>
                        </period>
                        <period year="2040">
                            <share-weight>0.1</share-weight>
                        </period>
                        <period year="2045">
                            <share-weight>0.1</share-weight>
                        </period>
                        <period year="2050">
                            <share-weight>0.1</share-weight>
                        </period>
                        <period year="2055">
                            <share-weight>0.1</share-weight>
                        </period>
                        <period year="2060">
                            <share-weight>0.1</share-weight>
                        </period>
                        <period year="2065">
                            <share-weight>0.1</share-weight>
                        </period>
                        <period year="2070">
                            <share-weight>0.1</share-weight>
                        </period>
                        <period year="2075">
                            <share-weight>0.1</share-weight>
                        </period>
                        <period year="2080">
                            <share-weight>0.1</share-weight>
                        </period>
                        <period year="2085">
                            <share-weight>0.1</share-weight>
                        </period>
                        <period year="2090">
                            <share-weight>0.1</share-weight>
                        </period>
                        <period year="2095">
                            <share-weight>0.1</share-weight>
                        </period>
                        <period year="2100">
                            <share-weight>0.1</share-weight>
                        </period>
                    </stub-technology>
                </subsector>
            </supplysector>
        </region>
        <region name="South America_Northern">
            <supplysector name="total biomass">
                <subsector name="imported biomass">
                    <share-weight fillout="1" year="2025">0.1</share-weight>
                    <stub-technology name="imported biomass">
                        <period year="2025">
                            <share-weight>0.1</share-weight>
                        </period>
                        <period year="2030">
                            <share-weight>0.1</share-weight>
                        </period>
                        <period year="2035">
                            <share-weight>0.1</share-weight>
                        </period>
                        <period year="2040">
                            <share-weight>0.1</share-weight>
                        </period>
                        <period year="2045">
                            <share-weight>0.1</share-weight>
                        </period>
                        <period year="2050">
                            <share-weight>0.1</share-weight>
                        </period>
                        <period year="2055">
                            <share-weight>0.1</share-weight>
                        </period>
                        <period year="2060">
                            <share-weight>0.1</share-weight>
                        </period>
                        <period year="2065">
                            <share-weight>0.1</share-weight>
                        </period>
                        <period year="2070">
                            <share-weight>0.1</share-weight>
                        </period>
                        <period year="2075">
                            <share-weight>0.1</share-weight>
                        </period>
                        <period year="2080">
                            <share-weight>0.1</share-weight>
                        </period>
                        <period year="2085">
                            <share-weight>0.1</share-weight>
                        </period>
                        <period year="2090">
                            <share-weight>0.1</share-weight>
                        </period>
                        <period year="2095">
                            <share-weight>0.1</share-weight>
                        </period>
                        <period year="2100">
                            <share-weight>0.1</share-weight>
                        </period>
                    </stub-technology>
                </subsector>
            </supplysector>
        </region>
        <region name="South America_Southern">
            <supplysector name="total biomass">
                <subsector name="imported biomass">
                    <share-weight fillout="1" year="2025">0.1</share-weight>
                    <stub-technology name="imported biomass">
                        <period year="2025">
                            <share-weight>0.1</share-weight>
                        </period>
                        <period year="2030">
                            <share-weight>0.1</share-weight>
                        </period>
                        <period year="2035">
                            <share-weight>0.1</share-weight>
                        </period>
                        <period year="2040">
                            <share-weight>0.1</share-weight>
                        </period>
                        <period year="2045">
                            <share-weight>0.1</share-weight>
                        </period>
                        <period year="2050">
                            <share-weight>0.1</share-weight>
                        </period>
                        <period year="2055">
                            <share-weight>0.1</share-weight>
                        </period>
                        <period year="2060">
                            <share-weight>0.1</share-weight>
                        </period>
                        <period year="2065">
                            <share-weight>0.1</share-weight>
                        </period>
                        <period year="2070">
                            <share-weight>0.1</share-weight>
                        </period>
                        <period year="2075">
                            <share-weight>0.1</share-weight>
                        </period>
                        <period year="2080">
                            <share-weight>0.1</share-weight>
                        </period>
                        <period year="2085">
                            <share-weight>0.1</share-weight>
                        </period>
                        <period year="2090">
                            <share-weight>0.1</share-weight>
                        </period>
                        <period year="2095">
                            <share-weight>0.1</share-weight>
                        </period>
                        <period year="2100">
                            <share-weight>0.1</share-weight>
                        </period>
                    </stub-technology>
                </subsector>
            </supplysector>
        </region>
        <region name="South Asia">
            <supplysector name="total biomass">
                <subsector name="imported biomass">
                    <share-weight fillout="1" year="2025">0.1</share-weight>
                    <stub-technology name="imported biomass">
                        <period year="2025">
                            <share-weight>0.1</share-weight>
                        </period>
                        <period year="2030">
                            <share-weight>0.1</share-weight>
                        </period>
                        <period year="2035">
                            <share-weight>0.1</share-weight>
                        </period>
                        <period year="2040">
                            <share-weight>0.1</share-weight>
                        </period>
                        <period year="2045">
                            <share-weight>0.1</share-weight>
                        </period>
                        <period year="2050">
                            <share-weight>0.1</share-weight>
                        </period>
                        <period year="2055">
                            <share-weight>0.1</share-weight>
                        </period>
                        <period year="2060">
                            <share-weight>0.1</share-weight>
                        </period>
                        <period year="2065">
                            <share-weight>0.1</share-weight>
                        </period>
                        <period year="2070">
                            <share-weight>0.1</share-weight>
                        </period>
                        <period year="2075">
                            <share-weight>0.1</share-weight>
                        </period>
                        <period year="2080">
                            <share-weight>0.1</share-weight>
                        </period>
                        <period year="2085">
                            <share-weight>0.1</share-weight>
                        </period>
                        <period year="2090">
                            <share-weight>0.1</share-weight>
                        </period>
                        <period year="2095">
                            <share-weight>0.1</share-weight>
                        </period>
                        <period year="2100">
                            <share-weight>0.1</share-weight>
                        </period>
                    </stub-technology>
                </subsector>
            </supplysector>
        </region>
        <region name="South Korea">
            <supplysector name="total biomass">
                <subsector name="imported biomass">
                    <share-weight fillout="1" year="2025">0.1</share-weight>
                    <stub-technology name="imported biomass">
                        <period year="2025">
                            <share-weight>0.1</share-weight>
                        </period>
                        <period year="2030">
                            <share-weight>0.1</share-weight>
                        </period>
                        <period year="2035">
                            <share-weight>0.1</share-weight>
                        </period>
                        <period year="2040">
                            <share-weight>0.1</share-weight>
                        </period>
                        <period year="2045">
                            <share-weight>0.1</share-weight>
                        </period>
                        <period year="2050">
                            <share-weight>0.1</share-weight>
                        </period>
                        <period year="2055">
                            <share-weight>0.1</share-weight>
                        </period>
                        <period year="2060">
                            <share-weight>0.1</share-weight>
                        </period>
                        <period year="2065">
                            <share-weight>0.1</share-weight>
                        </period>
                        <period year="2070">
                            <share-weight>0.1</share-weight>
                        </period>
                        <period year="2075">
                            <share-weight>0.1</share-weight>
                        </period>
                        <period year="2080">
                            <share-weight>0.1</share-weight>
                        </period>
                        <period year="2085">
                            <share-weight>0.1</share-weight>
                        </period>
                        <period year="2090">
                            <share-weight>0.1</share-weight>
                        </period>
                        <period year="2095">
                            <share-weight>0.1</share-weight>
                        </period>
                        <period year="2100">
                            <share-weight>0.1</share-weight>
                        </period>
                    </stub-technology>
                </subsector>
            </supplysector>
        </region>
        <region name="Southeast Asia">
            <supplysector name="total biomass">
                <subsector name="imported biomass">
                    <share-weight fillout="1" year="2025">0.1</share-weight>
                    <stub-technology name="imported biomass">
                        <period year="2025">
                            <share-weight>0.1</share-weight>
                        </period>
                        <period year="2030">
                            <share-weight>0.1</share-weight>
                        </period>
                        <period year="2035">
                            <share-weight>0.1</share-weight>
                        </period>
                        <period year="2040">
                            <share-weight>0.1</share-weight>
                        </period>
                        <period year="2045">
                            <share-weight>0.1</share-weight>
                        </period>
                        <period year="2050">
                            <share-weight>0.1</share-weight>
                        </period>
                        <period year="2055">
                            <share-weight>0.1</share-weight>
                        </period>
                        <period year="2060">
                            <share-weight>0.1</share-weight>
                        </period>
                        <period year="2065">
                            <share-weight>0.1</share-weight>
                        </period>
                        <period year="2070">
                            <share-weight>0.1</share-weight>
                        </period>
                        <period year="2075">
                            <share-weight>0.1</share-weight>
                        </period>
                        <period year="2080">
                            <share-weight>0.1</share-weight>
                        </period>
                        <period year="2085">
                            <share-weight>0.1</share-weight>
                        </period>
                        <period year="2090">
                            <share-weight>0.1</share-weight>
                        </period>
                        <period year="2095">
                            <share-weight>0.1</share-weight>
                        </period>
                        <period year="2100">
                            <share-weight>0.1</share-weight>
                        </period>
                    </stub-technology>
                </subsector>
            </supplysector>
        </region>
        <region name="Taiwan">
            <supplysector name="total biomass">
                <subsector name="imported biomass">
                    <share-weight fillout="1" year="2025">0.1</share-weight>
                    <stub-technology name="imported biomass">
                        <period year="2025">
                            <share-weight>0.1</share-weight>
                        </period>
                        <period year="2030">
                            <share-weight>0.1</share-weight>
                        </period>
                        <period year="2035">
                            <share-weight>0.1</share-weight>
                        </period>
                        <period year="2040">
                            <share-weight>0.1</share-weight>
                        </period>
                        <period year="2045">
                            <share-weight>0.1</share-weight>
                        </period>
                        <period year="2050">
                            <share-weight>0.1</share-weight>
                        </period>
                        <period year="2055">
                            <share-weight>0.1</share-weight>
                        </period>
                        <period year="2060">
                            <share-weight>0.1</share-weight>
                        </period>
                        <period year="2065">
                            <share-weight>0.1</share-weight>
                        </period>
                        <period year="2070">
                            <share-weight>0.1</share-weight>
                        </period>
                        <period year="2075">
                            <share-weight>0.1</share-weight>
                        </period>
                        <period year="2080">
                            <share-weight>0.1</share-weight>
                        </period>
                        <period year="2085">
                            <share-weight>0.1</share-weight>
                        </period>
                        <period year="2090">
                            <share-weight>0.1</share-weight>
                        </period>
                        <period year="2095">
                            <share-weight>0.1</share-weight>
                        </period>
                        <period year="2100">
                            <share-weight>0.1</share-weight>
                        </period>
                    </stub-technology>
                </subsector>
            </supplysector>
        </region>
        <region name="Argentina">
            <supplysector name="total biomass">
                <subsector name="imported biomass">
                    <share-weight fillout="1" year="2025">0.1</share-weight>
                    <stub-technology name="imported biomass">
                        <period year="2025">
                            <share-weight>0.1</share-weight>
                        </period>
                        <period year="2030">
                            <share-weight>0.1</share-weight>
                        </period>
                        <period year="2035">
                            <share-weight>0.1</share-weight>
                        </period>
                        <period year="2040">
                            <share-weight>0.1</share-weight>
                        </period>
                        <period year="2045">
                            <share-weight>0.1</share-weight>
                        </period>
                        <period year="2050">
                            <share-weight>0.1</share-weight>
                        </period>
                        <period year="2055">
                            <share-weight>0.1</share-weight>
                        </period>
                        <period year="2060">
                            <share-weight>0.1</share-weight>
                        </period>
                        <period year="2065">
                            <share-weight>0.1</share-weight>
                        </period>
                        <period year="2070">
                            <share-weight>0.1</share-weight>
                        </period>
                        <period year="2075">
                            <share-weight>0.1</share-weight>
                        </period>
                        <period year="2080">
                            <share-weight>0.1</share-weight>
                        </period>
                        <period year="2085">
                            <share-weight>0.1</share-weight>
                        </period>
                        <period year="2090">
                            <share-weight>0.1</share-weight>
                        </period>
                        <period year="2095">
                            <share-weight>0.1</share-weight>
                        </period>
                        <period year="2100">
                            <share-weight>0.1</share-weight>
                        </period>
                    </stub-technology>
                </subsector>
            </supplysector>
        </region>
        <region name="Colombia">
            <supplysector name="total biomass">
                <subsector name="imported biomass">
                    <share-weight fillout="1" year="2025">0.1</share-weight>
                    <stub-technology name="imported biomass">
                        <period year="2025">
                            <share-weight>0.1</share-weight>
                        </period>
                        <period year="2030">
                            <share-weight>0.1</share-weight>
                        </period>
                        <period year="2035">
                            <share-weight>0.1</share-weight>
                        </period>
                        <period year="2040">
                            <share-weight>0.1</share-weight>
                        </period>
                        <period year="2045">
                            <share-weight>0.1</share-weight>
                        </period>
                        <period year="2050">
                            <share-weight>0.1</share-weight>
                        </period>
                        <period year="2055">
                            <share-weight>0.1</share-weight>
                        </period>
                        <period year="2060">
                            <share-weight>0.1</share-weight>
                        </period>
                        <period year="2065">
                            <share-weight>0.1</share-weight>
                        </period>
                        <period year="2070">
                            <share-weight>0.1</share-weight>
                        </period>
                        <period year="2075">
                            <share-weight>0.1</share-weight>
                        </period>
                        <period year="2080">
                            <share-weight>0.1</share-weight>
                        </period>
                        <period year="2085">
                            <share-weight>0.1</share-weight>
                        </period>
                        <period year="2090">
                            <share-weight>0.1</share-weight>
                        </period>
                        <period year="2095">
                            <share-weight>0.1</share-weight>
                        </period>
                        <period year="2100">
                            <share-weight>0.1</share-weight>
                        </period>
                    </stub-technology>
                </subsector>
            </supplysector>
        </region>
    </world>
</scenario>
