<?xml version="1.0" encoding="UTF-8"?>
<scenario>
    <world>
        <region name="USA">
            <energy-final-demand name="transportation">
                <income-elasticity year="2015">0.307</income-elasticity>
                <income-elasticity year="2020">0.269</income-elasticity>
                <income-elasticity year="2025">0.235</income-elasticity>
                <income-elasticity year="2030">0.199</income-elasticity>
                <income-elasticity year="2035">0.171</income-elasticity>
                <income-elasticity year="2040">0.147</income-elasticity>
                <income-elasticity year="2045">0.126</income-elasticity>
                <income-elasticity year="2050">0.105</income-elasticity>
                <income-elasticity year="2055">0.084</income-elasticity>
                <income-elasticity year="2060">0.063</income-elasticity>
                <income-elasticity year="2065">0.043</income-elasticity>
                <income-elasticity year="2070">0.027</income-elasticity>
                <income-elasticity year="2075">0.011</income-elasticity>
                <income-elasticity year="2080">0</income-elasticity>
                <income-elasticity year="2085">0</income-elasticity>
                <income-elasticity year="2090">0</income-elasticity>
                <income-elasticity year="2095">0</income-elasticity>
                <income-elasticity year="2100">0</income-elasticity>
            </energy-final-demand>
        </region>
        <region name="Africa_Eastern">
            <energy-final-demand name="transportation">
                <income-elasticity year="2015">1.22</income-elasticity>
                <income-elasticity year="2020">1.213</income-elasticity>
                <income-elasticity year="2025">1.205</income-elasticity>
                <income-elasticity year="2030">1.195</income-elasticity>
                <income-elasticity year="2035">1.183</income-elasticity>
                <income-elasticity year="2040">1.167</income-elasticity>
                <income-elasticity year="2045">1.147</income-elasticity>
                <income-elasticity year="2050">1.122</income-elasticity>
                <income-elasticity year="2055">1.084</income-elasticity>
                <income-elasticity year="2060">1.021</income-elasticity>
                <income-elasticity year="2065">0.945</income-elasticity>
                <income-elasticity year="2070">0.857</income-elasticity>
                <income-elasticity year="2075">0.803</income-elasticity>
                <income-elasticity year="2080">0.741</income-elasticity>
                <income-elasticity year="2085">0.669</income-elasticity>
                <income-elasticity year="2090">0.603</income-elasticity>
                <income-elasticity year="2095">0.557</income-elasticity>
                <income-elasticity year="2100">0.505</income-elasticity>
            </energy-final-demand>
        </region>
        <region name="Africa_Northern">
            <energy-final-demand name="transportation">
                <income-elasticity year="2015">1.089</income-elasticity>
                <income-elasticity year="2020">1.035</income-elasticity>
                <income-elasticity year="2025">0.969</income-elasticity>
                <income-elasticity year="2030">0.896</income-elasticity>
                <income-elasticity year="2035">0.838</income-elasticity>
                <income-elasticity year="2040">0.795</income-elasticity>
                <income-elasticity year="2045">0.749</income-elasticity>
                <income-elasticity year="2050">0.698</income-elasticity>
                <income-elasticity year="2055">0.642</income-elasticity>
                <income-elasticity year="2060">0.6</income-elasticity>
                <income-elasticity year="2065">0.566</income-elasticity>
                <income-elasticity year="2070">0.529</income-elasticity>
                <income-elasticity year="2075">0.496</income-elasticity>
                <income-elasticity year="2080">0.479</income-elasticity>
                <income-elasticity year="2085">0.462</income-elasticity>
                <income-elasticity year="2090">0.445</income-elasticity>
                <income-elasticity year="2095">0.429</income-elasticity>
                <income-elasticity year="2100">0.413</income-elasticity>
            </energy-final-demand>
        </region>
        <region name="Africa_Southern">
            <energy-final-demand name="transportation">
                <income-elasticity year="2015">1.19</income-elasticity>
                <income-elasticity year="2020">1.178</income-elasticity>
                <income-elasticity year="2025">1.167</income-elasticity>
                <income-elasticity year="2030">1.155</income-elasticity>
                <income-elasticity year="2035">1.141</income-elasticity>
                <income-elasticity year="2040">1.123</income-elasticity>
                <income-elasticity year="2045">1.099</income-elasticity>
                <income-elasticity year="2050">1.049</income-elasticity>
                <income-elasticity year="2055">0.986</income-elasticity>
                <income-elasticity year="2060">0.909</income-elasticity>
                <income-elasticity year="2065">0.837</income-elasticity>
                <income-elasticity year="2070">0.781</income-elasticity>
                <income-elasticity year="2075">0.715</income-elasticity>
                <income-elasticity year="2080">0.639</income-elasticity>
                <income-elasticity year="2085">0.586</income-elasticity>
                <income-elasticity year="2090">0.536</income-elasticity>
                <income-elasticity year="2095">0.492</income-elasticity>
                <income-elasticity year="2100">0.465</income-elasticity>
            </energy-final-demand>
        </region>
        <region name="Africa_Western">
            <energy-final-demand name="transportation">
                <income-elasticity year="2015">1.184</income-elasticity>
                <income-elasticity year="2020">1.17</income-elasticity>
                <income-elasticity year="2025">1.151</income-elasticity>
                <income-elasticity year="2030">1.128</income-elasticity>
                <income-elasticity year="2035">1.101</income-elasticity>
                <income-elasticity year="2040">1.048</income-elasticity>
                <income-elasticity year="2045">0.981</income-elasticity>
                <income-elasticity year="2050">0.9</income-elasticity>
                <income-elasticity year="2055">0.829</income-elasticity>
                <income-elasticity year="2060">0.768</income-elasticity>
                <income-elasticity year="2065">0.694</income-elasticity>
                <income-elasticity year="2070">0.614</income-elasticity>
                <income-elasticity year="2075">0.564</income-elasticity>
                <income-elasticity year="2080">0.507</income-elasticity>
                <income-elasticity year="2085">0.476</income-elasticity>
                <income-elasticity year="2090">0.447</income-elasticity>
                <income-elasticity year="2095">0.42</income-elasticity>
                <income-elasticity year="2100">0.382</income-elasticity>
            </energy-final-demand>
        </region>
        <region name="Australia_NZ">
            <energy-final-demand name="transportation">
                <income-elasticity year="2015">0.303</income-elasticity>
                <income-elasticity year="2020">0.271</income-elasticity>
                <income-elasticity year="2025">0.241</income-elasticity>
                <income-elasticity year="2030">0.207</income-elasticity>
                <income-elasticity year="2035">0.174</income-elasticity>
                <income-elasticity year="2040">0.144</income-elasticity>
                <income-elasticity year="2045">0.111</income-elasticity>
                <income-elasticity year="2050">0.074</income-elasticity>
                <income-elasticity year="2055">0.041</income-elasticity>
                <income-elasticity year="2060">0.01</income-elasticity>
                <income-elasticity year="2065">0</income-elasticity>
                <income-elasticity year="2070">0</income-elasticity>
                <income-elasticity year="2075">0</income-elasticity>
                <income-elasticity year="2080">0</income-elasticity>
                <income-elasticity year="2085">0</income-elasticity>
                <income-elasticity year="2090">0</income-elasticity>
                <income-elasticity year="2095">0</income-elasticity>
                <income-elasticity year="2100">0</income-elasticity>
            </energy-final-demand>
        </region>
        <region name="Brazil">
            <energy-final-demand name="transportation">
                <income-elasticity year="2015">0.707</income-elasticity>
                <income-elasticity year="2020">0.639</income-elasticity>
                <income-elasticity year="2025">0.598</income-elasticity>
                <income-elasticity year="2030">0.568</income-elasticity>
                <income-elasticity year="2035">0.539</income-elasticity>
                <income-elasticity year="2040">0.508</income-elasticity>
                <income-elasticity year="2045">0.49</income-elasticity>
                <income-elasticity year="2050">0.476</income-elasticity>
                <income-elasticity year="2055">0.461</income-elasticity>
                <income-elasticity year="2060">0.445</income-elasticity>
                <income-elasticity year="2065">0.431</income-elasticity>
                <income-elasticity year="2070">0.416</income-elasticity>
                <income-elasticity year="2075">0.393</income-elasticity>
                <income-elasticity year="2080">0.366</income-elasticity>
                <income-elasticity year="2085">0.339</income-elasticity>
                <income-elasticity year="2090">0.314</income-elasticity>
                <income-elasticity year="2095">0.286</income-elasticity>
                <income-elasticity year="2100">0.257</income-elasticity>
            </energy-final-demand>
        </region>
        <region name="Canada">
            <energy-final-demand name="transportation">
                <income-elasticity year="2015">0.316</income-elasticity>
                <income-elasticity year="2020">0.291</income-elasticity>
                <income-elasticity year="2025">0.271</income-elasticity>
                <income-elasticity year="2030">0.251</income-elasticity>
                <income-elasticity year="2035">0.22</income-elasticity>
                <income-elasticity year="2040">0.185</income-elasticity>
                <income-elasticity year="2045">0.155</income-elasticity>
                <income-elasticity year="2050">0.129</income-elasticity>
                <income-elasticity year="2055">0.1</income-elasticity>
                <income-elasticity year="2060">0.066</income-elasticity>
                <income-elasticity year="2065">0.032</income-elasticity>
                <income-elasticity year="2070">0</income-elasticity>
                <income-elasticity year="2075">0</income-elasticity>
                <income-elasticity year="2080">0</income-elasticity>
                <income-elasticity year="2085">0</income-elasticity>
                <income-elasticity year="2090">0</income-elasticity>
                <income-elasticity year="2095">0</income-elasticity>
                <income-elasticity year="2100">0</income-elasticity>
            </energy-final-demand>
        </region>
        <region name="Central America and Caribbean">
            <energy-final-demand name="transportation">
                <income-elasticity year="2015">1.041</income-elasticity>
                <income-elasticity year="2020">0.997</income-elasticity>
                <income-elasticity year="2025">0.945</income-elasticity>
                <income-elasticity year="2030">0.887</income-elasticity>
                <income-elasticity year="2035">0.842</income-elasticity>
                <income-elasticity year="2040">0.804</income-elasticity>
                <income-elasticity year="2045">0.761</income-elasticity>
                <income-elasticity year="2050">0.712</income-elasticity>
                <income-elasticity year="2055">0.657</income-elasticity>
                <income-elasticity year="2060">0.607</income-elasticity>
                <income-elasticity year="2065">0.572</income-elasticity>
                <income-elasticity year="2070">0.533</income-elasticity>
                <income-elasticity year="2075">0.496</income-elasticity>
                <income-elasticity year="2080">0.476</income-elasticity>
                <income-elasticity year="2085">0.454</income-elasticity>
                <income-elasticity year="2090">0.434</income-elasticity>
                <income-elasticity year="2095">0.413</income-elasticity>
                <income-elasticity year="2100">0.381</income-elasticity>
            </energy-final-demand>
        </region>
        <region name="Central Asia">
            <energy-final-demand name="transportation">
                <income-elasticity year="2015">1.039</income-elasticity>
                <income-elasticity year="2020">0.957</income-elasticity>
                <income-elasticity year="2025">0.859</income-elasticity>
                <income-elasticity year="2030">0.808</income-elasticity>
                <income-elasticity year="2035">0.759</income-elasticity>
                <income-elasticity year="2040">0.71</income-elasticity>
                <income-elasticity year="2045">0.664</income-elasticity>
                <income-elasticity year="2050">0.622</income-elasticity>
                <income-elasticity year="2055">0.6</income-elasticity>
                <income-elasticity year="2060">0.577</income-elasticity>
                <income-elasticity year="2065">0.55</income-elasticity>
                <income-elasticity year="2070">0.521</income-elasticity>
                <income-elasticity year="2075">0.496</income-elasticity>
                <income-elasticity year="2080">0.484</income-elasticity>
                <income-elasticity year="2085">0.47</income-elasticity>
                <income-elasticity year="2090">0.456</income-elasticity>
                <income-elasticity year="2095">0.443</income-elasticity>
                <income-elasticity year="2100">0.43</income-elasticity>
            </energy-final-demand>
        </region>
        <region name="China">
            <energy-final-demand name="transportation">
                <income-elasticity year="2015">0.908</income-elasticity>
                <income-elasticity year="2020">0.789</income-elasticity>
                <income-elasticity year="2025">0.687</income-elasticity>
                <income-elasticity year="2030">0.605</income-elasticity>
                <income-elasticity year="2035">0.562</income-elasticity>
                <income-elasticity year="2040">0.519</income-elasticity>
                <income-elasticity year="2045">0.491</income-elasticity>
                <income-elasticity year="2050">0.474</income-elasticity>
                <income-elasticity year="2055">0.459</income-elasticity>
                <income-elasticity year="2060">0.445</income-elasticity>
                <income-elasticity year="2065">0.433</income-elasticity>
                <income-elasticity year="2070">0.42</income-elasticity>
                <income-elasticity year="2075">0.406</income-elasticity>
                <income-elasticity year="2080">0.387</income-elasticity>
                <income-elasticity year="2085">0.367</income-elasticity>
                <income-elasticity year="2090">0.348</income-elasticity>
                <income-elasticity year="2095">0.331</income-elasticity>
                <income-elasticity year="2100">0.315</income-elasticity>
            </energy-final-demand>
        </region>
        <region name="EU-12">
            <energy-final-demand name="transportation">
                <income-elasticity year="2015">0.664</income-elasticity>
                <income-elasticity year="2020">0.605</income-elasticity>
                <income-elasticity year="2025">0.568</income-elasticity>
                <income-elasticity year="2030">0.528</income-elasticity>
                <income-elasticity year="2035">0.495</income-elasticity>
                <income-elasticity year="2040">0.477</income-elasticity>
                <income-elasticity year="2045">0.461</income-elasticity>
                <income-elasticity year="2050">0.446</income-elasticity>
                <income-elasticity year="2055">0.433</income-elasticity>
                <income-elasticity year="2060">0.418</income-elasticity>
                <income-elasticity year="2065">0.396</income-elasticity>
                <income-elasticity year="2070">0.368</income-elasticity>
                <income-elasticity year="2075">0.341</income-elasticity>
                <income-elasticity year="2080">0.317</income-elasticity>
                <income-elasticity year="2085">0.293</income-elasticity>
                <income-elasticity year="2090">0.268</income-elasticity>
                <income-elasticity year="2095">0.239</income-elasticity>
                <income-elasticity year="2100">0.2</income-elasticity>
            </energy-final-demand>
        </region>
        <region name="EU-15">
            <energy-final-demand name="transportation">
                <income-elasticity year="2015">0.396</income-elasticity>
                <income-elasticity year="2020">0.374</income-elasticity>
                <income-elasticity year="2025">0.353</income-elasticity>
                <income-elasticity year="2030">0.335</income-elasticity>
                <income-elasticity year="2035">0.314</income-elasticity>
                <income-elasticity year="2040">0.292</income-elasticity>
                <income-elasticity year="2045">0.267</income-elasticity>
                <income-elasticity year="2050">0.238</income-elasticity>
                <income-elasticity year="2055">0.199</income-elasticity>
                <income-elasticity year="2060">0.159</income-elasticity>
                <income-elasticity year="2065">0.118</income-elasticity>
                <income-elasticity year="2070">0.069</income-elasticity>
                <income-elasticity year="2075">0.027</income-elasticity>
                <income-elasticity year="2080">0</income-elasticity>
                <income-elasticity year="2085">0</income-elasticity>
                <income-elasticity year="2090">0</income-elasticity>
                <income-elasticity year="2095">0</income-elasticity>
                <income-elasticity year="2100">0</income-elasticity>
            </energy-final-demand>
        </region>
        <region name="Europe_Eastern">
            <energy-final-demand name="transportation">
                <income-elasticity year="2015">1.075</income-elasticity>
                <income-elasticity year="2020">1.014</income-elasticity>
                <income-elasticity year="2025">0.943</income-elasticity>
                <income-elasticity year="2030">0.863</income-elasticity>
                <income-elasticity year="2035">0.819</income-elasticity>
                <income-elasticity year="2040">0.775</income-elasticity>
                <income-elasticity year="2045">0.731</income-elasticity>
                <income-elasticity year="2050">0.686</income-elasticity>
                <income-elasticity year="2055">0.638</income-elasticity>
                <income-elasticity year="2060">0.602</income-elasticity>
                <income-elasticity year="2065">0.571</income-elasticity>
                <income-elasticity year="2070">0.539</income-elasticity>
                <income-elasticity year="2075">0.507</income-elasticity>
                <income-elasticity year="2080">0.489</income-elasticity>
                <income-elasticity year="2085">0.475</income-elasticity>
                <income-elasticity year="2090">0.46</income-elasticity>
                <income-elasticity year="2095">0.446</income-elasticity>
                <income-elasticity year="2100">0.433</income-elasticity>
            </energy-final-demand>
        </region>
        <region name="Europe_Non_EU">
            <energy-final-demand name="transportation">
                <income-elasticity year="2015">0.769</income-elasticity>
                <income-elasticity year="2020">0.711</income-elasticity>
                <income-elasticity year="2025">0.654</income-elasticity>
                <income-elasticity year="2030">0.608</income-elasticity>
                <income-elasticity year="2035">0.578</income-elasticity>
                <income-elasticity year="2040">0.547</income-elasticity>
                <income-elasticity year="2045">0.514</income-elasticity>
                <income-elasticity year="2050">0.491</income-elasticity>
                <income-elasticity year="2055">0.476</income-elasticity>
                <income-elasticity year="2060">0.459</income-elasticity>
                <income-elasticity year="2065">0.443</income-elasticity>
                <income-elasticity year="2070">0.428</income-elasticity>
                <income-elasticity year="2075">0.413</income-elasticity>
                <income-elasticity year="2080">0.389</income-elasticity>
                <income-elasticity year="2085">0.364</income-elasticity>
                <income-elasticity year="2090">0.339</income-elasticity>
                <income-elasticity year="2095">0.316</income-elasticity>
                <income-elasticity year="2100">0.291</income-elasticity>
            </energy-final-demand>
        </region>
        <region name="European Free Trade Association">
            <energy-final-demand name="transportation">
                <income-elasticity year="2015">0.069</income-elasticity>
                <income-elasticity year="2020">0.024</income-elasticity>
                <income-elasticity year="2025">0</income-elasticity>
                <income-elasticity year="2030">0</income-elasticity>
                <income-elasticity year="2035">0</income-elasticity>
                <income-elasticity year="2040">0</income-elasticity>
                <income-elasticity year="2045">0</income-elasticity>
                <income-elasticity year="2050">0</income-elasticity>
                <income-elasticity year="2055">0</income-elasticity>
                <income-elasticity year="2060">0</income-elasticity>
                <income-elasticity year="2065">0</income-elasticity>
                <income-elasticity year="2070">0</income-elasticity>
                <income-elasticity year="2075">0</income-elasticity>
                <income-elasticity year="2080">0</income-elasticity>
                <income-elasticity year="2085">0</income-elasticity>
                <income-elasticity year="2090">0</income-elasticity>
                <income-elasticity year="2095">0</income-elasticity>
                <income-elasticity year="2100">0</income-elasticity>
            </energy-final-demand>
        </region>
        <region name="India">
            <energy-final-demand name="transportation">
                <income-elasticity year="2015">1.18</income-elasticity>
                <income-elasticity year="2020">1.158</income-elasticity>
                <income-elasticity year="2025">1.132</income-elasticity>
                <income-elasticity year="2030">1.103</income-elasticity>
                <income-elasticity year="2035">1.055</income-elasticity>
                <income-elasticity year="2040">1</income-elasticity>
                <income-elasticity year="2045">0.939</income-elasticity>
                <income-elasticity year="2050">0.873</income-elasticity>
                <income-elasticity year="2055">0.83</income-elasticity>
                <income-elasticity year="2060">0.79</income-elasticity>
                <income-elasticity year="2065">0.747</income-elasticity>
                <income-elasticity year="2070">0.7</income-elasticity>
                <income-elasticity year="2075">0.65</income-elasticity>
                <income-elasticity year="2080">0.608</income-elasticity>
                <income-elasticity year="2085">0.58</income-elasticity>
                <income-elasticity year="2090">0.55</income-elasticity>
                <income-elasticity year="2095">0.518</income-elasticity>
                <income-elasticity year="2100">0.493</income-elasticity>
            </energy-final-demand>
        </region>
        <region name="Indonesia">
            <energy-final-demand name="transportation">
                <income-elasticity year="2015">1.097</income-elasticity>
                <income-elasticity year="2020">1.017</income-elasticity>
                <income-elasticity year="2025">0.918</income-elasticity>
                <income-elasticity year="2030">0.835</income-elasticity>
                <income-elasticity year="2035">0.777</income-elasticity>
                <income-elasticity year="2040">0.712</income-elasticity>
                <income-elasticity year="2045">0.642</income-elasticity>
                <income-elasticity year="2050">0.594</income-elasticity>
                <income-elasticity year="2055">0.554</income-elasticity>
                <income-elasticity year="2060">0.511</income-elasticity>
                <income-elasticity year="2065">0.485</income-elasticity>
                <income-elasticity year="2070">0.466</income-elasticity>
                <income-elasticity year="2075">0.446</income-elasticity>
                <income-elasticity year="2080">0.428</income-elasticity>
                <income-elasticity year="2085">0.408</income-elasticity>
                <income-elasticity year="2090">0.378</income-elasticity>
                <income-elasticity year="2095">0.346</income-elasticity>
                <income-elasticity year="2100">0.319</income-elasticity>
            </energy-final-demand>
        </region>
        <region name="Japan">
            <energy-final-demand name="transportation">
                <income-elasticity year="2015">0.346</income-elasticity>
                <income-elasticity year="2020">0.328</income-elasticity>
                <income-elasticity year="2025">0.306</income-elasticity>
                <income-elasticity year="2030">0.282</income-elasticity>
                <income-elasticity year="2035">0.261</income-elasticity>
                <income-elasticity year="2040">0.238</income-elasticity>
                <income-elasticity year="2045">0.206</income-elasticity>
                <income-elasticity year="2050">0.174</income-elasticity>
                <income-elasticity year="2055">0.142</income-elasticity>
                <income-elasticity year="2060">0.105</income-elasticity>
                <income-elasticity year="2065">0.06</income-elasticity>
                <income-elasticity year="2070">0.022</income-elasticity>
                <income-elasticity year="2075">0</income-elasticity>
                <income-elasticity year="2080">0</income-elasticity>
                <income-elasticity year="2085">0</income-elasticity>
                <income-elasticity year="2090">0</income-elasticity>
                <income-elasticity year="2095">0</income-elasticity>
                <income-elasticity year="2100">0</income-elasticity>
            </energy-final-demand>
        </region>
        <region name="Mexico">
            <energy-final-demand name="transportation">
                <income-elasticity year="2015">0.77</income-elasticity>
                <income-elasticity year="2020">0.731</income-elasticity>
                <income-elasticity year="2025">0.687</income-elasticity>
                <income-elasticity year="2030">0.639</income-elasticity>
                <income-elasticity year="2035">0.604</income-elasticity>
                <income-elasticity year="2040">0.576</income-elasticity>
                <income-elasticity year="2045">0.545</income-elasticity>
                <income-elasticity year="2050">0.509</income-elasticity>
                <income-elasticity year="2055">0.487</income-elasticity>
                <income-elasticity year="2060">0.469</income-elasticity>
                <income-elasticity year="2065">0.45</income-elasticity>
                <income-elasticity year="2070">0.433</income-elasticity>
                <income-elasticity year="2075">0.415</income-elasticity>
                <income-elasticity year="2080">0.387</income-elasticity>
                <income-elasticity year="2085">0.356</income-elasticity>
                <income-elasticity year="2090">0.326</income-elasticity>
                <income-elasticity year="2095">0.296</income-elasticity>
                <income-elasticity year="2100">0.264</income-elasticity>
            </energy-final-demand>
        </region>
        <region name="Middle East">
            <energy-final-demand name="transportation">
                <income-elasticity year="2015">0.776</income-elasticity>
                <income-elasticity year="2020">0.735</income-elasticity>
                <income-elasticity year="2025">0.691</income-elasticity>
                <income-elasticity year="2030">0.643</income-elasticity>
                <income-elasticity year="2035">0.608</income-elasticity>
                <income-elasticity year="2040">0.585</income-elasticity>
                <income-elasticity year="2045">0.562</income-elasticity>
                <income-elasticity year="2050">0.539</income-elasticity>
                <income-elasticity year="2055">0.515</income-elasticity>
                <income-elasticity year="2060">0.495</income-elasticity>
                <income-elasticity year="2065">0.482</income-elasticity>
                <income-elasticity year="2070">0.467</income-elasticity>
                <income-elasticity year="2075">0.452</income-elasticity>
                <income-elasticity year="2080">0.439</income-elasticity>
                <income-elasticity year="2085">0.424</income-elasticity>
                <income-elasticity year="2090">0.408</income-elasticity>
                <income-elasticity year="2095">0.383</income-elasticity>
                <income-elasticity year="2100">0.357</income-elasticity>
            </energy-final-demand>
        </region>
        <region name="Pakistan">
            <energy-final-demand name="transportation">
                <income-elasticity year="2015">1.207</income-elasticity>
                <income-elasticity year="2020">1.201</income-elasticity>
                <income-elasticity year="2025">1.193</income-elasticity>
                <income-elasticity year="2030">1.182</income-elasticity>
                <income-elasticity year="2035">1.169</income-elasticity>
                <income-elasticity year="2040">1.152</income-elasticity>
                <income-elasticity year="2045">1.132</income-elasticity>
                <income-elasticity year="2050">1.108</income-elasticity>
                <income-elasticity year="2055">1.067</income-elasticity>
                <income-elasticity year="2060">1.014</income-elasticity>
                <income-elasticity year="2065">0.951</income-elasticity>
                <income-elasticity year="2070">0.877</income-elasticity>
                <income-elasticity year="2075">0.827</income-elasticity>
                <income-elasticity year="2080">0.781</income-elasticity>
                <income-elasticity year="2085">0.732</income-elasticity>
                <income-elasticity year="2090">0.677</income-elasticity>
                <income-elasticity year="2095">0.619</income-elasticity>
                <income-elasticity year="2100">0.586</income-elasticity>
            </energy-final-demand>
        </region>
        <region name="Russia">
            <energy-final-demand name="transportation">
                <income-elasticity year="2015">0.689</income-elasticity>
                <income-elasticity year="2020">0.613</income-elasticity>
                <income-elasticity year="2025">0.567</income-elasticity>
                <income-elasticity year="2030">0.518</income-elasticity>
                <income-elasticity year="2035">0.488</income-elasticity>
                <income-elasticity year="2040">0.47</income-elasticity>
                <income-elasticity year="2045">0.455</income-elasticity>
                <income-elasticity year="2050">0.445</income-elasticity>
                <income-elasticity year="2055">0.435</income-elasticity>
                <income-elasticity year="2060">0.422</income-elasticity>
                <income-elasticity year="2065">0.406</income-elasticity>
                <income-elasticity year="2070">0.384</income-elasticity>
                <income-elasticity year="2075">0.363</income-elasticity>
                <income-elasticity year="2080">0.345</income-elasticity>
                <income-elasticity year="2085">0.327</income-elasticity>
                <income-elasticity year="2090">0.309</income-elasticity>
                <income-elasticity year="2095">0.29</income-elasticity>
                <income-elasticity year="2100">0.271</income-elasticity>
            </energy-final-demand>
        </region>
        <region name="South Africa">
            <energy-final-demand name="transportation">
                <income-elasticity year="2015">0.835</income-elasticity>
                <income-elasticity year="2020">0.785</income-elasticity>
                <income-elasticity year="2025">0.731</income-elasticity>
                <income-elasticity year="2030">0.674</income-elasticity>
                <income-elasticity year="2035">0.618</income-elasticity>
                <income-elasticity year="2040">0.588</income-elasticity>
                <income-elasticity year="2045">0.557</income-elasticity>
                <income-elasticity year="2050">0.525</income-elasticity>
                <income-elasticity year="2055">0.496</income-elasticity>
                <income-elasticity year="2060">0.481</income-elasticity>
                <income-elasticity year="2065">0.465</income-elasticity>
                <income-elasticity year="2070">0.448</income-elasticity>
                <income-elasticity year="2075">0.434</income-elasticity>
                <income-elasticity year="2080">0.419</income-elasticity>
                <income-elasticity year="2085">0.4</income-elasticity>
                <income-elasticity year="2090">0.375</income-elasticity>
                <income-elasticity year="2095">0.35</income-elasticity>
                <income-elasticity year="2100">0.328</income-elasticity>
            </energy-final-demand>
        </region>
        <region name="South America_Northern">
            <energy-final-demand name="transportation">
                <income-elasticity year="2015">0.632</income-elasticity>
                <income-elasticity year="2020">0.605</income-elasticity>
                <income-elasticity year="2025">0.576</income-elasticity>
                <income-elasticity year="2030">0.544</income-elasticity>
                <income-elasticity year="2035">0.508</income-elasticity>
                <income-elasticity year="2040">0.487</income-elasticity>
                <income-elasticity year="2045">0.469</income-elasticity>
                <income-elasticity year="2050">0.449</income-elasticity>
                <income-elasticity year="2055">0.432</income-elasticity>
                <income-elasticity year="2060">0.412</income-elasticity>
                <income-elasticity year="2065">0.382</income-elasticity>
                <income-elasticity year="2070">0.35</income-elasticity>
                <income-elasticity year="2075">0.32</income-elasticity>
                <income-elasticity year="2080">0.289</income-elasticity>
                <income-elasticity year="2085">0.255</income-elasticity>
                <income-elasticity year="2090">0.205</income-elasticity>
                <income-elasticity year="2095">0.155</income-elasticity>
                <income-elasticity year="2100">0.104</income-elasticity>
            </energy-final-demand>
        </region>
        <region name="South America_Southern">
            <energy-final-demand name="transportation">
                <income-elasticity year="2015">0.855</income-elasticity>
                <income-elasticity year="2020">0.806</income-elasticity>
                <income-elasticity year="2025">0.753</income-elasticity>
                <income-elasticity year="2030">0.699</income-elasticity>
                <income-elasticity year="2035">0.643</income-elasticity>
                <income-elasticity year="2040">0.6</income-elasticity>
                <income-elasticity year="2045">0.566</income-elasticity>
                <income-elasticity year="2050">0.529</income-elasticity>
                <income-elasticity year="2055">0.495</income-elasticity>
                <income-elasticity year="2060">0.477</income-elasticity>
                <income-elasticity year="2065">0.457</income-elasticity>
                <income-elasticity year="2070">0.438</income-elasticity>
                <income-elasticity year="2075">0.42</income-elasticity>
                <income-elasticity year="2080">0.395</income-elasticity>
                <income-elasticity year="2085">0.364</income-elasticity>
                <income-elasticity year="2090">0.334</income-elasticity>
                <income-elasticity year="2095">0.304</income-elasticity>
                <income-elasticity year="2100">0.273</income-elasticity>
            </energy-final-demand>
        </region>
        <region name="South Asia">
            <energy-final-demand name="transportation">
                <income-elasticity year="2015">1.21</income-elasticity>
                <income-elasticity year="2020">1.199</income-elasticity>
                <income-elasticity year="2025">1.186</income-elasticity>
                <income-elasticity year="2030">1.171</income-elasticity>
                <income-elasticity year="2035">1.155</income-elasticity>
                <income-elasticity year="2040">1.137</income-elasticity>
                <income-elasticity year="2045">1.116</income-elasticity>
                <income-elasticity year="2050">1.087</income-elasticity>
                <income-elasticity year="2055">1.041</income-elasticity>
                <income-elasticity year="2060">0.987</income-elasticity>
                <income-elasticity year="2065">0.925</income-elasticity>
                <income-elasticity year="2070">0.857</income-elasticity>
                <income-elasticity year="2075">0.816</income-elasticity>
                <income-elasticity year="2080">0.77</income-elasticity>
                <income-elasticity year="2085">0.718</income-elasticity>
                <income-elasticity year="2090">0.659</income-elasticity>
                <income-elasticity year="2095">0.607</income-elasticity>
                <income-elasticity year="2100">0.571</income-elasticity>
            </energy-final-demand>
        </region>
        <region name="South Korea">
            <energy-final-demand name="transportation">
                <income-elasticity year="2015">0.472</income-elasticity>
                <income-elasticity year="2020">0.44</income-elasticity>
                <income-elasticity year="2025">0.412</income-elasticity>
                <income-elasticity year="2030">0.374</income-elasticity>
                <income-elasticity year="2035">0.339</income-elasticity>
                <income-elasticity year="2040">0.308</income-elasticity>
                <income-elasticity year="2045">0.277</income-elasticity>
                <income-elasticity year="2050">0.243</income-elasticity>
                <income-elasticity year="2055">0.196</income-elasticity>
                <income-elasticity year="2060">0.156</income-elasticity>
                <income-elasticity year="2065">0.118</income-elasticity>
                <income-elasticity year="2070">0.069</income-elasticity>
                <income-elasticity year="2075">0.028</income-elasticity>
                <income-elasticity year="2080">0</income-elasticity>
                <income-elasticity year="2085">0</income-elasticity>
                <income-elasticity year="2090">0</income-elasticity>
                <income-elasticity year="2095">0</income-elasticity>
                <income-elasticity year="2100">0</income-elasticity>
            </energy-final-demand>
        </region>
        <region name="Southeast Asia">
            <energy-final-demand name="transportation">
                <income-elasticity year="2015">1.092</income-elasticity>
                <income-elasticity year="2020">1.036</income-elasticity>
                <income-elasticity year="2025">0.975</income-elasticity>
                <income-elasticity year="2030">0.909</income-elasticity>
                <income-elasticity year="2035">0.849</income-elasticity>
                <income-elasticity year="2040">0.81</income-elasticity>
                <income-elasticity year="2045">0.767</income-elasticity>
                <income-elasticity year="2050">0.72</income-elasticity>
                <income-elasticity year="2055">0.667</income-elasticity>
                <income-elasticity year="2060">0.615</income-elasticity>
                <income-elasticity year="2065">0.583</income-elasticity>
                <income-elasticity year="2070">0.549</income-elasticity>
                <income-elasticity year="2075">0.512</income-elasticity>
                <income-elasticity year="2080">0.489</income-elasticity>
                <income-elasticity year="2085">0.471</income-elasticity>
                <income-elasticity year="2090">0.452</income-elasticity>
                <income-elasticity year="2095">0.436</income-elasticity>
                <income-elasticity year="2100">0.419</income-elasticity>
            </energy-final-demand>
        </region>
        <region name="Taiwan">
            <energy-final-demand name="transportation">
                <income-elasticity year="2015">0.516</income-elasticity>
                <income-elasticity year="2020">0.477</income-elasticity>
                <income-elasticity year="2025">0.456</income-elasticity>
                <income-elasticity year="2030">0.441</income-elasticity>
                <income-elasticity year="2035">0.428</income-elasticity>
                <income-elasticity year="2040">0.416</income-elasticity>
                <income-elasticity year="2045">0.405</income-elasticity>
                <income-elasticity year="2050">0.396</income-elasticity>
                <income-elasticity year="2055">0.391</income-elasticity>
                <income-elasticity year="2060">0.387</income-elasticity>
                <income-elasticity year="2065">0.372</income-elasticity>
                <income-elasticity year="2070">0.356</income-elasticity>
                <income-elasticity year="2075">0.344</income-elasticity>
                <income-elasticity year="2080">0.334</income-elasticity>
                <income-elasticity year="2085">0.327</income-elasticity>
                <income-elasticity year="2090">0.322</income-elasticity>
                <income-elasticity year="2095">0.319</income-elasticity>
                <income-elasticity year="2100">0.317</income-elasticity>
            </energy-final-demand>
        </region>
        <region name="Argentina">
            <energy-final-demand name="transportation">
                <income-elasticity year="2015">0.667</income-elasticity>
                <income-elasticity year="2020">0.608</income-elasticity>
                <income-elasticity year="2025">0.57</income-elasticity>
                <income-elasticity year="2030">0.531</income-elasticity>
                <income-elasticity year="2035">0.496</income-elasticity>
                <income-elasticity year="2040">0.48</income-elasticity>
                <income-elasticity year="2045">0.463</income-elasticity>
                <income-elasticity year="2050">0.446</income-elasticity>
                <income-elasticity year="2055">0.432</income-elasticity>
                <income-elasticity year="2060">0.416</income-elasticity>
                <income-elasticity year="2065">0.395</income-elasticity>
                <income-elasticity year="2070">0.369</income-elasticity>
                <income-elasticity year="2075">0.344</income-elasticity>
                <income-elasticity year="2080">0.322</income-elasticity>
                <income-elasticity year="2085">0.298</income-elasticity>
                <income-elasticity year="2090">0.273</income-elasticity>
                <income-elasticity year="2095">0.247</income-elasticity>
                <income-elasticity year="2100">0.211</income-elasticity>
            </energy-final-demand>
        </region>
        <region name="Colombia">
            <energy-final-demand name="transportation">
                <income-elasticity year="2015">0.877</income-elasticity>
                <income-elasticity year="2020">0.832</income-elasticity>
                <income-elasticity year="2025">0.802</income-elasticity>
                <income-elasticity year="2030">0.765</income-elasticity>
                <income-elasticity year="2035">0.723</income-elasticity>
                <income-elasticity year="2040">0.675</income-elasticity>
                <income-elasticity year="2045">0.622</income-elasticity>
                <income-elasticity year="2050">0.592</income-elasticity>
                <income-elasticity year="2055">0.559</income-elasticity>
                <income-elasticity year="2060">0.523</income-elasticity>
                <income-elasticity year="2065">0.493</income-elasticity>
                <income-elasticity year="2070">0.475</income-elasticity>
                <income-elasticity year="2075">0.455</income-elasticity>
                <income-elasticity year="2080">0.437</income-elasticity>
                <income-elasticity year="2085">0.419</income-elasticity>
                <income-elasticity year="2090">0.395</income-elasticity>
                <income-elasticity year="2095">0.365</income-elasticity>
                <income-elasticity year="2100">0.336</income-elasticity>
            </energy-final-demand>
        </region>
    </world>
</scenario>
