<?xml version="1.0" encoding="UTF-8"?>
<scenario>
    <world>
        <region name="USA">
            <energy-final-demand name="transportation">
                <income-elasticity year="2015">0.313</income-elasticity>
                <income-elasticity year="2020">0.284</income-elasticity>
                <income-elasticity year="2025">0.255</income-elasticity>
                <income-elasticity year="2030">0.223</income-elasticity>
                <income-elasticity year="2035">0.194</income-elasticity>
                <income-elasticity year="2040">0.169</income-elasticity>
                <income-elasticity year="2045">0.149</income-elasticity>
                <income-elasticity year="2050">0.131</income-elasticity>
                <income-elasticity year="2055">0.113</income-elasticity>
                <income-elasticity year="2060">0.092</income-elasticity>
                <income-elasticity year="2065">0.07</income-elasticity>
                <income-elasticity year="2070">0.048</income-elasticity>
                <income-elasticity year="2075">0.033</income-elasticity>
                <income-elasticity year="2080">0.016</income-elasticity>
                <income-elasticity year="2085">0</income-elasticity>
                <income-elasticity year="2090">0</income-elasticity>
                <income-elasticity year="2095">0</income-elasticity>
                <income-elasticity year="2100">0</income-elasticity>
            </energy-final-demand>
        </region>
        <region name="Africa_Eastern">
            <energy-final-demand name="transportation">
                <income-elasticity year="2015">1.221</income-elasticity>
                <income-elasticity year="2020">1.215</income-elasticity>
                <income-elasticity year="2025">1.207</income-elasticity>
                <income-elasticity year="2030">1.198</income-elasticity>
                <income-elasticity year="2035">1.186</income-elasticity>
                <income-elasticity year="2040">1.171</income-elasticity>
                <income-elasticity year="2045">1.152</income-elasticity>
                <income-elasticity year="2050">1.128</income-elasticity>
                <income-elasticity year="2055">1.096</income-elasticity>
                <income-elasticity year="2060">1.036</income-elasticity>
                <income-elasticity year="2065">0.964</income-elasticity>
                <income-elasticity year="2070">0.877</income-elasticity>
                <income-elasticity year="2075">0.817</income-elasticity>
                <income-elasticity year="2080">0.758</income-elasticity>
                <income-elasticity year="2085">0.689</income-elasticity>
                <income-elasticity year="2090">0.615</income-elasticity>
                <income-elasticity year="2095">0.571</income-elasticity>
                <income-elasticity year="2100">0.522</income-elasticity>
            </energy-final-demand>
        </region>
        <region name="Africa_Northern">
            <energy-final-demand name="transportation">
                <income-elasticity year="2015">1.11</income-elasticity>
                <income-elasticity year="2020">1.077</income-elasticity>
                <income-elasticity year="2025">1.02</income-elasticity>
                <income-elasticity year="2030">0.957</income-elasticity>
                <income-elasticity year="2035">0.889</income-elasticity>
                <income-elasticity year="2040">0.837</income-elasticity>
                <income-elasticity year="2045">0.797</income-elasticity>
                <income-elasticity year="2050">0.754</income-elasticity>
                <income-elasticity year="2055">0.705</income-elasticity>
                <income-elasticity year="2060">0.652</income-elasticity>
                <income-elasticity year="2065">0.606</income-elasticity>
                <income-elasticity year="2070">0.575</income-elasticity>
                <income-elasticity year="2075">0.542</income-elasticity>
                <income-elasticity year="2080">0.507</income-elasticity>
                <income-elasticity year="2085">0.488</income-elasticity>
                <income-elasticity year="2090">0.472</income-elasticity>
                <income-elasticity year="2095">0.455</income-elasticity>
                <income-elasticity year="2100">0.44</income-elasticity>
            </energy-final-demand>
        </region>
        <region name="Africa_Southern">
            <energy-final-demand name="transportation">
                <income-elasticity year="2015">1.191</income-elasticity>
                <income-elasticity year="2020">1.182</income-elasticity>
                <income-elasticity year="2025">1.171</income-elasticity>
                <income-elasticity year="2030">1.16</income-elasticity>
                <income-elasticity year="2035">1.147</income-elasticity>
                <income-elasticity year="2040">1.13</income-elasticity>
                <income-elasticity year="2045">1.108</income-elasticity>
                <income-elasticity year="2050">1.066</income-elasticity>
                <income-elasticity year="2055">1.006</income-elasticity>
                <income-elasticity year="2060">0.933</income-elasticity>
                <income-elasticity year="2065">0.852</income-elasticity>
                <income-elasticity year="2070">0.799</income-elasticity>
                <income-elasticity year="2075">0.737</income-elasticity>
                <income-elasticity year="2080">0.665</income-elasticity>
                <income-elasticity year="2085">0.601</income-elasticity>
                <income-elasticity year="2090">0.554</income-elasticity>
                <income-elasticity year="2095">0.501</income-elasticity>
                <income-elasticity year="2100">0.476</income-elasticity>
            </energy-final-demand>
        </region>
        <region name="Africa_Western">
            <energy-final-demand name="transportation">
                <income-elasticity year="2015">1.187</income-elasticity>
                <income-elasticity year="2020">1.178</income-elasticity>
                <income-elasticity year="2025">1.162</income-elasticity>
                <income-elasticity year="2030">1.141</income-elasticity>
                <income-elasticity year="2035">1.117</income-elasticity>
                <income-elasticity year="2040">1.079</income-elasticity>
                <income-elasticity year="2045">1.02</income-elasticity>
                <income-elasticity year="2050">0.948</income-elasticity>
                <income-elasticity year="2055">0.859</income-elasticity>
                <income-elasticity year="2060">0.804</income-elasticity>
                <income-elasticity year="2065">0.738</income-elasticity>
                <income-elasticity year="2070">0.661</income-elasticity>
                <income-elasticity year="2075">0.596</income-elasticity>
                <income-elasticity year="2080">0.545</income-elasticity>
                <income-elasticity year="2085">0.495</income-elasticity>
                <income-elasticity year="2090">0.468</income-elasticity>
                <income-elasticity year="2095">0.441</income-elasticity>
                <income-elasticity year="2100">0.415</income-elasticity>
            </energy-final-demand>
        </region>
        <region name="Australia_NZ">
            <energy-final-demand name="transportation">
                <income-elasticity year="2015">0.314</income-elasticity>
                <income-elasticity year="2020">0.289</income-elasticity>
                <income-elasticity year="2025">0.262</income-elasticity>
                <income-elasticity year="2030">0.235</income-elasticity>
                <income-elasticity year="2035">0.203</income-elasticity>
                <income-elasticity year="2040">0.171</income-elasticity>
                <income-elasticity year="2045">0.14</income-elasticity>
                <income-elasticity year="2050">0.109</income-elasticity>
                <income-elasticity year="2055">0.074</income-elasticity>
                <income-elasticity year="2060">0.038</income-elasticity>
                <income-elasticity year="2065">0.004</income-elasticity>
                <income-elasticity year="2070">0</income-elasticity>
                <income-elasticity year="2075">0</income-elasticity>
                <income-elasticity year="2080">0</income-elasticity>
                <income-elasticity year="2085">0</income-elasticity>
                <income-elasticity year="2090">0</income-elasticity>
                <income-elasticity year="2095">0</income-elasticity>
                <income-elasticity year="2100">0</income-elasticity>
            </energy-final-demand>
        </region>
        <region name="Brazil">
            <energy-final-demand name="transportation">
                <income-elasticity year="2015">0.748</income-elasticity>
                <income-elasticity year="2020">0.73</income-elasticity>
                <income-elasticity year="2025">0.679</income-elasticity>
                <income-elasticity year="2030">0.631</income-elasticity>
                <income-elasticity year="2035">0.602</income-elasticity>
                <income-elasticity year="2040">0.578</income-elasticity>
                <income-elasticity year="2045">0.552</income-elasticity>
                <income-elasticity year="2050">0.525</income-elasticity>
                <income-elasticity year="2055">0.498</income-elasticity>
                <income-elasticity year="2060">0.485</income-elasticity>
                <income-elasticity year="2065">0.47</income-elasticity>
                <income-elasticity year="2070">0.455</income-elasticity>
                <income-elasticity year="2075">0.441</income-elasticity>
                <income-elasticity year="2080">0.426</income-elasticity>
                <income-elasticity year="2085">0.411</income-elasticity>
                <income-elasticity year="2090">0.386</income-elasticity>
                <income-elasticity year="2095">0.36</income-elasticity>
                <income-elasticity year="2100">0.334</income-elasticity>
            </energy-final-demand>
        </region>
        <region name="Canada">
            <energy-final-demand name="transportation">
                <income-elasticity year="2015">0.321</income-elasticity>
                <income-elasticity year="2020">0.303</income-elasticity>
                <income-elasticity year="2025">0.285</income-elasticity>
                <income-elasticity year="2030">0.265</income-elasticity>
                <income-elasticity year="2035">0.24</income-elasticity>
                <income-elasticity year="2040">0.207</income-elasticity>
                <income-elasticity year="2045">0.175</income-elasticity>
                <income-elasticity year="2050">0.149</income-elasticity>
                <income-elasticity year="2055">0.124</income-elasticity>
                <income-elasticity year="2060">0.092</income-elasticity>
                <income-elasticity year="2065">0.053</income-elasticity>
                <income-elasticity year="2070">0.021</income-elasticity>
                <income-elasticity year="2075">0</income-elasticity>
                <income-elasticity year="2080">0</income-elasticity>
                <income-elasticity year="2085">0</income-elasticity>
                <income-elasticity year="2090">0</income-elasticity>
                <income-elasticity year="2095">0</income-elasticity>
                <income-elasticity year="2100">0</income-elasticity>
            </energy-final-demand>
        </region>
        <region name="Central America and Caribbean">
            <energy-final-demand name="transportation">
                <income-elasticity year="2015">1.051</income-elasticity>
                <income-elasticity year="2020">1.017</income-elasticity>
                <income-elasticity year="2025">0.968</income-elasticity>
                <income-elasticity year="2030">0.913</income-elasticity>
                <income-elasticity year="2035">0.857</income-elasticity>
                <income-elasticity year="2040">0.821</income-elasticity>
                <income-elasticity year="2045">0.781</income-elasticity>
                <income-elasticity year="2050">0.735</income-elasticity>
                <income-elasticity year="2055">0.683</income-elasticity>
                <income-elasticity year="2060">0.624</income-elasticity>
                <income-elasticity year="2065">0.589</income-elasticity>
                <income-elasticity year="2070">0.552</income-elasticity>
                <income-elasticity year="2075">0.511</income-elasticity>
                <income-elasticity year="2080">0.486</income-elasticity>
                <income-elasticity year="2085">0.465</income-elasticity>
                <income-elasticity year="2090">0.444</income-elasticity>
                <income-elasticity year="2095">0.424</income-elasticity>
                <income-elasticity year="2100">0.4</income-elasticity>
            </energy-final-demand>
        </region>
        <region name="Central Asia">
            <energy-final-demand name="transportation">
                <income-elasticity year="2015">1.043</income-elasticity>
                <income-elasticity year="2020">0.98</income-elasticity>
                <income-elasticity year="2025">0.886</income-elasticity>
                <income-elasticity year="2030">0.826</income-elasticity>
                <income-elasticity year="2035">0.779</income-elasticity>
                <income-elasticity year="2040">0.733</income-elasticity>
                <income-elasticity year="2045">0.69</income-elasticity>
                <income-elasticity year="2050">0.651</income-elasticity>
                <income-elasticity year="2055">0.616</income-elasticity>
                <income-elasticity year="2060">0.593</income-elasticity>
                <income-elasticity year="2065">0.568</income-elasticity>
                <income-elasticity year="2070">0.541</income-elasticity>
                <income-elasticity year="2075">0.513</income-elasticity>
                <income-elasticity year="2080">0.494</income-elasticity>
                <income-elasticity year="2085">0.481</income-elasticity>
                <income-elasticity year="2090">0.467</income-elasticity>
                <income-elasticity year="2095">0.453</income-elasticity>
                <income-elasticity year="2100">0.441</income-elasticity>
            </energy-final-demand>
        </region>
        <region name="China">
            <energy-final-demand name="transportation">
                <income-elasticity year="2015">0.928</income-elasticity>
                <income-elasticity year="2020">0.826</income-elasticity>
                <income-elasticity year="2025">0.736</income-elasticity>
                <income-elasticity year="2030">0.651</income-elasticity>
                <income-elasticity year="2035">0.598</income-elasticity>
                <income-elasticity year="2040">0.56</income-elasticity>
                <income-elasticity year="2045">0.523</income-elasticity>
                <income-elasticity year="2050">0.495</income-elasticity>
                <income-elasticity year="2055">0.482</income-elasticity>
                <income-elasticity year="2060">0.469</income-elasticity>
                <income-elasticity year="2065">0.455</income-elasticity>
                <income-elasticity year="2070">0.443</income-elasticity>
                <income-elasticity year="2075">0.432</income-elasticity>
                <income-elasticity year="2080">0.42</income-elasticity>
                <income-elasticity year="2085">0.408</income-elasticity>
                <income-elasticity year="2090">0.391</income-elasticity>
                <income-elasticity year="2095">0.374</income-elasticity>
                <income-elasticity year="2100">0.356</income-elasticity>
            </energy-final-demand>
        </region>
        <region name="EU-12">
            <energy-final-demand name="transportation">
                <income-elasticity year="2015">0.671</income-elasticity>
                <income-elasticity year="2020">0.609</income-elasticity>
                <income-elasticity year="2025">0.572</income-elasticity>
                <income-elasticity year="2030">0.534</income-elasticity>
                <income-elasticity year="2035">0.497</income-elasticity>
                <income-elasticity year="2040">0.48</income-elasticity>
                <income-elasticity year="2045">0.464</income-elasticity>
                <income-elasticity year="2050">0.448</income-elasticity>
                <income-elasticity year="2055">0.435</income-elasticity>
                <income-elasticity year="2060">0.421</income-elasticity>
                <income-elasticity year="2065">0.401</income-elasticity>
                <income-elasticity year="2070">0.373</income-elasticity>
                <income-elasticity year="2075">0.346</income-elasticity>
                <income-elasticity year="2080">0.323</income-elasticity>
                <income-elasticity year="2085">0.299</income-elasticity>
                <income-elasticity year="2090">0.274</income-elasticity>
                <income-elasticity year="2095">0.248</income-elasticity>
                <income-elasticity year="2100">0.21</income-elasticity>
            </energy-final-demand>
        </region>
        <region name="EU-15">
            <energy-final-demand name="transportation">
                <income-elasticity year="2015">0.405</income-elasticity>
                <income-elasticity year="2020">0.383</income-elasticity>
                <income-elasticity year="2025">0.363</income-elasticity>
                <income-elasticity year="2030">0.343</income-elasticity>
                <income-elasticity year="2035">0.323</income-elasticity>
                <income-elasticity year="2040">0.301</income-elasticity>
                <income-elasticity year="2045">0.277</income-elasticity>
                <income-elasticity year="2050">0.252</income-elasticity>
                <income-elasticity year="2055">0.215</income-elasticity>
                <income-elasticity year="2060">0.174</income-elasticity>
                <income-elasticity year="2065">0.134</income-elasticity>
                <income-elasticity year="2070">0.088</income-elasticity>
                <income-elasticity year="2075">0.042</income-elasticity>
                <income-elasticity year="2080">0.005</income-elasticity>
                <income-elasticity year="2085">0</income-elasticity>
                <income-elasticity year="2090">0</income-elasticity>
                <income-elasticity year="2095">0</income-elasticity>
                <income-elasticity year="2100">0</income-elasticity>
            </energy-final-demand>
        </region>
        <region name="Europe_Eastern">
            <energy-final-demand name="transportation">
                <income-elasticity year="2015">1.12</income-elasticity>
                <income-elasticity year="2020">1.097</income-elasticity>
                <income-elasticity year="2025">1.043</income-elasticity>
                <income-elasticity year="2030">0.984</income-elasticity>
                <income-elasticity year="2035">0.92</income-elasticity>
                <income-elasticity year="2040">0.857</income-elasticity>
                <income-elasticity year="2045">0.824</income-elasticity>
                <income-elasticity year="2050">0.791</income-elasticity>
                <income-elasticity year="2055">0.755</income-elasticity>
                <income-elasticity year="2060">0.714</income-elasticity>
                <income-elasticity year="2065">0.668</income-elasticity>
                <income-elasticity year="2070">0.62</income-elasticity>
                <income-elasticity year="2075">0.596</income-elasticity>
                <income-elasticity year="2080">0.572</income-elasticity>
                <income-elasticity year="2085">0.546</income-elasticity>
                <income-elasticity year="2090">0.52</income-elasticity>
                <income-elasticity year="2095">0.497</income-elasticity>
                <income-elasticity year="2100">0.485</income-elasticity>
            </energy-final-demand>
        </region>
        <region name="Europe_Non_EU">
            <energy-final-demand name="transportation">
                <income-elasticity year="2015">0.776</income-elasticity>
                <income-elasticity year="2020">0.733</income-elasticity>
                <income-elasticity year="2025">0.678</income-elasticity>
                <income-elasticity year="2030">0.623</income-elasticity>
                <income-elasticity year="2035">0.594</income-elasticity>
                <income-elasticity year="2040">0.564</income-elasticity>
                <income-elasticity year="2045">0.533</income-elasticity>
                <income-elasticity year="2050">0.5</income-elasticity>
                <income-elasticity year="2055">0.485</income-elasticity>
                <income-elasticity year="2060">0.47</income-elasticity>
                <income-elasticity year="2065">0.453</income-elasticity>
                <income-elasticity year="2070">0.438</income-elasticity>
                <income-elasticity year="2075">0.424</income-elasticity>
                <income-elasticity year="2080">0.407</income-elasticity>
                <income-elasticity year="2085">0.383</income-elasticity>
                <income-elasticity year="2090">0.357</income-elasticity>
                <income-elasticity year="2095">0.334</income-elasticity>
                <income-elasticity year="2100">0.311</income-elasticity>
            </energy-final-demand>
        </region>
        <region name="European Free Trade Association">
            <energy-final-demand name="transportation">
                <income-elasticity year="2015">0.091</income-elasticity>
                <income-elasticity year="2020">0.053</income-elasticity>
                <income-elasticity year="2025">0.026</income-elasticity>
                <income-elasticity year="2030">0.001</income-elasticity>
                <income-elasticity year="2035">0</income-elasticity>
                <income-elasticity year="2040">0</income-elasticity>
                <income-elasticity year="2045">0</income-elasticity>
                <income-elasticity year="2050">0</income-elasticity>
                <income-elasticity year="2055">0</income-elasticity>
                <income-elasticity year="2060">0</income-elasticity>
                <income-elasticity year="2065">0</income-elasticity>
                <income-elasticity year="2070">0</income-elasticity>
                <income-elasticity year="2075">0</income-elasticity>
                <income-elasticity year="2080">0</income-elasticity>
                <income-elasticity year="2085">0</income-elasticity>
                <income-elasticity year="2090">0</income-elasticity>
                <income-elasticity year="2095">0</income-elasticity>
                <income-elasticity year="2100">0</income-elasticity>
            </energy-final-demand>
        </region>
        <region name="India">
            <energy-final-demand name="transportation">
                <income-elasticity year="2015">1.179</income-elasticity>
                <income-elasticity year="2020">1.154</income-elasticity>
                <income-elasticity year="2025">1.127</income-elasticity>
                <income-elasticity year="2030">1.095</income-elasticity>
                <income-elasticity year="2035">1.043</income-elasticity>
                <income-elasticity year="2040">0.985</income-elasticity>
                <income-elasticity year="2045">0.922</income-elasticity>
                <income-elasticity year="2050">0.857</income-elasticity>
                <income-elasticity year="2055">0.819</income-elasticity>
                <income-elasticity year="2060">0.777</income-elasticity>
                <income-elasticity year="2065">0.732</income-elasticity>
                <income-elasticity year="2070">0.683</income-elasticity>
                <income-elasticity year="2075">0.631</income-elasticity>
                <income-elasticity year="2080">0.598</income-elasticity>
                <income-elasticity year="2085">0.568</income-elasticity>
                <income-elasticity year="2090">0.536</income-elasticity>
                <income-elasticity year="2095">0.503</income-elasticity>
                <income-elasticity year="2100">0.487</income-elasticity>
            </energy-final-demand>
        </region>
        <region name="Indonesia">
            <energy-final-demand name="transportation">
                <income-elasticity year="2015">1.104</income-elasticity>
                <income-elasticity year="2020">1.044</income-elasticity>
                <income-elasticity year="2025">0.954</income-elasticity>
                <income-elasticity year="2030">0.858</income-elasticity>
                <income-elasticity year="2035">0.805</income-elasticity>
                <income-elasticity year="2040">0.745</income-elasticity>
                <income-elasticity year="2045">0.682</income-elasticity>
                <income-elasticity year="2050">0.617</income-elasticity>
                <income-elasticity year="2055">0.58</income-elasticity>
                <income-elasticity year="2060">0.541</income-elasticity>
                <income-elasticity year="2065">0.5</income-elasticity>
                <income-elasticity year="2070">0.481</income-elasticity>
                <income-elasticity year="2075">0.462</income-elasticity>
                <income-elasticity year="2080">0.443</income-elasticity>
                <income-elasticity year="2085">0.426</income-elasticity>
                <income-elasticity year="2090">0.406</income-elasticity>
                <income-elasticity year="2095">0.377</income-elasticity>
                <income-elasticity year="2100">0.347</income-elasticity>
            </energy-final-demand>
        </region>
        <region name="Japan">
            <energy-final-demand name="transportation">
                <income-elasticity year="2015">0.354</income-elasticity>
                <income-elasticity year="2020">0.338</income-elasticity>
                <income-elasticity year="2025">0.317</income-elasticity>
                <income-elasticity year="2030">0.294</income-elasticity>
                <income-elasticity year="2035">0.273</income-elasticity>
                <income-elasticity year="2040">0.254</income-elasticity>
                <income-elasticity year="2045">0.225</income-elasticity>
                <income-elasticity year="2050">0.193</income-elasticity>
                <income-elasticity year="2055">0.16</income-elasticity>
                <income-elasticity year="2060">0.126</income-elasticity>
                <income-elasticity year="2065">0.084</income-elasticity>
                <income-elasticity year="2070">0.041</income-elasticity>
                <income-elasticity year="2075">0.005</income-elasticity>
                <income-elasticity year="2080">0</income-elasticity>
                <income-elasticity year="2085">0</income-elasticity>
                <income-elasticity year="2090">0</income-elasticity>
                <income-elasticity year="2095">0</income-elasticity>
                <income-elasticity year="2100">0</income-elasticity>
            </energy-final-demand>
        </region>
        <region name="Mexico">
            <energy-final-demand name="transportation">
                <income-elasticity year="2015">0.782</income-elasticity>
                <income-elasticity year="2020">0.747</income-elasticity>
                <income-elasticity year="2025">0.705</income-elasticity>
                <income-elasticity year="2030">0.659</income-elasticity>
                <income-elasticity year="2035">0.614</income-elasticity>
                <income-elasticity year="2040">0.588</income-elasticity>
                <income-elasticity year="2045">0.558</income-elasticity>
                <income-elasticity year="2050">0.524</income-elasticity>
                <income-elasticity year="2055">0.494</income-elasticity>
                <income-elasticity year="2060">0.477</income-elasticity>
                <income-elasticity year="2065">0.458</income-elasticity>
                <income-elasticity year="2070">0.44</income-elasticity>
                <income-elasticity year="2075">0.423</income-elasticity>
                <income-elasticity year="2080">0.401</income-elasticity>
                <income-elasticity year="2085">0.371</income-elasticity>
                <income-elasticity year="2090">0.34</income-elasticity>
                <income-elasticity year="2095">0.311</income-elasticity>
                <income-elasticity year="2100">0.28</income-elasticity>
            </energy-final-demand>
        </region>
        <region name="Middle East">
            <energy-final-demand name="transportation">
                <income-elasticity year="2015">0.793</income-elasticity>
                <income-elasticity year="2020">0.765</income-elasticity>
                <income-elasticity year="2025">0.725</income-elasticity>
                <income-elasticity year="2030">0.681</income-elasticity>
                <income-elasticity year="2035">0.639</income-elasticity>
                <income-elasticity year="2040">0.608</income-elasticity>
                <income-elasticity year="2045">0.587</income-elasticity>
                <income-elasticity year="2050">0.566</income-elasticity>
                <income-elasticity year="2055">0.543</income-elasticity>
                <income-elasticity year="2060">0.518</income-elasticity>
                <income-elasticity year="2065">0.496</income-elasticity>
                <income-elasticity year="2070">0.483</income-elasticity>
                <income-elasticity year="2075">0.469</income-elasticity>
                <income-elasticity year="2080">0.454</income-elasticity>
                <income-elasticity year="2085">0.44</income-elasticity>
                <income-elasticity year="2090">0.425</income-elasticity>
                <income-elasticity year="2095">0.41</income-elasticity>
                <income-elasticity year="2100">0.386</income-elasticity>
            </energy-final-demand>
        </region>
        <region name="Pakistan">
            <energy-final-demand name="transportation">
                <income-elasticity year="2015">1.205</income-elasticity>
                <income-elasticity year="2020">1.198</income-elasticity>
                <income-elasticity year="2025">1.189</income-elasticity>
                <income-elasticity year="2030">1.178</income-elasticity>
                <income-elasticity year="2035">1.164</income-elasticity>
                <income-elasticity year="2040">1.146</income-elasticity>
                <income-elasticity year="2045">1.124</income-elasticity>
                <income-elasticity year="2050">1.098</income-elasticity>
                <income-elasticity year="2055">1.049</income-elasticity>
                <income-elasticity year="2060">0.992</income-elasticity>
                <income-elasticity year="2065">0.925</income-elasticity>
                <income-elasticity year="2070">0.853</income-elasticity>
                <income-elasticity year="2075">0.809</income-elasticity>
                <income-elasticity year="2080">0.76</income-elasticity>
                <income-elasticity year="2085">0.707</income-elasticity>
                <income-elasticity year="2090">0.649</income-elasticity>
                <income-elasticity year="2095">0.603</income-elasticity>
                <income-elasticity year="2100">0.568</income-elasticity>
            </energy-final-demand>
        </region>
        <region name="Russia">
            <energy-final-demand name="transportation">
                <income-elasticity year="2015">0.742</income-elasticity>
                <income-elasticity year="2020">0.723</income-elasticity>
                <income-elasticity year="2025">0.653</income-elasticity>
                <income-elasticity year="2030">0.599</income-elasticity>
                <income-elasticity year="2035">0.563</income-elasticity>
                <income-elasticity year="2040">0.531</income-elasticity>
                <income-elasticity year="2045">0.504</income-elasticity>
                <income-elasticity year="2050">0.493</income-elasticity>
                <income-elasticity year="2055">0.483</income-elasticity>
                <income-elasticity year="2060">0.47</income-elasticity>
                <income-elasticity year="2065">0.457</income-elasticity>
                <income-elasticity year="2070">0.444</income-elasticity>
                <income-elasticity year="2075">0.434</income-elasticity>
                <income-elasticity year="2080">0.424</income-elasticity>
                <income-elasticity year="2085">0.413</income-elasticity>
                <income-elasticity year="2090">0.398</income-elasticity>
                <income-elasticity year="2095">0.381</income-elasticity>
                <income-elasticity year="2100">0.363</income-elasticity>
            </energy-final-demand>
        </region>
        <region name="South Africa">
            <energy-final-demand name="transportation">
                <income-elasticity year="2015">0.856</income-elasticity>
                <income-elasticity year="2020">0.839</income-elasticity>
                <income-elasticity year="2025">0.793</income-elasticity>
                <income-elasticity year="2030">0.747</income-elasticity>
                <income-elasticity year="2035">0.699</income-elasticity>
                <income-elasticity year="2040">0.648</income-elasticity>
                <income-elasticity year="2045">0.608</income-elasticity>
                <income-elasticity year="2050">0.582</income-elasticity>
                <income-elasticity year="2055">0.554</income-elasticity>
                <income-elasticity year="2060">0.524</income-elasticity>
                <income-elasticity year="2065">0.497</income-elasticity>
                <income-elasticity year="2070">0.482</income-elasticity>
                <income-elasticity year="2075">0.468</income-elasticity>
                <income-elasticity year="2080">0.452</income-elasticity>
                <income-elasticity year="2085">0.438</income-elasticity>
                <income-elasticity year="2090">0.425</income-elasticity>
                <income-elasticity year="2095">0.411</income-elasticity>
                <income-elasticity year="2100">0.39</income-elasticity>
            </energy-final-demand>
        </region>
        <region name="South America_Northern">
            <energy-final-demand name="transportation">
                <income-elasticity year="2015">0.726</income-elasticity>
                <income-elasticity year="2020">0.798</income-elasticity>
                <income-elasticity year="2025">0.763</income-elasticity>
                <income-elasticity year="2030">0.725</income-elasticity>
                <income-elasticity year="2035">0.683</income-elasticity>
                <income-elasticity year="2040">0.637</income-elasticity>
                <income-elasticity year="2045">0.603</income-elasticity>
                <income-elasticity year="2050">0.574</income-elasticity>
                <income-elasticity year="2055">0.543</income-elasticity>
                <income-elasticity year="2060">0.508</income-elasticity>
                <income-elasticity year="2065">0.488</income-elasticity>
                <income-elasticity year="2070">0.472</income-elasticity>
                <income-elasticity year="2075">0.454</income-elasticity>
                <income-elasticity year="2080">0.439</income-elasticity>
                <income-elasticity year="2085">0.422</income-elasticity>
                <income-elasticity year="2090">0.403</income-elasticity>
                <income-elasticity year="2095">0.375</income-elasticity>
                <income-elasticity year="2100">0.347</income-elasticity>
            </energy-final-demand>
        </region>
        <region name="South America_Southern">
            <energy-final-demand name="transportation">
                <income-elasticity year="2015">0.869</income-elasticity>
                <income-elasticity year="2020">0.835</income-elasticity>
                <income-elasticity year="2025">0.788</income-elasticity>
                <income-elasticity year="2030">0.739</income-elasticity>
                <income-elasticity year="2035">0.689</income-elasticity>
                <income-elasticity year="2040">0.634</income-elasticity>
                <income-elasticity year="2045">0.596</income-elasticity>
                <income-elasticity year="2050">0.563</income-elasticity>
                <income-elasticity year="2055">0.526</income-elasticity>
                <income-elasticity year="2060">0.494</income-elasticity>
                <income-elasticity year="2065">0.476</income-elasticity>
                <income-elasticity year="2070">0.457</income-elasticity>
                <income-elasticity year="2075">0.439</income-elasticity>
                <income-elasticity year="2080">0.422</income-elasticity>
                <income-elasticity year="2085">0.399</income-elasticity>
                <income-elasticity year="2090">0.369</income-elasticity>
                <income-elasticity year="2095">0.339</income-elasticity>
                <income-elasticity year="2100">0.312</income-elasticity>
            </energy-final-demand>
        </region>
        <region name="South Asia">
            <energy-final-demand name="transportation">
                <income-elasticity year="2015">1.21</income-elasticity>
                <income-elasticity year="2020">1.199</income-elasticity>
                <income-elasticity year="2025">1.186</income-elasticity>
                <income-elasticity year="2030">1.172</income-elasticity>
                <income-elasticity year="2035">1.156</income-elasticity>
                <income-elasticity year="2040">1.138</income-elasticity>
                <income-elasticity year="2045">1.117</income-elasticity>
                <income-elasticity year="2050">1.088</income-elasticity>
                <income-elasticity year="2055">1.043</income-elasticity>
                <income-elasticity year="2060">0.99</income-elasticity>
                <income-elasticity year="2065">0.928</income-elasticity>
                <income-elasticity year="2070">0.859</income-elasticity>
                <income-elasticity year="2075">0.818</income-elasticity>
                <income-elasticity year="2080">0.772</income-elasticity>
                <income-elasticity year="2085">0.72</income-elasticity>
                <income-elasticity year="2090">0.662</income-elasticity>
                <income-elasticity year="2095">0.609</income-elasticity>
                <income-elasticity year="2100">0.573</income-elasticity>
            </energy-final-demand>
        </region>
        <region name="South Korea">
            <energy-final-demand name="transportation">
                <income-elasticity year="2015">0.479</income-elasticity>
                <income-elasticity year="2020">0.449</income-elasticity>
                <income-elasticity year="2025">0.423</income-elasticity>
                <income-elasticity year="2030">0.392</income-elasticity>
                <income-elasticity year="2035">0.356</income-elasticity>
                <income-elasticity year="2040">0.326</income-elasticity>
                <income-elasticity year="2045">0.297</income-elasticity>
                <income-elasticity year="2050">0.267</income-elasticity>
                <income-elasticity year="2055">0.229</income-elasticity>
                <income-elasticity year="2060">0.187</income-elasticity>
                <income-elasticity year="2065">0.15</income-elasticity>
                <income-elasticity year="2070">0.109</income-elasticity>
                <income-elasticity year="2075">0.063</income-elasticity>
                <income-elasticity year="2080">0.024</income-elasticity>
                <income-elasticity year="2085">0</income-elasticity>
                <income-elasticity year="2090">0</income-elasticity>
                <income-elasticity year="2095">0</income-elasticity>
                <income-elasticity year="2100">0</income-elasticity>
            </energy-final-demand>
        </region>
        <region name="Southeast Asia">
            <energy-final-demand name="transportation">
                <income-elasticity year="2015">1.092</income-elasticity>
                <income-elasticity year="2020">1.04</income-elasticity>
                <income-elasticity year="2025">0.98</income-elasticity>
                <income-elasticity year="2030">0.914</income-elasticity>
                <income-elasticity year="2035">0.853</income-elasticity>
                <income-elasticity year="2040">0.814</income-elasticity>
                <income-elasticity year="2045">0.771</income-elasticity>
                <income-elasticity year="2050">0.725</income-elasticity>
                <income-elasticity year="2055">0.673</income-elasticity>
                <income-elasticity year="2060">0.618</income-elasticity>
                <income-elasticity year="2065">0.587</income-elasticity>
                <income-elasticity year="2070">0.553</income-elasticity>
                <income-elasticity year="2075">0.517</income-elasticity>
                <income-elasticity year="2080">0.491</income-elasticity>
                <income-elasticity year="2085">0.473</income-elasticity>
                <income-elasticity year="2090">0.455</income-elasticity>
                <income-elasticity year="2095">0.438</income-elasticity>
                <income-elasticity year="2100">0.422</income-elasticity>
            </energy-final-demand>
        </region>
        <region name="Taiwan">
            <energy-final-demand name="transportation">
                <income-elasticity year="2015">0.53</income-elasticity>
                <income-elasticity year="2020">0.491</income-elasticity>
                <income-elasticity year="2025">0.472</income-elasticity>
                <income-elasticity year="2030">0.456</income-elasticity>
                <income-elasticity year="2035">0.442</income-elasticity>
                <income-elasticity year="2040">0.431</income-elasticity>
                <income-elasticity year="2045">0.423</income-elasticity>
                <income-elasticity year="2050">0.417</income-elasticity>
                <income-elasticity year="2055">0.415</income-elasticity>
                <income-elasticity year="2060">0.412</income-elasticity>
                <income-elasticity year="2065">0.399</income-elasticity>
                <income-elasticity year="2070">0.385</income-elasticity>
                <income-elasticity year="2075">0.372</income-elasticity>
                <income-elasticity year="2080">0.361</income-elasticity>
                <income-elasticity year="2085">0.353</income-elasticity>
                <income-elasticity year="2090">0.348</income-elasticity>
                <income-elasticity year="2095">0.345</income-elasticity>
                <income-elasticity year="2100">0.344</income-elasticity>
            </energy-final-demand>
        </region>
        <region name="Argentina">
            <energy-final-demand name="transportation">
                <income-elasticity year="2015">0.703</income-elasticity>
                <income-elasticity year="2020">0.718</income-elasticity>
                <income-elasticity year="2025">0.661</income-elasticity>
                <income-elasticity year="2030">0.611</income-elasticity>
                <income-elasticity year="2035">0.58</income-elasticity>
                <income-elasticity year="2040">0.55</income-elasticity>
                <income-elasticity year="2045">0.52</income-elasticity>
                <income-elasticity year="2050">0.495</income-elasticity>
                <income-elasticity year="2055">0.481</income-elasticity>
                <income-elasticity year="2060">0.466</income-elasticity>
                <income-elasticity year="2065">0.451</income-elasticity>
                <income-elasticity year="2070">0.438</income-elasticity>
                <income-elasticity year="2075">0.425</income-elasticity>
                <income-elasticity year="2080">0.411</income-elasticity>
                <income-elasticity year="2085">0.39</income-elasticity>
                <income-elasticity year="2090">0.368</income-elasticity>
                <income-elasticity year="2095">0.345</income-elasticity>
                <income-elasticity year="2100">0.326</income-elasticity>
            </energy-final-demand>
        </region>
        <region name="Colombia">
            <energy-final-demand name="transportation">
                <income-elasticity year="2015">0.881</income-elasticity>
                <income-elasticity year="2020">0.842</income-elasticity>
                <income-elasticity year="2025">0.813</income-elasticity>
                <income-elasticity year="2030">0.778</income-elasticity>
                <income-elasticity year="2035">0.738</income-elasticity>
                <income-elasticity year="2040">0.692</income-elasticity>
                <income-elasticity year="2045">0.641</income-elasticity>
                <income-elasticity year="2050">0.602</income-elasticity>
                <income-elasticity year="2055">0.57</income-elasticity>
                <income-elasticity year="2060">0.536</income-elasticity>
                <income-elasticity year="2065">0.499</income-elasticity>
                <income-elasticity year="2070">0.481</income-elasticity>
                <income-elasticity year="2075">0.463</income-elasticity>
                <income-elasticity year="2080">0.444</income-elasticity>
                <income-elasticity year="2085">0.426</income-elasticity>
                <income-elasticity year="2090">0.407</income-elasticity>
                <income-elasticity year="2095">0.378</income-elasticity>
                <income-elasticity year="2100">0.348</income-elasticity>
            </energy-final-demand>
        </region>
    </world>
</scenario>
