<?xml version="1.0" encoding="UTF-8"?>
<scenario>
    <world>
        <region name="USA">
            <energy-final-demand name="transportation">
                <income-elasticity year="2015">0.311</income-elasticity>
                <income-elasticity year="2020">0.276</income-elasticity>
                <income-elasticity year="2025">0.246</income-elasticity>
                <income-elasticity year="2030">0.213</income-elasticity>
                <income-elasticity year="2035">0.185</income-elasticity>
                <income-elasticity year="2040">0.162</income-elasticity>
                <income-elasticity year="2045">0.142</income-elasticity>
                <income-elasticity year="2050">0.124</income-elasticity>
                <income-elasticity year="2055">0.106</income-elasticity>
                <income-elasticity year="2060">0.087</income-elasticity>
                <income-elasticity year="2065">0.07</income-elasticity>
                <income-elasticity year="2070">0.056</income-elasticity>
                <income-elasticity year="2075">0.047</income-elasticity>
                <income-elasticity year="2080">0.04</income-elasticity>
                <income-elasticity year="2085">0.033</income-elasticity>
                <income-elasticity year="2090">0.026</income-elasticity>
                <income-elasticity year="2095">0.018</income-elasticity>
                <income-elasticity year="2100">0.01</income-elasticity>
            </energy-final-demand>
        </region>
        <region name="Africa_Eastern">
            <energy-final-demand name="transportation">
                <income-elasticity year="2015">1.221</income-elasticity>
                <income-elasticity year="2020">1.216</income-elasticity>
                <income-elasticity year="2025">1.21</income-elasticity>
                <income-elasticity year="2030">1.205</income-elasticity>
                <income-elasticity year="2035">1.2</income-elasticity>
                <income-elasticity year="2040">1.194</income-elasticity>
                <income-elasticity year="2045">1.188</income-elasticity>
                <income-elasticity year="2050">1.18</income-elasticity>
                <income-elasticity year="2055">1.172</income-elasticity>
                <income-elasticity year="2060">1.162</income-elasticity>
                <income-elasticity year="2065">1.151</income-elasticity>
                <income-elasticity year="2070">1.139</income-elasticity>
                <income-elasticity year="2075">1.125</income-elasticity>
                <income-elasticity year="2080">1.11</income-elasticity>
                <income-elasticity year="2085">1.09</income-elasticity>
                <income-elasticity year="2090">1.062</income-elasticity>
                <income-elasticity year="2095">1.033</income-elasticity>
                <income-elasticity year="2100">1.001</income-elasticity>
            </energy-final-demand>
        </region>
        <region name="Africa_Northern">
            <energy-final-demand name="transportation">
                <income-elasticity year="2015">1.111</income-elasticity>
                <income-elasticity year="2020">1.081</income-elasticity>
                <income-elasticity year="2025">1.035</income-elasticity>
                <income-elasticity year="2030">0.993</income-elasticity>
                <income-elasticity year="2035">0.956</income-elasticity>
                <income-elasticity year="2040">0.924</income-elasticity>
                <income-elasticity year="2045">0.895</income-elasticity>
                <income-elasticity year="2050">0.868</income-elasticity>
                <income-elasticity year="2055">0.85</income-elasticity>
                <income-elasticity year="2060">0.833</income-elasticity>
                <income-elasticity year="2065">0.815</income-elasticity>
                <income-elasticity year="2070">0.796</income-elasticity>
                <income-elasticity year="2075">0.777</income-elasticity>
                <income-elasticity year="2080">0.757</income-elasticity>
                <income-elasticity year="2085">0.737</income-elasticity>
                <income-elasticity year="2090">0.718</income-elasticity>
                <income-elasticity year="2095">0.697</income-elasticity>
                <income-elasticity year="2100">0.676</income-elasticity>
            </energy-final-demand>
        </region>
        <region name="Africa_Southern">
            <energy-final-demand name="transportation">
                <income-elasticity year="2015">1.191</income-elasticity>
                <income-elasticity year="2020">1.183</income-elasticity>
                <income-elasticity year="2025">1.176</income-elasticity>
                <income-elasticity year="2030">1.17</income-elasticity>
                <income-elasticity year="2035">1.166</income-elasticity>
                <income-elasticity year="2040">1.161</income-elasticity>
                <income-elasticity year="2045">1.155</income-elasticity>
                <income-elasticity year="2050">1.146</income-elasticity>
                <income-elasticity year="2055">1.136</income-elasticity>
                <income-elasticity year="2060">1.124</income-elasticity>
                <income-elasticity year="2065">1.109</income-elasticity>
                <income-elasticity year="2070">1.09</income-elasticity>
                <income-elasticity year="2075">1.061</income-elasticity>
                <income-elasticity year="2080">1.031</income-elasticity>
                <income-elasticity year="2085">0.998</income-elasticity>
                <income-elasticity year="2090">0.964</income-elasticity>
                <income-elasticity year="2095">0.927</income-elasticity>
                <income-elasticity year="2100">0.888</income-elasticity>
            </energy-final-demand>
        </region>
        <region name="Africa_Western">
            <energy-final-demand name="transportation">
                <income-elasticity year="2015">1.188</income-elasticity>
                <income-elasticity year="2020">1.18</income-elasticity>
                <income-elasticity year="2025">1.168</income-elasticity>
                <income-elasticity year="2030">1.155</income-elasticity>
                <income-elasticity year="2035">1.144</income-elasticity>
                <income-elasticity year="2040">1.133</income-elasticity>
                <income-elasticity year="2045">1.121</income-elasticity>
                <income-elasticity year="2050">1.108</income-elasticity>
                <income-elasticity year="2055">1.089</income-elasticity>
                <income-elasticity year="2060">1.061</income-elasticity>
                <income-elasticity year="2065">1.03</income-elasticity>
                <income-elasticity year="2070">0.994</income-elasticity>
                <income-elasticity year="2075">0.955</income-elasticity>
                <income-elasticity year="2080">0.912</income-elasticity>
                <income-elasticity year="2085">0.866</income-elasticity>
                <income-elasticity year="2090">0.838</income-elasticity>
                <income-elasticity year="2095">0.812</income-elasticity>
                <income-elasticity year="2100">0.785</income-elasticity>
            </energy-final-demand>
        </region>
        <region name="Australia_NZ">
            <energy-final-demand name="transportation">
                <income-elasticity year="2015">0.31</income-elasticity>
                <income-elasticity year="2020">0.277</income-elasticity>
                <income-elasticity year="2025">0.25</income-elasticity>
                <income-elasticity year="2030">0.22</income-elasticity>
                <income-elasticity year="2035">0.195</income-elasticity>
                <income-elasticity year="2040">0.174</income-elasticity>
                <income-elasticity year="2045">0.155</income-elasticity>
                <income-elasticity year="2050">0.14</income-elasticity>
                <income-elasticity year="2055">0.126</income-elasticity>
                <income-elasticity year="2060">0.106</income-elasticity>
                <income-elasticity year="2065">0.081</income-elasticity>
                <income-elasticity year="2070">0.054</income-elasticity>
                <income-elasticity year="2075">0.035</income-elasticity>
                <income-elasticity year="2080">0.016</income-elasticity>
                <income-elasticity year="2085">0</income-elasticity>
                <income-elasticity year="2090">0</income-elasticity>
                <income-elasticity year="2095">0</income-elasticity>
                <income-elasticity year="2100">0</income-elasticity>
            </energy-final-demand>
        </region>
        <region name="Brazil">
            <energy-final-demand name="transportation">
                <income-elasticity year="2015">0.749</income-elasticity>
                <income-elasticity year="2020">0.735</income-elasticity>
                <income-elasticity year="2025">0.695</income-elasticity>
                <income-elasticity year="2030">0.669</income-elasticity>
                <income-elasticity year="2035">0.653</income-elasticity>
                <income-elasticity year="2040">0.642</income-elasticity>
                <income-elasticity year="2045">0.634</income-elasticity>
                <income-elasticity year="2050">0.63</income-elasticity>
                <income-elasticity year="2055">0.626</income-elasticity>
                <income-elasticity year="2060">0.622</income-elasticity>
                <income-elasticity year="2065">0.619</income-elasticity>
                <income-elasticity year="2070">0.617</income-elasticity>
                <income-elasticity year="2075">0.615</income-elasticity>
                <income-elasticity year="2080">0.614</income-elasticity>
                <income-elasticity year="2085">0.614</income-elasticity>
                <income-elasticity year="2090">0.614</income-elasticity>
                <income-elasticity year="2095">0.615</income-elasticity>
                <income-elasticity year="2100">0.617</income-elasticity>
            </energy-final-demand>
        </region>
        <region name="Canada">
            <energy-final-demand name="transportation">
                <income-elasticity year="2015">0.318</income-elasticity>
                <income-elasticity year="2020">0.293</income-elasticity>
                <income-elasticity year="2025">0.273</income-elasticity>
                <income-elasticity year="2030">0.251</income-elasticity>
                <income-elasticity year="2035">0.21</income-elasticity>
                <income-elasticity year="2040">0.163</income-elasticity>
                <income-elasticity year="2045">0.118</income-elasticity>
                <income-elasticity year="2050">0.071</income-elasticity>
                <income-elasticity year="2055">0.035</income-elasticity>
                <income-elasticity year="2060">0.005</income-elasticity>
                <income-elasticity year="2065">0</income-elasticity>
                <income-elasticity year="2070">0</income-elasticity>
                <income-elasticity year="2075">0</income-elasticity>
                <income-elasticity year="2080">0</income-elasticity>
                <income-elasticity year="2085">0</income-elasticity>
                <income-elasticity year="2090">0</income-elasticity>
                <income-elasticity year="2095">0</income-elasticity>
                <income-elasticity year="2100">0</income-elasticity>
            </energy-final-demand>
        </region>
        <region name="Central America and Caribbean">
            <energy-final-demand name="transportation">
                <income-elasticity year="2015">1.053</income-elasticity>
                <income-elasticity year="2020">1.026</income-elasticity>
                <income-elasticity year="2025">0.993</income-elasticity>
                <income-elasticity year="2030">0.966</income-elasticity>
                <income-elasticity year="2035">0.941</income-elasticity>
                <income-elasticity year="2040">0.916</income-elasticity>
                <income-elasticity year="2045">0.89</income-elasticity>
                <income-elasticity year="2050">0.863</income-elasticity>
                <income-elasticity year="2055">0.847</income-elasticity>
                <income-elasticity year="2060">0.832</income-elasticity>
                <income-elasticity year="2065">0.815</income-elasticity>
                <income-elasticity year="2070">0.797</income-elasticity>
                <income-elasticity year="2075">0.777</income-elasticity>
                <income-elasticity year="2080">0.756</income-elasticity>
                <income-elasticity year="2085">0.734</income-elasticity>
                <income-elasticity year="2090">0.712</income-elasticity>
                <income-elasticity year="2095">0.688</income-elasticity>
                <income-elasticity year="2100">0.664</income-elasticity>
            </energy-final-demand>
        </region>
        <region name="Central Asia">
            <energy-final-demand name="transportation">
                <income-elasticity year="2015">1.045</income-elasticity>
                <income-elasticity year="2020">0.987</income-elasticity>
                <income-elasticity year="2025">0.906</income-elasticity>
                <income-elasticity year="2030">0.846</income-elasticity>
                <income-elasticity year="2035">0.812</income-elasticity>
                <income-elasticity year="2040">0.783</income-elasticity>
                <income-elasticity year="2045">0.76</income-elasticity>
                <income-elasticity year="2050">0.747</income-elasticity>
                <income-elasticity year="2055">0.738</income-elasticity>
                <income-elasticity year="2060">0.726</income-elasticity>
                <income-elasticity year="2065">0.708</income-elasticity>
                <income-elasticity year="2070">0.689</income-elasticity>
                <income-elasticity year="2075">0.668</income-elasticity>
                <income-elasticity year="2080">0.648</income-elasticity>
                <income-elasticity year="2085">0.627</income-elasticity>
                <income-elasticity year="2090">0.613</income-elasticity>
                <income-elasticity year="2095">0.601</income-elasticity>
                <income-elasticity year="2100">0.589</income-elasticity>
            </energy-final-demand>
        </region>
        <region name="China">
            <energy-final-demand name="transportation">
                <income-elasticity year="2015">0.928</income-elasticity>
                <income-elasticity year="2020">0.827</income-elasticity>
                <income-elasticity year="2025">0.75</income-elasticity>
                <income-elasticity year="2030">0.688</income-elasticity>
                <income-elasticity year="2035">0.646</income-elasticity>
                <income-elasticity year="2040">0.615</income-elasticity>
                <income-elasticity year="2045">0.6</income-elasticity>
                <income-elasticity year="2050">0.588</income-elasticity>
                <income-elasticity year="2055">0.58</income-elasticity>
                <income-elasticity year="2060">0.571</income-elasticity>
                <income-elasticity year="2065">0.563</income-elasticity>
                <income-elasticity year="2070">0.555</income-elasticity>
                <income-elasticity year="2075">0.548</income-elasticity>
                <income-elasticity year="2080">0.541</income-elasticity>
                <income-elasticity year="2085">0.536</income-elasticity>
                <income-elasticity year="2090">0.533</income-elasticity>
                <income-elasticity year="2095">0.53</income-elasticity>
                <income-elasticity year="2100">0.527</income-elasticity>
            </energy-final-demand>
        </region>
        <region name="EU-12">
            <energy-final-demand name="transportation">
                <income-elasticity year="2015">0.67</income-elasticity>
                <income-elasticity year="2020">0.608</income-elasticity>
                <income-elasticity year="2025">0.574</income-elasticity>
                <income-elasticity year="2030">0.543</income-elasticity>
                <income-elasticity year="2035">0.514</income-elasticity>
                <income-elasticity year="2040">0.495</income-elasticity>
                <income-elasticity year="2045">0.485</income-elasticity>
                <income-elasticity year="2050">0.477</income-elasticity>
                <income-elasticity year="2055">0.469</income-elasticity>
                <income-elasticity year="2060">0.46</income-elasticity>
                <income-elasticity year="2065">0.449</income-elasticity>
                <income-elasticity year="2070">0.44</income-elasticity>
                <income-elasticity year="2075">0.432</income-elasticity>
                <income-elasticity year="2080">0.425</income-elasticity>
                <income-elasticity year="2085">0.419</income-elasticity>
                <income-elasticity year="2090">0.414</income-elasticity>
                <income-elasticity year="2095">0.406</income-elasticity>
                <income-elasticity year="2100">0.397</income-elasticity>
            </energy-final-demand>
        </region>
        <region name="EU-15">
            <energy-final-demand name="transportation">
                <income-elasticity year="2015">0.403</income-elasticity>
                <income-elasticity year="2020">0.377</income-elasticity>
                <income-elasticity year="2025">0.357</income-elasticity>
                <income-elasticity year="2030">0.341</income-elasticity>
                <income-elasticity year="2035">0.326</income-elasticity>
                <income-elasticity year="2040">0.311</income-elasticity>
                <income-elasticity year="2045">0.296</income-elasticity>
                <income-elasticity year="2050">0.281</income-elasticity>
                <income-elasticity year="2055">0.266</income-elasticity>
                <income-elasticity year="2060">0.248</income-elasticity>
                <income-elasticity year="2065">0.222</income-elasticity>
                <income-elasticity year="2070">0.196</income-elasticity>
                <income-elasticity year="2075">0.173</income-elasticity>
                <income-elasticity year="2080">0.152</income-elasticity>
                <income-elasticity year="2085">0.13</income-elasticity>
                <income-elasticity year="2090">0.105</income-elasticity>
                <income-elasticity year="2095">0.075</income-elasticity>
                <income-elasticity year="2100">0.046</income-elasticity>
            </energy-final-demand>
        </region>
        <region name="Europe_Eastern">
            <energy-final-demand name="transportation">
                <income-elasticity year="2015">1.12</income-elasticity>
                <income-elasticity year="2020">1.097</income-elasticity>
                <income-elasticity year="2025">1.053</income-elasticity>
                <income-elasticity year="2030">1.01</income-elasticity>
                <income-elasticity year="2035">0.972</income-elasticity>
                <income-elasticity year="2040">0.937</income-elasticity>
                <income-elasticity year="2045">0.907</income-elasticity>
                <income-elasticity year="2050">0.88</income-elasticity>
                <income-elasticity year="2055">0.855</income-elasticity>
                <income-elasticity year="2060">0.838</income-elasticity>
                <income-elasticity year="2065">0.817</income-elasticity>
                <income-elasticity year="2070">0.796</income-elasticity>
                <income-elasticity year="2075">0.776</income-elasticity>
                <income-elasticity year="2080">0.757</income-elasticity>
                <income-elasticity year="2085">0.738</income-elasticity>
                <income-elasticity year="2090">0.718</income-elasticity>
                <income-elasticity year="2095">0.697</income-elasticity>
                <income-elasticity year="2100">0.675</income-elasticity>
            </energy-final-demand>
        </region>
        <region name="Europe_Non_EU">
            <energy-final-demand name="transportation">
                <income-elasticity year="2015">0.778</income-elasticity>
                <income-elasticity year="2020">0.739</income-elasticity>
                <income-elasticity year="2025">0.698</income-elasticity>
                <income-elasticity year="2030">0.666</income-elasticity>
                <income-elasticity year="2035">0.64</income-elasticity>
                <income-elasticity year="2040">0.618</income-elasticity>
                <income-elasticity year="2045">0.607</income-elasticity>
                <income-elasticity year="2050">0.598</income-elasticity>
                <income-elasticity year="2055">0.589</income-elasticity>
                <income-elasticity year="2060">0.58</income-elasticity>
                <income-elasticity year="2065">0.57</income-elasticity>
                <income-elasticity year="2070">0.561</income-elasticity>
                <income-elasticity year="2075">0.551</income-elasticity>
                <income-elasticity year="2080">0.542</income-elasticity>
                <income-elasticity year="2085">0.534</income-elasticity>
                <income-elasticity year="2090">0.527</income-elasticity>
                <income-elasticity year="2095">0.52</income-elasticity>
                <income-elasticity year="2100">0.513</income-elasticity>
            </energy-final-demand>
        </region>
        <region name="European Free Trade Association">
            <energy-final-demand name="transportation">
                <income-elasticity year="2015">0.085</income-elasticity>
                <income-elasticity year="2020">0.039</income-elasticity>
                <income-elasticity year="2025">0.012</income-elasticity>
                <income-elasticity year="2030">0</income-elasticity>
                <income-elasticity year="2035">0</income-elasticity>
                <income-elasticity year="2040">0</income-elasticity>
                <income-elasticity year="2045">0</income-elasticity>
                <income-elasticity year="2050">0</income-elasticity>
                <income-elasticity year="2055">0</income-elasticity>
                <income-elasticity year="2060">0</income-elasticity>
                <income-elasticity year="2065">0</income-elasticity>
                <income-elasticity year="2070">0</income-elasticity>
                <income-elasticity year="2075">0</income-elasticity>
                <income-elasticity year="2080">0</income-elasticity>
                <income-elasticity year="2085">0</income-elasticity>
                <income-elasticity year="2090">0</income-elasticity>
                <income-elasticity year="2095">0</income-elasticity>
                <income-elasticity year="2100">0</income-elasticity>
            </energy-final-demand>
        </region>
        <region name="India">
            <energy-final-demand name="transportation">
                <income-elasticity year="2015">1.18</income-elasticity>
                <income-elasticity year="2020">1.155</income-elasticity>
                <income-elasticity year="2025">1.134</income-elasticity>
                <income-elasticity year="2030">1.116</income-elasticity>
                <income-elasticity year="2035">1.102</income-elasticity>
                <income-elasticity year="2040">1.082</income-elasticity>
                <income-elasticity year="2045">1.064</income-elasticity>
                <income-elasticity year="2050">1.048</income-elasticity>
                <income-elasticity year="2055">1.034</income-elasticity>
                <income-elasticity year="2060">1.019</income-elasticity>
                <income-elasticity year="2065">1.004</income-elasticity>
                <income-elasticity year="2070">0.99</income-elasticity>
                <income-elasticity year="2075">0.975</income-elasticity>
                <income-elasticity year="2080">0.961</income-elasticity>
                <income-elasticity year="2085">0.948</income-elasticity>
                <income-elasticity year="2090">0.935</income-elasticity>
                <income-elasticity year="2095">0.922</income-elasticity>
                <income-elasticity year="2100">0.909</income-elasticity>
            </energy-final-demand>
        </region>
        <region name="Indonesia">
            <energy-final-demand name="transportation">
                <income-elasticity year="2015">1.105</income-elasticity>
                <income-elasticity year="2020">1.047</income-elasticity>
                <income-elasticity year="2025">0.97</income-elasticity>
                <income-elasticity year="2030">0.901</income-elasticity>
                <income-elasticity year="2035">0.851</income-elasticity>
                <income-elasticity year="2040">0.823</income-elasticity>
                <income-elasticity year="2045">0.797</income-elasticity>
                <income-elasticity year="2050">0.775</income-elasticity>
                <income-elasticity year="2055">0.754</income-elasticity>
                <income-elasticity year="2060">0.734</income-elasticity>
                <income-elasticity year="2065">0.715</income-elasticity>
                <income-elasticity year="2070">0.698</income-elasticity>
                <income-elasticity year="2075">0.681</income-elasticity>
                <income-elasticity year="2080">0.664</income-elasticity>
                <income-elasticity year="2085">0.648</income-elasticity>
                <income-elasticity year="2090">0.632</income-elasticity>
                <income-elasticity year="2095">0.618</income-elasticity>
                <income-elasticity year="2100">0.61</income-elasticity>
            </energy-final-demand>
        </region>
        <region name="Japan">
            <energy-final-demand name="transportation">
                <income-elasticity year="2015">0.352</income-elasticity>
                <income-elasticity year="2020">0.334</income-elasticity>
                <income-elasticity year="2025">0.314</income-elasticity>
                <income-elasticity year="2030">0.294</income-elasticity>
                <income-elasticity year="2035">0.279</income-elasticity>
                <income-elasticity year="2040">0.268</income-elasticity>
                <income-elasticity year="2045">0.258</income-elasticity>
                <income-elasticity year="2050">0.247</income-elasticity>
                <income-elasticity year="2055">0.231</income-elasticity>
                <income-elasticity year="2060">0.213</income-elasticity>
                <income-elasticity year="2065">0.192</income-elasticity>
                <income-elasticity year="2070">0.172</income-elasticity>
                <income-elasticity year="2075">0.154</income-elasticity>
                <income-elasticity year="2080">0.135</income-elasticity>
                <income-elasticity year="2085">0.112</income-elasticity>
                <income-elasticity year="2090">0.083</income-elasticity>
                <income-elasticity year="2095">0.049</income-elasticity>
                <income-elasticity year="2100">0.022</income-elasticity>
            </energy-final-demand>
        </region>
        <region name="Mexico">
            <energy-final-demand name="transportation">
                <income-elasticity year="2015">0.784</income-elasticity>
                <income-elasticity year="2020">0.754</income-elasticity>
                <income-elasticity year="2025">0.722</income-elasticity>
                <income-elasticity year="2030">0.694</income-elasticity>
                <income-elasticity year="2035">0.671</income-elasticity>
                <income-elasticity year="2040">0.652</income-elasticity>
                <income-elasticity year="2045">0.635</income-elasticity>
                <income-elasticity year="2050">0.62</income-elasticity>
                <income-elasticity year="2055">0.611</income-elasticity>
                <income-elasticity year="2060">0.603</income-elasticity>
                <income-elasticity year="2065">0.594</income-elasticity>
                <income-elasticity year="2070">0.585</income-elasticity>
                <income-elasticity year="2075">0.576</income-elasticity>
                <income-elasticity year="2080">0.567</income-elasticity>
                <income-elasticity year="2085">0.558</income-elasticity>
                <income-elasticity year="2090">0.551</income-elasticity>
                <income-elasticity year="2095">0.543</income-elasticity>
                <income-elasticity year="2100">0.536</income-elasticity>
            </energy-final-demand>
        </region>
        <region name="Middle East">
            <energy-final-demand name="transportation">
                <income-elasticity year="2015">0.794</income-elasticity>
                <income-elasticity year="2020">0.769</income-elasticity>
                <income-elasticity year="2025">0.737</income-elasticity>
                <income-elasticity year="2030">0.704</income-elasticity>
                <income-elasticity year="2035">0.671</income-elasticity>
                <income-elasticity year="2040">0.644</income-elasticity>
                <income-elasticity year="2045">0.626</income-elasticity>
                <income-elasticity year="2050">0.619</income-elasticity>
                <income-elasticity year="2055">0.617</income-elasticity>
                <income-elasticity year="2060">0.615</income-elasticity>
                <income-elasticity year="2065">0.613</income-elasticity>
                <income-elasticity year="2070">0.61</income-elasticity>
                <income-elasticity year="2075">0.606</income-elasticity>
                <income-elasticity year="2080">0.602</income-elasticity>
                <income-elasticity year="2085">0.597</income-elasticity>
                <income-elasticity year="2090">0.591</income-elasticity>
                <income-elasticity year="2095">0.583</income-elasticity>
                <income-elasticity year="2100">0.576</income-elasticity>
            </energy-final-demand>
        </region>
        <region name="Pakistan">
            <energy-final-demand name="transportation">
                <income-elasticity year="2015">1.206</income-elasticity>
                <income-elasticity year="2020">1.199</income-elasticity>
                <income-elasticity year="2025">1.193</income-elasticity>
                <income-elasticity year="2030">1.187</income-elasticity>
                <income-elasticity year="2035">1.181</income-elasticity>
                <income-elasticity year="2040">1.174</income-elasticity>
                <income-elasticity year="2045">1.168</income-elasticity>
                <income-elasticity year="2050">1.161</income-elasticity>
                <income-elasticity year="2055">1.154</income-elasticity>
                <income-elasticity year="2060">1.145</income-elasticity>
                <income-elasticity year="2065">1.136</income-elasticity>
                <income-elasticity year="2070">1.126</income-elasticity>
                <income-elasticity year="2075">1.115</income-elasticity>
                <income-elasticity year="2080">1.103</income-elasticity>
                <income-elasticity year="2085">1.087</income-elasticity>
                <income-elasticity year="2090">1.067</income-elasticity>
                <income-elasticity year="2095">1.046</income-elasticity>
                <income-elasticity year="2100">1.024</income-elasticity>
            </energy-final-demand>
        </region>
        <region name="Russia">
            <energy-final-demand name="transportation">
                <income-elasticity year="2015">0.742</income-elasticity>
                <income-elasticity year="2020">0.722</income-elasticity>
                <income-elasticity year="2025">0.66</income-elasticity>
                <income-elasticity year="2030">0.609</income-elasticity>
                <income-elasticity year="2035">0.58</income-elasticity>
                <income-elasticity year="2040">0.557</income-elasticity>
                <income-elasticity year="2045">0.543</income-elasticity>
                <income-elasticity year="2050">0.537</income-elasticity>
                <income-elasticity year="2055">0.532</income-elasticity>
                <income-elasticity year="2060">0.522</income-elasticity>
                <income-elasticity year="2065">0.508</income-elasticity>
                <income-elasticity year="2070">0.497</income-elasticity>
                <income-elasticity year="2075">0.492</income-elasticity>
                <income-elasticity year="2080">0.487</income-elasticity>
                <income-elasticity year="2085">0.483</income-elasticity>
                <income-elasticity year="2090">0.479</income-elasticity>
                <income-elasticity year="2095">0.475</income-elasticity>
                <income-elasticity year="2100">0.471</income-elasticity>
            </energy-final-demand>
        </region>
        <region name="South Africa">
            <energy-final-demand name="transportation">
                <income-elasticity year="2015">0.854</income-elasticity>
                <income-elasticity year="2020">0.835</income-elasticity>
                <income-elasticity year="2025">0.796</income-elasticity>
                <income-elasticity year="2030">0.763</income-elasticity>
                <income-elasticity year="2035">0.736</income-elasticity>
                <income-elasticity year="2040">0.711</income-elasticity>
                <income-elasticity year="2045">0.69</income-elasticity>
                <income-elasticity year="2050">0.67</income-elasticity>
                <income-elasticity year="2055">0.651</income-elasticity>
                <income-elasticity year="2060">0.63</income-elasticity>
                <income-elasticity year="2065">0.614</income-elasticity>
                <income-elasticity year="2070">0.603</income-elasticity>
                <income-elasticity year="2075">0.592</income-elasticity>
                <income-elasticity year="2080">0.581</income-elasticity>
                <income-elasticity year="2085">0.571</income-elasticity>
                <income-elasticity year="2090">0.561</income-elasticity>
                <income-elasticity year="2095">0.552</income-elasticity>
                <income-elasticity year="2100">0.542</income-elasticity>
            </energy-final-demand>
        </region>
        <region name="South America_Northern">
            <energy-final-demand name="transportation">
                <income-elasticity year="2015">0.728</income-elasticity>
                <income-elasticity year="2020">0.803</income-elasticity>
                <income-elasticity year="2025">0.776</income-elasticity>
                <income-elasticity year="2030">0.741</income-elasticity>
                <income-elasticity year="2035">0.698</income-elasticity>
                <income-elasticity year="2040">0.645</income-elasticity>
                <income-elasticity year="2045">0.603</income-elasticity>
                <income-elasticity year="2050">0.573</income-elasticity>
                <income-elasticity year="2055">0.545</income-elasticity>
                <income-elasticity year="2060">0.52</income-elasticity>
                <income-elasticity year="2065">0.499</income-elasticity>
                <income-elasticity year="2070">0.492</income-elasticity>
                <income-elasticity year="2075">0.485</income-elasticity>
                <income-elasticity year="2080">0.48</income-elasticity>
                <income-elasticity year="2085">0.474</income-elasticity>
                <income-elasticity year="2090">0.469</income-elasticity>
                <income-elasticity year="2095">0.465</income-elasticity>
                <income-elasticity year="2100">0.46</income-elasticity>
            </energy-final-demand>
        </region>
        <region name="South America_Southern">
            <energy-final-demand name="transportation">
                <income-elasticity year="2015">0.873</income-elasticity>
                <income-elasticity year="2020">0.842</income-elasticity>
                <income-elasticity year="2025">0.806</income-elasticity>
                <income-elasticity year="2030">0.778</income-elasticity>
                <income-elasticity year="2035">0.756</income-elasticity>
                <income-elasticity year="2040">0.735</income-elasticity>
                <income-elasticity year="2045">0.714</income-elasticity>
                <income-elasticity year="2050">0.694</income-elasticity>
                <income-elasticity year="2055">0.674</income-elasticity>
                <income-elasticity year="2060">0.652</income-elasticity>
                <income-elasticity year="2065">0.628</income-elasticity>
                <income-elasticity year="2070">0.611</income-elasticity>
                <income-elasticity year="2075">0.598</income-elasticity>
                <income-elasticity year="2080">0.584</income-elasticity>
                <income-elasticity year="2085">0.57</income-elasticity>
                <income-elasticity year="2090">0.555</income-elasticity>
                <income-elasticity year="2095">0.541</income-elasticity>
                <income-elasticity year="2100">0.525</income-elasticity>
            </energy-final-demand>
        </region>
        <region name="South Asia">
            <energy-final-demand name="transportation">
                <income-elasticity year="2015">1.21</income-elasticity>
                <income-elasticity year="2020">1.2</income-elasticity>
                <income-elasticity year="2025">1.19</income-elasticity>
                <income-elasticity year="2030">1.181</income-elasticity>
                <income-elasticity year="2035">1.174</income-elasticity>
                <income-elasticity year="2040">1.167</income-elasticity>
                <income-elasticity year="2045">1.16</income-elasticity>
                <income-elasticity year="2050">1.153</income-elasticity>
                <income-elasticity year="2055">1.146</income-elasticity>
                <income-elasticity year="2060">1.138</income-elasticity>
                <income-elasticity year="2065">1.129</income-elasticity>
                <income-elasticity year="2070">1.119</income-elasticity>
                <income-elasticity year="2075">1.109</income-elasticity>
                <income-elasticity year="2080">1.096</income-elasticity>
                <income-elasticity year="2085">1.078</income-elasticity>
                <income-elasticity year="2090">1.058</income-elasticity>
                <income-elasticity year="2095">1.037</income-elasticity>
                <income-elasticity year="2100">1.014</income-elasticity>
            </energy-final-demand>
        </region>
        <region name="South Korea">
            <energy-final-demand name="transportation">
                <income-elasticity year="2015">0.479</income-elasticity>
                <income-elasticity year="2020">0.448</income-elasticity>
                <income-elasticity year="2025">0.423</income-elasticity>
                <income-elasticity year="2030">0.396</income-elasticity>
                <income-elasticity year="2035">0.367</income-elasticity>
                <income-elasticity year="2040">0.342</income-elasticity>
                <income-elasticity year="2045">0.32</income-elasticity>
                <income-elasticity year="2050">0.3</income-elasticity>
                <income-elasticity year="2055">0.279</income-elasticity>
                <income-elasticity year="2060">0.259</income-elasticity>
                <income-elasticity year="2065">0.237</income-elasticity>
                <income-elasticity year="2070">0.207</income-elasticity>
                <income-elasticity year="2075">0.18</income-elasticity>
                <income-elasticity year="2080">0.156</income-elasticity>
                <income-elasticity year="2085">0.131</income-elasticity>
                <income-elasticity year="2090">0.106</income-elasticity>
                <income-elasticity year="2095">0.079</income-elasticity>
                <income-elasticity year="2100">0.054</income-elasticity>
            </energy-final-demand>
        </region>
        <region name="Southeast Asia">
            <energy-final-demand name="transportation">
                <income-elasticity year="2015">1.093</income-elasticity>
                <income-elasticity year="2020">1.044</income-elasticity>
                <income-elasticity year="2025">0.997</income-elasticity>
                <income-elasticity year="2030">0.956</income-elasticity>
                <income-elasticity year="2035">0.921</income-elasticity>
                <income-elasticity year="2040">0.887</income-elasticity>
                <income-elasticity year="2045">0.856</income-elasticity>
                <income-elasticity year="2050">0.84</income-elasticity>
                <income-elasticity year="2055">0.823</income-elasticity>
                <income-elasticity year="2060">0.805</income-elasticity>
                <income-elasticity year="2065">0.785</income-elasticity>
                <income-elasticity year="2070">0.764</income-elasticity>
                <income-elasticity year="2075">0.742</income-elasticity>
                <income-elasticity year="2080">0.719</income-elasticity>
                <income-elasticity year="2085">0.696</income-elasticity>
                <income-elasticity year="2090">0.672</income-elasticity>
                <income-elasticity year="2095">0.648</income-elasticity>
                <income-elasticity year="2100">0.623</income-elasticity>
            </energy-final-demand>
        </region>
        <region name="Taiwan">
            <energy-final-demand name="transportation">
                <income-elasticity year="2015">0.53</income-elasticity>
                <income-elasticity year="2020">0.491</income-elasticity>
                <income-elasticity year="2025">0.477</income-elasticity>
                <income-elasticity year="2030">0.47</income-elasticity>
                <income-elasticity year="2035">0.466</income-elasticity>
                <income-elasticity year="2040">0.463</income-elasticity>
                <income-elasticity year="2045">0.463</income-elasticity>
                <income-elasticity year="2050">0.465</income-elasticity>
                <income-elasticity year="2055">0.469</income-elasticity>
                <income-elasticity year="2060">0.473</income-elasticity>
                <income-elasticity year="2065">0.469</income-elasticity>
                <income-elasticity year="2070">0.464</income-elasticity>
                <income-elasticity year="2075">0.458</income-elasticity>
                <income-elasticity year="2080">0.452</income-elasticity>
                <income-elasticity year="2085">0.448</income-elasticity>
                <income-elasticity year="2090">0.445</income-elasticity>
                <income-elasticity year="2095">0.442</income-elasticity>
                <income-elasticity year="2100">0.439</income-elasticity>
            </energy-final-demand>
        </region>
        <region name="Argentina">
            <energy-final-demand name="transportation">
                <income-elasticity year="2015">0.705</income-elasticity>
                <income-elasticity year="2020">0.724</income-elasticity>
                <income-elasticity year="2025">0.68</income-elasticity>
                <income-elasticity year="2030">0.646</income-elasticity>
                <income-elasticity year="2035">0.62</income-elasticity>
                <income-elasticity year="2040">0.61</income-elasticity>
                <income-elasticity year="2045">0.602</income-elasticity>
                <income-elasticity year="2050">0.595</income-elasticity>
                <income-elasticity year="2055">0.588</income-elasticity>
                <income-elasticity year="2060">0.58</income-elasticity>
                <income-elasticity year="2065">0.571</income-elasticity>
                <income-elasticity year="2070">0.56</income-elasticity>
                <income-elasticity year="2075">0.55</income-elasticity>
                <income-elasticity year="2080">0.54</income-elasticity>
                <income-elasticity year="2085">0.532</income-elasticity>
                <income-elasticity year="2090">0.523</income-elasticity>
                <income-elasticity year="2095">0.515</income-elasticity>
                <income-elasticity year="2100">0.507</income-elasticity>
            </energy-final-demand>
        </region>
        <region name="Colombia">
            <energy-final-demand name="transportation">
                <income-elasticity year="2015">0.884</income-elasticity>
                <income-elasticity year="2020">0.847</income-elasticity>
                <income-elasticity year="2025">0.826</income-elasticity>
                <income-elasticity year="2030">0.807</income-elasticity>
                <income-elasticity year="2035">0.792</income-elasticity>
                <income-elasticity year="2040">0.776</income-elasticity>
                <income-elasticity year="2045">0.761</income-elasticity>
                <income-elasticity year="2050">0.746</income-elasticity>
                <income-elasticity year="2055">0.73</income-elasticity>
                <income-elasticity year="2060">0.712</income-elasticity>
                <income-elasticity year="2065">0.692</income-elasticity>
                <income-elasticity year="2070">0.67</income-elasticity>
                <income-elasticity year="2075">0.646</income-elasticity>
                <income-elasticity year="2080">0.621</income-elasticity>
                <income-elasticity year="2085">0.607</income-elasticity>
                <income-elasticity year="2090">0.594</income-elasticity>
                <income-elasticity year="2095">0.58</income-elasticity>
                <income-elasticity year="2100">0.566</income-elasticity>
            </energy-final-demand>
        </region>
    </world>
</scenario>
