<?xml version="1.0" encoding="UTF-8"?>
<scenario>
    <world>
        <global-technology-database>
            <location-info sector-name="electricity" subsector-name="wind">
                <technology name="wind_storage">
                    <period year="1975">
                        <input-capital name="capital">
                            <capital-overnight>1473</capital-overnight>
                            <fixed-charge-rate>0.13</fixed-charge-rate>
                        </input-capital>
                    </period>
                    <period year="1990">
                        <input-capital name="capital">
                            <capital-overnight>1191</capital-overnight>
                            <fixed-charge-rate>0.13</fixed-charge-rate>
                        </input-capital>
                    </period>
                    <period year="2005">
                        <input-capital name="capital">
                            <capital-overnight>916</capital-overnight>
                            <fixed-charge-rate>0.13</fixed-charge-rate>
                        </input-capital>
                    </period>
                    <period year="2010">
                        <input-capital name="capital">
                            <capital-overnight>1642</capital-overnight>
                            <fixed-charge-rate>0.13</fixed-charge-rate>
                        </input-capital>
                    </period>
                    <period year="2015">
                        <input-capital name="capital">
                            <capital-overnight>1642</capital-overnight>
                            <fixed-charge-rate>0.13</fixed-charge-rate>
                        </input-capital>
                    </period>
                    <period year="2020">
                        <input-capital name="capital">
                            <capital-overnight>1622</capital-overnight>
                            <fixed-charge-rate>0.13</fixed-charge-rate>
                        </input-capital>
                    </period>
                    <period year="2025">
                        <input-capital name="capital">
                            <capital-overnight>1603</capital-overnight>
                            <fixed-charge-rate>0.13</fixed-charge-rate>
                        </input-capital>
                    </period>
                    <period year="2030">
                        <input-capital name="capital">
                            <capital-overnight>1585</capital-overnight>
                            <fixed-charge-rate>0.13</fixed-charge-rate>
                        </input-capital>
                    </period>
                    <period year="2035">
                        <input-capital name="capital">
                            <capital-overnight>1567</capital-overnight>
                            <fixed-charge-rate>0.13</fixed-charge-rate>
                        </input-capital>
                    </period>
                    <period year="2040">
                        <input-capital name="capital">
                            <capital-overnight>1551</capital-overnight>
                            <fixed-charge-rate>0.13</fixed-charge-rate>
                        </input-capital>
                    </period>
                    <period year="2045">
                        <input-capital name="capital">
                            <capital-overnight>1535</capital-overnight>
                            <fixed-charge-rate>0.13</fixed-charge-rate>
                        </input-capital>
                    </period>
                    <period year="2050">
                        <input-capital name="capital">
                            <capital-overnight>1520</capital-overnight>
                            <fixed-charge-rate>0.13</fixed-charge-rate>
                        </input-capital>
                    </period>
                    <period year="2055">
                        <input-capital name="capital">
                            <capital-overnight>1506</capital-overnight>
                            <fixed-charge-rate>0.13</fixed-charge-rate>
                        </input-capital>
                    </period>
                    <period year="2060">
                        <input-capital name="capital">
                            <capital-overnight>1493</capital-overnight>
                            <fixed-charge-rate>0.13</fixed-charge-rate>
                        </input-capital>
                    </period>
                    <period year="2065">
                        <input-capital name="capital">
                            <capital-overnight>1480</capital-overnight>
                            <fixed-charge-rate>0.13</fixed-charge-rate>
                        </input-capital>
                    </period>
                    <period year="2070">
                        <input-capital name="capital">
                            <capital-overnight>1468</capital-overnight>
                            <fixed-charge-rate>0.13</fixed-charge-rate>
                        </input-capital>
                    </period>
                    <period year="2075">
                        <input-capital name="capital">
                            <capital-overnight>1456</capital-overnight>
                            <fixed-charge-rate>0.13</fixed-charge-rate>
                        </input-capital>
                    </period>
                    <period year="2080">
                        <input-capital name="capital">
                            <capital-overnight>1445</capital-overnight>
                            <fixed-charge-rate>0.13</fixed-charge-rate>
                        </input-capital>
                    </period>
                    <period year="2085">
                        <input-capital name="capital">
                            <capital-overnight>1435</capital-overnight>
                            <fixed-charge-rate>0.13</fixed-charge-rate>
                        </input-capital>
                    </period>
                    <period year="2090">
                        <input-capital name="capital">
                            <capital-overnight>1425</capital-overnight>
                            <fixed-charge-rate>0.13</fixed-charge-rate>
                        </input-capital>
                    </period>
                    <period year="2095">
                        <input-capital name="capital">
                            <capital-overnight>1415</capital-overnight>
                            <fixed-charge-rate>0.13</fixed-charge-rate>
                        </input-capital>
                    </period>
                    <period year="2100">
                        <input-capital name="capital">
                            <capital-overnight>1406</capital-overnight>
                            <fixed-charge-rate>0.13</fixed-charge-rate>
                        </input-capital>
                    </period>
                </technology>
                <intermittent-technology name="wind">
                    <period year="1975">
                        <input-capital name="capital">
                            <capital-overnight>611</capital-overnight>
                            <fixed-charge-rate>0.13</fixed-charge-rate>
                        </input-capital>
                    </period>
                    <period year="1990">
                        <input-capital name="capital">
                            <capital-overnight>494</capital-overnight>
                            <fixed-charge-rate>0.13</fixed-charge-rate>
                        </input-capital>
                    </period>
                    <period year="2005">
                        <input-capital name="capital">
                            <capital-overnight>380</capital-overnight>
                            <fixed-charge-rate>0.13</fixed-charge-rate>
                        </input-capital>
                    </period>
                    <period year="2010">
                        <input-capital name="capital">
                            <capital-overnight>620</capital-overnight>
                            <fixed-charge-rate>0.13</fixed-charge-rate>
                        </input-capital>
                    </period>
                    <period year="2015">
                        <input-capital name="capital">
                            <capital-overnight>620</capital-overnight>
                            <fixed-charge-rate>0.13</fixed-charge-rate>
                        </input-capital>
                    </period>
                    <period year="2020">
                        <input-capital name="capital">
                            <capital-overnight>612</capital-overnight>
                            <fixed-charge-rate>0.13</fixed-charge-rate>
                        </input-capital>
                    </period>
                    <period year="2025">
                        <input-capital name="capital">
                            <capital-overnight>605</capital-overnight>
                            <fixed-charge-rate>0.13</fixed-charge-rate>
                        </input-capital>
                    </period>
                    <period year="2030">
                        <input-capital name="capital">
                            <capital-overnight>598</capital-overnight>
                            <fixed-charge-rate>0.13</fixed-charge-rate>
                        </input-capital>
                    </period>
                    <period year="2035">
                        <input-capital name="capital">
                            <capital-overnight>591</capital-overnight>
                            <fixed-charge-rate>0.13</fixed-charge-rate>
                        </input-capital>
                    </period>
                    <period year="2040">
                        <input-capital name="capital">
                            <capital-overnight>585</capital-overnight>
                            <fixed-charge-rate>0.13</fixed-charge-rate>
                        </input-capital>
                    </period>
                    <period year="2045">
                        <input-capital name="capital">
                            <capital-overnight>579</capital-overnight>
                            <fixed-charge-rate>0.13</fixed-charge-rate>
                        </input-capital>
                    </period>
                    <period year="2050">
                        <input-capital name="capital">
                            <capital-overnight>574</capital-overnight>
                            <fixed-charge-rate>0.13</fixed-charge-rate>
                        </input-capital>
                    </period>
                    <period year="2055">
                        <input-capital name="capital">
                            <capital-overnight>568</capital-overnight>
                            <fixed-charge-rate>0.13</fixed-charge-rate>
                        </input-capital>
                    </period>
                    <period year="2060">
                        <input-capital name="capital">
                            <capital-overnight>563</capital-overnight>
                            <fixed-charge-rate>0.13</fixed-charge-rate>
                        </input-capital>
                    </period>
                    <period year="2065">
                        <input-capital name="capital">
                            <capital-overnight>558</capital-overnight>
                            <fixed-charge-rate>0.13</fixed-charge-rate>
                        </input-capital>
                    </period>
                    <period year="2070">
                        <input-capital name="capital">
                            <capital-overnight>554</capital-overnight>
                            <fixed-charge-rate>0.13</fixed-charge-rate>
                        </input-capital>
                    </period>
                    <period year="2075">
                        <input-capital name="capital">
                            <capital-overnight>550</capital-overnight>
                            <fixed-charge-rate>0.13</fixed-charge-rate>
                        </input-capital>
                    </period>
                    <period year="2080">
                        <input-capital name="capital">
                            <capital-overnight>545</capital-overnight>
                            <fixed-charge-rate>0.13</fixed-charge-rate>
                        </input-capital>
                    </period>
                    <period year="2085">
                        <input-capital name="capital">
                            <capital-overnight>541</capital-overnight>
                            <fixed-charge-rate>0.13</fixed-charge-rate>
                        </input-capital>
                    </period>
                    <period year="2090">
                        <input-capital name="capital">
                            <capital-overnight>538</capital-overnight>
                            <fixed-charge-rate>0.13</fixed-charge-rate>
                        </input-capital>
                    </period>
                    <period year="2095">
                        <input-capital name="capital">
                            <capital-overnight>534</capital-overnight>
                            <fixed-charge-rate>0.13</fixed-charge-rate>
                        </input-capital>
                    </period>
                    <period year="2100">
                        <input-capital name="capital">
                            <capital-overnight>531</capital-overnight>
                            <fixed-charge-rate>0.13</fixed-charge-rate>
                        </input-capital>
                    </period>
                </intermittent-technology>
            </location-info>
        </global-technology-database>
    </world>
</scenario>
